record_date,workshop_code,output_qty,output_unit
2024-01-01,W01,226.042,吨
2024-01-01,W02,282.258,吨
2024-01-01,W03,81.176,吨
2024-01-01,W04,233.201,件
2024-01-01,W05,397.251,平方米
2024-01-01,W06,17.374,台
2024-01-01,W07,443.806,吨蒸汽
2024-01-01,W08,588.724,件
2024-01-02,W01,250.538,吨
2024-01-02,W02,292.874,吨
2024-01-02,W03,93.378,吨
2024-01-02,W04,4287.009,件
2024-01-02,W05,6708.954,平方米
2024-01-02,W06,291.988,台
2024-01-02,W07,554.994,吨蒸汽
2024-01-02,W08,10157.383,件
2024-01-03,W01,252.322,吨
2024-01-03,W02,339.874,吨
2024-01-03,W03,106.621,吨
2024-01-03,W04,3888.291,件
2024-01-03,W05,6473.63,平方米
2024-01-03,W06,279.188,台
2024-01-03,W07,566.152,吨蒸汽
2024-01-03,W08,9786.359,件
2024-01-04,W01,286.368,吨
2024-01-04,W02,347.325,吨
2024-01-04,W03,101.681,吨
2024-01-04,W04,4074.625,件
2024-01-04,W05,7258.734,平方米
2024-01-04,W06,253.457,台
2024-01-04,W07,541.218,吨蒸汽
2024-01-04,W08,9450.561,件
2024-01-05,W01,274.875,吨
2024-01-05,W02,302.243,吨
2024-01-05,W03,92.562,吨
2024-01-05,W04,4223.839,件
2024-01-05,W05,6286.847,平方米
2024-01-05,W06,285.903,台
2024-01-05,W07,537.366,吨蒸汽
2024-01-05,W08,10050.173,件
2024-01-06,W01,246.422,吨
2024-01-06,W02,333.519,吨
2024-01-06,W03,98.691,吨
2024-01-06,W04,2473.41,件
2024-01-06,W05,4163.18,平方米
2024-01-06,W06,148.417,台
2024-01-06,W07,501.426,吨蒸汽
2024-01-06,W08,6037.956,件
2024-01-07,W01,261.433,吨
2024-01-07,W02,306.988,吨
2024-01-07,W03,85.043,吨
2024-01-07,W04,873.293,件
2024-01-07,W05,1365.532,平方米
2024-01-07,W06,51.409,台
2024-01-07,W07,494.259,吨蒸汽
2024-01-07,W08,1917.682,件
2024-01-08,W01,260.729,吨
2024-01-08,W02,332.893,吨
2024-01-08,W03,91.657,吨
2024-01-08,W04,4120.857,件
2024-01-08,W05,6623.299,平方米
2024-01-08,W06,237.939,台
2024-01-08,W07,527.915,吨蒸汽
2024-01-08,W08,10136.042,件
2024-01-09,W01,248.377,吨
2024-01-09,W02,303.111,吨
2024-01-09,W03,90.461,吨
2024-01-09,W04,4470.299,件
2024-01-09,W05,7512.724,平方米
2024-01-09,W06,256.14,台
2024-01-09,W07,469.975,吨蒸汽
2024-01-09,W08,9761.417,件
2024-01-10,W01,255.57,吨
2024-01-10,W02,288.064,吨
2024-01-10,W03,97.931,吨
2024-01-10,W04,4279.848,件
2024-01-10,W05,7093.631,平方米
2024-01-10,W06,256.01,台
2024-01-10,W07,568.271,吨蒸汽
2024-01-10,W08,9790.071,件
2024-01-11,W01,242.787,吨
2024-01-11,W02,332.414,吨
2024-01-11,W03,103.176,吨
2024-01-11,W04,4532.782,件
2024-01-11,W05,6008.35,平方米
2024-01-11,W06,238.929,台
2024-01-11,W07,506.754,吨蒸汽
2024-01-11,W08,9302.374,件
2024-01-12,W01,257.837,吨
2024-01-12,W02,314.868,吨
2024-01-12,W03,91.693,吨
2024-01-12,W04,4325.624,件
2024-01-12,W05,6095.271,平方米
2024-01-12,W06,257.189,台
2024-01-12,W07,508.839,吨蒸汽
2024-01-12,W08,9828.488,件
2024-01-13,W01,268.866,吨
2024-01-13,W02,326.245,吨
2024-01-13,W03,100.214,吨
2024-01-13,W04,2670.733,件
2024-01-13,W05,4192.867,平方米
2024-01-13,W06,164.453,台
2024-01-13,W07,525.541,吨蒸汽
2024-01-13,W08,6026.467,件
2024-01-14,W01,260.855,吨
2024-01-14,W02,295.531,吨
2024-01-14,W03,101.583,吨
2024-01-14,W04,830.195,件
2024-01-14,W05,1304.772,平方米
2024-01-14,W06,55.857,台
2024-01-14,W07,507.833,吨蒸汽
2024-01-14,W08,1894.035,件
2024-01-15,W01,252.585,吨
2024-01-15,W02,313.358,吨
2024-01-15,W03,97.278,吨
2024-01-15,W04,4093.591,件
2024-01-15,W05,7518.564,平方米
2024-01-15,W06,280.637,台
2024-01-15,W07,516.447,吨蒸汽
2024-01-15,W08,10067.254,件
2024-01-16,W01,248.44,吨
2024-01-16,W02,357.549,吨
2024-01-16,W03,92.996,吨
2024-01-16,W04,4079.59,件
2024-01-16,W05,6941.77,平方米
2024-01-16,W06,261.437,台
2024-01-16,W07,505.481,吨蒸汽
2024-01-16,W08,10153.946,件
2024-01-17,W01,294.129,吨
2024-01-17,W02,324.66,吨
2024-01-17,W03,94.573,吨
2024-01-17,W04,4197.504,件
2024-01-17,W05,7232.99,平方米
2024-01-17,W06,257.117,台
2024-01-17,W07,511.998,吨蒸汽
2024-01-17,W08,9810.953,件
2024-01-18,W01,262.472,吨
2024-01-18,W02,348.513,吨
2024-01-18,W03,97.073,吨
2024-01-18,W04,4381.469,件
2024-01-18,W05,6579.915,平方米
2024-01-18,W06,245.991,台
2024-01-18,W07,580.334,吨蒸汽
2024-01-18,W08,10063.067,件
2024-01-19,W01,260.156,吨
2024-01-19,W02,330.102,吨
2024-01-19,W03,93.732,吨
2024-01-19,W04,4298.868,件
2024-01-19,W05,6802.029,平方米
2024-01-19,W06,250.321,台
2024-01-19,W07,574.052,吨蒸汽
2024-01-19,W08,9892.318,件
2024-01-20,W01,253.212,吨
2024-01-20,W02,334.724,吨
2024-01-20,W03,95.831,吨
2024-01-20,W04,2830.389,件
2024-01-20,W05,4416.609,平方米
2024-01-20,W06,177.093,台
2024-01-20,W07,512.827,吨蒸汽
2024-01-20,W08,5525.111,件
2024-01-21,W01,255.272,吨
2024-01-21,W02,292.747,吨
2024-01-21,W03,89.566,吨
2024-01-21,W04,894.867,件
2024-01-21,W05,1351.761,平方米
2024-01-21,W06,53.637,台
2024-01-21,W07,489.743,吨蒸汽
2024-01-21,W08,2033.578,件
2024-01-22,W01,257.406,吨
2024-01-22,W02,334.22,吨
2024-01-22,W03,100.743,吨
2024-01-22,W04,4238.644,件
2024-01-22,W05,6856.491,平方米
2024-01-22,W06,242.423,台
2024-01-22,W07,475.933,吨蒸汽
2024-01-22,W08,10064.114,件
2024-01-23,W01,262.069,吨
2024-01-23,W02,294.376,吨
2024-01-23,W03,102.133,吨
2024-01-23,W04,4481.345,件
2024-01-23,W05,6743.969,平方米
2024-01-23,W06,269.373,台
2024-01-23,W07,534.332,吨蒸汽
2024-01-23,W08,10530.754,件
2024-01-24,W01,259.189,吨
2024-01-24,W02,346.054,吨
2024-01-24,W03,88.953,吨
2024-01-24,W04,4580.845,件
2024-01-24,W05,7651.405,平方米
2024-01-24,W06,290.985,台
2024-01-24,W07,561.972,吨蒸汽
2024-01-24,W08,8888.294,件
2024-01-25,W01,261.899,吨
2024-01-25,W02,369.152,吨
2024-01-25,W03,91.191,吨
2024-01-25,W04,3991.466,件
2024-01-25,W05,7344.173,平方米
2024-01-25,W06,267.615,台
2024-01-25,W07,484.989,吨蒸汽
2024-01-25,W08,9616.891,件
2024-01-26,W01,253.389,吨
2024-01-26,W02,287.552,吨
2024-01-26,W03,101.166,吨
2024-01-26,W04,4401.226,件
2024-01-26,W05,6394.077,平方米
2024-01-26,W06,229.023,台
2024-01-26,W07,568.347,吨蒸汽
2024-01-26,W08,10561.215,件
2024-01-27,W01,239.449,吨
2024-01-27,W02,303.071,吨
2024-01-27,W03,92.73,吨
2024-01-27,W04,2517.128,件
2024-01-27,W05,4774.846,平方米
2024-01-27,W06,160.251,台
2024-01-27,W07,508.904,吨蒸汽
2024-01-27,W08,5716.712,件
2024-01-28,W01,229.811,吨
2024-01-28,W02,299.849,吨
2024-01-28,W03,88.75,吨
2024-01-28,W04,775.238,件
2024-01-28,W05,1266.01,平方米
2024-01-28,W06,51.828,台
2024-01-28,W07,521.258,吨蒸汽
2024-01-28,W08,2191.759,件
2024-01-29,W01,269.45,吨
2024-01-29,W02,327.652,吨
2024-01-29,W03,104.455,吨
2024-01-29,W04,4057.338,件
2024-01-29,W05,6408.048,平方米
2024-01-29,W06,265.101,台
2024-01-29,W07,525.56,吨蒸汽
2024-01-29,W08,10221.514,件
2024-01-30,W01,246.255,吨
2024-01-30,W02,301.005,吨
2024-01-30,W03,100.703,吨
2024-01-30,W04,3681.655,件
2024-01-30,W05,6851.557,平方米
2024-01-30,W06,241.83,台
2024-01-30,W07,518.471,吨蒸汽
2024-01-30,W08,10296.743,件
2024-01-31,W01,237.351,吨
2024-01-31,W02,328.592,吨
2024-01-31,W03,91.672,吨
2024-01-31,W04,4266.932,件
2024-01-31,W05,6578.017,平方米
2024-01-31,W06,264.517,台
2024-01-31,W07,484.764,吨蒸汽
2024-01-31,W08,9887.916,件
2024-02-01,W01,264.98,吨
2024-02-01,W02,309.799,吨
2024-02-01,W03,96.285,吨
2024-02-01,W04,3773.637,件
2024-02-01,W05,7202.238,平方米
2024-02-01,W06,263.688,台
2024-02-01,W07,535.634,吨蒸汽
2024-02-01,W08,11255.81,件
2024-02-02,W01,264.615,吨
2024-02-02,W02,332.562,吨
2024-02-02,W03,92.756,吨
2024-02-02,W04,3970.768,件
2024-02-02,W05,6756.13,平方米
2024-02-02,W06,258.062,台
2024-02-02,W07,505.255,吨蒸汽
2024-02-02,W08,8412.132,件
2024-02-03,W01,257.843,吨
2024-02-03,W02,329.092,吨
2024-02-03,W03,89.638,吨
2024-02-03,W04,2565.059,件
2024-02-03,W05,3948.634,平方米
2024-02-03,W06,162.381,台
2024-02-03,W07,455.353,吨蒸汽
2024-02-03,W08,6026.996,件
2024-02-04,W01,254.711,吨
2024-02-04,W02,276.573,吨
2024-02-04,W03,85.13,吨
2024-02-04,W04,746.37,件
2024-02-04,W05,1307.167,平方米
2024-02-04,W06,48.792,台
2024-02-04,W07,459.756,吨蒸汽
2024-02-04,W08,2114.839,件
2024-02-05,W01,251.318,吨
2024-02-05,W02,312.965,吨
2024-02-05,W03,101.694,吨
2024-02-05,W04,4443.722,件
2024-02-05,W05,6509.688,平方米
2024-02-05,W06,276.087,台
2024-02-05,W07,467.873,吨蒸汽
2024-02-05,W08,9739.645,件
2024-02-06,W01,237.293,吨
2024-02-06,W02,345.466,吨
2024-02-06,W03,92.155,吨
2024-02-06,W04,4156.951,件
2024-02-06,W05,7412.36,平方米
2024-02-06,W06,259.986,台
2024-02-06,W07,560.627,吨蒸汽
2024-02-06,W08,9852.29,件
2024-02-07,W01,266.493,吨
2024-02-07,W02,329.284,吨
2024-02-07,W03,94.119,吨
2024-02-07,W04,4256.879,件
2024-02-07,W05,6557.035,平方米
2024-02-07,W06,257.779,台
2024-02-07,W07,497.514,吨蒸汽
2024-02-07,W08,9320.337,件
2024-02-08,W01,245.191,吨
2024-02-08,W02,307.85,吨
2024-02-08,W03,102.268,吨
2024-02-08,W04,3759.118,件
2024-02-08,W05,7335.19,平方米
2024-02-08,W06,258.619,台
2024-02-08,W07,545.33,吨蒸汽
2024-02-08,W08,9592.805,件
2024-02-09,W01,243.56,吨
2024-02-09,W02,336.961,吨
2024-02-09,W03,99.411,吨
2024-02-09,W04,4109.289,件
2024-02-09,W05,6429.305,平方米
2024-02-09,W06,254.553,台
2024-02-09,W07,500.966,吨蒸汽
2024-02-09,W08,10382.832,件
2024-02-10,W01,220.291,吨
2024-02-10,W02,307.747,吨
2024-02-10,W03,85.759,吨
2024-02-10,W04,260.172,件
2024-02-10,W05,443.92,平方米
2024-02-10,W06,15.53,台
2024-02-10,W07,455.375,吨蒸汽
2024-02-10,W08,614.458,件
2024-02-11,W01,235.569,吨
2024-02-11,W02,272.657,吨
2024-02-11,W03,80.706,吨
2024-02-11,W04,227.099,件
2024-02-11,W05,428.589,平方米
2024-02-11,W06,15.221,台
2024-02-11,W07,468.827,吨蒸汽
2024-02-11,W08,615.633,件
2024-02-12,W01,231.741,吨
2024-02-12,W02,270.506,吨
2024-02-12,W03,83.666,吨
2024-02-12,W04,236.513,件
2024-02-12,W05,417.125,平方米
2024-02-12,W06,15.601,台
2024-02-12,W07,440.609,吨蒸汽
2024-02-12,W08,613.435,件
2024-02-13,W01,229.509,吨
2024-02-13,W02,273.542,吨
2024-02-13,W03,84.636,吨
2024-02-13,W04,247.116,件
2024-02-13,W05,399.09,平方米
2024-02-13,W06,15.882,台
2024-02-13,W07,475.412,吨蒸汽
2024-02-13,W08,632.618,件
2024-02-14,W01,244.781,吨
2024-02-14,W02,271.644,吨
2024-02-14,W03,84.342,吨
2024-02-14,W04,249.846,件
2024-02-14,W05,405.761,平方米
2024-02-14,W06,15.57,台
2024-02-14,W07,469.372,吨蒸汽
2024-02-14,W08,610.613,件
2024-02-15,W01,214.105,吨
2024-02-15,W02,291.401,吨
2024-02-15,W03,86.101,吨
2024-02-15,W04,266.445,件
2024-02-15,W05,414.856,平方米
2024-02-15,W06,16.503,台
2024-02-15,W07,468.926,吨蒸汽
2024-02-15,W08,553.338,件
2024-02-16,W01,223.146,吨
2024-02-16,W02,305.961,吨
2024-02-16,W03,84.5,吨
2024-02-16,W04,268.667,件
2024-02-16,W05,423.728,平方米
2024-02-16,W06,16.099,台
2024-02-16,W07,470.089,吨蒸汽
2024-02-16,W08,556.775,件
2024-02-17,W01,226.318,吨
2024-02-17,W02,279.059,吨
2024-02-17,W03,92.626,吨
2024-02-17,W04,251.851,件
2024-02-17,W05,393.759,平方米
2024-02-17,W06,14.565,台
2024-02-17,W07,461.285,吨蒸汽
2024-02-17,W08,647.935,件
2024-02-18,W01,252.484,吨
2024-02-18,W02,329.882,吨
2024-02-18,W03,95.602,吨
2024-02-18,W04,877.647,件
2024-02-18,W05,1346.079,平方米
2024-02-18,W06,53.733,台
2024-02-18,W07,470.752,吨蒸汽
2024-02-18,W08,1859.37,件
2024-02-19,W01,222.154,吨
2024-02-19,W02,293.018,吨
2024-02-19,W03,95.759,吨
2024-02-19,W04,4192.399,件
2024-02-19,W05,6667.326,平方米
2024-02-19,W06,281.545,台
2024-02-19,W07,522.817,吨蒸汽
2024-02-19,W08,10319.055,件
2024-02-20,W01,277.638,吨
2024-02-20,W02,288.042,吨
2024-02-20,W03,96.3,吨
2024-02-20,W04,4223.505,件
2024-02-20,W05,6319.75,平方米
2024-02-20,W06,272.68,台
2024-02-20,W07,503.328,吨蒸汽
2024-02-20,W08,10434.765,件
2024-02-21,W01,266.662,吨
2024-02-21,W02,304.217,吨
2024-02-21,W03,90.979,吨
2024-02-21,W04,4637.046,件
2024-02-21,W05,6837.076,平方米
2024-02-21,W06,247.69,台
2024-02-21,W07,540.184,吨蒸汽
2024-02-21,W08,9548.178,件
2024-02-22,W01,257.599,吨
2024-02-22,W02,324.999,吨
2024-02-22,W03,97.139,吨
2024-02-22,W04,3856.603,件
2024-02-22,W05,7084.068,平方米
2024-02-22,W06,287.205,台
2024-02-22,W07,524.18,吨蒸汽
2024-02-22,W08,9941.978,件
2024-02-23,W01,246.969,吨
2024-02-23,W02,336.637,吨
2024-02-23,W03,101.834,吨
2024-02-23,W04,4144.313,件
2024-02-23,W05,7278.583,平方米
2024-02-23,W06,287.487,台
2024-02-23,W07,497.118,吨蒸汽
2024-02-23,W08,9660.092,件
2024-02-24,W01,271.088,吨
2024-02-24,W02,292.707,吨
2024-02-24,W03,91.755,吨
2024-02-24,W04,2373.616,件
2024-02-24,W05,4070.964,平方米
2024-02-24,W06,150.063,台
2024-02-24,W07,492.045,吨蒸汽
2024-02-24,W08,5504.297,件
2024-02-25,W01,224.843,吨
2024-02-25,W02,313.032,吨
2024-02-25,W03,86.393,吨
2024-02-25,W04,795.609,件
2024-02-25,W05,1437.085,平方米
2024-02-25,W06,52.71,台
2024-02-25,W07,473.366,吨蒸汽
2024-02-25,W08,2124.769,件
2024-02-26,W01,253.045,吨
2024-02-26,W02,314.688,吨
2024-02-26,W03,97.253,吨
2024-02-26,W04,4063.178,件
2024-02-26,W05,6803.405,平方米
2024-02-26,W06,246.047,台
2024-02-26,W07,558.198,吨蒸汽
2024-02-26,W08,9772.88,件
2024-02-27,W01,254.561,吨
2024-02-27,W02,336.741,吨
2024-02-27,W03,98.268,吨
2024-02-27,W04,4045.822,件
2024-02-27,W05,7260.291,平方米
2024-02-27,W06,261.715,台
2024-02-27,W07,487.389,吨蒸汽
2024-02-27,W08,10057.295,件
2024-02-28,W01,252.581,吨
2024-02-28,W02,284.925,吨
2024-02-28,W03,91.724,吨
2024-02-28,W04,4135.076,件
2024-02-28,W05,6486.004,平方米
2024-02-28,W06,260.925,台
2024-02-28,W07,511.697,吨蒸汽
2024-02-28,W08,10715.325,件
2024-02-29,W01,261.856,吨
2024-02-29,W02,314.248,吨
2024-02-29,W03,98.006,吨
2024-02-29,W04,3947.174,件
2024-02-29,W05,6637.145,平方米
2024-02-29,W06,266.121,台
2024-02-29,W07,542.472,吨蒸汽
2024-02-29,W08,9636.998,件
2024-03-01,W01,245.18,吨
2024-03-01,W02,312.951,吨
2024-03-01,W03,89.09,吨
2024-03-01,W04,4544.234,件
2024-03-01,W05,6151.132,平方米
2024-03-01,W06,262.012,台
2024-03-01,W07,531.163,吨蒸汽
2024-03-01,W08,9787.569,件
2024-03-02,W01,262.992,吨
2024-03-02,W02,313.994,吨
2024-03-02,W03,95.192,吨
2024-03-02,W04,2694.444,件
2024-03-02,W05,4514.226,平方米
2024-03-02,W06,145.84,台
2024-03-02,W07,530.286,吨蒸汽
2024-03-02,W08,6661.924,件
2024-03-03,W01,244.255,吨
2024-03-03,W02,291.168,吨
2024-03-03,W03,90.693,吨
2024-03-03,W04,864.402,件
2024-03-03,W05,1366.618,平方米
2024-03-03,W06,46.93,台
2024-03-03,W07,493.763,吨蒸汽
2024-03-03,W08,1990.305,件
2024-03-04,W01,244.014,吨
2024-03-04,W02,333.857,吨
2024-03-04,W03,100.866,吨
2024-03-04,W04,4151.711,件
2024-03-04,W05,6468.387,平方米
2024-03-04,W06,264.61,台
2024-03-04,W07,509.337,吨蒸汽
2024-03-04,W08,10917.98,件
2024-03-05,W01,265.492,吨
2024-03-05,W02,329.347,吨
2024-03-05,W03,101.796,吨
2024-03-05,W04,3994.939,件
2024-03-05,W05,6056.919,平方米
2024-03-05,W06,248.551,台
2024-03-05,W07,534.85,吨蒸汽
2024-03-05,W08,9670.371,件
2024-03-06,W01,270.452,吨
2024-03-06,W02,314.86,吨
2024-03-06,W03,84.576,吨
2024-03-06,W04,3855.601,件
2024-03-06,W05,6341.829,平方米
2024-03-06,W06,265.949,台
2024-03-06,W07,537.01,吨蒸汽
2024-03-06,W08,9355.344,件
2024-03-07,W01,262.025,吨
2024-03-07,W02,308.902,吨
2024-03-07,W03,89.953,吨
2024-03-07,W04,3529.016,件
2024-03-07,W05,6866.574,平方米
2024-03-07,W06,263.369,台
2024-03-07,W07,535.858,吨蒸汽
2024-03-07,W08,9944.089,件
2024-03-08,W01,257.497,吨
2024-03-08,W02,308.644,吨
2024-03-08,W03,96.317,吨
2024-03-08,W04,4369.16,件
2024-03-08,W05,7200.735,平方米
2024-03-08,W06,264.903,台
2024-03-08,W07,548.437,吨蒸汽
2024-03-08,W08,9938.743,件
2024-03-09,W01,245.013,吨
2024-03-09,W02,319.267,吨
2024-03-09,W03,94.342,吨
2024-03-09,W04,2560.152,件
2024-03-09,W05,4486.747,平方米
2024-03-09,W06,157.476,台
2024-03-09,W07,532.142,吨蒸汽
2024-03-09,W08,6609.484,件
2024-03-10,W01,256.907,吨
2024-03-10,W02,332.381,吨
2024-03-10,W03,90.86,吨
2024-03-10,W04,923.873,件
2024-03-10,W05,1373.131,平方米
2024-03-10,W06,48.75,台
2024-03-10,W07,503.947,吨蒸汽
2024-03-10,W08,1888.279,件
2024-03-11,W01,260.895,吨
2024-03-11,W02,311.369,吨
2024-03-11,W03,97.022,吨
2024-03-11,W04,3995.795,件
2024-03-11,W05,7186.2,平方米
2024-03-11,W06,237.489,台
2024-03-11,W07,525.937,吨蒸汽
2024-03-11,W08,9760.701,件
2024-03-12,W01,239.905,吨
2024-03-12,W02,333.791,吨
2024-03-12,W03,95.521,吨
2024-03-12,W04,4412.66,件
2024-03-12,W05,6922.917,平方米
2024-03-12,W06,274.762,台
2024-03-12,W07,545.823,吨蒸汽
2024-03-12,W08,9475.258,件
2024-03-13,W01,260.697,吨
2024-03-13,W02,320.177,吨
2024-03-13,W03,91.789,吨
2024-03-13,W04,4415.42,件
2024-03-13,W05,7601.914,平方米
2024-03-13,W06,281.272,台
2024-03-13,W07,490.085,吨蒸汽
2024-03-13,W08,11225.101,件
2024-03-14,W01,279.644,吨
2024-03-14,W02,296.015,吨
2024-03-14,W03,105.678,吨
2024-03-14,W04,4649.409,件
2024-03-14,W05,6396.602,平方米
2024-03-14,W06,286.87,台
2024-03-14,W07,514.662,吨蒸汽
2024-03-14,W08,9867.052,件
2024-03-15,W01,272.795,吨
2024-03-15,W02,318.549,吨
2024-03-15,W03,93.059,吨
2024-03-15,W04,4227.517,件
2024-03-15,W05,7277.694,平方米
2024-03-15,W06,251.476,台
2024-03-15,W07,545.134,吨蒸汽
2024-03-15,W08,10010.344,件
2024-03-16,W01,251.671,吨
2024-03-16,W02,325.543,吨
2024-03-16,W03,99.113,吨
2024-03-16,W04,2574.379,件
2024-03-16,W05,3724.737,平方米
2024-03-16,W06,153.863,台
2024-03-16,W07,550.171,吨蒸汽
2024-03-16,W08,5419.404,件
2024-03-17,W01,228.105,吨
2024-03-17,W02,317.51,吨
2024-03-17,W03,88.808,吨
2024-03-17,W04,824.94,件
2024-03-17,W05,1429.359,平方米
2024-03-17,W06,48.061,台
2024-03-17,W07,496.523,吨蒸汽
2024-03-17,W08,1992.473,件
2024-03-18,W01,260.813,吨
2024-03-18,W02,339.172,吨
2024-03-18,W03,102.87,吨
2024-03-18,W04,4231.586,件
2024-03-18,W05,7267.185,平方米
2024-03-18,W06,258.343,台
2024-03-18,W07,550.51,吨蒸汽
2024-03-18,W08,10388.323,件
2024-03-19,W01,265.359,吨
2024-03-19,W02,321.814,吨
2024-03-19,W03,98.492,吨
2024-03-19,W04,4460.175,件
2024-03-19,W05,7158.773,平方米
2024-03-19,W06,242.648,台
2024-03-19,W07,563.227,吨蒸汽
2024-03-19,W08,10348.882,件
2024-03-20,W01,270.681,吨
2024-03-20,W02,345.758,吨
2024-03-20,W03,101.502,吨
2024-03-20,W04,4304.883,件
2024-03-20,W05,6833.732,平方米
2024-03-20,W06,273.168,台
2024-03-20,W07,538.297,吨蒸汽
2024-03-20,W08,9629.188,件
2024-03-21,W01,273.152,吨
2024-03-21,W02,323.346,吨
2024-03-21,W03,88.082,吨
2024-03-21,W04,3930.095,件
2024-03-21,W05,6339.575,平方米
2024-03-21,W06,270.648,台
2024-03-21,W07,513.71,吨蒸汽
2024-03-21,W08,9363.208,件
2024-03-22,W01,272.368,吨
2024-03-22,W02,329.295,吨
2024-03-22,W03,96.966,吨
2024-03-22,W04,4007.735,件
2024-03-22,W05,7291.643,平方米
2024-03-22,W06,292.478,台
2024-03-22,W07,516.897,吨蒸汽
2024-03-22,W08,9853.755,件
2024-03-23,W01,289.561,吨
2024-03-23,W02,320.665,吨
2024-03-23,W03,92.118,吨
2024-03-23,W04,2509.206,件
2024-03-23,W05,3984.354,平方米
2024-03-23,W06,154.78,台
2024-03-23,W07,529.13,吨蒸汽
2024-03-23,W08,5399.87,件
2024-03-24,W01,223.699,吨
2024-03-24,W02,319.869,吨
2024-03-24,W03,87.199,吨
2024-03-24,W04,803.729,件
2024-03-24,W05,1405.358,平方米
2024-03-24,W06,51.6,台
2024-03-24,W07,519.149,吨蒸汽
2024-03-24,W08,2088.381,件
2024-03-25,W01,253.158,吨
2024-03-25,W02,340.586,吨
2024-03-25,W03,97.285,吨
2024-03-25,W04,3826.78,件
2024-03-25,W05,6969.898,平方米
2024-03-25,W06,276.49,台
2024-03-25,W07,571.791,吨蒸汽
2024-03-25,W08,9188.487,件
2024-03-26,W01,276.317,吨
2024-03-26,W02,350.658,吨
2024-03-26,W03,102.892,吨
2024-03-26,W04,4120.791,件
2024-03-26,W05,7077.5,平方米
2024-03-26,W06,251.405,台
2024-03-26,W07,526.429,吨蒸汽
2024-03-26,W08,10516.028,件
2024-03-27,W01,274.962,吨
2024-03-27,W02,308.525,吨
2024-03-27,W03,99.093,吨
2024-03-27,W04,4198.568,件
2024-03-27,W05,6240.073,平方米
2024-03-27,W06,286.566,台
2024-03-27,W07,543.798,吨蒸汽
2024-03-27,W08,9013.865,件
2024-03-28,W01,239.028,吨
2024-03-28,W02,282.375,吨
2024-03-28,W03,96.099,吨
2024-03-28,W04,4623.942,件
2024-03-28,W05,6485.646,平方米
2024-03-28,W06,253.124,台
2024-03-28,W07,524.123,吨蒸汽
2024-03-28,W08,9755.817,件
2024-03-29,W01,251.473,吨
2024-03-29,W02,296.237,吨
2024-03-29,W03,90.231,吨
2024-03-29,W04,3892.402,件
2024-03-29,W05,6936.568,平方米
2024-03-29,W06,252.15,台
2024-03-29,W07,518.622,吨蒸汽
2024-03-29,W08,9466.528,件
2024-03-30,W01,288.394,吨
2024-03-30,W02,318.244,吨
2024-03-30,W03,97.24,吨
2024-03-30,W04,2669.561,件
2024-03-30,W05,3912.808,平方米
2024-03-30,W06,170.359,台
2024-03-30,W07,546.434,吨蒸汽
2024-03-30,W08,6180.329,件
2024-03-31,W01,213.252,吨
2024-03-31,W02,318.167,吨
2024-03-31,W03,93.861,吨
2024-03-31,W04,785.82,件
2024-03-31,W05,1454.059,平方米
2024-03-31,W06,47.85,台
2024-03-31,W07,486.995,吨蒸汽
2024-03-31,W08,1966.885,件
2024-04-01,W01,272.576,吨
2024-04-01,W02,327.359,吨
2024-04-01,W03,100.641,吨
2024-04-01,W04,4235.107,件
2024-04-01,W05,7127.206,平方米
2024-04-01,W06,254.685,台
2024-04-01,W07,519.946,吨蒸汽
2024-04-01,W08,9492.051,件
2024-04-02,W01,273.018,吨
2024-04-02,W02,315.048,吨
2024-04-02,W03,88.814,吨
2024-04-02,W04,4235.779,件
2024-04-02,W05,7386.07,平方米
2024-04-02,W06,273.501,台
2024-04-02,W07,526.017,吨蒸汽
2024-04-02,W08,11224.745,件
2024-04-03,W01,258.146,吨
2024-04-03,W02,328.926,吨
2024-04-03,W03,97.184,吨
2024-04-03,W04,4450.796,件
2024-04-03,W05,7022.985,平方米
2024-04-03,W06,277.397,台
2024-04-03,W07,571.998,吨蒸汽
2024-04-03,W08,9684.632,件
2024-04-04,W01,240.487,吨
2024-04-04,W02,285.378,吨
2024-04-04,W03,87.246,吨
2024-04-04,W04,264.462,件
2024-04-04,W05,419.036,平方米
2024-04-04,W06,16.983,台
2024-04-04,W07,473.53,吨蒸汽
2024-04-04,W08,631.153,件
2024-04-05,W01,250.245,吨
2024-04-05,W02,274.641,吨
2024-04-05,W03,87.137,吨
2024-04-05,W04,263.585,件
2024-04-05,W05,441.44,平方米
2024-04-05,W06,16.407,台
2024-04-05,W07,494.218,吨蒸汽
2024-04-05,W08,579.316,件
2024-04-06,W01,241.394,吨
2024-04-06,W02,291.475,吨
2024-04-06,W03,85.138,吨
2024-04-06,W04,243.662,件
2024-04-06,W05,423.862,平方米
2024-04-06,W06,15.286,台
2024-04-06,W07,520.589,吨蒸汽
2024-04-06,W08,574.627,件
2024-04-07,W01,251.433,吨
2024-04-07,W02,304.796,吨
2024-04-07,W03,92.751,吨
2024-04-07,W04,821.864,件
2024-04-07,W05,1445.415,平方米
2024-04-07,W06,50.384,台
2024-04-07,W07,481.701,吨蒸汽
2024-04-07,W08,1814.693,件
2024-04-08,W01,246.343,吨
2024-04-08,W02,317.64,吨
2024-04-08,W03,93.802,吨
2024-04-08,W04,4593.102,件
2024-04-08,W05,7229.578,平方米
2024-04-08,W06,273.642,台
2024-04-08,W07,494.818,吨蒸汽
2024-04-08,W08,8568.683,件
2024-04-09,W01,278.597,吨
2024-04-09,W02,319.64,吨
2024-04-09,W03,100.246,吨
2024-04-09,W04,3982.255,件
2024-04-09,W05,6587.704,平方米
2024-04-09,W06,264.2,台
2024-04-09,W07,557.923,吨蒸汽
2024-04-09,W08,10061.931,件
2024-04-10,W01,278.988,吨
2024-04-10,W02,327.612,吨
2024-04-10,W03,101.102,吨
2024-04-10,W04,4299.485,件
2024-04-10,W05,7457.05,平方米
2024-04-10,W06,269.457,台
2024-04-10,W07,454.735,吨蒸汽
2024-04-10,W08,10650.944,件
2024-04-11,W01,251.935,吨
2024-04-11,W02,320.837,吨
2024-04-11,W03,96.681,吨
2024-04-11,W04,3947.642,件
2024-04-11,W05,6591.726,平方米
2024-04-11,W06,255.62,台
2024-04-11,W07,512.614,吨蒸汽
2024-04-11,W08,10610.671,件
2024-04-12,W01,256.469,吨
2024-04-12,W02,331.469,吨
2024-04-12,W03,94.581,吨
2024-04-12,W04,4369.676,件
2024-04-12,W05,6419.516,平方米
2024-04-12,W06,280.44,台
2024-04-12,W07,542.935,吨蒸汽
2024-04-12,W08,8789.213,件
2024-04-13,W01,247.184,吨
2024-04-13,W02,339.333,吨
2024-04-13,W03,95.835,吨
2024-04-13,W04,2846.966,件
2024-04-13,W05,4436.732,平方米
2024-04-13,W06,162.527,台
2024-04-13,W07,480.743,吨蒸汽
2024-04-13,W08,6414.553,件
2024-04-14,W01,257.634,吨
2024-04-14,W02,299.304,吨
2024-04-14,W03,91.688,吨
2024-04-14,W04,848.845,件
2024-04-14,W05,1359.939,平方米
2024-04-14,W06,49.734,台
2024-04-14,W07,491.308,吨蒸汽
2024-04-14,W08,1859.909,件
2024-04-15,W01,248.239,吨
2024-04-15,W02,332.402,吨
2024-04-15,W03,94.4,吨
2024-04-15,W04,4307.962,件
2024-04-15,W05,7028.937,平方米
2024-04-15,W06,258.225,台
2024-04-15,W07,473.995,吨蒸汽
2024-04-15,W08,9304.193,件
2024-04-16,W01,254.863,吨
2024-04-16,W02,334.496,吨
2024-04-16,W03,93.576,吨
2024-04-16,W04,4142.163,件
2024-04-16,W05,7054.303,平方米
2024-04-16,W06,266.829,台
2024-04-16,W07,580.428,吨蒸汽
2024-04-16,W08,10309.723,件
2024-04-17,W01,278.407,吨
2024-04-17,W02,314.795,吨
2024-04-17,W03,88.799,吨
2024-04-17,W04,4252.194,件
2024-04-17,W05,7551.061,平方米
2024-04-17,W06,253.249,台
2024-04-17,W07,553.624,吨蒸汽
2024-04-17,W08,9471.918,件
2024-04-18,W01,229.95,吨
2024-04-18,W02,325.497,吨
2024-04-18,W03,103.089,吨
2024-04-18,W04,4228.603,件
2024-04-18,W05,6845.511,平方米
2024-04-18,W06,290.654,台
2024-04-18,W07,512.488,吨蒸汽
2024-04-18,W08,10597.236,件
2024-04-19,W01,271.821,吨
2024-04-19,W02,311.817,吨
2024-04-19,W03,88.972,吨
2024-04-19,W04,4201.72,件
2024-04-19,W05,6475.25,平方米
2024-04-19,W06,268.453,台
2024-04-19,W07,565.961,吨蒸汽
2024-04-19,W08,8849.666,件
2024-04-20,W01,255.715,吨
2024-04-20,W02,338.765,吨
2024-04-20,W03,97.606,吨
2024-04-20,W04,2394.976,件
2024-04-20,W05,4434.706,平方米
2024-04-20,W06,156.543,台
2024-04-20,W07,522.993,吨蒸汽
2024-04-20,W08,5827.181,件
2024-04-21,W01,263.47,吨
2024-04-21,W02,320.384,吨
2024-04-21,W03,85.334,吨
2024-04-21,W04,931.014,件
2024-04-21,W05,1398.567,平方米
2024-04-21,W06,53.224,台
2024-04-21,W07,461.935,吨蒸汽
2024-04-21,W08,2040.432,件
2024-04-22,W01,275.567,吨
2024-04-22,W02,312.763,吨
2024-04-22,W03,99.482,吨
2024-04-22,W04,4453.642,件
2024-04-22,W05,6492.225,平方米
2024-04-22,W06,270.473,台
2024-04-22,W07,552.536,吨蒸汽
2024-04-22,W08,9915.325,件
2024-04-23,W01,256.152,吨
2024-04-23,W02,313.457,吨
2024-04-23,W03,95.816,吨
2024-04-23,W04,4020.656,件
2024-04-23,W05,6572.684,平方米
2024-04-23,W06,274.391,台
2024-04-23,W07,536.083,吨蒸汽
2024-04-23,W08,9709.499,件
2024-04-24,W01,276.646,吨
2024-04-24,W02,322.665,吨
2024-04-24,W03,93.54,吨
2024-04-24,W04,4236.733,件
2024-04-24,W05,6560.625,平方米
2024-04-24,W06,254.632,台
2024-04-24,W07,550.537,吨蒸汽
2024-04-24,W08,10235.975,件
2024-04-25,W01,263.888,吨
2024-04-25,W02,345.097,吨
2024-04-25,W03,96.072,吨
2024-04-25,W04,3792.469,件
2024-04-25,W05,6987.44,平方米
2024-04-25,W06,242.606,台
2024-04-25,W07,533.847,吨蒸汽
2024-04-25,W08,9911.848,件
2024-04-26,W01,238.937,吨
2024-04-26,W02,313.544,吨
2024-04-26,W03,91.891,吨
2024-04-26,W04,4438.749,件
2024-04-26,W05,6920.2,平方米
2024-04-26,W06,259.561,台
2024-04-26,W07,481.589,吨蒸汽
2024-04-26,W08,8810.423,件
2024-04-27,W01,260.677,吨
2024-04-27,W02,335.257,吨
2024-04-27,W03,96.305,吨
2024-04-27,W04,2508.58,件
2024-04-27,W05,4442.971,平方米
2024-04-27,W06,148.973,台
2024-04-27,W07,531.516,吨蒸汽
2024-04-27,W08,6076.368,件
2024-04-28,W01,265.58,吨
2024-04-28,W02,295.857,吨
2024-04-28,W03,95.28,吨
2024-04-28,W04,885.32,件
2024-04-28,W05,1391.779,平方米
2024-04-28,W06,52.309,台
2024-04-28,W07,505.45,吨蒸汽
2024-04-28,W08,1956.429,件
2024-04-29,W01,249.839,吨
2024-04-29,W02,338.376,吨
2024-04-29,W03,96.814,吨
2024-04-29,W04,4068.186,件
2024-04-29,W05,6977.18,平方米
2024-04-29,W06,281.338,台
2024-04-29,W07,522.2,吨蒸汽
2024-04-29,W08,9570.057,件
2024-04-30,W01,244.406,吨
2024-04-30,W02,304.03,吨
2024-04-30,W03,95.81,吨
2024-04-30,W04,4277.664,件
2024-04-30,W05,6873.623,平方米
2024-04-30,W06,261.465,台
2024-04-30,W07,509.122,吨蒸汽
2024-04-30,W08,10142.383,件
2024-05-01,W01,234.807,吨
2024-05-01,W02,305.216,吨
2024-05-01,W03,87.157,吨
2024-05-01,W04,267.787,件
2024-05-01,W05,399.212,平方米
2024-05-01,W06,16.464,台
2024-05-01,W07,512.289,吨蒸汽
2024-05-01,W08,582.219,件
2024-05-02,W01,202.822,吨
2024-05-02,W02,297.677,吨
2024-05-02,W03,90.458,吨
2024-05-02,W04,275.306,件
2024-05-02,W05,424.539,平方米
2024-05-02,W06,16.47,台
2024-05-02,W07,483.778,吨蒸汽
2024-05-02,W08,549.111,件
2024-05-03,W01,239.802,吨
2024-05-03,W02,294.587,吨
2024-05-03,W03,86.782,吨
2024-05-03,W04,257.427,件
2024-05-03,W05,386.79,平方米
2024-05-03,W06,16.928,台
2024-05-03,W07,505.472,吨蒸汽
2024-05-03,W08,602.034,件
2024-05-04,W01,225.835,吨
2024-05-04,W02,272.695,吨
2024-05-04,W03,84.567,吨
2024-05-04,W04,235.584,件
2024-05-04,W05,429.219,平方米
2024-05-04,W06,15.921,台
2024-05-04,W07,445.934,吨蒸汽
2024-05-04,W08,624.169,件
2024-05-05,W01,254.545,吨
2024-05-05,W02,322.065,吨
2024-05-05,W03,93.43,吨
2024-05-05,W04,267.082,件
2024-05-05,W05,398.317,平方米
2024-05-05,W06,17.083,台
2024-05-05,W07,510.576,吨蒸汽
2024-05-05,W08,625.601,件
2024-05-06,W01,245.72,吨
2024-05-06,W02,350.267,吨
2024-05-06,W03,98.358,吨
2024-05-06,W04,4258.465,件
2024-05-06,W05,6881.481,平方米
2024-05-06,W06,256.804,台
2024-05-06,W07,566.95,吨蒸汽
2024-05-06,W08,10265.661,件
2024-05-07,W01,248.337,吨
2024-05-07,W02,310.007,吨
2024-05-07,W03,89.208,吨
2024-05-07,W04,4802.173,件
2024-05-07,W05,6419.541,平方米
2024-05-07,W06,246.164,台
2024-05-07,W07,600.705,吨蒸汽
2024-05-07,W08,10171.17,件
2024-05-08,W01,285.846,吨
2024-05-08,W02,338.611,吨
2024-05-08,W03,99.976,吨
2024-05-08,W04,4376.547,件
2024-05-08,W05,7068.244,平方米
2024-05-08,W06,270.044,台
2024-05-08,W07,498.703,吨蒸汽
2024-05-08,W08,11098.197,件
2024-05-09,W01,245.945,吨
2024-05-09,W02,361.072,吨
2024-05-09,W03,99.108,吨
2024-05-09,W04,4006.908,件
2024-05-09,W05,7608.343,平方米
2024-05-09,W06,265.868,台
2024-05-09,W07,481.69,吨蒸汽
2024-05-09,W08,8926.205,件
2024-05-10,W01,251.528,吨
2024-05-10,W02,285.638,吨
2024-05-10,W03,89.602,吨
2024-05-10,W04,4335.308,件
2024-05-10,W05,7027.848,平方米
2024-05-10,W06,269.081,台
2024-05-10,W07,528.125,吨蒸汽
2024-05-10,W08,10978.131,件
2024-05-11,W01,249.286,吨
2024-05-11,W02,303.604,吨
2024-05-11,W03,92.822,吨
2024-05-11,W04,2675.948,件
2024-05-11,W05,3986.53,平方米
2024-05-11,W06,155.897,台
2024-05-11,W07,544.056,吨蒸汽
2024-05-11,W08,6118.811,件
2024-05-12,W01,255.348,吨
2024-05-12,W02,298.426,吨
2024-05-12,W03,97.535,吨
2024-05-12,W04,899.546,件
2024-05-12,W05,1392.516,平方米
2024-05-12,W06,55.43,台
2024-05-12,W07,426.565,吨蒸汽
2024-05-12,W08,1934.986,件
2024-05-13,W01,269.876,吨
2024-05-13,W02,347.538,吨
2024-05-13,W03,94.569,吨
2024-05-13,W04,4270.792,件
2024-05-13,W05,7530.335,平方米
2024-05-13,W06,257.829,台
2024-05-13,W07,557.442,吨蒸汽
2024-05-13,W08,9913.641,件
2024-05-14,W01,265.372,吨
2024-05-14,W02,350.84,吨
2024-05-14,W03,95.489,吨
2024-05-14,W04,4070.128,件
2024-05-14,W05,7492.989,平方米
2024-05-14,W06,236.587,台
2024-05-14,W07,520.437,吨蒸汽
2024-05-14,W08,9486.374,件
2024-05-15,W01,274.075,吨
2024-05-15,W02,327.746,吨
2024-05-15,W03,97.35,吨
2024-05-15,W04,3902.788,件
2024-05-15,W05,6648.152,平方米
2024-05-15,W06,269.092,台
2024-05-15,W07,539.525,吨蒸汽
2024-05-15,W08,10064.142,件
2024-05-16,W01,265.661,吨
2024-05-16,W02,334.133,吨
2024-05-16,W03,97.176,吨
2024-05-16,W04,4676.469,件
2024-05-16,W05,7387.418,平方米
2024-05-16,W06,275.472,台
2024-05-16,W07,556.491,吨蒸汽
2024-05-16,W08,10282.763,件
2024-05-17,W01,268.066,吨
2024-05-17,W02,331.501,吨
2024-05-17,W03,98.82,吨
2024-05-17,W04,4241.68,件
2024-05-17,W05,7114.775,平方米
2024-05-17,W06,271.511,台
2024-05-17,W07,584.515,吨蒸汽
2024-05-17,W08,9573.572,件
2024-05-18,W01,257.195,吨
2024-05-18,W02,310.655,吨
2024-05-18,W03,96.648,吨
2024-05-18,W04,2752.804,件
2024-05-18,W05,4394.041,平方米
2024-05-18,W06,153.399,台
2024-05-18,W07,548.523,吨蒸汽
2024-05-18,W08,6198.998,件
2024-05-19,W01,257.937,吨
2024-05-19,W02,315.181,吨
2024-05-19,W03,90.273,吨
2024-05-19,W04,856.68,件
2024-05-19,W05,1439.618,平方米
2024-05-19,W06,55.372,台
2024-05-19,W07,501.739,吨蒸汽
2024-05-19,W08,2039.354,件
2024-05-20,W01,247.549,吨
2024-05-20,W02,298.896,吨
2024-05-20,W03,100.246,吨
2024-05-20,W04,4371.105,件
2024-05-20,W05,7323.362,平方米
2024-05-20,W06,268.323,台
2024-05-20,W07,530.436,吨蒸汽
2024-05-20,W08,9564.274,件
2024-05-21,W01,265.508,吨
2024-05-21,W02,297.797,吨
2024-05-21,W03,85.465,吨
2024-05-21,W04,4194.789,件
2024-05-21,W05,6789.138,平方米
2024-05-21,W06,290.079,台
2024-05-21,W07,535.648,吨蒸汽
2024-05-21,W08,9685.351,件
2024-05-22,W01,264.326,吨
2024-05-22,W02,317.148,吨
2024-05-22,W03,104.043,吨
2024-05-22,W04,4402.593,件
2024-05-22,W05,6430.392,平方米
2024-05-22,W06,260.194,台
2024-05-22,W07,534.816,吨蒸汽
2024-05-22,W08,9347.267,件
2024-05-23,W01,255.474,吨
2024-05-23,W02,306.173,吨
2024-05-23,W03,92.8,吨
2024-05-23,W04,4524.01,件
2024-05-23,W05,6719.773,平方米
2024-05-23,W06,223.405,台
2024-05-23,W07,510.84,吨蒸汽
2024-05-23,W08,10006.562,件
2024-05-24,W01,214.549,吨
2024-05-24,W02,297.52,吨
2024-05-24,W03,100.342,吨
2024-05-24,W04,4169.048,件
2024-05-24,W05,7277.284,平方米
2024-05-24,W06,285.683,台
2024-05-24,W07,558.945,吨蒸汽
2024-05-24,W08,10189.114,件
2024-05-25,W01,271.781,吨
2024-05-25,W02,337.69,吨
2024-05-25,W03,96.304,吨
2024-05-25,W04,2736.22,件
2024-05-25,W05,4160.796,平方米
2024-05-25,W06,163.182,台
2024-05-25,W07,557.414,吨蒸汽
2024-05-25,W08,6528.093,件
2024-05-26,W01,249.611,吨
2024-05-26,W02,344.658,吨
2024-05-26,W03,88.498,吨
2024-05-26,W04,858.36,件
2024-05-26,W05,1380.411,平方米
2024-05-26,W06,52.161,台
2024-05-26,W07,515.603,吨蒸汽
2024-05-26,W08,2154.973,件
2024-05-27,W01,298.528,吨
2024-05-27,W02,333.335,吨
2024-05-27,W03,94.468,吨
2024-05-27,W04,4636.773,件
2024-05-27,W05,6544.297,平方米
2024-05-27,W06,269.737,台
2024-05-27,W07,535.859,吨蒸汽
2024-05-27,W08,9608.529,件
2024-05-28,W01,274.262,吨
2024-05-28,W02,314.578,吨
2024-05-28,W03,89.973,吨
2024-05-28,W04,4210.325,件
2024-05-28,W05,6918.7,平方米
2024-05-28,W06,275.02,台
2024-05-28,W07,588.508,吨蒸汽
2024-05-28,W08,10085.266,件
2024-05-29,W01,269.706,吨
2024-05-29,W02,347.139,吨
2024-05-29,W03,102.996,吨
2024-05-29,W04,4533.253,件
2024-05-29,W05,6514.388,平方米
2024-05-29,W06,257.791,台
2024-05-29,W07,483.717,吨蒸汽
2024-05-29,W08,9008.918,件
2024-05-30,W01,284.907,吨
2024-05-30,W02,308.693,吨
2024-05-30,W03,95.754,吨
2024-05-30,W04,4280.639,件
2024-05-30,W05,6469.521,平方米
2024-05-30,W06,272.648,台
2024-05-30,W07,530.711,吨蒸汽
2024-05-30,W08,10997.282,件
2024-05-31,W01,237.48,吨
2024-05-31,W02,337.07,吨
2024-05-31,W03,93.987,吨
2024-05-31,W04,4522.16,件
2024-05-31,W05,6409.737,平方米
2024-05-31,W06,257.485,台
2024-05-31,W07,561.052,吨蒸汽
2024-05-31,W08,9983.163,件
2024-06-01,W01,270.941,吨
2024-06-01,W02,332.729,吨
2024-06-01,W03,100.895,吨
2024-06-01,W04,2896.496,件
2024-06-01,W05,3974.385,平方米
2024-06-01,W06,157.17,台
2024-06-01,W07,519.51,吨蒸汽
2024-06-01,W08,6265.16,件
2024-06-02,W01,263.736,吨
2024-06-02,W02,289.48,吨
2024-06-02,W03,80.376,吨
2024-06-02,W04,918.776,件
2024-06-02,W05,1411.237,平方米
2024-06-02,W06,54.272,台
2024-06-02,W07,476.354,吨蒸汽
2024-06-02,W08,2028.342,件
2024-06-03,W01,279.882,吨
2024-06-03,W02,356.948,吨
2024-06-03,W03,96.18,吨
2024-06-03,W04,4248.922,件
2024-06-03,W05,5942.249,平方米
2024-06-03,W06,286.043,台
2024-06-03,W07,583.649,吨蒸汽
2024-06-03,W08,10408.63,件
2024-06-04,W01,257.17,吨
2024-06-04,W02,338.693,吨
2024-06-04,W03,105.468,吨
2024-06-04,W04,4190.366,件
2024-06-04,W05,7559.525,平方米
2024-06-04,W06,255.557,台
2024-06-04,W07,552.261,吨蒸汽
2024-06-04,W08,10443.146,件
2024-06-05,W01,262.828,吨
2024-06-05,W02,324.303,吨
2024-06-05,W03,95.431,吨
2024-06-05,W04,4523.055,件
2024-06-05,W05,7114.41,平方米
2024-06-05,W06,253.097,台
2024-06-05,W07,493.514,吨蒸汽
2024-06-05,W08,9854.732,件
2024-06-06,W01,258.18,吨
2024-06-06,W02,347.062,吨
2024-06-06,W03,95.892,吨
2024-06-06,W04,4345.517,件
2024-06-06,W05,7319.055,平方米
2024-06-06,W06,260.781,台
2024-06-06,W07,487.003,吨蒸汽
2024-06-06,W08,10327.601,件
2024-06-07,W01,240.589,吨
2024-06-07,W02,330.348,吨
2024-06-07,W03,100.483,吨
2024-06-07,W04,4236.755,件
2024-06-07,W05,7120.666,平方米
2024-06-07,W06,262.853,台
2024-06-07,W07,546.037,吨蒸汽
2024-06-07,W08,10101.906,件
2024-06-08,W01,251.004,吨
2024-06-08,W02,295.681,吨
2024-06-08,W03,90.555,吨
2024-06-08,W04,271.8,件
2024-06-08,W05,453.088,平方米
2024-06-08,W06,13.858,台
2024-06-08,W07,497.771,吨蒸汽
2024-06-08,W08,555.47,件
2024-06-09,W01,236.516,吨
2024-06-09,W02,293.317,吨
2024-06-09,W03,82.889,吨
2024-06-09,W04,243.345,件
2024-06-09,W05,415.823,平方米
2024-06-09,W06,14.673,台
2024-06-09,W07,471.201,吨蒸汽
2024-06-09,W08,551.714,件
2024-06-10,W01,236.972,吨
2024-06-10,W02,275.556,吨
2024-06-10,W03,95.058,吨
2024-06-10,W04,282.785,件
2024-06-10,W05,430.936,平方米
2024-06-10,W06,15.933,台
2024-06-10,W07,445.694,吨蒸汽
2024-06-10,W08,558.655,件
2024-06-11,W01,261.182,吨
2024-06-11,W02,289.156,吨
2024-06-11,W03,95.906,吨
2024-06-11,W04,4581.497,件
2024-06-11,W05,6571.418,平方米
2024-06-11,W06,242.703,台
2024-06-11,W07,537.939,吨蒸汽
2024-06-11,W08,10032.445,件
2024-06-12,W01,291.275,吨
2024-06-12,W02,326.002,吨
2024-06-12,W03,104.336,吨
2024-06-12,W04,4217.032,件
2024-06-12,W05,6930.88,平方米
2024-06-12,W06,249.421,台
2024-06-12,W07,533.99,吨蒸汽
2024-06-12,W08,10082.624,件
2024-06-13,W01,257.759,吨
2024-06-13,W02,355.413,吨
2024-06-13,W03,99.584,吨
2024-06-13,W04,4718.884,件
2024-06-13,W05,6819.708,平方米
2024-06-13,W06,259.762,台
2024-06-13,W07,554.427,吨蒸汽
2024-06-13,W08,10882.35,件
2024-06-14,W01,264.088,吨
2024-06-14,W02,338.67,吨
2024-06-14,W03,96.069,吨
2024-06-14,W04,4580.858,件
2024-06-14,W05,7327.758,平方米
2024-06-14,W06,280.049,台
2024-06-14,W07,516.413,吨蒸汽
2024-06-14,W08,10284.335,件
2024-06-15,W01,250.191,吨
2024-06-15,W02,304.962,吨
2024-06-15,W03,103.401,吨
2024-06-15,W04,2692.376,件
2024-06-15,W05,4145.934,平方米
2024-06-15,W06,182.105,台
2024-06-15,W07,539.487,吨蒸汽
2024-06-15,W08,6155.876,件
2024-06-16,W01,227.087,吨
2024-06-16,W02,350.033,吨
2024-06-16,W03,87.991,吨
2024-06-16,W04,863.387,件
2024-06-16,W05,1383.37,平方米
2024-06-16,W06,57.089,台
2024-06-16,W07,512.214,吨蒸汽
2024-06-16,W08,2000.517,件
2024-06-17,W01,260.9,吨
2024-06-17,W02,318.287,吨
2024-06-17,W03,96.605,吨
2024-06-17,W04,4634.535,件
2024-06-17,W05,7146.1,平方米
2024-06-17,W06,274.277,台
2024-06-17,W07,572.377,吨蒸汽
2024-06-17,W08,9994.174,件
2024-06-18,W01,282.932,吨
2024-06-18,W02,305.349,吨
2024-06-18,W03,105.854,吨
2024-06-18,W04,4128.406,件
2024-06-18,W05,7540.497,平方米
2024-06-18,W06,276.021,台
2024-06-18,W07,549.117,吨蒸汽
2024-06-18,W08,10195.018,件
2024-06-19,W01,258.509,吨
2024-06-19,W02,329.415,吨
2024-06-19,W03,96.95,吨
2024-06-19,W04,4158.617,件
2024-06-19,W05,7744.245,平方米
2024-06-19,W06,272.559,台
2024-06-19,W07,527.575,吨蒸汽
2024-06-19,W08,9585.572,件
2024-06-20,W01,258.025,吨
2024-06-20,W02,324.585,吨
2024-06-20,W03,91.024,吨
2024-06-20,W04,4485.165,件
2024-06-20,W05,7008.68,平方米
2024-06-20,W06,253.054,台
2024-06-20,W07,542.006,吨蒸汽
2024-06-20,W08,9532.961,件
2024-06-21,W01,272.344,吨
2024-06-21,W02,323.426,吨
2024-06-21,W03,95.818,吨
2024-06-21,W04,4326.646,件
2024-06-21,W05,6691.68,平方米
2024-06-21,W06,247.443,台
2024-06-21,W07,503.768,吨蒸汽
2024-06-21,W08,10435.569,件
2024-06-22,W01,263.136,吨
2024-06-22,W02,305.752,吨
2024-06-22,W03,98.599,吨
2024-06-22,W04,2770.73,件
2024-06-22,W05,4733.496,平方米
2024-06-22,W06,184.156,台
2024-06-22,W07,589.698,吨蒸汽
2024-06-22,W08,6159.962,件
2024-06-23,W01,255.712,吨
2024-06-23,W02,303.338,吨
2024-06-23,W03,95.021,吨
2024-06-23,W04,883.58,件
2024-06-23,W05,1390.53,平方米
2024-06-23,W06,56.81,台
2024-06-23,W07,476.022,吨蒸汽
2024-06-23,W08,2093.395,件
2024-06-24,W01,247.843,吨
2024-06-24,W02,335.921,吨
2024-06-24,W03,103.556,吨
2024-06-24,W04,4559.554,件
2024-06-24,W05,6905.235,平方米
2024-06-24,W06,252.178,台
2024-06-24,W07,491.154,吨蒸汽
2024-06-24,W08,9359.242,件
2024-06-25,W01,282.706,吨
2024-06-25,W02,335.692,吨
2024-06-25,W03,99.551,吨
2024-06-25,W04,4272.698,件
2024-06-25,W05,7457.798,平方米
2024-06-25,W06,272.234,台
2024-06-25,W07,594.108,吨蒸汽
2024-06-25,W08,10496.134,件
2024-06-26,W01,259.364,吨
2024-06-26,W02,309.519,吨
2024-06-26,W03,90.289,吨
2024-06-26,W04,4020.531,件
2024-06-26,W05,6653.798,平方米
2024-06-26,W06,264.136,台
2024-06-26,W07,554.282,吨蒸汽
2024-06-26,W08,10289.177,件
2024-06-27,W01,256.838,吨
2024-06-27,W02,331.238,吨
2024-06-27,W03,89.434,吨
2024-06-27,W04,3755.975,件
2024-06-27,W05,7407.404,平方米
2024-06-27,W06,237.099,台
2024-06-27,W07,490.013,吨蒸汽
2024-06-27,W08,9568.767,件
2024-06-28,W01,238.776,吨
2024-06-28,W02,324.692,吨
2024-06-28,W03,87.655,吨
2024-06-28,W04,4319.9,件
2024-06-28,W05,6167.886,平方米
2024-06-28,W06,253.204,台
2024-06-28,W07,541.491,吨蒸汽
2024-06-28,W08,10274.412,件
2024-06-29,W01,245.334,吨
2024-06-29,W02,331.424,吨
2024-06-29,W03,89.052,吨
2024-06-29,W04,2592.809,件
2024-06-29,W05,4261.757,平方米
2024-06-29,W06,177.03,台
2024-06-29,W07,531.227,吨蒸汽
2024-06-29,W08,6580.698,件
2024-06-30,W01,264.492,吨
2024-06-30,W02,303.057,吨
2024-06-30,W03,99.326,吨
2024-06-30,W04,867.272,件
2024-06-30,W05,1418.145,平方米
2024-06-30,W06,50.639,台
2024-06-30,W07,513.493,吨蒸汽
2024-06-30,W08,2150.98,件
2024-07-01,W01,280.211,吨
2024-07-01,W02,325.936,吨
2024-07-01,W03,95.389,吨
2024-07-01,W04,4210.532,件
2024-07-01,W05,7809.224,平方米
2024-07-01,W06,259.589,台
2024-07-01,W07,567.639,吨蒸汽
2024-07-01,W08,11868.418,件
2024-07-02,W01,274.183,吨
2024-07-02,W02,330.962,吨
2024-07-02,W03,91.715,吨
2024-07-02,W04,3938.73,件
2024-07-02,W05,7106.163,平方米
2024-07-02,W06,276.66,台
2024-07-02,W07,523.607,吨蒸汽
2024-07-02,W08,10113.495,件
2024-07-03,W01,292.693,吨
2024-07-03,W02,316.185,吨
2024-07-03,W03,91.091,吨
2024-07-03,W04,3751.88,件
2024-07-03,W05,6721.462,平方米
2024-07-03,W06,298.901,台
2024-07-03,W07,542.654,吨蒸汽
2024-07-03,W08,9445.031,件
2024-07-04,W01,263.748,吨
2024-07-04,W02,353.148,吨
2024-07-04,W03,94.732,吨
2024-07-04,W04,4072.964,件
2024-07-04,W05,8055.151,平方米
2024-07-04,W06,294.332,台
2024-07-04,W07,494.471,吨蒸汽
2024-07-04,W08,9833.274,件
2024-07-05,W01,264.246,吨
2024-07-05,W02,307.404,吨
2024-07-05,W03,95.012,吨
2024-07-05,W04,4336.679,件
2024-07-05,W05,6803.938,平方米
2024-07-05,W06,268.723,台
2024-07-05,W07,518.487,吨蒸汽
2024-07-05,W08,10190.046,件
2024-07-06,W01,272.347,吨
2024-07-06,W02,328.62,吨
2024-07-06,W03,102.621,吨
2024-07-06,W04,2673.269,件
2024-07-06,W05,4129.288,平方米
2024-07-06,W06,148.887,台
2024-07-06,W07,554.718,吨蒸汽
2024-07-06,W08,6157.739,件
2024-07-07,W01,255.976,吨
2024-07-07,W02,302.61,吨
2024-07-07,W03,94.791,吨
2024-07-07,W04,833.223,件
2024-07-07,W05,1427.659,平方米
2024-07-07,W06,54.568,台
2024-07-07,W07,527.106,吨蒸汽
2024-07-07,W08,1948.677,件
2024-07-08,W01,245.751,吨
2024-07-08,W02,316.157,吨
2024-07-08,W03,90.998,吨
2024-07-08,W04,4730.623,件
2024-07-08,W05,6958.001,平方米
2024-07-08,W06,272.392,台
2024-07-08,W07,575.809,吨蒸汽
2024-07-08,W08,8820.894,件
2024-07-09,W01,291.858,吨
2024-07-09,W02,329.584,吨
2024-07-09,W03,95.461,吨
2024-07-09,W04,4334.811,件
2024-07-09,W05,7107.447,平方米
2024-07-09,W06,274.259,台
2024-07-09,W07,465.633,吨蒸汽
2024-07-09,W08,10192.563,件
2024-07-10,W01,271.489,吨
2024-07-10,W02,331.449,吨
2024-07-10,W03,92.372,吨
2024-07-10,W04,4158.251,件
2024-07-10,W05,7318.155,平方米
2024-07-10,W06,253.293,台
2024-07-10,W07,532.957,吨蒸汽
2024-07-10,W08,10165.763,件
2024-07-11,W01,269.302,吨
2024-07-11,W02,354.513,吨
2024-07-11,W03,95.275,吨
2024-07-11,W04,4216.862,件
2024-07-11,W05,7697.408,平方米
2024-07-11,W06,266.023,台
2024-07-11,W07,542.046,吨蒸汽
2024-07-11,W08,10812.862,件
2024-07-12,W01,268.238,吨
2024-07-12,W02,341.067,吨
2024-07-12,W03,105.108,吨
2024-07-12,W04,4257.713,件
2024-07-12,W05,7207.854,平方米
2024-07-12,W06,275.08,台
2024-07-12,W07,554.437,吨蒸汽
2024-07-12,W08,9298.778,件
2024-07-13,W01,261.393,吨
2024-07-13,W02,326.055,吨
2024-07-13,W03,95.015,吨
2024-07-13,W04,2609.127,件
2024-07-13,W05,4167.267,平方米
2024-07-13,W06,185.066,台
2024-07-13,W07,514.754,吨蒸汽
2024-07-13,W08,5814.358,件
2024-07-14,W01,253.15,吨
2024-07-14,W02,312.584,吨
2024-07-14,W03,83.593,吨
2024-07-14,W04,877.816,件
2024-07-14,W05,1492.968,平方米
2024-07-14,W06,56.833,台
2024-07-14,W07,522.009,吨蒸汽
2024-07-14,W08,1905.672,件
2024-07-15,W01,271.619,吨
2024-07-15,W02,324.125,吨
2024-07-15,W03,95.478,吨
2024-07-15,W04,4253.056,件
2024-07-15,W05,6996.002,平方米
2024-07-15,W06,267.414,台
2024-07-15,W07,562.415,吨蒸汽
2024-07-15,W08,10762.227,件
2024-07-16,W01,242.813,吨
2024-07-16,W02,340.428,吨
2024-07-16,W03,95.97,吨
2024-07-16,W04,4346.531,件
2024-07-16,W05,6720.388,平方米
2024-07-16,W06,275.871,台
2024-07-16,W07,524.455,吨蒸汽
2024-07-16,W08,10591.278,件
2024-07-17,W01,247.514,吨
2024-07-17,W02,319.991,吨
2024-07-17,W03,95.421,吨
2024-07-17,W04,4431.346,件
2024-07-17,W05,7804.879,平方米
2024-07-17,W06,286.387,台
2024-07-17,W07,522.182,吨蒸汽
2024-07-17,W08,10719.384,件
2024-07-18,W01,254.818,吨
2024-07-18,W02,321.88,吨
2024-07-18,W03,87.502,吨
2024-07-18,W04,4207.301,件
2024-07-18,W05,7058.285,平方米
2024-07-18,W06,291.975,台
2024-07-18,W07,529.335,吨蒸汽
2024-07-18,W08,9298.543,件
2024-07-19,W01,276.982,吨
2024-07-19,W02,300.559,吨
2024-07-19,W03,90.467,吨
2024-07-19,W04,3928.446,件
2024-07-19,W05,6609.325,平方米
2024-07-19,W06,234.757,台
2024-07-19,W07,544.812,吨蒸汽
2024-07-19,W08,10141.123,件
2024-07-20,W01,273.664,吨
2024-07-20,W02,326.838,吨
2024-07-20,W03,88.848,吨
2024-07-20,W04,2715.407,件
2024-07-20,W05,4688.005,平方米
2024-07-20,W06,162.847,台
2024-07-20,W07,479.889,吨蒸汽
2024-07-20,W08,5762.681,件
2024-07-21,W01,265.274,吨
2024-07-21,W02,272.734,吨
2024-07-21,W03,93.608,吨
2024-07-21,W04,894.733,件
2024-07-21,W05,1319.255,平方米
2024-07-21,W06,49.596,台
2024-07-21,W07,534.455,吨蒸汽
2024-07-21,W08,1942.447,件
2024-07-22,W01,268.495,吨
2024-07-22,W02,323.264,吨
2024-07-22,W03,97.748,吨
2024-07-22,W04,4338.197,件
2024-07-22,W05,7175.356,平方米
2024-07-22,W06,271.032,台
2024-07-22,W07,541.094,吨蒸汽
2024-07-22,W08,10338.842,件
2024-07-23,W01,272.587,吨
2024-07-23,W02,350.364,吨
2024-07-23,W03,98.668,吨
2024-07-23,W04,4428.182,件
2024-07-23,W05,6802.835,平方米
2024-07-23,W06,266.805,台
2024-07-23,W07,516.253,吨蒸汽
2024-07-23,W08,10756.884,件
2024-07-24,W01,264.808,吨
2024-07-24,W02,339.48,吨
2024-07-24,W03,96.729,吨
2024-07-24,W04,4763.952,件
2024-07-24,W05,7259.686,平方米
2024-07-24,W06,294.399,台
2024-07-24,W07,520.866,吨蒸汽
2024-07-24,W08,10388.279,件
2024-07-25,W01,255.78,吨
2024-07-25,W02,322.699,吨
2024-07-25,W03,96.407,吨
2024-07-25,W04,3983.657,件
2024-07-25,W05,6783.555,平方米
2024-07-25,W06,278.413,台
2024-07-25,W07,504.756,吨蒸汽
2024-07-25,W08,10936.754,件
2024-07-26,W01,283.291,吨
2024-07-26,W02,278.21,吨
2024-07-26,W03,103.675,吨
2024-07-26,W04,4153.514,件
2024-07-26,W05,6479.387,平方米
2024-07-26,W06,256.932,台
2024-07-26,W07,557.834,吨蒸汽
2024-07-26,W08,9912.403,件
2024-07-27,W01,240.886,吨
2024-07-27,W02,347.584,吨
2024-07-27,W03,100.221,吨
2024-07-27,W04,2724.075,件
2024-07-27,W05,4470.133,平方米
2024-07-27,W06,152.799,台
2024-07-27,W07,481.199,吨蒸汽
2024-07-27,W08,6269.035,件
2024-07-28,W01,251.906,吨
2024-07-28,W02,303.527,吨
2024-07-28,W03,96.096,吨
2024-07-28,W04,874.557,件
2024-07-28,W05,1450.358,平方米
2024-07-28,W06,52.588,台
2024-07-28,W07,525.873,吨蒸汽
2024-07-28,W08,1859.273,件
2024-07-29,W01,283.226,吨
2024-07-29,W02,359.178,吨
2024-07-29,W03,100.068,吨
2024-07-29,W04,4866.207,件
2024-07-29,W05,7133.8,平方米
2024-07-29,W06,270.074,台
2024-07-29,W07,509.785,吨蒸汽
2024-07-29,W08,9601.721,件
2024-07-30,W01,276.237,吨
2024-07-30,W02,325.87,吨
2024-07-30,W03,107.774,吨
2024-07-30,W04,4237.011,件
2024-07-30,W05,7009.943,平方米
2024-07-30,W06,274.339,台
2024-07-30,W07,525.648,吨蒸汽
2024-07-30,W08,10053.814,件
2024-07-31,W01,260.157,吨
2024-07-31,W02,356.157,吨
2024-07-31,W03,102.326,吨
2024-07-31,W04,4507.083,件
2024-07-31,W05,7293.455,平方米
2024-07-31,W06,253.093,台
2024-07-31,W07,560.789,吨蒸汽
2024-07-31,W08,10336.316,件
2024-08-01,W01,248.635,吨
2024-08-01,W02,330.481,吨
2024-08-01,W03,100.223,吨
2024-08-01,W04,4358.094,件
2024-08-01,W05,7526.01,平方米
2024-08-01,W06,270.999,台
2024-08-01,W07,598.754,吨蒸汽
2024-08-01,W08,9942.586,件
2024-08-02,W01,257.505,吨
2024-08-02,W02,335.206,吨
2024-08-02,W03,94.36,吨
2024-08-02,W04,4211.865,件
2024-08-02,W05,6497.38,平方米
2024-08-02,W06,283.223,台
2024-08-02,W07,474.121,吨蒸汽
2024-08-02,W08,9675.465,件
2024-08-03,W01,252.388,吨
2024-08-03,W02,315.932,吨
2024-08-03,W03,88.073,吨
2024-08-03,W04,2931.023,件
2024-08-03,W05,4357.188,平方米
2024-08-03,W06,162.151,台
2024-08-03,W07,511.438,吨蒸汽
2024-08-03,W08,5792.93,件
2024-08-04,W01,277.083,吨
2024-08-04,W02,319.888,吨
2024-08-04,W03,87.782,吨
2024-08-04,W04,836.266,件
2024-08-04,W05,1369.429,平方米
2024-08-04,W06,48.46,台
2024-08-04,W07,471.997,吨蒸汽
2024-08-04,W08,2300.071,件
2024-08-05,W01,278.742,吨
2024-08-05,W02,303.444,吨
2024-08-05,W03,96.84,吨
2024-08-05,W04,4806.955,件
2024-08-05,W05,6864.563,平方米
2024-08-05,W06,265.155,台
2024-08-05,W07,582.609,吨蒸汽
2024-08-05,W08,9950.879,件
2024-08-06,W01,281.925,吨
2024-08-06,W02,339.624,吨
2024-08-06,W03,100.662,吨
2024-08-06,W04,4405.335,件
2024-08-06,W05,6752.889,平方米
2024-08-06,W06,287.996,台
2024-08-06,W07,532.793,吨蒸汽
2024-08-06,W08,9874.621,件
2024-08-07,W01,265.684,吨
2024-08-07,W02,361.702,吨
2024-08-07,W03,93.007,吨
2024-08-07,W04,4148.979,件
2024-08-07,W05,7127.239,平方米
2024-08-07,W06,265.885,台
2024-08-07,W07,568.574,吨蒸汽
2024-08-07,W08,9981.147,件
2024-08-08,W01,267.85,吨
2024-08-08,W02,303.008,吨
2024-08-08,W03,101.058,吨
2024-08-08,W04,4460.463,件
2024-08-08,W05,6835.45,平方米
2024-08-08,W06,256.532,台
2024-08-08,W07,543.212,吨蒸汽
2024-08-08,W08,9670.186,件
2024-08-09,W01,238.021,吨
2024-08-09,W02,327.334,吨
2024-08-09,W03,93.559,吨
2024-08-09,W04,4174.791,件
2024-08-09,W05,7206.985,平方米
2024-08-09,W06,253.755,台
2024-08-09,W07,553.172,吨蒸汽
2024-08-09,W08,10131.965,件
2024-08-10,W01,239.759,吨
2024-08-10,W02,324.138,吨
2024-08-10,W03,93.237,吨
2024-08-10,W04,2543.968,件
2024-08-10,W05,4384.118,平方米
2024-08-10,W06,156.111,台
2024-08-10,W07,546.761,吨蒸汽
2024-08-10,W08,6377.48,件
2024-08-11,W01,272.925,吨
2024-08-11,W02,290.407,吨
2024-08-11,W03,88.624,吨
2024-08-11,W04,873.197,件
2024-08-11,W05,1488.448,平方米
2024-08-11,W06,53.141,台
2024-08-11,W07,507.77,吨蒸汽
2024-08-11,W08,1885.677,件
2024-08-12,W01,255.321,吨
2024-08-12,W02,331.46,吨
2024-08-12,W03,105.473,吨
2024-08-12,W04,4445.702,件
2024-08-12,W05,6977.086,平方米
2024-08-12,W06,276.744,台
2024-08-12,W07,493.622,吨蒸汽
2024-08-12,W08,10841.878,件
2024-08-13,W01,259.972,吨
2024-08-13,W02,354.657,吨
2024-08-13,W03,100.059,吨
2024-08-13,W04,4377.022,件
2024-08-13,W05,7286.01,平方米
2024-08-13,W06,252.051,台
2024-08-13,W07,567.376,吨蒸汽
2024-08-13,W08,10625.565,件
2024-08-14,W01,259.559,吨
2024-08-14,W02,325.132,吨
2024-08-14,W03,105.534,吨
2024-08-14,W04,4360.26,件
2024-08-14,W05,7372.9,平方米
2024-08-14,W06,295.459,台
2024-08-14,W07,525.427,吨蒸汽
2024-08-14,W08,9637.189,件
2024-08-15,W01,273.629,吨
2024-08-15,W02,316.959,吨
2024-08-15,W03,94.085,吨
2024-08-15,W04,4010.542,件
2024-08-15,W05,6592.891,平方米
2024-08-15,W06,297.226,台
2024-08-15,W07,544.5,吨蒸汽
2024-08-15,W08,9929.859,件
2024-08-16,W01,256.535,吨
2024-08-16,W02,351.133,吨
2024-08-16,W03,96.782,吨
2024-08-16,W04,3784.751,件
2024-08-16,W05,7071.992,平方米
2024-08-16,W06,268.145,台
2024-08-16,W07,516.848,吨蒸汽
2024-08-16,W08,10531.575,件
2024-08-17,W01,263.047,吨
2024-08-17,W02,333.461,吨
2024-08-17,W03,104.385,吨
2024-08-17,W04,2670.487,件
2024-08-17,W05,4460.689,平方米
2024-08-17,W06,174.918,台
2024-08-17,W07,559.094,吨蒸汽
2024-08-17,W08,6076.141,件
2024-08-18,W01,256.238,吨
2024-08-18,W02,337.147,吨
2024-08-18,W03,85.24,吨
2024-08-18,W04,892.621,件
2024-08-18,W05,1311.129,平方米
2024-08-18,W06,49.192,台
2024-08-18,W07,514.431,吨蒸汽
2024-08-18,W08,2113.588,件
2024-08-19,W01,263.466,吨
2024-08-19,W02,311.909,吨
2024-08-19,W03,107.687,吨
2024-08-19,W04,4333.829,件
2024-08-19,W05,7579.275,平方米
2024-08-19,W06,279.839,台
2024-08-19,W07,604.213,吨蒸汽
2024-08-19,W08,10677.382,件
2024-08-20,W01,263.997,吨
2024-08-20,W02,344.754,吨
2024-08-20,W03,105.296,吨
2024-08-20,W04,4306.263,件
2024-08-20,W05,6477.716,平方米
2024-08-20,W06,271.085,台
2024-08-20,W07,551.121,吨蒸汽
2024-08-20,W08,10046.609,件
2024-08-21,W01,276.08,吨
2024-08-21,W02,338.079,吨
2024-08-21,W03,96.73,吨
2024-08-21,W04,4317.606,件
2024-08-21,W05,6794.734,平方米
2024-08-21,W06,258.239,台
2024-08-21,W07,544.151,吨蒸汽
2024-08-21,W08,10845.246,件
2024-08-22,W01,252.88,吨
2024-08-22,W02,333.956,吨
2024-08-22,W03,90.412,吨
2024-08-22,W04,3785.329,件
2024-08-22,W05,6675.169,平方米
2024-08-22,W06,256.415,台
2024-08-22,W07,567.607,吨蒸汽
2024-08-22,W08,9942.574,件
2024-08-23,W01,272.027,吨
2024-08-23,W02,331.502,吨
2024-08-23,W03,99.505,吨
2024-08-23,W04,4318.276,件
2024-08-23,W05,7111.804,平方米
2024-08-23,W06,283.066,台
2024-08-23,W07,542.412,吨蒸汽
2024-08-23,W08,9643.342,件
2024-08-24,W01,280.613,吨
2024-08-24,W02,311.448,吨
2024-08-24,W03,90.737,吨
2024-08-24,W04,2489.971,件
2024-08-24,W05,4220.9,平方米
2024-08-24,W06,152.74,台
2024-08-24,W07,493.699,吨蒸汽
2024-08-24,W08,6460.656,件
2024-08-25,W01,226.623,吨
2024-08-25,W02,314.484,吨
2024-08-25,W03,94.432,吨
2024-08-25,W04,911.14,件
2024-08-25,W05,1485.985,平方米
2024-08-25,W06,54.234,台
2024-08-25,W07,497.43,吨蒸汽
2024-08-25,W08,2114.09,件
2024-08-26,W01,240.178,吨
2024-08-26,W02,339.438,吨
2024-08-26,W03,101.011,吨
2024-08-26,W04,4460.877,件
2024-08-26,W05,6631.733,平方米
2024-08-26,W06,302.007,台
2024-08-26,W07,501.616,吨蒸汽
2024-08-26,W08,10613.392,件
2024-08-27,W01,285.8,吨
2024-08-27,W02,329.13,吨
2024-08-27,W03,95.706,吨
2024-08-27,W04,4063.446,件
2024-08-27,W05,6841.563,平方米
2024-08-27,W06,293.702,台
2024-08-27,W07,485.757,吨蒸汽
2024-08-27,W08,10132.804,件
2024-08-28,W01,236.462,吨
2024-08-28,W02,328.217,吨
2024-08-28,W03,106.318,吨
2024-08-28,W04,4876.801,件
2024-08-28,W05,6753.438,平方米
2024-08-28,W06,267.726,台
2024-08-28,W07,520.832,吨蒸汽
2024-08-28,W08,9859.897,件
2024-08-29,W01,261.614,吨
2024-08-29,W02,304.009,吨
2024-08-29,W03,97.107,吨
2024-08-29,W04,3979.397,件
2024-08-29,W05,6855.969,平方米
2024-08-29,W06,268.059,台
2024-08-29,W07,531.097,吨蒸汽
2024-08-29,W08,10112.74,件
2024-08-30,W01,284.413,吨
2024-08-30,W02,316.105,吨
2024-08-30,W03,104.446,吨
2024-08-30,W04,4137.408,件
2024-08-30,W05,7161.175,平方米
2024-08-30,W06,277.135,台
2024-08-30,W07,479.464,吨蒸汽
2024-08-30,W08,10544.959,件
2024-08-31,W01,283.286,吨
2024-08-31,W02,281.473,吨
2024-08-31,W03,94.251,吨
2024-08-31,W04,2459.625,件
2024-08-31,W05,4701.838,平方米
2024-08-31,W06,162.565,台
2024-08-31,W07,484.884,吨蒸汽
2024-08-31,W08,6187.7,件
2024-09-01,W01,248.246,吨
2024-09-01,W02,335.557,吨
2024-09-01,W03,90.071,吨
2024-09-01,W04,811.424,件
2024-09-01,W05,1395.922,平方米
2024-09-01,W06,51.492,台
2024-09-01,W07,484.755,吨蒸汽
2024-09-01,W08,2048.581,件
2024-09-02,W01,275.816,吨
2024-09-02,W02,332.205,吨
2024-09-02,W03,96.339,吨
2024-09-02,W04,4328.791,件
2024-09-02,W05,6996.349,平方米
2024-09-02,W06,258.36,台
2024-09-02,W07,546.724,吨蒸汽
2024-09-02,W08,10202.57,件
2024-09-03,W01,293.097,吨
2024-09-03,W02,327.917,吨
2024-09-03,W03,103.877,吨
2024-09-03,W04,4126.743,件
2024-09-03,W05,7146.972,平方米
2024-09-03,W06,258.816,台
2024-09-03,W07,538.369,吨蒸汽
2024-09-03,W08,10656.416,件
2024-09-04,W01,280.981,吨
2024-09-04,W02,320.683,吨
2024-09-04,W03,100.336,吨
2024-09-04,W04,4225.498,件
2024-09-04,W05,6863.836,平方米
2024-09-04,W06,261.521,台
2024-09-04,W07,496.628,吨蒸汽
2024-09-04,W08,11059.16,件
2024-09-05,W01,256.287,吨
2024-09-05,W02,341.833,吨
2024-09-05,W03,112.36,吨
2024-09-05,W04,3980.531,件
2024-09-05,W05,6873.559,平方米
2024-09-05,W06,244.508,台
2024-09-05,W07,524.673,吨蒸汽
2024-09-05,W08,10277.817,件
2024-09-06,W01,285.225,吨
2024-09-06,W02,330.331,吨
2024-09-06,W03,108.6,吨
2024-09-06,W04,4718.79,件
2024-09-06,W05,6485.884,平方米
2024-09-06,W06,272.799,台
2024-09-06,W07,511.468,吨蒸汽
2024-09-06,W08,10017.678,件
2024-09-07,W01,267.01,吨
2024-09-07,W02,326.526,吨
2024-09-07,W03,104.239,吨
2024-09-07,W04,2758.514,件
2024-09-07,W05,4299.935,平方米
2024-09-07,W06,167.822,台
2024-09-07,W07,588.647,吨蒸汽
2024-09-07,W08,5990.617,件
2024-09-08,W01,256.093,吨
2024-09-08,W02,296.566,吨
2024-09-08,W03,96.366,吨
2024-09-08,W04,879.116,件
2024-09-08,W05,1417.464,平方米
2024-09-08,W06,53.64,台
2024-09-08,W07,490.094,吨蒸汽
2024-09-08,W08,2136.329,件
2024-09-09,W01,276.216,吨
2024-09-09,W02,335.403,吨
2024-09-09,W03,93.807,吨
2024-09-09,W04,3996.926,件
2024-09-09,W05,6993.34,平方米
2024-09-09,W06,271.165,台
2024-09-09,W07,593.442,吨蒸汽
2024-09-09,W08,9718.485,件
2024-09-10,W01,274.653,吨
2024-09-10,W02,338.457,吨
2024-09-10,W03,99.687,吨
2024-09-10,W04,4209.198,件
2024-09-10,W05,7125.037,平方米
2024-09-10,W06,248.915,台
2024-09-10,W07,559.542,吨蒸汽
2024-09-10,W08,10340.534,件
2024-09-11,W01,269.735,吨
2024-09-11,W02,308.829,吨
2024-09-11,W03,88.151,吨
2024-09-11,W04,4261.455,件
2024-09-11,W05,7293.081,平方米
2024-09-11,W06,253.309,台
2024-09-11,W07,552.749,吨蒸汽
2024-09-11,W08,10162.272,件
2024-09-12,W01,280.46,吨
2024-09-12,W02,343.151,吨
2024-09-12,W03,87.123,吨
2024-09-12,W04,4322.986,件
2024-09-12,W05,6831.999,平方米
2024-09-12,W06,289.06,台
2024-09-12,W07,518.047,吨蒸汽
2024-09-12,W08,10868.171,件
2024-09-13,W01,270.099,吨
2024-09-13,W02,338.856,吨
2024-09-13,W03,101.646,吨
2024-09-13,W04,4430.527,件
2024-09-13,W05,7443.815,平方米
2024-09-13,W06,268.511,台
2024-09-13,W07,601.588,吨蒸汽
2024-09-13,W08,9600.951,件
2024-09-14,W01,277.781,吨
2024-09-14,W02,314.696,吨
2024-09-14,W03,93.822,吨
2024-09-14,W04,2539.209,件
2024-09-14,W05,4372.298,平方米
2024-09-14,W06,173.955,台
2024-09-14,W07,497.615,吨蒸汽
2024-09-14,W08,6938.051,件
2024-09-15,W01,239.948,吨
2024-09-15,W02,285.795,吨
2024-09-15,W03,79.643,吨
2024-09-15,W04,267.22,件
2024-09-15,W05,407.71,平方米
2024-09-15,W06,16.079,台
2024-09-15,W07,490.961,吨蒸汽
2024-09-15,W08,632.166,件
2024-09-16,W01,234.704,吨
2024-09-16,W02,287.948,吨
2024-09-16,W03,92.514,吨
2024-09-16,W04,259.613,件
2024-09-16,W05,406.776,平方米
2024-09-16,W06,16.317,台
2024-09-16,W07,456.758,吨蒸汽
2024-09-16,W08,555.709,件
2024-09-17,W01,233.286,吨
2024-09-17,W02,284.456,吨
2024-09-17,W03,85.782,吨
2024-09-17,W04,241.785,件
2024-09-17,W05,401.74,平方米
2024-09-17,W06,15.417,台
2024-09-17,W07,478.112,吨蒸汽
2024-09-17,W08,638.584,件
2024-09-18,W01,272.971,吨
2024-09-18,W02,333.271,吨
2024-09-18,W03,93.996,吨
2024-09-18,W04,4272.722,件
2024-09-18,W05,7697.662,平方米
2024-09-18,W06,286.599,台
2024-09-18,W07,589.953,吨蒸汽
2024-09-18,W08,10426.27,件
2024-09-19,W01,283.335,吨
2024-09-19,W02,334.611,吨
2024-09-19,W03,93.991,吨
2024-09-19,W04,4289.496,件
2024-09-19,W05,7077.255,平方米
2024-09-19,W06,267.086,台
2024-09-19,W07,540.078,吨蒸汽
2024-09-19,W08,9622.938,件
2024-09-20,W01,246.653,吨
2024-09-20,W02,324.687,吨
2024-09-20,W03,100.317,吨
2024-09-20,W04,4750.589,件
2024-09-20,W05,7624.993,平方米
2024-09-20,W06,264.621,台
2024-09-20,W07,578.519,吨蒸汽
2024-09-20,W08,10370.848,件
2024-09-21,W01,284.144,吨
2024-09-21,W02,333.019,吨
2024-09-21,W03,94.343,吨
2024-09-21,W04,2397.325,件
2024-09-21,W05,4263.389,平方米
2024-09-21,W06,178.29,台
2024-09-21,W07,490.766,吨蒸汽
2024-09-21,W08,6602.491,件
2024-09-22,W01,268.335,吨
2024-09-22,W02,313.674,吨
2024-09-22,W03,100.048,吨
2024-09-22,W04,895.835,件
2024-09-22,W05,1477.783,平方米
2024-09-22,W06,53.421,台
2024-09-22,W07,478.211,吨蒸汽
2024-09-22,W08,2131.052,件
2024-09-23,W01,273.299,吨
2024-09-23,W02,332.822,吨
2024-09-23,W03,99.443,吨
2024-09-23,W04,4350.035,件
2024-09-23,W05,6707.959,平方米
2024-09-23,W06,275.24,台
2024-09-23,W07,546.887,吨蒸汽
2024-09-23,W08,9848.197,件
2024-09-24,W01,269.943,吨
2024-09-24,W02,308.566,吨
2024-09-24,W03,101.23,吨
2024-09-24,W04,4417.951,件
2024-09-24,W05,7308.225,平方米
2024-09-24,W06,277.146,台
2024-09-24,W07,528.273,吨蒸汽
2024-09-24,W08,9930.977,件
2024-09-25,W01,274.614,吨
2024-09-25,W02,349.533,吨
2024-09-25,W03,106.701,吨
2024-09-25,W04,4240.58,件
2024-09-25,W05,7006.123,平方米
2024-09-25,W06,273.267,台
2024-09-25,W07,498.425,吨蒸汽
2024-09-25,W08,9927.071,件
2024-09-26,W01,266.27,吨
2024-09-26,W02,367.603,吨
2024-09-26,W03,100.343,吨
2024-09-26,W04,4381.564,件
2024-09-26,W05,6771.092,平方米
2024-09-26,W06,240.839,台
2024-09-26,W07,535.34,吨蒸汽
2024-09-26,W08,9726.555,件
2024-09-27,W01,303.12,吨
2024-09-27,W02,322.517,吨
2024-09-27,W03,91.627,吨
2024-09-27,W04,4365.361,件
2024-09-27,W05,7279.136,平方米
2024-09-27,W06,262.804,台
2024-09-27,W07,533.215,吨蒸汽
2024-09-27,W08,9883.126,件
2024-09-28,W01,251.192,吨
2024-09-28,W02,317.929,吨
2024-09-28,W03,94.243,吨
2024-09-28,W04,2640.036,件
2024-09-28,W05,4312.833,平方米
2024-09-28,W06,163.1,台
2024-09-28,W07,506.756,吨蒸汽
2024-09-28,W08,5992.495,件
2024-09-29,W01,258.575,吨
2024-09-29,W02,350.3,吨
2024-09-29,W03,95.614,吨
2024-09-29,W04,955.572,件
2024-09-29,W05,1454.893,平方米
2024-09-29,W06,51.496,台
2024-09-29,W07,501.151,吨蒸汽
2024-09-29,W08,1861.426,件
2024-09-30,W01,283.719,吨
2024-09-30,W02,321.164,吨
2024-09-30,W03,98.62,吨
2024-09-30,W04,4415.529,件
2024-09-30,W05,7012.048,平方米
2024-09-30,W06,297.646,台
2024-09-30,W07,515.7,吨蒸汽
2024-09-30,W08,10602.543,件
2024-10-01,W01,238.164,吨
2024-10-01,W02,306.011,吨
2024-10-01,W03,79.647,吨
2024-10-01,W04,233.159,件
2024-10-01,W05,411.677,平方米
2024-10-01,W06,13.759,台
2024-10-01,W07,474.018,吨蒸汽
2024-10-01,W08,651.262,件
2024-10-02,W01,228.796,吨
2024-10-02,W02,294.357,吨
2024-10-02,W03,89.586,吨
2024-10-02,W04,261.161,件
2024-10-02,W05,437.088,平方米
2024-10-02,W06,16.511,台
2024-10-02,W07,511.902,吨蒸汽
2024-10-02,W08,670.412,件
2024-10-03,W01,205.486,吨
2024-10-03,W02,263.523,吨
2024-10-03,W03,88.246,吨
2024-10-03,W04,277.606,件
2024-10-03,W05,397.003,平方米
2024-10-03,W06,14.858,台
2024-10-03,W07,475.848,吨蒸汽
2024-10-03,W08,590.05,件
2024-10-04,W01,240.252,吨
2024-10-04,W02,305.181,吨
2024-10-04,W03,92.442,吨
2024-10-04,W04,266.269,件
2024-10-04,W05,419.046,平方米
2024-10-04,W06,16.736,台
2024-10-04,W07,479.159,吨蒸汽
2024-10-04,W08,598.526,件
2024-10-05,W01,237.903,吨
2024-10-05,W02,350.054,吨
2024-10-05,W03,83.972,吨
2024-10-05,W04,254.783,件
2024-10-05,W05,369.618,平方米
2024-10-05,W06,18.219,台
2024-10-05,W07,511.55,吨蒸汽
2024-10-05,W08,570.849,件
2024-10-06,W01,196.627,吨
2024-10-06,W02,305.695,吨
2024-10-06,W03,90.399,吨
2024-10-06,W04,249.238,件
2024-10-06,W05,415.696,平方米
2024-10-06,W06,16.819,台
2024-10-06,W07,493.846,吨蒸汽
2024-10-06,W08,603.855,件
2024-10-07,W01,212.36,吨
2024-10-07,W02,305.941,吨
2024-10-07,W03,85.317,吨
2024-10-07,W04,249.877,件
2024-10-07,W05,425.855,平方米
2024-10-07,W06,16.885,台
2024-10-07,W07,539.032,吨蒸汽
2024-10-07,W08,647.165,件
2024-10-08,W01,257.483,吨
2024-10-08,W02,321.665,吨
2024-10-08,W03,90.629,吨
2024-10-08,W04,4560.756,件
2024-10-08,W05,7059.524,平方米
2024-10-08,W06,230.997,台
2024-10-08,W07,505.769,吨蒸汽
2024-10-08,W08,10211.051,件
2024-10-09,W01,266.771,吨
2024-10-09,W02,321.264,吨
2024-10-09,W03,95.656,吨
2024-10-09,W04,4657.582,件
2024-10-09,W05,7047.396,平方米
2024-10-09,W06,294.435,台
2024-10-09,W07,508.679,吨蒸汽
2024-10-09,W08,10013.099,件
2024-10-10,W01,285.606,吨
2024-10-10,W02,318.61,吨
2024-10-10,W03,107.113,吨
2024-10-10,W04,4251.845,件
2024-10-10,W05,6982.083,平方米
2024-10-10,W06,271.223,台
2024-10-10,W07,567.167,吨蒸汽
2024-10-10,W08,10845.988,件
2024-10-11,W01,282.206,吨
2024-10-11,W02,360.365,吨
2024-10-11,W03,99.718,吨
2024-10-11,W04,4111.405,件
2024-10-11,W05,7089.745,平方米
2024-10-11,W06,264.275,台
2024-10-11,W07,575.639,吨蒸汽
2024-10-11,W08,10340.838,件
2024-10-12,W01,277.378,吨
2024-10-12,W02,337.3,吨
2024-10-12,W03,107.806,吨
2024-10-12,W04,2684.68,件
2024-10-12,W05,4038.209,平方米
2024-10-12,W06,173.046,台
2024-10-12,W07,516.579,吨蒸汽
2024-10-12,W08,6300.574,件
2024-10-13,W01,253.712,吨
2024-10-13,W02,312.889,吨
2024-10-13,W03,87.843,吨
2024-10-13,W04,874.153,件
2024-10-13,W05,1277.325,平方米
2024-10-13,W06,55.07,台
2024-10-13,W07,505.143,吨蒸汽
2024-10-13,W08,2084.254,件
2024-10-14,W01,281.554,吨
2024-10-14,W02,321.228,吨
2024-10-14,W03,98.1,吨
2024-10-14,W04,4496.639,件
2024-10-14,W05,7407.82,平方米
2024-10-14,W06,273.584,台
2024-10-14,W07,519.847,吨蒸汽
2024-10-14,W08,9581.47,件
2024-10-15,W01,269.34,吨
2024-10-15,W02,328.725,吨
2024-10-15,W03,104.373,吨
2024-10-15,W04,3939.649,件
2024-10-15,W05,6720.896,平方米
2024-10-15,W06,297.497,台
2024-10-15,W07,541.524,吨蒸汽
2024-10-15,W08,10908.866,件
2024-10-16,W01,261.215,吨
2024-10-16,W02,339.104,吨
2024-10-16,W03,96.903,吨
2024-10-16,W04,4374.236,件
2024-10-16,W05,7603.431,平方米
2024-10-16,W06,262.529,台
2024-10-16,W07,560.735,吨蒸汽
2024-10-16,W08,10917.024,件
2024-10-17,W01,289.349,吨
2024-10-17,W02,292.898,吨
2024-10-17,W03,104.244,吨
2024-10-17,W04,4551.52,件
2024-10-17,W05,7349.232,平方米
2024-10-17,W06,272.311,台
2024-10-17,W07,541.895,吨蒸汽
2024-10-17,W08,8932.925,件
2024-10-18,W01,280.934,吨
2024-10-18,W02,331.39,吨
2024-10-18,W03,108.513,吨
2024-10-18,W04,4390.504,件
2024-10-18,W05,7312.935,平方米
2024-10-18,W06,252.914,台
2024-10-18,W07,494.149,吨蒸汽
2024-10-18,W08,10050.169,件
2024-10-19,W01,266.144,吨
2024-10-19,W02,300.241,吨
2024-10-19,W03,83.643,吨
2024-10-19,W04,2491.48,件
2024-10-19,W05,4368.524,平方米
2024-10-19,W06,172.026,台
2024-10-19,W07,564.888,吨蒸汽
2024-10-19,W08,6759.343,件
2024-10-20,W01,259.613,吨
2024-10-20,W02,367.664,吨
2024-10-20,W03,89.483,吨
2024-10-20,W04,932.494,件
2024-10-20,W05,1405.392,平方米
2024-10-20,W06,48.078,台
2024-10-20,W07,525.705,吨蒸汽
2024-10-20,W08,2047.054,件
2024-10-21,W01,263.05,吨
2024-10-21,W02,341.027,吨
2024-10-21,W03,93.354,吨
2024-10-21,W04,4102.503,件
2024-10-21,W05,7074.93,平方米
2024-10-21,W06,265.792,台
2024-10-21,W07,540.707,吨蒸汽
2024-10-21,W08,10796.569,件
2024-10-22,W01,274.161,吨
2024-10-22,W02,327.173,吨
2024-10-22,W03,95.116,吨
2024-10-22,W04,4234.984,件
2024-10-22,W05,7288.133,平方米
2024-10-22,W06,261.831,台
2024-10-22,W07,541.402,吨蒸汽
2024-10-22,W08,10560.03,件
2024-10-23,W01,280.809,吨
2024-10-23,W02,309.958,吨
2024-10-23,W03,98.105,吨
2024-10-23,W04,4616.355,件
2024-10-23,W05,6786.906,平方米
2024-10-23,W06,280.334,台
2024-10-23,W07,550.969,吨蒸汽
2024-10-23,W08,10201.699,件
2024-10-24,W01,259.528,吨
2024-10-24,W02,348.903,吨
2024-10-24,W03,100.809,吨
2024-10-24,W04,4583.737,件
2024-10-24,W05,7644.542,平方米
2024-10-24,W06,256.571,台
2024-10-24,W07,580.443,吨蒸汽
2024-10-24,W08,10492.544,件
2024-10-25,W01,258.179,吨
2024-10-25,W02,346.817,吨
2024-10-25,W03,94.276,吨
2024-10-25,W04,4266.42,件
2024-10-25,W05,6766.128,平方米
2024-10-25,W06,258.113,台
2024-10-25,W07,580.126,吨蒸汽
2024-10-25,W08,10415.975,件
2024-10-26,W01,263.418,吨
2024-10-26,W02,331.09,吨
2024-10-26,W03,90.647,吨
2024-10-26,W04,2440.598,件
2024-10-26,W05,3996.007,平方米
2024-10-26,W06,170.526,台
2024-10-26,W07,528.328,吨蒸汽
2024-10-26,W08,6598.509,件
2024-10-27,W01,271.678,吨
2024-10-27,W02,325.055,吨
2024-10-27,W03,97.07,吨
2024-10-27,W04,931.242,件
2024-10-27,W05,1406.585,平方米
2024-10-27,W06,53.848,台
2024-10-27,W07,526.273,吨蒸汽
2024-10-27,W08,1881.642,件
2024-10-28,W01,277.853,吨
2024-10-28,W02,333.359,吨
2024-10-28,W03,93.563,吨
2024-10-28,W04,4504.899,件
2024-10-28,W05,7572.943,平方米
2024-10-28,W06,266.417,台
2024-10-28,W07,567.094,吨蒸汽
2024-10-28,W08,9851.659,件
2024-10-29,W01,294.552,吨
2024-10-29,W02,310.411,吨
2024-10-29,W03,101.58,吨
2024-10-29,W04,4533.533,件
2024-10-29,W05,7340.507,平方米
2024-10-29,W06,278.454,台
2024-10-29,W07,566.526,吨蒸汽
2024-10-29,W08,10540.707,件
2024-10-30,W01,240.371,吨
2024-10-30,W02,346.696,吨
2024-10-30,W03,87.484,吨
2024-10-30,W04,4018.045,件
2024-10-30,W05,7072.519,平方米
2024-10-30,W06,266.913,台
2024-10-30,W07,562.704,吨蒸汽
2024-10-30,W08,10367.114,件
2024-10-31,W01,256.964,吨
2024-10-31,W02,336.01,吨
2024-10-31,W03,94.207,吨
2024-10-31,W04,4370.144,件
2024-10-31,W05,7661.679,平方米
2024-10-31,W06,276.166,台
2024-10-31,W07,553.758,吨蒸汽
2024-10-31,W08,10353.07,件
2024-11-01,W01,254.934,吨
2024-11-01,W02,352.907,吨
2024-11-01,W03,115.156,吨
2024-11-01,W04,4770.844,件
2024-11-01,W05,6626.523,平方米
2024-11-01,W06,269.512,台
2024-11-01,W07,548.355,吨蒸汽
2024-11-01,W08,11031.062,件
2024-11-02,W01,280.005,吨
2024-11-02,W02,348.55,吨
2024-11-02,W03,93.628,吨
2024-11-02,W04,2991.375,件
2024-11-02,W05,4673.462,平方米
2024-11-02,W06,168.591,台
2024-11-02,W07,537.554,吨蒸汽
2024-11-02,W08,5983.299,件
2024-11-03,W01,265.884,吨
2024-11-03,W02,316.538,吨
2024-11-03,W03,94.754,吨
2024-11-03,W04,905.779,件
2024-11-03,W05,1472.139,平方米
2024-11-03,W06,51.153,台
2024-11-03,W07,523.824,吨蒸汽
2024-11-03,W08,2036.044,件
2024-11-04,W01,273.21,吨
2024-11-04,W02,318.021,吨
2024-11-04,W03,84.456,吨
2024-11-04,W04,4398.035,件
2024-11-04,W05,6897.844,平方米
2024-11-04,W06,277.59,台
2024-11-04,W07,517.503,吨蒸汽
2024-11-04,W08,10966.525,件
2024-11-05,W01,257.336,吨
2024-11-05,W02,349.411,吨
2024-11-05,W03,105.118,吨
2024-11-05,W04,4615.396,件
2024-11-05,W05,6847.936,平方米
2024-11-05,W06,281.412,台
2024-11-05,W07,571.351,吨蒸汽
2024-11-05,W08,10291.282,件
2024-11-06,W01,249.234,吨
2024-11-06,W02,337.714,吨
2024-11-06,W03,97.159,吨
2024-11-06,W04,4383.18,件
2024-11-06,W05,6868.936,平方米
2024-11-06,W06,266.244,台
2024-11-06,W07,553.685,吨蒸汽
2024-11-06,W08,10499.466,件
2024-11-07,W01,251.515,吨
2024-11-07,W02,309.936,吨
2024-11-07,W03,96.734,吨
2024-11-07,W04,4361.968,件
2024-11-07,W05,6444.895,平方米
2024-11-07,W06,283.301,台
2024-11-07,W07,495.667,吨蒸汽
2024-11-07,W08,9690.057,件
2024-11-08,W01,245.702,吨
2024-11-08,W02,333.149,吨
2024-11-08,W03,94.701,吨
2024-11-08,W04,4422.136,件
2024-11-08,W05,6452.745,平方米
2024-11-08,W06,245.712,台
2024-11-08,W07,597.967,吨蒸汽
2024-11-08,W08,10366.22,件
2024-11-09,W01,247.24,吨
2024-11-09,W02,305.072,吨
2024-11-09,W03,93.171,吨
2024-11-09,W04,2971.229,件
2024-11-09,W05,4336.081,平方米
2024-11-09,W06,171.332,台
2024-11-09,W07,581.194,吨蒸汽
2024-11-09,W08,6792.464,件
2024-11-10,W01,236.499,吨
2024-11-10,W02,325.861,吨
2024-11-10,W03,89.792,吨
2024-11-10,W04,824.502,件
2024-11-10,W05,1411.17,平方米
2024-11-10,W06,54.293,台
2024-11-10,W07,505.379,吨蒸汽
2024-11-10,W08,1979.079,件
2024-11-11,W01,277.918,吨
2024-11-11,W02,302.581,吨
2024-11-11,W03,106.082,吨
2024-11-11,W04,3958.868,件
2024-11-11,W05,7129.723,平方米
2024-11-11,W06,258.663,台
2024-11-11,W07,575.918,吨蒸汽
2024-11-11,W08,10984.399,件
2024-11-12,W01,275.583,吨
2024-11-12,W02,354.174,吨
2024-11-12,W03,92.298,吨
2024-11-12,W04,4119.746,件
2024-11-12,W05,6570.485,平方米
2024-11-12,W06,285.068,台
2024-11-12,W07,522.489,吨蒸汽
2024-11-12,W08,10734.457,件
2024-11-13,W01,245.145,吨
2024-11-13,W02,354.511,吨
2024-11-13,W03,106.346,吨
2024-11-13,W04,4475.552,件
2024-11-13,W05,7434.832,平方米
2024-11-13,W06,264.237,台
2024-11-13,W07,563.824,吨蒸汽
2024-11-13,W08,10306.785,件
2024-11-14,W01,264.86,吨
2024-11-14,W02,340.095,吨
2024-11-14,W03,95.378,吨
2024-11-14,W04,4711.79,件
2024-11-14,W05,7012.859,平方米
2024-11-14,W06,275.228,台
2024-11-14,W07,589.114,吨蒸汽
2024-11-14,W08,11093.73,件
2024-11-15,W01,268.783,吨
2024-11-15,W02,317.205,吨
2024-11-15,W03,99.738,吨
2024-11-15,W04,4182.204,件
2024-11-15,W05,7184.446,平方米
2024-11-15,W06,283.395,台
2024-11-15,W07,509.665,吨蒸汽
2024-11-15,W08,10660.596,件
2024-11-16,W01,267.279,吨
2024-11-16,W02,354.605,吨
2024-11-16,W03,94.581,吨
2024-11-16,W04,2650.959,件
2024-11-16,W05,4323.847,平方米
2024-11-16,W06,150.505,台
2024-11-16,W07,525.361,吨蒸汽
2024-11-16,W08,6331.695,件
2024-11-17,W01,256.861,吨
2024-11-17,W02,332.261,吨
2024-11-17,W03,89.087,吨
2024-11-17,W04,894.556,件
2024-11-17,W05,1492.3,平方米
2024-11-17,W06,60.522,台
2024-11-17,W07,514.632,吨蒸汽
2024-11-17,W08,2221.684,件
2024-11-18,W01,261.112,吨
2024-11-18,W02,353.218,吨
2024-11-18,W03,104.062,吨
2024-11-18,W04,4522.543,件
2024-11-18,W05,6858.202,平方米
2024-11-18,W06,262.661,台
2024-11-18,W07,552.751,吨蒸汽
2024-11-18,W08,9556.377,件
2024-11-19,W01,262.887,吨
2024-11-19,W02,302.997,吨
2024-11-19,W03,104.917,吨
2024-11-19,W04,4251.655,件
2024-11-19,W05,7540.192,平方米
2024-11-19,W06,284.698,台
2024-11-19,W07,517.395,吨蒸汽
2024-11-19,W08,9856.281,件
2024-11-20,W01,276.295,吨
2024-11-20,W02,340.883,吨
2024-11-20,W03,94.901,吨
2024-11-20,W04,4218.557,件
2024-11-20,W05,6433.505,平方米
2024-11-20,W06,297.793,台
2024-11-20,W07,540.102,吨蒸汽
2024-11-20,W08,9229.457,件
2024-11-21,W01,255.77,吨
2024-11-21,W02,333.441,吨
2024-11-21,W03,105.265,吨
2024-11-21,W04,4042.94,件
2024-11-21,W05,6758.782,平方米
2024-11-21,W06,261.58,台
2024-11-21,W07,525.95,吨蒸汽
2024-11-21,W08,9319.75,件
2024-11-22,W01,263.247,吨
2024-11-22,W02,330.64,吨
2024-11-22,W03,91.272,吨
2024-11-22,W04,4472.268,件
2024-11-22,W05,7399.865,平方米
2024-11-22,W06,274.602,台
2024-11-22,W07,516.554,吨蒸汽
2024-11-22,W08,9348.827,件
2024-11-23,W01,236.456,吨
2024-11-23,W02,343.603,吨
2024-11-23,W03,96.556,吨
2024-11-23,W04,2807.021,件
2024-11-23,W05,4365.516,平方米
2024-11-23,W06,164.892,台
2024-11-23,W07,526.895,吨蒸汽
2024-11-23,W08,6272.008,件
2024-11-24,W01,250.187,吨
2024-11-24,W02,333.483,吨
2024-11-24,W03,92.266,吨
2024-11-24,W04,815.069,件
2024-11-24,W05,1356.581,平方米
2024-11-24,W06,46.112,台
2024-11-24,W07,493.735,吨蒸汽
2024-11-24,W08,2003.118,件
2024-11-25,W01,284.02,吨
2024-11-25,W02,313.557,吨
2024-11-25,W03,101.642,吨
2024-11-25,W04,4874.266,件
2024-11-25,W05,7454.365,平方米
2024-11-25,W06,261.294,台
2024-11-25,W07,527.962,吨蒸汽
2024-11-25,W08,10710.202,件
2024-11-26,W01,282.042,吨
2024-11-26,W02,346.098,吨
2024-11-26,W03,100.076,吨
2024-11-26,W04,4698.657,件
2024-11-26,W05,6523.869,平方米
2024-11-26,W06,281.741,台
2024-11-26,W07,482.203,吨蒸汽
2024-11-26,W08,10004.574,件
2024-11-27,W01,283.364,吨
2024-11-27,W02,362.555,吨
2024-11-27,W03,110.106,吨
2024-11-27,W04,4531.099,件
2024-11-27,W05,7306.52,平方米
2024-11-27,W06,280.253,台
2024-11-27,W07,546.19,吨蒸汽
2024-11-27,W08,9953.802,件
2024-11-28,W01,258.914,吨
2024-11-28,W02,366.096,吨
2024-11-28,W03,97.824,吨
2024-11-28,W04,4208.572,件
2024-11-28,W05,7381.221,平方米
2024-11-28,W06,267.837,台
2024-11-28,W07,548.142,吨蒸汽
2024-11-28,W08,10014.803,件
2024-11-29,W01,242.504,吨
2024-11-29,W02,308.421,吨
2024-11-29,W03,106.681,吨
2024-11-29,W04,4255.057,件
2024-11-29,W05,7848.956,平方米
2024-11-29,W06,288.881,台
2024-11-29,W07,561.785,吨蒸汽
2024-11-29,W08,9473.316,件
2024-11-30,W01,253.253,吨
2024-11-30,W02,305.484,吨
2024-11-30,W03,99.804,吨
2024-11-30,W04,2940.562,件
2024-11-30,W05,4166.741,平方米
2024-11-30,W06,173.721,台
2024-11-30,W07,559.18,吨蒸汽
2024-11-30,W08,6708.177,件
2024-12-01,W01,246.113,吨
2024-12-01,W02,327.207,吨
2024-12-01,W03,89.461,吨
2024-12-01,W04,840.451,件
2024-12-01,W05,1500.97,平方米
2024-12-01,W06,51.259,台
2024-12-01,W07,518.685,吨蒸汽
2024-12-01,W08,2006.057,件
2024-12-02,W01,263.87,吨
2024-12-02,W02,346.442,吨
2024-12-02,W03,100.064,吨
2024-12-02,W04,4429.411,件
2024-12-02,W05,6968.093,平方米
2024-12-02,W06,293.332,台
2024-12-02,W07,546.472,吨蒸汽
2024-12-02,W08,9685.388,件
2024-12-03,W01,278.009,吨
2024-12-03,W02,339.54,吨
2024-12-03,W03,94.494,吨
2024-12-03,W04,4416.913,件
2024-12-03,W05,7788.85,平方米
2024-12-03,W06,257.188,台
2024-12-03,W07,503.527,吨蒸汽
2024-12-03,W08,11180.482,件
2024-12-04,W01,277.427,吨
2024-12-04,W02,342.833,吨
2024-12-04,W03,94.137,吨
2024-12-04,W04,4342.582,件
2024-12-04,W05,6980.434,平方米
2024-12-04,W06,285.541,台
2024-12-04,W07,551.49,吨蒸汽
2024-12-04,W08,10077.622,件
2024-12-05,W01,255.442,吨
2024-12-05,W02,347.894,吨
2024-12-05,W03,99.11,吨
2024-12-05,W04,4658.055,件
2024-12-05,W05,6984.461,平方米
2024-12-05,W06,289.848,台
2024-12-05,W07,543.42,吨蒸汽
2024-12-05,W08,10273.289,件
2024-12-06,W01,284.169,吨
2024-12-06,W02,336.095,吨
2024-12-06,W03,106.247,吨
2024-12-06,W04,4795.115,件
2024-12-06,W05,7571.58,平方米
2024-12-06,W06,277.856,台
2024-12-06,W07,491.344,吨蒸汽
2024-12-06,W08,10643.665,件
2024-12-07,W01,270.939,吨
2024-12-07,W02,310.66,吨
2024-12-07,W03,89.459,吨
2024-12-07,W04,2721.953,件
2024-12-07,W05,4314.426,平方米
2024-12-07,W06,151.591,台
2024-12-07,W07,504.965,吨蒸汽
2024-12-07,W08,6361.2,件
2024-12-08,W01,272.465,吨
2024-12-08,W02,286.887,吨
2024-12-08,W03,88.651,吨
2024-12-08,W04,926.029,件
2024-12-08,W05,1370.255,平方米
2024-12-08,W06,54.856,台
2024-12-08,W07,517.222,吨蒸汽
2024-12-08,W08,2019.914,件
2024-12-09,W01,266.875,吨
2024-12-09,W02,350.145,吨
2024-12-09,W03,94.291,吨
2024-12-09,W04,4465.925,件
2024-12-09,W05,7192.128,平方米
2024-12-09,W06,254.109,台
2024-12-09,W07,587.631,吨蒸汽
2024-12-09,W08,10060.597,件
2024-12-10,W01,251.578,吨
2024-12-10,W02,327.99,吨
2024-12-10,W03,105.821,吨
2024-12-10,W04,4778.958,件
2024-12-10,W05,6779.637,平方米
2024-12-10,W06,286.151,台
2024-12-10,W07,548.386,吨蒸汽
2024-12-10,W08,11703.547,件
2024-12-11,W01,275.651,吨
2024-12-11,W02,313.401,吨
2024-12-11,W03,102.122,吨
2024-12-11,W04,4869.878,件
2024-12-11,W05,7528.869,平方米
2024-12-11,W06,267.889,台
2024-12-11,W07,511.867,吨蒸汽
2024-12-11,W08,10355.358,件
2024-12-12,W01,253.659,吨
2024-12-12,W02,343.739,吨
2024-12-12,W03,98.021,吨
2024-12-12,W04,3897.735,件
2024-12-12,W05,7360.042,平方米
2024-12-12,W06,269.69,台
2024-12-12,W07,472.747,吨蒸汽
2024-12-12,W08,10114.89,件
2024-12-13,W01,288.02,吨
2024-12-13,W02,349.61,吨
2024-12-13,W03,93.189,吨
2024-12-13,W04,4549.314,件
2024-12-13,W05,7224.8,平方米
2024-12-13,W06,256.575,台
2024-12-13,W07,584.858,吨蒸汽
2024-12-13,W08,10304.035,件
2024-12-14,W01,287.63,吨
2024-12-14,W02,359.788,吨
2024-12-14,W03,93.352,吨
2024-12-14,W04,2638.34,件
2024-12-14,W05,4423.605,平方米
2024-12-14,W06,160.179,台
2024-12-14,W07,528.15,吨蒸汽
2024-12-14,W08,6680.18,件
2024-12-15,W01,266.53,吨
2024-12-15,W02,311.323,吨
2024-12-15,W03,96.415,吨
2024-12-15,W04,853.903,件
2024-12-15,W05,1391.188,平方米
2024-12-15,W06,54.819,台
2024-12-15,W07,495.913,吨蒸汽
2024-12-15,W08,2004.444,件
2024-12-16,W01,272.889,吨
2024-12-16,W02,309.994,吨
2024-12-16,W03,89.267,吨
2024-12-16,W04,4251.217,件
2024-12-16,W05,7579.819,平方米
2024-12-16,W06,275.1,台
2024-12-16,W07,550.603,吨蒸汽
2024-12-16,W08,11217.777,件
2024-12-17,W01,254.792,吨
2024-12-17,W02,335.174,吨
2024-12-17,W03,100.432,吨
2024-12-17,W04,4090.925,件
2024-12-17,W05,7529.941,平方米
2024-12-17,W06,289.915,台
2024-12-17,W07,534.664,吨蒸汽
2024-12-17,W08,9655.313,件
2024-12-18,W01,270.018,吨
2024-12-18,W02,322.546,吨
2024-12-18,W03,94.165,吨
2024-12-18,W04,4463.2,件
2024-12-18,W05,7047.575,平方米
2024-12-18,W06,240.987,台
2024-12-18,W07,566.512,吨蒸汽
2024-12-18,W08,10765.634,件
2024-12-19,W01,277.922,吨
2024-12-19,W02,331.088,吨
2024-12-19,W03,99.016,吨
2024-12-19,W04,4201.418,件
2024-12-19,W05,6880.067,平方米
2024-12-19,W06,265.959,台
2024-12-19,W07,521.433,吨蒸汽
2024-12-19,W08,10811.894,件
2024-12-20,W01,265.589,吨
2024-12-20,W02,340.222,吨
2024-12-20,W03,101.159,吨
2024-12-20,W04,4517.978,件
2024-12-20,W05,7415.943,平方米
2024-12-20,W06,278.595,台
2024-12-20,W07,566.397,吨蒸汽
2024-12-20,W08,9815.19,件
2024-12-21,W01,267.575,吨
2024-12-21,W02,328.227,吨
2024-12-21,W03,99.255,吨
2024-12-21,W04,2496.446,件
2024-12-21,W05,4290.009,平方米
2024-12-21,W06,178.286,台
2024-12-21,W07,523.814,吨蒸汽
2024-12-21,W08,5932.21,件
2024-12-22,W01,253.941,吨
2024-12-22,W02,323.677,吨
2024-12-22,W03,94.632,吨
2024-12-22,W04,890.442,件
2024-12-22,W05,1430.819,平方米
2024-12-22,W06,56.178,台
2024-12-22,W07,507.073,吨蒸汽
2024-12-22,W08,1893.985,件
2024-12-23,W01,281.012,吨
2024-12-23,W02,347.74,吨
2024-12-23,W03,83.749,吨
2024-12-23,W04,4876.515,件
2024-12-23,W05,6481.315,平方米
2024-12-23,W06,282.461,台
2024-12-23,W07,556.759,吨蒸汽
2024-12-23,W08,11115.241,件
2024-12-24,W01,248.861,吨
2024-12-24,W02,323.488,吨
2024-12-24,W03,100.189,吨
2024-12-24,W04,4695.275,件
2024-12-24,W05,6469.816,平方米
2024-12-24,W06,252.387,台
2024-12-24,W07,528.47,吨蒸汽
2024-12-24,W08,9665.282,件
2024-12-25,W01,214.958,吨
2024-12-25,W02,318.274,吨
2024-12-25,W03,94.285,吨
2024-12-25,W04,4244.753,件
2024-12-25,W05,7867.383,平方米
2024-12-25,W06,268.216,台
2024-12-25,W07,536.987,吨蒸汽
2024-12-25,W08,10372.671,件
2024-12-26,W01,264.486,吨
2024-12-26,W02,330.81,吨
2024-12-26,W03,92.148,吨
2024-12-26,W04,4013.212,件
2024-12-26,W05,7745.512,平方米
2024-12-26,W06,267.16,台
2024-12-26,W07,537.275,吨蒸汽
2024-12-26,W08,10727.174,件
2024-12-27,W01,256.389,吨
2024-12-27,W02,342.571,吨
2024-12-27,W03,100.847,吨
2024-12-27,W04,4496.298,件
2024-12-27,W05,7094.749,平方米
2024-12-27,W06,279.601,台
2024-12-27,W07,542.163,吨蒸汽
2024-12-27,W08,10069.125,件
2024-12-28,W01,263.048,吨
2024-12-28,W02,314.445,吨
2024-12-28,W03,100.012,吨
2024-12-28,W04,2901.373,件
2024-12-28,W05,4531.302,平方米
2024-12-28,W06,186.552,台
2024-12-28,W07,504.474,吨蒸汽
2024-12-28,W08,6699.232,件
2024-12-29,W01,298.549,吨
2024-12-29,W02,327.809,吨
2024-12-29,W03,99.131,吨
2024-12-29,W04,856.636,件
2024-12-29,W05,1351.933,平方米
2024-12-29,W06,50.665,台
2024-12-29,W07,530.934,吨蒸汽
2024-12-29,W08,2121.45,件
2024-12-30,W01,303.24,吨
2024-12-30,W02,326.997,吨
2024-12-30,W03,104.453,吨
2024-12-30,W04,4096.533,件
2024-12-30,W05,7015.636,平方米
2024-12-30,W06,279.883,台
2024-12-30,W07,543.535,吨蒸汽
2024-12-30,W08,9682.898,件
2024-12-31,W01,249.638,吨
2024-12-31,W02,294.622,吨
2024-12-31,W03,90.815,吨
2024-12-31,W04,4182.275,件
2024-12-31,W05,6737.903,平方米
2024-12-31,W06,284.77,台
2024-12-31,W07,513.172,吨蒸汽
2024-12-31,W08,8826.055,件
2025-01-01,W01,239.891,吨
2025-01-01,W02,310.518,吨
2025-01-01,W03,89.254,吨
2025-01-01,W04,276.584,件
2025-01-01,W05,433.737,平方米
2025-01-01,W06,17.225,台
2025-01-01,W07,516.147,吨蒸汽
2025-01-01,W08,672.427,件
2025-01-02,W01,229.277,吨
2025-01-02,W02,340.953,吨
2025-01-02,W03,87.755,吨
2025-01-02,W04,4120.725,件
2025-01-02,W05,6947.099,平方米
2025-01-02,W06,248.429,台
2025-01-02,W07,571.594,吨蒸汽
2025-01-02,W08,10551.204,件
2025-01-03,W01,274.437,吨
2025-01-03,W02,324.137,吨
2025-01-03,W03,98.519,吨
2025-01-03,W04,4403.858,件
2025-01-03,W05,6922.36,平方米
2025-01-03,W06,280.451,台
2025-01-03,W07,530.295,吨蒸汽
2025-01-03,W08,10680.513,件
2025-01-04,W01,278.622,吨
2025-01-04,W02,324.302,吨
2025-01-04,W03,97.831,吨
2025-01-04,W04,2602.548,件
2025-01-04,W05,3974.945,平方米
2025-01-04,W06,170.053,台
2025-01-04,W07,547.6,吨蒸汽
2025-01-04,W08,6915.198,件
2025-01-05,W01,249.523,吨
2025-01-05,W02,312.82,吨
2025-01-05,W03,90.884,吨
2025-01-05,W04,909.235,件
2025-01-05,W05,1548.804,平方米
2025-01-05,W06,58.384,台
2025-01-05,W07,515.431,吨蒸汽
2025-01-05,W08,1944.009,件
2025-01-06,W01,261.059,吨
2025-01-06,W02,317.024,吨
2025-01-06,W03,96.468,吨
2025-01-06,W04,4492.309,件
2025-01-06,W05,7136.114,平方米
2025-01-06,W06,252.68,台
2025-01-06,W07,569.533,吨蒸汽
2025-01-06,W08,10319.448,件
2025-01-07,W01,268.969,吨
2025-01-07,W02,320.06,吨
2025-01-07,W03,108.25,吨
2025-01-07,W04,4792.615,件
2025-01-07,W05,7445.99,平方米
2025-01-07,W06,291.661,台
2025-01-07,W07,595.518,吨蒸汽
2025-01-07,W08,10998.98,件
2025-01-08,W01,293.7,吨
2025-01-08,W02,340.762,吨
2025-01-08,W03,101.132,吨
2025-01-08,W04,3859.475,件
2025-01-08,W05,7014.237,平方米
2025-01-08,W06,275.935,台
2025-01-08,W07,533.388,吨蒸汽
2025-01-08,W08,9881.665,件
2025-01-09,W01,275.604,吨
2025-01-09,W02,339.219,吨
2025-01-09,W03,104.987,吨
2025-01-09,W04,3852.733,件
2025-01-09,W05,7065.802,平方米
2025-01-09,W06,271.613,台
2025-01-09,W07,507.975,吨蒸汽
2025-01-09,W08,10880.512,件
2025-01-10,W01,279.896,吨
2025-01-10,W02,340.582,吨
2025-01-10,W03,96.405,吨
2025-01-10,W04,4310.333,件
2025-01-10,W05,6650.295,平方米
2025-01-10,W06,283.004,台
2025-01-10,W07,505.211,吨蒸汽
2025-01-10,W08,10547.858,件
2025-01-11,W01,258.106,吨
2025-01-11,W02,339.183,吨
2025-01-11,W03,88.801,吨
2025-01-11,W04,2762.328,件
2025-01-11,W05,4476.958,平方米
2025-01-11,W06,179.216,台
2025-01-11,W07,559.028,吨蒸汽
2025-01-11,W08,6416.252,件
2025-01-12,W01,265.511,吨
2025-01-12,W02,294.84,吨
2025-01-12,W03,93.245,吨
2025-01-12,W04,801.25,件
2025-01-12,W05,1286.777,平方米
2025-01-12,W06,51.379,台
2025-01-12,W07,517.77,吨蒸汽
2025-01-12,W08,1995.922,件
2025-01-13,W01,277.345,吨
2025-01-13,W02,345.975,吨
2025-01-13,W03,106.701,吨
2025-01-13,W04,4292.744,件
2025-01-13,W05,6761.344,平方米
2025-01-13,W06,276.819,台
2025-01-13,W07,548.94,吨蒸汽
2025-01-13,W08,10776.96,件
2025-01-14,W01,292.987,吨
2025-01-14,W02,336.156,吨
2025-01-14,W03,102.784,吨
2025-01-14,W04,4554.231,件
2025-01-14,W05,6989.626,平方米
2025-01-14,W06,263.781,台
2025-01-14,W07,518.297,吨蒸汽
2025-01-14,W08,10335.797,件
2025-01-15,W01,290.135,吨
2025-01-15,W02,359.742,吨
2025-01-15,W03,88.018,吨
2025-01-15,W04,4241.035,件
2025-01-15,W05,6682.112,平方米
2025-01-15,W06,290.537,台
2025-01-15,W07,554.13,吨蒸汽
2025-01-15,W08,10562.838,件
2025-01-16,W01,256.679,吨
2025-01-16,W02,361.611,吨
2025-01-16,W03,103.842,吨
2025-01-16,W04,4180.268,件
2025-01-16,W05,6892.2,平方米
2025-01-16,W06,294.523,台
2025-01-16,W07,574.85,吨蒸汽
2025-01-16,W08,10462.182,件
2025-01-17,W01,274.093,吨
2025-01-17,W02,335.851,吨
2025-01-17,W03,108.67,吨
2025-01-17,W04,4632.612,件
2025-01-17,W05,7154.698,平方米
2025-01-17,W06,266.759,台
2025-01-17,W07,542.28,吨蒸汽
2025-01-17,W08,10316.414,件
2025-01-18,W01,281.519,吨
2025-01-18,W02,354.604,吨
2025-01-18,W03,95.622,吨
2025-01-18,W04,2299.873,件
2025-01-18,W05,3894.886,平方米
2025-01-18,W06,157.722,台
2025-01-18,W07,508.505,吨蒸汽
2025-01-18,W08,6530.815,件
2025-01-19,W01,259.942,吨
2025-01-19,W02,312.792,吨
2025-01-19,W03,90.311,吨
2025-01-19,W04,1031.613,件
2025-01-19,W05,1317.669,平方米
2025-01-19,W06,52.511,台
2025-01-19,W07,552.552,吨蒸汽
2025-01-19,W08,2133.309,件
2025-01-20,W01,298.646,吨
2025-01-20,W02,338.8,吨
2025-01-20,W03,105.775,吨
2025-01-20,W04,4423.738,件
2025-01-20,W05,7031.52,平方米
2025-01-20,W06,300.312,台
2025-01-20,W07,506.451,吨蒸汽
2025-01-20,W08,9640.674,件
2025-01-21,W01,267.57,吨
2025-01-21,W02,310.519,吨
2025-01-21,W03,102.756,吨
2025-01-21,W04,4331.162,件
2025-01-21,W05,7351.334,平方米
2025-01-21,W06,268.964,台
2025-01-21,W07,522.673,吨蒸汽
2025-01-21,W08,9600.436,件
2025-01-22,W01,289.245,吨
2025-01-22,W02,350.484,吨
2025-01-22,W03,94.168,吨
2025-01-22,W04,4272.403,件
2025-01-22,W05,6644.225,平方米
2025-01-22,W06,275.154,台
2025-01-22,W07,592.284,吨蒸汽
2025-01-22,W08,9610.428,件
2025-01-23,W01,288.481,吨
2025-01-23,W02,327.434,吨
2025-01-23,W03,96.732,吨
2025-01-23,W04,4438.946,件
2025-01-23,W05,7014.11,平方米
2025-01-23,W06,266.863,台
2025-01-23,W07,533.873,吨蒸汽
2025-01-23,W08,10707.01,件
2025-01-24,W01,286.649,吨
2025-01-24,W02,303.276,吨
2025-01-24,W03,99.437,吨
2025-01-24,W04,4279.156,件
2025-01-24,W05,7569.309,平方米
2025-01-24,W06,282.7,台
2025-01-24,W07,537.12,吨蒸汽
2025-01-24,W08,10966.763,件
2025-01-25,W01,258.178,吨
2025-01-25,W02,350.433,吨
2025-01-25,W03,105.297,吨
2025-01-25,W04,2686.043,件
2025-01-25,W05,4599.137,平方米
2025-01-25,W06,160.143,台
2025-01-25,W07,518.747,吨蒸汽
2025-01-25,W08,6597.882,件
2025-01-26,W01,248.805,吨
2025-01-26,W02,347.223,吨
2025-01-26,W03,96.093,吨
2025-01-26,W04,978.746,件
2025-01-26,W05,1474.321,平方米
2025-01-26,W06,55.344,台
2025-01-26,W07,495.059,吨蒸汽
2025-01-26,W08,2155.259,件
2025-01-27,W01,298.666,吨
2025-01-27,W02,332.689,吨
2025-01-27,W03,100.69,吨
2025-01-27,W04,4110.39,件
2025-01-27,W05,7306.349,平方米
2025-01-27,W06,294.342,台
2025-01-27,W07,562.069,吨蒸汽
2025-01-27,W08,11177.542,件
2025-01-28,W01,243.867,吨
2025-01-28,W02,317.853,吨
2025-01-28,W03,93.387,吨
2025-01-28,W04,248.079,件
2025-01-28,W05,420.936,平方米
2025-01-28,W06,15.391,台
2025-01-28,W07,497.518,吨蒸汽
2025-01-28,W08,611.71,件
2025-01-29,W01,234.771,吨
2025-01-29,W02,309.304,吨
2025-01-29,W03,88.309,吨
2025-01-29,W04,255.667,件
2025-01-29,W05,406.285,平方米
2025-01-29,W06,15.422,台
2025-01-29,W07,503.997,吨蒸汽
2025-01-29,W08,577.99,件
2025-01-30,W01,242.226,吨
2025-01-30,W02,317.127,吨
2025-01-30,W03,90.924,吨
2025-01-30,W04,259.588,件
2025-01-30,W05,425.74,平方米
2025-01-30,W06,17.355,台
2025-01-30,W07,502.121,吨蒸汽
2025-01-30,W08,637.695,件
2025-01-31,W01,250.786,吨
2025-01-31,W02,330.47,吨
2025-01-31,W03,80.455,吨
2025-01-31,W04,259.852,件
2025-01-31,W05,420.798,平方米
2025-01-31,W06,15.977,台
2025-01-31,W07,535.073,吨蒸汽
2025-01-31,W08,629.639,件
2025-02-01,W01,260.43,吨
2025-02-01,W02,297.19,吨
2025-02-01,W03,93.23,吨
2025-02-01,W04,255.342,件
2025-02-01,W05,391.162,平方米
2025-02-01,W06,17.429,台
2025-02-01,W07,481.592,吨蒸汽
2025-02-01,W08,643.253,件
2025-02-02,W01,249.544,吨
2025-02-02,W02,305.731,吨
2025-02-02,W03,102.652,吨
2025-02-02,W04,272.527,件
2025-02-02,W05,420.833,平方米
2025-02-02,W06,16.866,台
2025-02-02,W07,491.791,吨蒸汽
2025-02-02,W08,682.093,件
2025-02-03,W01,253.425,吨
2025-02-03,W02,300.393,吨
2025-02-03,W03,97.71,吨
2025-02-03,W04,249.658,件
2025-02-03,W05,442.53,平方米
2025-02-03,W06,16.233,台
2025-02-03,W07,525.513,吨蒸汽
2025-02-03,W08,625.271,件
2025-02-04,W01,262.066,吨
2025-02-04,W02,299.946,吨
2025-02-04,W03,101.118,吨
2025-02-04,W04,255.59,件
2025-02-04,W05,401.933,平方米
2025-02-04,W06,17.79,台
2025-02-04,W07,521.502,吨蒸汽
2025-02-04,W08,594.832,件
2025-02-05,W01,255.694,吨
2025-02-05,W02,336.033,吨
2025-02-05,W03,105.962,吨
2025-02-05,W04,4795.148,件
2025-02-05,W05,6995.929,平方米
2025-02-05,W06,284.17,台
2025-02-05,W07,562.162,吨蒸汽
2025-02-05,W08,8939.897,件
2025-02-06,W01,281.111,吨
2025-02-06,W02,344.71,吨
2025-02-06,W03,99.073,吨
2025-02-06,W04,4755.542,件
2025-02-06,W05,7326.198,平方米
2025-02-06,W06,260.049,台
2025-02-06,W07,507.365,吨蒸汽
2025-02-06,W08,10815.466,件
2025-02-07,W01,254.357,吨
2025-02-07,W02,340.891,吨
2025-02-07,W03,97.392,吨
2025-02-07,W04,4332.51,件
2025-02-07,W05,6490.987,平方米
2025-02-07,W06,271.388,台
2025-02-07,W07,557.818,吨蒸汽
2025-02-07,W08,10665.96,件
2025-02-08,W01,295.396,吨
2025-02-08,W02,317.944,吨
2025-02-08,W03,102.868,吨
2025-02-08,W04,2823.646,件
2025-02-08,W05,4226.35,平方米
2025-02-08,W06,178.823,台
2025-02-08,W07,540.271,吨蒸汽
2025-02-08,W08,6038.055,件
2025-02-09,W01,257.051,吨
2025-02-09,W02,320.251,吨
2025-02-09,W03,95.275,吨
2025-02-09,W04,875.199,件
2025-02-09,W05,1555.286,平方米
2025-02-09,W06,55.945,台
2025-02-09,W07,508.869,吨蒸汽
2025-02-09,W08,2082.044,件
2025-02-10,W01,297.615,吨
2025-02-10,W02,304.965,吨
2025-02-10,W03,95.255,吨
2025-02-10,W04,4825.262,件
2025-02-10,W05,7420.065,平方米
2025-02-10,W06,281.748,台
2025-02-10,W07,518.174,吨蒸汽
2025-02-10,W08,9875.229,件
2025-02-11,W01,284.841,吨
2025-02-11,W02,318.922,吨
2025-02-11,W03,96.861,吨
2025-02-11,W04,4231.518,件
2025-02-11,W05,6285.385,平方米
2025-02-11,W06,254.372,台
2025-02-11,W07,605.8,吨蒸汽
2025-02-11,W08,10177.977,件
2025-02-12,W01,255.348,吨
2025-02-12,W02,363.525,吨
2025-02-12,W03,95.046,吨
2025-02-12,W04,4341.366,件
2025-02-12,W05,5947.009,平方米
2025-02-12,W06,278.53,台
2025-02-12,W07,541.95,吨蒸汽
2025-02-12,W08,10844.142,件
2025-02-13,W01,255.843,吨
2025-02-13,W02,317.422,吨
2025-02-13,W03,94.211,吨
2025-02-13,W04,4132.134,件
2025-02-13,W05,6835.107,平方米
2025-02-13,W06,278.013,台
2025-02-13,W07,548.539,吨蒸汽
2025-02-13,W08,10451.541,件
2025-02-14,W01,264.069,吨
2025-02-14,W02,317.342,吨
2025-02-14,W03,99.458,吨
2025-02-14,W04,4315.029,件
2025-02-14,W05,6610.417,平方米
2025-02-14,W06,258.976,台
2025-02-14,W07,525.495,吨蒸汽
2025-02-14,W08,10446.819,件
2025-02-15,W01,259.522,吨
2025-02-15,W02,342.822,吨
2025-02-15,W03,101.886,吨
2025-02-15,W04,2808.296,件
2025-02-15,W05,4399.107,平方米
2025-02-15,W06,183.0,台
2025-02-15,W07,548.517,吨蒸汽
2025-02-15,W08,6853.978,件
2025-02-16,W01,287.984,吨
2025-02-16,W02,315.596,吨
2025-02-16,W03,98.176,吨
2025-02-16,W04,930.757,件
2025-02-16,W05,1424.595,平方米
2025-02-16,W06,50.925,台
2025-02-16,W07,552.227,吨蒸汽
2025-02-16,W08,2254.426,件
2025-02-17,W01,275.211,吨
2025-02-17,W02,335.546,吨
2025-02-17,W03,100.515,吨
2025-02-17,W04,4251.548,件
2025-02-17,W05,6477.607,平方米
2025-02-17,W06,252.596,台
2025-02-17,W07,526.66,吨蒸汽
2025-02-17,W08,10748.888,件
2025-02-18,W01,272.498,吨
2025-02-18,W02,347.111,吨
2025-02-18,W03,103.75,吨
2025-02-18,W04,4565.781,件
2025-02-18,W05,7476.51,平方米
2025-02-18,W06,285.685,台
2025-02-18,W07,566.276,吨蒸汽
2025-02-18,W08,10469.311,件
2025-02-19,W01,261.909,吨
2025-02-19,W02,343.485,吨
2025-02-19,W03,105.457,吨
2025-02-19,W04,4155.404,件
2025-02-19,W05,6756.88,平方米
2025-02-19,W06,271.562,台
2025-02-19,W07,600.101,吨蒸汽
2025-02-19,W08,8910.422,件
2025-02-20,W01,301.132,吨
2025-02-20,W02,311.311,吨
2025-02-20,W03,101.314,吨
2025-02-20,W04,4169.61,件
2025-02-20,W05,7622.812,平方米
2025-02-20,W06,258.062,台
2025-02-20,W07,584.483,吨蒸汽
2025-02-20,W08,10391.464,件
2025-02-21,W01,277.588,吨
2025-02-21,W02,321.558,吨
2025-02-21,W03,98.737,吨
2025-02-21,W04,4345.322,件
2025-02-21,W05,6878.656,平方米
2025-02-21,W06,284.016,台
2025-02-21,W07,583.2,吨蒸汽
2025-02-21,W08,9744.229,件
2025-02-22,W01,272.583,吨
2025-02-22,W02,335.253,吨
2025-02-22,W03,103.315,吨
2025-02-22,W04,2806.281,件
2025-02-22,W05,4668.431,平方米
2025-02-22,W06,160.936,台
2025-02-22,W07,539.539,吨蒸汽
2025-02-22,W08,6094.613,件
2025-02-23,W01,257.606,吨
2025-02-23,W02,264.973,吨
2025-02-23,W03,84.866,吨
2025-02-23,W04,867.568,件
2025-02-23,W05,1462.926,平方米
2025-02-23,W06,60.341,台
2025-02-23,W07,542.378,吨蒸汽
2025-02-23,W08,1965.172,件
2025-02-24,W01,290.326,吨
2025-02-24,W02,330.537,吨
2025-02-24,W03,97.238,吨
2025-02-24,W04,4528.852,件
2025-02-24,W05,7413.102,平方米
2025-02-24,W06,273.248,台
2025-02-24,W07,584.968,吨蒸汽
2025-02-24,W08,10702.687,件
2025-02-25,W01,272.794,吨
2025-02-25,W02,356.006,吨
2025-02-25,W03,96.452,吨
2025-02-25,W04,4280.095,件
2025-02-25,W05,7522.723,平方米
2025-02-25,W06,253.033,台
2025-02-25,W07,570.11,吨蒸汽
2025-02-25,W08,10514.059,件
2025-02-26,W01,254.277,吨
2025-02-26,W02,336.206,吨
2025-02-26,W03,101.87,吨
2025-02-26,W04,4311.79,件
2025-02-26,W05,7181.918,平方米
2025-02-26,W06,249.326,台
2025-02-26,W07,556.868,吨蒸汽
2025-02-26,W08,10744.994,件
2025-02-27,W01,274.15,吨
2025-02-27,W02,298.471,吨
2025-02-27,W03,107.277,吨
2025-02-27,W04,4387.641,件
2025-02-27,W05,7451.707,平方米
2025-02-27,W06,266.71,台
2025-02-27,W07,560.848,吨蒸汽
2025-02-27,W08,9339.925,件
2025-02-28,W01,304.732,吨
2025-02-28,W02,309.292,吨
2025-02-28,W03,87.892,吨
2025-02-28,W04,4412.286,件
2025-02-28,W05,7099.353,平方米
2025-02-28,W06,254.189,台
2025-02-28,W07,526.041,吨蒸汽
2025-02-28,W08,11266.925,件
2025-03-01,W01,268.397,吨
2025-03-01,W02,351.27,吨
2025-03-01,W03,96.366,吨
2025-03-01,W04,2599.607,件
2025-03-01,W05,4677.651,平方米
2025-03-01,W06,163.756,台
2025-03-01,W07,513.813,吨蒸汽
2025-03-01,W08,6133.946,件
2025-03-02,W01,253.294,吨
2025-03-02,W02,308.454,吨
2025-03-02,W03,103.902,吨
2025-03-02,W04,994.529,件
2025-03-02,W05,1483.481,平方米
2025-03-02,W06,50.564,台
2025-03-02,W07,531.958,吨蒸汽
2025-03-02,W08,1975.436,件
2025-03-03,W01,271.352,吨
2025-03-03,W02,367.361,吨
2025-03-03,W03,102.558,吨
2025-03-03,W04,4304.894,件
2025-03-03,W05,7102.726,平方米
2025-03-03,W06,289.912,台
2025-03-03,W07,545.866,吨蒸汽
2025-03-03,W08,10726.934,件
2025-03-04,W01,306.983,吨
2025-03-04,W02,351.511,吨
2025-03-04,W03,99.561,吨
2025-03-04,W04,4472.758,件
2025-03-04,W05,7217.558,平方米
2025-03-04,W06,269.612,台
2025-03-04,W07,555.493,吨蒸汽
2025-03-04,W08,9733.272,件
2025-03-05,W01,264.127,吨
2025-03-05,W02,345.271,吨
2025-03-05,W03,106.923,吨
2025-03-05,W04,4741.67,件
2025-03-05,W05,6533.235,平方米
2025-03-05,W06,242.704,台
2025-03-05,W07,558.405,吨蒸汽
2025-03-05,W08,10210.922,件
2025-03-06,W01,280.039,吨
2025-03-06,W02,319.575,吨
2025-03-06,W03,92.536,吨
2025-03-06,W04,4485.159,件
2025-03-06,W05,7881.461,平方米
2025-03-06,W06,288.157,台
2025-03-06,W07,549.007,吨蒸汽
2025-03-06,W08,10774.319,件
2025-03-07,W01,268.105,吨
2025-03-07,W02,335.319,吨
2025-03-07,W03,96.261,吨
2025-03-07,W04,4316.132,件
2025-03-07,W05,7573.603,平方米
2025-03-07,W06,265.82,台
2025-03-07,W07,567.755,吨蒸汽
2025-03-07,W08,10023.853,件
2025-03-08,W01,284.173,吨
2025-03-08,W02,320.329,吨
2025-03-08,W03,96.919,吨
2025-03-08,W04,2497.176,件
2025-03-08,W05,4759.342,平方米
2025-03-08,W06,164.998,台
2025-03-08,W07,538.321,吨蒸汽
2025-03-08,W08,6295.63,件
2025-03-09,W01,264.766,吨
2025-03-09,W02,306.915,吨
2025-03-09,W03,94.537,吨
2025-03-09,W04,948.485,件
2025-03-09,W05,1436.234,平方米
2025-03-09,W06,56.173,台
2025-03-09,W07,552.052,吨蒸汽
2025-03-09,W08,1948.089,件
2025-03-10,W01,284.327,吨
2025-03-10,W02,332.087,吨
2025-03-10,W03,100.198,吨
2025-03-10,W04,4112.202,件
2025-03-10,W05,7333.88,平方米
2025-03-10,W06,259.075,台
2025-03-10,W07,581.953,吨蒸汽
2025-03-10,W08,10408.234,件
2025-03-11,W01,244.135,吨
2025-03-11,W02,364.844,吨
2025-03-11,W03,101.771,吨
2025-03-11,W04,4660.664,件
2025-03-11,W05,7460.017,平方米
2025-03-11,W06,293.93,台
2025-03-11,W07,535.417,吨蒸汽
2025-03-11,W08,9603.38,件
2025-03-12,W01,242.28,吨
2025-03-12,W02,336.686,吨
2025-03-12,W03,98.787,吨
2025-03-12,W04,4443.146,件
2025-03-12,W05,7670.577,平方米
2025-03-12,W06,299.854,台
2025-03-12,W07,515.049,吨蒸汽
2025-03-12,W08,10406.763,件
2025-03-13,W01,270.111,吨
2025-03-13,W02,372.119,吨
2025-03-13,W03,101.96,吨
2025-03-13,W04,5001.833,件
2025-03-13,W05,8329.265,平方米
2025-03-13,W06,290.401,台
2025-03-13,W07,565.558,吨蒸汽
2025-03-13,W08,11157.714,件
2025-03-14,W01,286.82,吨
2025-03-14,W02,330.446,吨
2025-03-14,W03,92.355,吨
2025-03-14,W04,4432.88,件
2025-03-14,W05,7429.073,平方米
2025-03-14,W06,263.385,台
2025-03-14,W07,585.333,吨蒸汽
2025-03-14,W08,9731.967,件
2025-03-15,W01,268.624,吨
2025-03-15,W02,324.527,吨
2025-03-15,W03,91.153,吨
2025-03-15,W04,3005.844,件
2025-03-15,W05,4429.042,平方米
2025-03-15,W06,173.924,台
2025-03-15,W07,503.203,吨蒸汽
2025-03-15,W08,6706.812,件
2025-03-16,W01,239.298,吨
2025-03-16,W02,303.394,吨
2025-03-16,W03,98.579,吨
2025-03-16,W04,870.303,件
2025-03-16,W05,1382.185,平方米
2025-03-16,W06,58.522,台
2025-03-16,W07,565.752,吨蒸汽
2025-03-16,W08,1885.752,件
2025-03-17,W01,294.296,吨
2025-03-17,W02,327.388,吨
2025-03-17,W03,96.369,吨
2025-03-17,W04,4659.32,件
2025-03-17,W05,7032.808,平方米
2025-03-17,W06,269.814,台
2025-03-17,W07,571.958,吨蒸汽
2025-03-17,W08,10189.632,件
2025-03-18,W01,291.583,吨
2025-03-18,W02,319.907,吨
2025-03-18,W03,105.218,吨
2025-03-18,W04,4362.649,件
2025-03-18,W05,6970.784,平方米
2025-03-18,W06,305.231,台
2025-03-18,W07,601.301,吨蒸汽
2025-03-18,W08,9830.172,件
2025-03-19,W01,280.188,吨
2025-03-19,W02,319.216,吨
2025-03-19,W03,96.3,吨
2025-03-19,W04,4435.743,件
2025-03-19,W05,7243.839,平方米
2025-03-19,W06,272.133,台
2025-03-19,W07,504.58,吨蒸汽
2025-03-19,W08,10399.056,件
2025-03-20,W01,262.115,吨
2025-03-20,W02,356.158,吨
2025-03-20,W03,101.334,吨
2025-03-20,W04,4408.386,件
2025-03-20,W05,7487.468,平方米
2025-03-20,W06,280.686,台
2025-03-20,W07,586.931,吨蒸汽
2025-03-20,W08,10410.981,件
2025-03-21,W01,251.663,吨
2025-03-21,W02,321.685,吨
2025-03-21,W03,108.3,吨
2025-03-21,W04,4541.806,件
2025-03-21,W05,6939.922,平方米
2025-03-21,W06,290.644,台
2025-03-21,W07,598.277,吨蒸汽
2025-03-21,W08,10791.088,件
2025-03-22,W01,270.672,吨
2025-03-22,W02,319.505,吨
2025-03-22,W03,101.712,吨
2025-03-22,W04,2869.199,件
2025-03-22,W05,4226.005,平方米
2025-03-22,W06,173.621,台
2025-03-22,W07,577.204,吨蒸汽
2025-03-22,W08,5715.021,件
2025-03-23,W01,266.445,吨
2025-03-23,W02,305.753,吨
2025-03-23,W03,97.626,吨
2025-03-23,W04,894.678,件
2025-03-23,W05,1349.203,平方米
2025-03-23,W06,55.786,台
2025-03-23,W07,517.553,吨蒸汽
2025-03-23,W08,2135.153,件
2025-03-24,W01,289.323,吨
2025-03-24,W02,320.836,吨
2025-03-24,W03,105.87,吨
2025-03-24,W04,4130.103,件
2025-03-24,W05,7617.746,平方米
2025-03-24,W06,275.434,台
2025-03-24,W07,526.427,吨蒸汽
2025-03-24,W08,9107.125,件
2025-03-25,W01,246.255,吨
2025-03-25,W02,356.209,吨
2025-03-25,W03,98.142,吨
2025-03-25,W04,4681.588,件
2025-03-25,W05,6466.633,平方米
2025-03-25,W06,298.102,台
2025-03-25,W07,566.632,吨蒸汽
2025-03-25,W08,10871.286,件
2025-03-26,W01,319.946,吨
2025-03-26,W02,331.723,吨
2025-03-26,W03,103.558,吨
2025-03-26,W04,4290.894,件
2025-03-26,W05,7376.924,平方米
2025-03-26,W06,247.233,台
2025-03-26,W07,538.869,吨蒸汽
2025-03-26,W08,10619.856,件
2025-03-27,W01,260.685,吨
2025-03-27,W02,350.983,吨
2025-03-27,W03,94.106,吨
2025-03-27,W04,4431.245,件
2025-03-27,W05,7459.005,平方米
2025-03-27,W06,254.019,台
2025-03-27,W07,555.858,吨蒸汽
2025-03-27,W08,11484.846,件
2025-03-28,W01,289.132,吨
2025-03-28,W02,333.114,吨
2025-03-28,W03,96.128,吨
2025-03-28,W04,4248.103,件
2025-03-28,W05,7078.349,平方米
2025-03-28,W06,254.859,台
2025-03-28,W07,485.667,吨蒸汽
2025-03-28,W08,11042.888,件
2025-03-29,W01,280.505,吨
2025-03-29,W02,335.649,吨
2025-03-29,W03,101.266,吨
2025-03-29,W04,2927.531,件
2025-03-29,W05,4330.876,平方米
2025-03-29,W06,167.476,台
2025-03-29,W07,599.571,吨蒸汽
2025-03-29,W08,6254.988,件
2025-03-30,W01,274.434,吨
2025-03-30,W02,314.99,吨
2025-03-30,W03,91.501,吨
2025-03-30,W04,894.24,件
2025-03-30,W05,1523.854,平方米
2025-03-30,W06,57.113,台
2025-03-30,W07,519.103,吨蒸汽
2025-03-30,W08,2057.214,件
2025-03-31,W01,258.611,吨
2025-03-31,W02,331.894,吨
2025-03-31,W03,105.47,吨
2025-03-31,W04,4493.864,件
2025-03-31,W05,7145.857,平方米
2025-03-31,W06,300.989,台
2025-03-31,W07,466.26,吨蒸汽
2025-03-31,W08,10205.256,件
2025-04-01,W01,295.766,吨
2025-04-01,W02,325.308,吨
2025-04-01,W03,106.313,吨
2025-04-01,W04,4552.724,件
2025-04-01,W05,7817.792,平方米
2025-04-01,W06,273.54,台
2025-04-01,W07,597.161,吨蒸汽
2025-04-01,W08,10843.32,件
2025-04-02,W01,267.788,吨
2025-04-02,W02,337.963,吨
2025-04-02,W03,99.721,吨
2025-04-02,W04,4134.982,件
2025-04-02,W05,7086.136,平方米
2025-04-02,W06,283.434,台
2025-04-02,W07,580.47,吨蒸汽
2025-04-02,W08,11997.305,件
2025-04-03,W01,291.444,吨
2025-04-03,W02,346.465,吨
2025-04-03,W03,101.132,吨
2025-04-03,W04,4220.828,件
2025-04-03,W05,7349.55,平方米
2025-04-03,W06,290.531,台
2025-04-03,W07,514.484,吨蒸汽
2025-04-03,W08,10215.158,件
2025-04-04,W01,213.46,吨
2025-04-04,W02,296.672,吨
2025-04-04,W03,94.766,吨
2025-04-04,W04,271.529,件
2025-04-04,W05,419.103,平方米
2025-04-04,W06,16.327,台
2025-04-04,W07,484.434,吨蒸汽
2025-04-04,W08,588.453,件
2025-04-05,W01,262.29,吨
2025-04-05,W02,307.951,吨
2025-04-05,W03,94.177,吨
2025-04-05,W04,245.158,件
2025-04-05,W05,433.905,平方米
2025-04-05,W06,17.342,台
2025-04-05,W07,477.836,吨蒸汽
2025-04-05,W08,668.597,件
2025-04-06,W01,234.486,吨
2025-04-06,W02,271.097,吨
2025-04-06,W03,90.149,吨
2025-04-06,W04,268.23,件
2025-04-06,W05,405.907,平方米
2025-04-06,W06,16.529,台
2025-04-06,W07,462.589,吨蒸汽
2025-04-06,W08,693.545,件
2025-04-07,W01,277.354,吨
2025-04-07,W02,366.667,吨
2025-04-07,W03,102.531,吨
2025-04-07,W04,4678.46,件
2025-04-07,W05,7580.17,平方米
2025-04-07,W06,263.977,台
2025-04-07,W07,534.98,吨蒸汽
2025-04-07,W08,10629.602,件
2025-04-08,W01,279.696,吨
2025-04-08,W02,313.15,吨
2025-04-08,W03,101.815,吨
2025-04-08,W04,4215.179,件
2025-04-08,W05,8129.251,平方米
2025-04-08,W06,253.727,台
2025-04-08,W07,533.215,吨蒸汽
2025-04-08,W08,10422.628,件
2025-04-09,W01,259.89,吨
2025-04-09,W02,353.94,吨
2025-04-09,W03,94.606,吨
2025-04-09,W04,4389.686,件
2025-04-09,W05,7757.104,平方米
2025-04-09,W06,307.353,台
2025-04-09,W07,546.884,吨蒸汽
2025-04-09,W08,9930.323,件
2025-04-10,W01,280.058,吨
2025-04-10,W02,341.691,吨
2025-04-10,W03,90.967,吨
2025-04-10,W04,4657.485,件
2025-04-10,W05,7470.511,平方米
2025-04-10,W06,314.797,台
2025-04-10,W07,574.723,吨蒸汽
2025-04-10,W08,11104.251,件
2025-04-11,W01,285.078,吨
2025-04-11,W02,338.109,吨
2025-04-11,W03,94.58,吨
2025-04-11,W04,4300.964,件
2025-04-11,W05,6567.049,平方米
2025-04-11,W06,302.991,台
2025-04-11,W07,514.943,吨蒸汽
2025-04-11,W08,10594.858,件
2025-04-12,W01,274.369,吨
2025-04-12,W02,305.82,吨
2025-04-12,W03,97.988,吨
2025-04-12,W04,2673.083,件
2025-04-12,W05,4297.231,平方米
2025-04-12,W06,203.742,台
2025-04-12,W07,536.36,吨蒸汽
2025-04-12,W08,6174.767,件
2025-04-13,W01,227.503,吨
2025-04-13,W02,337.123,吨
2025-04-13,W03,100.644,吨
2025-04-13,W04,839.244,件
2025-04-13,W05,1623.516,平方米
2025-04-13,W06,55.861,台
2025-04-13,W07,501.801,吨蒸汽
2025-04-13,W08,1857.549,件
2025-04-14,W01,291.594,吨
2025-04-14,W02,343.657,吨
2025-04-14,W03,98.001,吨
2025-04-14,W04,4326.336,件
2025-04-14,W05,7293.837,平方米
2025-04-14,W06,247.041,台
2025-04-14,W07,563.246,吨蒸汽
2025-04-14,W08,11406.026,件
2025-04-15,W01,264.104,吨
2025-04-15,W02,334.281,吨
2025-04-15,W03,97.884,吨
2025-04-15,W04,4569.079,件
2025-04-15,W05,6706.336,平方米
2025-04-15,W06,274.641,台
2025-04-15,W07,572.476,吨蒸汽
2025-04-15,W08,10129.31,件
2025-04-16,W01,280.446,吨
2025-04-16,W02,375.025,吨
2025-04-16,W03,105.441,吨
2025-04-16,W04,4186.462,件
2025-04-16,W05,8070.68,平方米
2025-04-16,W06,266.425,台
2025-04-16,W07,566.392,吨蒸汽
2025-04-16,W08,10566.767,件
2025-04-17,W01,264.863,吨
2025-04-17,W02,347.707,吨
2025-04-17,W03,106.021,吨
2025-04-17,W04,4896.257,件
2025-04-17,W05,6311.799,平方米
2025-04-17,W06,251.638,台
2025-04-17,W07,513.306,吨蒸汽
2025-04-17,W08,12085.809,件
2025-04-18,W01,290.186,吨
2025-04-18,W02,339.441,吨
2025-04-18,W03,94.908,吨
2025-04-18,W04,4860.236,件
2025-04-18,W05,7008.71,平方米
2025-04-18,W06,273.061,台
2025-04-18,W07,572.709,吨蒸汽
2025-04-18,W08,10764.528,件
2025-04-19,W01,273.128,吨
2025-04-19,W02,340.733,吨
2025-04-19,W03,98.729,吨
2025-04-19,W04,2755.25,件
2025-04-19,W05,4560.906,平方米
2025-04-19,W06,170.686,台
2025-04-19,W07,573.576,吨蒸汽
2025-04-19,W08,6436.948,件
2025-04-20,W01,267.791,吨
2025-04-20,W02,328.934,吨
2025-04-20,W03,95.084,吨
2025-04-20,W04,909.954,件
2025-04-20,W05,1436.744,平方米
2025-04-20,W06,54.231,台
2025-04-20,W07,531.091,吨蒸汽
2025-04-20,W08,2061.863,件
2025-04-21,W01,269.4,吨
2025-04-21,W02,328.585,吨
2025-04-21,W03,99.183,吨
2025-04-21,W04,4351.127,件
2025-04-21,W05,6994.584,平方米
2025-04-21,W06,271.085,台
2025-04-21,W07,519.124,吨蒸汽
2025-04-21,W08,10148.696,件
2025-04-22,W01,292.923,吨
2025-04-22,W02,332.031,吨
2025-04-22,W03,106.652,吨
2025-04-22,W04,4376.751,件
2025-04-22,W05,7316.534,平方米
2025-04-22,W06,285.193,台
2025-04-22,W07,577.707,吨蒸汽
2025-04-22,W08,9408.913,件
2025-04-23,W01,254.283,吨
2025-04-23,W02,342.848,吨
2025-04-23,W03,101.862,吨
2025-04-23,W04,4443.207,件
2025-04-23,W05,7469.657,平方米
2025-04-23,W06,236.888,台
2025-04-23,W07,558.507,吨蒸汽
2025-04-23,W08,10084.673,件
2025-04-24,W01,280.335,吨
2025-04-24,W02,363.972,吨
2025-04-24,W03,103.567,吨
2025-04-24,W04,4357.478,件
2025-04-24,W05,6818.897,平方米
2025-04-24,W06,270.711,台
2025-04-24,W07,583.388,吨蒸汽
2025-04-24,W08,10607.459,件
2025-04-25,W01,318.23,吨
2025-04-25,W02,339.608,吨
2025-04-25,W03,103.792,吨
2025-04-25,W04,4524.521,件
2025-04-25,W05,7352.276,平方米
2025-04-25,W06,276.077,台
2025-04-25,W07,539.472,吨蒸汽
2025-04-25,W08,10275.733,件
2025-04-26,W01,277.283,吨
2025-04-26,W02,334.415,吨
2025-04-26,W03,110.709,吨
2025-04-26,W04,2940.818,件
2025-04-26,W05,4516.979,平方米
2025-04-26,W06,167.46,台
2025-04-26,W07,534.568,吨蒸汽
2025-04-26,W08,5997.107,件
2025-04-27,W01,253.485,吨
2025-04-27,W02,307.713,吨
2025-04-27,W03,98.868,吨
2025-04-27,W04,808.224,件
2025-04-27,W05,1347.226,平方米
2025-04-27,W06,55.824,台
2025-04-27,W07,524.528,吨蒸汽
2025-04-27,W08,2134.678,件
2025-04-28,W01,265.343,吨
2025-04-28,W02,368.086,吨
2025-04-28,W03,100.058,吨
2025-04-28,W04,3853.371,件
2025-04-28,W05,7193.069,平方米
2025-04-28,W06,280.741,台
2025-04-28,W07,528.667,吨蒸汽
2025-04-28,W08,10756.056,件
2025-04-29,W01,270.638,吨
2025-04-29,W02,337.088,吨
2025-04-29,W03,94.959,吨
2025-04-29,W04,4663.145,件
2025-04-29,W05,7104.142,平方米
2025-04-29,W06,270.184,台
2025-04-29,W07,537.666,吨蒸汽
2025-04-29,W08,10461.406,件
2025-04-30,W01,283.861,吨
2025-04-30,W02,359.572,吨
2025-04-30,W03,111.069,吨
2025-04-30,W04,4628.772,件
2025-04-30,W05,7630.766,平方米
2025-04-30,W06,274.726,台
2025-04-30,W07,515.558,吨蒸汽
2025-04-30,W08,10433.55,件
2025-05-01,W01,257.49,吨
2025-05-01,W02,331.781,吨
2025-05-01,W03,88.467,吨
2025-05-01,W04,274.818,件
2025-05-01,W05,414.717,平方米
2025-05-01,W06,17.377,台
2025-05-01,W07,536.352,吨蒸汽
2025-05-01,W08,661.864,件
2025-05-02,W01,251.286,吨
2025-05-02,W02,347.381,吨
2025-05-02,W03,90.903,吨
2025-05-02,W04,250.529,件
2025-05-02,W05,451.319,平方米
2025-05-02,W06,16.138,台
2025-05-02,W07,486.047,吨蒸汽
2025-05-02,W08,622.391,件
2025-05-03,W01,255.592,吨
2025-05-03,W02,280.996,吨
2025-05-03,W03,87.759,吨
2025-05-03,W04,297.829,件
2025-05-03,W05,447.15,平方米
2025-05-03,W06,16.864,台
2025-05-03,W07,511.108,吨蒸汽
2025-05-03,W08,648.586,件
2025-05-04,W01,267.881,吨
2025-05-04,W02,300.686,吨
2025-05-04,W03,92.322,吨
2025-05-04,W04,290.209,件
2025-05-04,W05,445.432,平方米
2025-05-04,W06,17.448,台
2025-05-04,W07,493.773,吨蒸汽
2025-05-04,W08,683.349,件
2025-05-05,W01,256.147,吨
2025-05-05,W02,292.449,吨
2025-05-05,W03,90.338,吨
2025-05-05,W04,275.08,件
2025-05-05,W05,386.484,平方米
2025-05-05,W06,16.852,台
2025-05-05,W07,465.647,吨蒸汽
2025-05-05,W08,640.157,件
2025-05-06,W01,288.889,吨
2025-05-06,W02,355.011,吨
2025-05-06,W03,100.94,吨
2025-05-06,W04,4586.042,件
2025-05-06,W05,7044.813,平方米
2025-05-06,W06,290.977,台
2025-05-06,W07,571.385,吨蒸汽
2025-05-06,W08,11410.728,件
2025-05-07,W01,274.85,吨
2025-05-07,W02,355.719,吨
2025-05-07,W03,97.415,吨
2025-05-07,W04,4699.816,件
2025-05-07,W05,6636.981,平方米
2025-05-07,W06,252.339,台
2025-05-07,W07,605.253,吨蒸汽
2025-05-07,W08,10223.451,件
2025-05-08,W01,275.234,吨
2025-05-08,W02,321.541,吨
2025-05-08,W03,102.123,吨
2025-05-08,W04,4068.441,件
2025-05-08,W05,8101.757,平方米
2025-05-08,W06,273.082,台
2025-05-08,W07,612.055,吨蒸汽
2025-05-08,W08,10621.622,件
2025-05-09,W01,271.764,吨
2025-05-09,W02,331.256,吨
2025-05-09,W03,100.908,吨
2025-05-09,W04,4543.527,件
2025-05-09,W05,7333.528,平方米
2025-05-09,W06,267.388,台
2025-05-09,W07,541.898,吨蒸汽
2025-05-09,W08,9978.741,件
2025-05-10,W01,281.6,吨
2025-05-10,W02,331.035,吨
2025-05-10,W03,88.836,吨
2025-05-10,W04,2887.815,件
2025-05-10,W05,4527.978,平方米
2025-05-10,W06,173.795,台
2025-05-10,W07,531.629,吨蒸汽
2025-05-10,W08,6531.173,件
2025-05-11,W01,265.691,吨
2025-05-11,W02,318.285,吨
2025-05-11,W03,89.589,吨
2025-05-11,W04,863.699,件
2025-05-11,W05,1473.041,平方米
2025-05-11,W06,55.841,台
2025-05-11,W07,568.514,吨蒸汽
2025-05-11,W08,2135.639,件
2025-05-12,W01,259.539,吨
2025-05-12,W02,335.423,吨
2025-05-12,W03,99.291,吨
2025-05-12,W04,4215.259,件
2025-05-12,W05,7448.851,平方米
2025-05-12,W06,264.739,台
2025-05-12,W07,552.842,吨蒸汽
2025-05-12,W08,9754.012,件
2025-05-13,W01,281.575,吨
2025-05-13,W02,314.669,吨
2025-05-13,W03,100.14,吨
2025-05-13,W04,4204.335,件
2025-05-13,W05,7250.052,平方米
2025-05-13,W06,288.275,台
2025-05-13,W07,605.704,吨蒸汽
2025-05-13,W08,9747.555,件
2025-05-14,W01,276.044,吨
2025-05-14,W02,340.039,吨
2025-05-14,W03,114.052,吨
2025-05-14,W04,4772.796,件
2025-05-14,W05,8047.845,平方米
2025-05-14,W06,273.376,台
2025-05-14,W07,582.12,吨蒸汽
2025-05-14,W08,10909.316,件
2025-05-15,W01,288.196,吨
2025-05-15,W02,361.676,吨
2025-05-15,W03,104.873,吨
2025-05-15,W04,4468.756,件
2025-05-15,W05,7336.435,平方米
2025-05-15,W06,253.214,台
2025-05-15,W07,587.999,吨蒸汽
2025-05-15,W08,11444.26,件
2025-05-16,W01,286.907,吨
2025-05-16,W02,315.134,吨
2025-05-16,W03,101.805,吨
2025-05-16,W04,4865.659,件
2025-05-16,W05,7157.825,平方米
2025-05-16,W06,267.949,台
2025-05-16,W07,573.407,吨蒸汽
2025-05-16,W08,10270.955,件
2025-05-17,W01,268.093,吨
2025-05-17,W02,330.778,吨
2025-05-17,W03,92.427,吨
2025-05-17,W04,2536.167,件
2025-05-17,W05,4178.682,平方米
2025-05-17,W06,177.887,台
2025-05-17,W07,546.332,吨蒸汽
2025-05-17,W08,6818.974,件
2025-05-18,W01,264.787,吨
2025-05-18,W02,330.758,吨
2025-05-18,W03,101.397,吨
2025-05-18,W04,911.424,件
2025-05-18,W05,1377.092,平方米
2025-05-18,W06,57.84,台
2025-05-18,W07,514.008,吨蒸汽
2025-05-18,W08,2104.72,件
2025-05-19,W01,271.359,吨
2025-05-19,W02,340.479,吨
2025-05-19,W03,101.548,吨
2025-05-19,W04,4793.385,件
2025-05-19,W05,6943.353,平方米
2025-05-19,W06,282.294,台
2025-05-19,W07,552.096,吨蒸汽
2025-05-19,W08,11591.401,件
2025-05-20,W01,277.674,吨
2025-05-20,W02,345.775,吨
2025-05-20,W03,96.237,吨
2025-05-20,W04,4602.67,件
2025-05-20,W05,7082.343,平方米
2025-05-20,W06,277.742,台
2025-05-20,W07,540.345,吨蒸汽
2025-05-20,W08,9433.584,件
2025-05-21,W01,270.517,吨
2025-05-21,W02,335.957,吨
2025-05-21,W03,95.052,吨
2025-05-21,W04,4662.622,件
2025-05-21,W05,6885.463,平方米
2025-05-21,W06,273.192,台
2025-05-21,W07,537.103,吨蒸汽
2025-05-21,W08,10784.879,件
2025-05-22,W01,277.193,吨
2025-05-22,W02,356.405,吨
2025-05-22,W03,99.92,吨
2025-05-22,W04,4585.12,件
2025-05-22,W05,6207.5,平方米
2025-05-22,W06,276.113,台
2025-05-22,W07,579.164,吨蒸汽
2025-05-22,W08,10666.495,件
2025-05-23,W01,273.831,吨
2025-05-23,W02,336.96,吨
2025-05-23,W03,100.019,吨
2025-05-23,W04,4560.242,件
2025-05-23,W05,8076.812,平方米
2025-05-23,W06,280.361,台
2025-05-23,W07,582.593,吨蒸汽
2025-05-23,W08,9854.451,件
2025-05-24,W01,255.294,吨
2025-05-24,W02,342.845,吨
2025-05-24,W03,95.385,吨
2025-05-24,W04,2754.757,件
2025-05-24,W05,4323.181,平方米
2025-05-24,W06,166.093,台
2025-05-24,W07,541.074,吨蒸汽
2025-05-24,W08,6815.188,件
2025-05-25,W01,277.894,吨
2025-05-25,W02,310.494,吨
2025-05-25,W03,91.502,吨
2025-05-25,W04,842.642,件
2025-05-25,W05,1362.77,平方米
2025-05-25,W06,54.841,台
2025-05-25,W07,479.255,吨蒸汽
2025-05-25,W08,1966.185,件
2025-05-26,W01,259.02,吨
2025-05-26,W02,327.031,吨
2025-05-26,W03,104.596,吨
2025-05-26,W04,4440.654,件
2025-05-26,W05,7115.698,平方米
2025-05-26,W06,303.722,台
2025-05-26,W07,578.062,吨蒸汽
2025-05-26,W08,9900.438,件
2025-05-27,W01,272.655,吨
2025-05-27,W02,326.297,吨
2025-05-27,W03,95.654,吨
2025-05-27,W04,4495.921,件
2025-05-27,W05,7435.134,平方米
2025-05-27,W06,284.866,台
2025-05-27,W07,598.746,吨蒸汽
2025-05-27,W08,10987.234,件
2025-05-28,W01,273.317,吨
2025-05-28,W02,355.98,吨
2025-05-28,W03,96.133,吨
2025-05-28,W04,3893.434,件
2025-05-28,W05,6527.109,平方米
2025-05-28,W06,296.215,台
2025-05-28,W07,526.56,吨蒸汽
2025-05-28,W08,10506.988,件
2025-05-29,W01,245.547,吨
2025-05-29,W02,332.769,吨
2025-05-29,W03,101.187,吨
2025-05-29,W04,4526.013,件
2025-05-29,W05,7717.924,平方米
2025-05-29,W06,300.284,台
2025-05-29,W07,477.336,吨蒸汽
2025-05-29,W08,10105.501,件
2025-05-30,W01,319.115,吨
2025-05-30,W02,327.868,吨
2025-05-30,W03,91.828,吨
2025-05-30,W04,4442.008,件
2025-05-30,W05,6772.675,平方米
2025-05-30,W06,272.259,台
2025-05-30,W07,529.682,吨蒸汽
2025-05-30,W08,9370.368,件
2025-05-31,W01,265.934,吨
2025-05-31,W02,309.522,吨
2025-05-31,W03,96.17,吨
2025-05-31,W04,293.419,件
2025-05-31,W05,444.984,平方米
2025-05-31,W06,17.235,台
2025-05-31,W07,480.632,吨蒸汽
2025-05-31,W08,628.729,件
2025-06-01,W01,263.883,吨
2025-06-01,W02,252.862,吨
2025-06-01,W03,91.315,吨
2025-06-01,W04,257.294,件
2025-06-01,W05,391.212,平方米
2025-06-01,W06,16.599,台
2025-06-01,W07,489.057,吨蒸汽
2025-06-01,W08,645.674,件
2025-06-02,W01,264.957,吨
2025-06-02,W02,283.741,吨
2025-06-02,W03,93.164,吨
2025-06-02,W04,251.987,件
2025-06-02,W05,493.957,平方米
2025-06-02,W06,14.785,台
2025-06-02,W07,519.602,吨蒸汽
2025-06-02,W08,596.435,件
2025-06-03,W01,294.302,吨
2025-06-03,W02,345.032,吨
2025-06-03,W03,100.956,吨
2025-06-03,W04,4957.413,件
2025-06-03,W05,7310.993,平方米
2025-06-03,W06,283.199,台
2025-06-03,W07,553.353,吨蒸汽
2025-06-03,W08,10401.543,件
2025-06-04,W01,272.358,吨
2025-06-04,W02,321.42,吨
2025-06-04,W03,100.879,吨
2025-06-04,W04,4559.525,件
2025-06-04,W05,7930.873,平方米
2025-06-04,W06,271.627,台
2025-06-04,W07,580.582,吨蒸汽
2025-06-04,W08,9897.972,件
2025-06-05,W01,262.316,吨
2025-06-05,W02,351.971,吨
2025-06-05,W03,101.622,吨
2025-06-05,W04,4479.262,件
2025-06-05,W05,7943.355,平方米
2025-06-05,W06,282.98,台
2025-06-05,W07,563.095,吨蒸汽
2025-06-05,W08,10825.762,件
2025-06-06,W01,275.364,吨
2025-06-06,W02,362.821,吨
2025-06-06,W03,101.645,吨
2025-06-06,W04,4520.013,件
2025-06-06,W05,7279.999,平方米
2025-06-06,W06,271.529,台
2025-06-06,W07,590.845,吨蒸汽
2025-06-06,W08,10761.931,件
2025-06-07,W01,281.266,吨
2025-06-07,W02,341.397,吨
2025-06-07,W03,106.543,吨
2025-06-07,W04,2672.513,件
2025-06-07,W05,4136.404,平方米
2025-06-07,W06,185.276,台
2025-06-07,W07,537.216,吨蒸汽
2025-06-07,W08,5979.964,件
2025-06-08,W01,276.531,吨
2025-06-08,W02,353.575,吨
2025-06-08,W03,101.784,吨
2025-06-08,W04,845.277,件
2025-06-08,W05,1462.757,平方米
2025-06-08,W06,55.041,台
2025-06-08,W07,561.399,吨蒸汽
2025-06-08,W08,2032.807,件
2025-06-09,W01,290.182,吨
2025-06-09,W02,343.411,吨
2025-06-09,W03,111.793,吨
2025-06-09,W04,4169.672,件
2025-06-09,W05,7838.492,平方米
2025-06-09,W06,289.992,台
2025-06-09,W07,662.242,吨蒸汽
2025-06-09,W08,9500.969,件
2025-06-10,W01,282.87,吨
2025-06-10,W02,353.592,吨
2025-06-10,W03,103.064,吨
2025-06-10,W04,4390.793,件
2025-06-10,W05,7452.942,平方米
2025-06-10,W06,278.355,台
2025-06-10,W07,557.578,吨蒸汽
2025-06-10,W08,11279.572,件
2025-06-11,W01,266.355,吨
2025-06-11,W02,321.714,吨
2025-06-11,W03,106.028,吨
2025-06-11,W04,4328.581,件
2025-06-11,W05,7194.981,平方米
2025-06-11,W06,244.7,台
2025-06-11,W07,531.458,吨蒸汽
2025-06-11,W08,10400.074,件
2025-06-12,W01,308.819,吨
2025-06-12,W02,341.97,吨
2025-06-12,W03,96.222,吨
2025-06-12,W04,4323.417,件
2025-06-12,W05,7516.274,平方米
2025-06-12,W06,281.585,台
2025-06-12,W07,593.015,吨蒸汽
2025-06-12,W08,10468.334,件
2025-06-13,W01,303.03,吨
2025-06-13,W02,309.705,吨
2025-06-13,W03,101.437,吨
2025-06-13,W04,4354.715,件
2025-06-13,W05,7497.965,平方米
2025-06-13,W06,291.409,台
2025-06-13,W07,514.984,吨蒸汽
2025-06-13,W08,9950.538,件
2025-06-14,W01,284.532,吨
2025-06-14,W02,326.57,吨
2025-06-14,W03,87.793,吨
2025-06-14,W04,2920.228,件
2025-06-14,W05,4268.698,平方米
2025-06-14,W06,176.902,台
2025-06-14,W07,560.153,吨蒸汽
2025-06-14,W08,6877.923,件
2025-06-15,W01,253.286,吨
2025-06-15,W02,301.929,吨
2025-06-15,W03,102.113,吨
2025-06-15,W04,894.418,件
2025-06-15,W05,1481.419,平方米
2025-06-15,W06,56.004,台
2025-06-15,W07,512.266,吨蒸汽
2025-06-15,W08,2256.441,件
2025-06-16,W01,270.553,吨
2025-06-16,W02,329.33,吨
2025-06-16,W03,101.992,吨
2025-06-16,W04,4919.091,件
2025-06-16,W05,6801.92,平方米
2025-06-16,W06,277.196,台
2025-06-16,W07,591.667,吨蒸汽
2025-06-16,W08,11479.16,件
2025-06-17,W01,249.323,吨
2025-06-17,W02,368.055,吨
2025-06-17,W03,97.536,吨
2025-06-17,W04,4792.046,件
2025-06-17,W05,7609.388,平方米
2025-06-17,W06,283.454,台
2025-06-17,W07,533.847,吨蒸汽
2025-06-17,W08,10610.873,件
2025-06-18,W01,254.932,吨
2025-06-18,W02,320.52,吨
2025-06-18,W03,107.101,吨
2025-06-18,W04,4594.75,件
2025-06-18,W05,7086.879,平方米
2025-06-18,W06,283.761,台
2025-06-18,W07,581.723,吨蒸汽
2025-06-18,W08,10377.269,件
2025-06-19,W01,262.246,吨
2025-06-19,W02,373.172,吨
2025-06-19,W03,97.621,吨
2025-06-19,W04,4196.339,件
2025-06-19,W05,6923.066,平方米
2025-06-19,W06,278.776,台
2025-06-19,W07,520.657,吨蒸汽
2025-06-19,W08,10553.948,件
2025-06-20,W01,259.191,吨
2025-06-20,W02,338.806,吨
2025-06-20,W03,114.093,吨
2025-06-20,W04,4076.57,件
2025-06-20,W05,6965.793,平方米
2025-06-20,W06,265.9,台
2025-06-20,W07,548.661,吨蒸汽
2025-06-20,W08,10532.144,件
2025-06-21,W01,276.103,吨
2025-06-21,W02,336.414,吨
2025-06-21,W03,97.232,吨
2025-06-21,W04,2660.297,件
2025-06-21,W05,4404.532,平方米
2025-06-21,W06,181.436,台
2025-06-21,W07,547.021,吨蒸汽
2025-06-21,W08,6331.804,件
2025-06-22,W01,253.974,吨
2025-06-22,W02,315.904,吨
2025-06-22,W03,90.723,吨
2025-06-22,W04,921.351,件
2025-06-22,W05,1501.114,平方米
2025-06-22,W06,53.156,台
2025-06-22,W07,487.125,吨蒸汽
2025-06-22,W08,1975.57,件
2025-06-23,W01,283.678,吨
2025-06-23,W02,316.18,吨
2025-06-23,W03,110.273,吨
2025-06-23,W04,4911.54,件
2025-06-23,W05,7802.81,平方米
2025-06-23,W06,267.458,台
2025-06-23,W07,595.044,吨蒸汽
2025-06-23,W08,9837.677,件
2025-06-24,W01,289.702,吨
2025-06-24,W02,330.381,吨
2025-06-24,W03,103.124,吨
2025-06-24,W04,4554.251,件
2025-06-24,W05,7154.773,平方米
2025-06-24,W06,257.144,台
2025-06-24,W07,607.969,吨蒸汽
2025-06-24,W08,10256.416,件
2025-06-25,W01,253.913,吨
2025-06-25,W02,352.818,吨
2025-06-25,W03,105.423,吨
2025-06-25,W04,4176.177,件
2025-06-25,W05,7724.938,平方米
2025-06-25,W06,301.748,台
2025-06-25,W07,588.041,吨蒸汽
2025-06-25,W08,10232.757,件
2025-06-26,W01,253.848,吨
2025-06-26,W02,340.146,吨
2025-06-26,W03,101.651,吨
2025-06-26,W04,4756.222,件
2025-06-26,W05,7181.455,平方米
2025-06-26,W06,267.367,台
2025-06-26,W07,481.821,吨蒸汽
2025-06-26,W08,9638.716,件
2025-06-27,W01,300.487,吨
2025-06-27,W02,323.643,吨
2025-06-27,W03,97.763,吨
2025-06-27,W04,4588.009,件
2025-06-27,W05,7257.493,平方米
2025-06-27,W06,304.783,台
2025-06-27,W07,566.628,吨蒸汽
2025-06-27,W08,11701.504,件
2025-06-28,W01,271.955,吨
2025-06-28,W02,305.587,吨
2025-06-28,W03,105.803,吨
2025-06-28,W04,2750.183,件
2025-06-28,W05,4394.304,平方米
2025-06-28,W06,169.643,台
2025-06-28,W07,577.677,吨蒸汽
2025-06-28,W08,6201.964,件
2025-06-29,W01,273.634,吨
2025-06-29,W02,333.482,吨
2025-06-29,W03,91.747,吨
2025-06-29,W04,868.262,件
2025-06-29,W05,1476.249,平方米
2025-06-29,W06,50.341,台
2025-06-29,W07,551.37,吨蒸汽
2025-06-29,W08,2085.166,件
2025-06-30,W01,295.214,吨
2025-06-30,W02,370.388,吨
2025-06-30,W03,104.643,吨
2025-06-30,W04,4174.934,件
2025-06-30,W05,7201.849,平方米
2025-06-30,W06,263.306,台
2025-06-30,W07,562.793,吨蒸汽
2025-06-30,W08,10684.491,件
2025-07-01,W01,268.293,吨
2025-07-01,W02,335.267,吨
2025-07-01,W03,108.358,吨
2025-07-01,W04,4596.352,件
2025-07-01,W05,7765.803,平方米
2025-07-01,W06,295.637,台
2025-07-01,W07,575.033,吨蒸汽
2025-07-01,W08,10820.001,件
2025-07-02,W01,264.708,吨
2025-07-02,W02,345.259,吨
2025-07-02,W03,102.244,吨
2025-07-02,W04,4660.881,件
2025-07-02,W05,7250.835,平方米
2025-07-02,W06,278.724,台
2025-07-02,W07,517.281,吨蒸汽
2025-07-02,W08,11026.48,件
2025-07-03,W01,279.703,吨
2025-07-03,W02,331.864,吨
2025-07-03,W03,105.137,吨
2025-07-03,W04,4357.987,件
2025-07-03,W05,7392.358,平方米
2025-07-03,W06,270.412,台
2025-07-03,W07,573.436,吨蒸汽
2025-07-03,W08,9563.189,件
2025-07-04,W01,275.423,吨
2025-07-04,W02,344.991,吨
2025-07-04,W03,103.963,吨
2025-07-04,W04,4498.92,件
2025-07-04,W05,7499.559,平方米
2025-07-04,W06,259.688,台
2025-07-04,W07,573.394,吨蒸汽
2025-07-04,W08,10363.854,件
2025-07-05,W01,257.259,吨
2025-07-05,W02,353.689,吨
2025-07-05,W03,93.626,吨
2025-07-05,W04,2975.899,件
2025-07-05,W05,4483.154,平方米
2025-07-05,W06,168.434,台
2025-07-05,W07,519.136,吨蒸汽
2025-07-05,W08,6328.762,件
2025-07-06,W01,237.084,吨
2025-07-06,W02,316.207,吨
2025-07-06,W03,96.72,吨
2025-07-06,W04,928.278,件
2025-07-06,W05,1344.992,平方米
2025-07-06,W06,57.492,台
2025-07-06,W07,521.962,吨蒸汽
2025-07-06,W08,2045.517,件
2025-07-07,W01,266.872,吨
2025-07-07,W02,372.362,吨
2025-07-07,W03,99.372,吨
2025-07-07,W04,4758.941,件
2025-07-07,W05,7008.55,平方米
2025-07-07,W06,290.452,台
2025-07-07,W07,566.818,吨蒸汽
2025-07-07,W08,11155.333,件
2025-07-08,W01,280.61,吨
2025-07-08,W02,328.37,吨
2025-07-08,W03,101.952,吨
2025-07-08,W04,4840.302,件
2025-07-08,W05,7107.197,平方米
2025-07-08,W06,246.888,台
2025-07-08,W07,547.905,吨蒸汽
2025-07-08,W08,10578.552,件
2025-07-09,W01,304.924,吨
2025-07-09,W02,314.847,吨
2025-07-09,W03,110.907,吨
2025-07-09,W04,4582.477,件
2025-07-09,W05,6598.503,平方米
2025-07-09,W06,256.834,台
2025-07-09,W07,458.163,吨蒸汽
2025-07-09,W08,11533.836,件
2025-07-10,W01,281.073,吨
2025-07-10,W02,359.365,吨
2025-07-10,W03,102.727,吨
2025-07-10,W04,4978.927,件
2025-07-10,W05,7600.084,平方米
2025-07-10,W06,277.747,台
2025-07-10,W07,575.227,吨蒸汽
2025-07-10,W08,10080.729,件
2025-07-11,W01,295.798,吨
2025-07-11,W02,354.411,吨
2025-07-11,W03,100.73,吨
2025-07-11,W04,4862.69,件
2025-07-11,W05,7614.447,平方米
2025-07-11,W06,250.625,台
2025-07-11,W07,542.871,吨蒸汽
2025-07-11,W08,9880.728,件
2025-07-12,W01,281.632,吨
2025-07-12,W02,340.805,吨
2025-07-12,W03,107.993,吨
2025-07-12,W04,3053.82,件
2025-07-12,W05,4556.545,平方米
2025-07-12,W06,183.806,台
2025-07-12,W07,538.173,吨蒸汽
2025-07-12,W08,6731.206,件
2025-07-13,W01,247.289,吨
2025-07-13,W02,309.094,吨
2025-07-13,W03,95.167,吨
2025-07-13,W04,859.11,件
2025-07-13,W05,1512.197,平方米
2025-07-13,W06,54.972,台
2025-07-13,W07,574.963,吨蒸汽
2025-07-13,W08,2089.243,件
2025-07-14,W01,290.737,吨
2025-07-14,W02,358.695,吨
2025-07-14,W03,103.365,吨
2025-07-14,W04,4653.631,件
2025-07-14,W05,6631.655,平方米
2025-07-14,W06,263.158,台
2025-07-14,W07,574.626,吨蒸汽
2025-07-14,W08,10630.814,件
2025-07-15,W01,279.316,吨
2025-07-15,W02,318.337,吨
2025-07-15,W03,98.928,吨
2025-07-15,W04,4196.86,件
2025-07-15,W05,7140.883,平方米
2025-07-15,W06,268.725,台
2025-07-15,W07,540.444,吨蒸汽
2025-07-15,W08,10834.009,件
2025-07-16,W01,281.514,吨
2025-07-16,W02,340.923,吨
2025-07-16,W03,95.771,吨
2025-07-16,W04,4601.899,件
2025-07-16,W05,7717.195,平方米
2025-07-16,W06,276.214,台
2025-07-16,W07,518.178,吨蒸汽
2025-07-16,W08,9709.389,件
2025-07-17,W01,297.862,吨
2025-07-17,W02,361.829,吨
2025-07-17,W03,108.136,吨
2025-07-17,W04,4830.22,件
2025-07-17,W05,7074.616,平方米
2025-07-17,W06,294.469,台
2025-07-17,W07,553.357,吨蒸汽
2025-07-17,W08,10265.285,件
2025-07-18,W01,252.075,吨
2025-07-18,W02,345.197,吨
2025-07-18,W03,106.369,吨
2025-07-18,W04,4748.58,件
2025-07-18,W05,7361.715,平方米
2025-07-18,W06,268.711,台
2025-07-18,W07,561.885,吨蒸汽
2025-07-18,W08,11222.004,件
2025-07-19,W01,251.965,吨
2025-07-19,W02,342.939,吨
2025-07-19,W03,93.794,吨
2025-07-19,W04,2904.121,件
2025-07-19,W05,4966.36,平方米
2025-07-19,W06,162.091,台
2025-07-19,W07,532.973,吨蒸汽
2025-07-19,W08,6139.579,件
2025-07-20,W01,255.154,吨
2025-07-20,W02,324.214,吨
2025-07-20,W03,93.338,吨
2025-07-20,W04,904.981,件
2025-07-20,W05,1497.046,平方米
2025-07-20,W06,53.947,台
2025-07-20,W07,539.475,吨蒸汽
2025-07-20,W08,2047.113,件
2025-07-21,W01,289.046,吨
2025-07-21,W02,343.57,吨
2025-07-21,W03,99.074,吨
2025-07-21,W04,4118.316,件
2025-07-21,W05,7066.387,平方米
2025-07-21,W06,270.279,台
2025-07-21,W07,536.523,吨蒸汽
2025-07-21,W08,10109.007,件
2025-07-22,W01,258.694,吨
2025-07-22,W02,336.59,吨
2025-07-22,W03,107.933,吨
2025-07-22,W04,4915.447,件
2025-07-22,W05,7393.579,平方米
2025-07-22,W06,285.272,台
2025-07-22,W07,605.584,吨蒸汽
2025-07-22,W08,9131.335,件
2025-07-23,W01,271.479,吨
2025-07-23,W02,328.265,吨
2025-07-23,W03,109.745,吨
2025-07-23,W04,4375.208,件
2025-07-23,W05,7738.593,平方米
2025-07-23,W06,269.857,台
2025-07-23,W07,554.279,吨蒸汽
2025-07-23,W08,10928.597,件
2025-07-24,W01,288.812,吨
2025-07-24,W02,334.183,吨
2025-07-24,W03,99.94,吨
2025-07-24,W04,4525.052,件
2025-07-24,W05,6736.524,平方米
2025-07-24,W06,258.548,台
2025-07-24,W07,557.464,吨蒸汽
2025-07-24,W08,10902.648,件
2025-07-25,W01,288.842,吨
2025-07-25,W02,352.151,吨
2025-07-25,W03,102.801,吨
2025-07-25,W04,4467.136,件
2025-07-25,W05,6780.351,平方米
2025-07-25,W06,308.312,台
2025-07-25,W07,543.738,吨蒸汽
2025-07-25,W08,9865.886,件
2025-07-26,W01,290.049,吨
2025-07-26,W02,311.288,吨
2025-07-26,W03,102.895,吨
2025-07-26,W04,2827.973,件
2025-07-26,W05,4823.22,平方米
2025-07-26,W06,172.813,台
2025-07-26,W07,558.422,吨蒸汽
2025-07-26,W08,6059.992,件
2025-07-27,W01,283.026,吨
2025-07-27,W02,335.547,吨
2025-07-27,W03,93.369,吨
2025-07-27,W04,881.475,件
2025-07-27,W05,1523.16,平方米
2025-07-27,W06,56.95,台
2025-07-27,W07,580.12,吨蒸汽
2025-07-27,W08,1963.405,件
2025-07-28,W01,287.28,吨
2025-07-28,W02,337.35,吨
2025-07-28,W03,103.773,吨
2025-07-28,W04,4520.426,件
2025-07-28,W05,7040.779,平方米
2025-07-28,W06,289.202,台
2025-07-28,W07,569.914,吨蒸汽
2025-07-28,W08,10513.877,件
2025-07-29,W01,267.011,吨
2025-07-29,W02,340.172,吨
2025-07-29,W03,102.998,吨
2025-07-29,W04,4515.567,件
2025-07-29,W05,7271.711,平方米
2025-07-29,W06,258.99,台
2025-07-29,W07,563.633,吨蒸汽
2025-07-29,W08,11609.64,件
2025-07-30,W01,263.064,吨
2025-07-30,W02,328.627,吨
2025-07-30,W03,112.827,吨
2025-07-30,W04,3897.436,件
2025-07-30,W05,7075.438,平方米
2025-07-30,W06,275.903,台
2025-07-30,W07,513.453,吨蒸汽
2025-07-30,W08,10507.513,件
2025-07-31,W01,290.109,吨
2025-07-31,W02,336.368,吨
2025-07-31,W03,108.913,吨
2025-07-31,W04,4538.295,件
2025-07-31,W05,7302.023,平方米
2025-07-31,W06,283.014,台
2025-07-31,W07,615.945,吨蒸汽
2025-07-31,W08,10167.802,件
2025-08-01,W01,305.676,吨
2025-08-01,W02,342.552,吨
2025-08-01,W03,111.64,吨
2025-08-01,W04,4409.653,件
2025-08-01,W05,7171.632,平方米
2025-08-01,W06,303.286,台
2025-08-01,W07,543.478,吨蒸汽
2025-08-01,W08,10901.748,件
2025-08-02,W01,284.787,吨
2025-08-02,W02,327.112,吨
2025-08-02,W03,103.132,吨
2025-08-02,W04,2843.688,件
2025-08-02,W05,4501.149,平方米
2025-08-02,W06,170.99,台
2025-08-02,W07,610.465,吨蒸汽
2025-08-02,W08,6265.43,件
2025-08-03,W01,263.144,吨
2025-08-03,W02,327.048,吨
2025-08-03,W03,100.722,吨
2025-08-03,W04,881.167,件
2025-08-03,W05,1450.999,平方米
2025-08-03,W06,57.902,台
2025-08-03,W07,625.558,吨蒸汽
2025-08-03,W08,2122.134,件
2025-08-04,W01,302.564,吨
2025-08-04,W02,363.706,吨
2025-08-04,W03,110.664,吨
2025-08-04,W04,4174.622,件
2025-08-04,W05,7689.696,平方米
2025-08-04,W06,272.498,台
2025-08-04,W07,578.751,吨蒸汽
2025-08-04,W08,10617.862,件
2025-08-05,W01,286.767,吨
2025-08-05,W02,329.637,吨
2025-08-05,W03,97.552,吨
2025-08-05,W04,4133.625,件
2025-08-05,W05,7173.769,平方米
2025-08-05,W06,285.848,台
2025-08-05,W07,588.798,吨蒸汽
2025-08-05,W08,11008.678,件
2025-08-06,W01,274.061,吨
2025-08-06,W02,357.136,吨
2025-08-06,W03,101.618,吨
2025-08-06,W04,5122.093,件
2025-08-06,W05,6495.055,平方米
2025-08-06,W06,278.71,台
2025-08-06,W07,562.934,吨蒸汽
2025-08-06,W08,10552.703,件
2025-08-07,W01,261.492,吨
2025-08-07,W02,391.088,吨
2025-08-07,W03,103.371,吨
2025-08-07,W04,4681.579,件
2025-08-07,W05,6787.191,平方米
2025-08-07,W06,271.272,台
2025-08-07,W07,580.108,吨蒸汽
2025-08-07,W08,10590.581,件
2025-08-08,W01,306.026,吨
2025-08-08,W02,346.615,吨
2025-08-08,W03,108.356,吨
2025-08-08,W04,4756.4,件
2025-08-08,W05,7526.174,平方米
2025-08-08,W06,284.491,台
2025-08-08,W07,548.357,吨蒸汽
2025-08-08,W08,10427.86,件
2025-08-09,W01,252.666,吨
2025-08-09,W02,378.683,吨
2025-08-09,W03,96.638,吨
2025-08-09,W04,2750.444,件
2025-08-09,W05,4491.881,平方米
2025-08-09,W06,179.062,台
2025-08-09,W07,544.462,吨蒸汽
2025-08-09,W08,6604.66,件
2025-08-10,W01,265.691,吨
2025-08-10,W02,332.2,吨
2025-08-10,W03,99.313,吨
2025-08-10,W04,885.595,件
2025-08-10,W05,1405.536,平方米
2025-08-10,W06,53.352,台
2025-08-10,W07,486.06,吨蒸汽
2025-08-10,W08,2203.587,件
2025-08-11,W01,279.673,吨
2025-08-11,W02,367.528,吨
2025-08-11,W03,96.321,吨
2025-08-11,W04,4574.953,件
2025-08-11,W05,7142.932,平方米
2025-08-11,W06,285.374,台
2025-08-11,W07,592.906,吨蒸汽
2025-08-11,W08,9819.57,件
2025-08-12,W01,280.98,吨
2025-08-12,W02,378.8,吨
2025-08-12,W03,96.11,吨
2025-08-12,W04,4320.061,件
2025-08-12,W05,7502.808,平方米
2025-08-12,W06,262.296,台
2025-08-12,W07,554.37,吨蒸汽
2025-08-12,W08,10346.687,件
2025-08-13,W01,288.169,吨
2025-08-13,W02,378.867,吨
2025-08-13,W03,99.952,吨
2025-08-13,W04,4816.154,件
2025-08-13,W05,7267.721,平方米
2025-08-13,W06,270.433,台
2025-08-13,W07,554.121,吨蒸汽
2025-08-13,W08,10808.713,件
2025-08-14,W01,275.656,吨
2025-08-14,W02,350.66,吨
2025-08-14,W03,93.126,吨
2025-08-14,W04,4518.087,件
2025-08-14,W05,7535.174,平方米
2025-08-14,W06,289.015,台
2025-08-14,W07,559.257,吨蒸汽
2025-08-14,W08,9888.744,件
2025-08-15,W01,253.852,吨
2025-08-15,W02,350.739,吨
2025-08-15,W03,102.185,吨
2025-08-15,W04,4644.907,件
2025-08-15,W05,6623.901,平方米
2025-08-15,W06,278.909,台
2025-08-15,W07,560.167,吨蒸汽
2025-08-15,W08,10027.733,件
2025-08-16,W01,287.898,吨
2025-08-16,W02,324.042,吨
2025-08-16,W03,107.217,吨
2025-08-16,W04,2938.666,件
2025-08-16,W05,4797.927,平方米
2025-08-16,W06,182.74,台
2025-08-16,W07,536.123,吨蒸汽
2025-08-16,W08,5960.635,件
2025-08-17,W01,260.617,吨
2025-08-17,W02,306.196,吨
2025-08-17,W03,91.396,吨
2025-08-17,W04,861.478,件
2025-08-17,W05,1461.251,平方米
2025-08-17,W06,59.832,台
2025-08-17,W07,454.699,吨蒸汽
2025-08-17,W08,2201.538,件
2025-08-18,W01,283.483,吨
2025-08-18,W02,343.723,吨
2025-08-18,W03,118.783,吨
2025-08-18,W04,4465.786,件
2025-08-18,W05,7492.828,平方米
2025-08-18,W06,278.035,台
2025-08-18,W07,547.575,吨蒸汽
2025-08-18,W08,11116.299,件
2025-08-19,W01,281.792,吨
2025-08-19,W02,335.2,吨
2025-08-19,W03,97.557,吨
2025-08-19,W04,4865.63,件
2025-08-19,W05,7016.663,平方米
2025-08-19,W06,283.159,台
2025-08-19,W07,634.273,吨蒸汽
2025-08-19,W08,11574.621,件
2025-08-20,W01,272.11,吨
2025-08-20,W02,319.445,吨
2025-08-20,W03,99.637,吨
2025-08-20,W04,4439.305,件
2025-08-20,W05,7573.388,平方米
2025-08-20,W06,276.97,台
2025-08-20,W07,587.295,吨蒸汽
2025-08-20,W08,11110.879,件
2025-08-21,W01,283.242,吨
2025-08-21,W02,361.285,吨
2025-08-21,W03,102.455,吨
2025-08-21,W04,4579.383,件
2025-08-21,W05,7617.582,平方米
2025-08-21,W06,270.661,台
2025-08-21,W07,548.329,吨蒸汽
2025-08-21,W08,10914.338,件
2025-08-22,W01,254.997,吨
2025-08-22,W02,336.383,吨
2025-08-22,W03,92.536,吨
2025-08-22,W04,4497.894,件
2025-08-22,W05,7347.477,平方米
2025-08-22,W06,293.799,台
2025-08-22,W07,543.837,吨蒸汽
2025-08-22,W08,11484.827,件
2025-08-23,W01,279.144,吨
2025-08-23,W02,309.058,吨
2025-08-23,W03,98.933,吨
2025-08-23,W04,2742.084,件
2025-08-23,W05,4384.038,平方米
2025-08-23,W06,174.671,台
2025-08-23,W07,523.458,吨蒸汽
2025-08-23,W08,7116.607,件
2025-08-24,W01,260.41,吨
2025-08-24,W02,347.721,吨
2025-08-24,W03,95.358,吨
2025-08-24,W04,874.542,件
2025-08-24,W05,1366.638,平方米
2025-08-24,W06,52.318,台
2025-08-24,W07,583.604,吨蒸汽
2025-08-24,W08,2240.673,件
2025-08-25,W01,262.495,吨
2025-08-25,W02,348.429,吨
2025-08-25,W03,99.922,吨
2025-08-25,W04,4269.753,件
2025-08-25,W05,6643.8,平方米
2025-08-25,W06,251.015,台
2025-08-25,W07,526.864,吨蒸汽
2025-08-25,W08,10112.792,件
2025-08-26,W01,269.208,吨
2025-08-26,W02,336.671,吨
2025-08-26,W03,95.615,吨
2025-08-26,W04,4820.234,件
2025-08-26,W05,7736.414,平方米
2025-08-26,W06,286.833,台
2025-08-26,W07,606.486,吨蒸汽
2025-08-26,W08,10963.49,件
2025-08-27,W01,264.316,吨
2025-08-27,W02,330.37,吨
2025-08-27,W03,97.861,吨
2025-08-27,W04,4586.831,件
2025-08-27,W05,7741.916,平方米
2025-08-27,W06,262.638,台
2025-08-27,W07,520.295,吨蒸汽
2025-08-27,W08,10762.273,件
2025-08-28,W01,279.44,吨
2025-08-28,W02,356.046,吨
2025-08-28,W03,103.559,吨
2025-08-28,W04,4370.097,件
2025-08-28,W05,7079.631,平方米
2025-08-28,W06,314.09,台
2025-08-28,W07,499.562,吨蒸汽
2025-08-28,W08,11317.481,件
2025-08-29,W01,296.508,吨
2025-08-29,W02,342.074,吨
2025-08-29,W03,112.174,吨
2025-08-29,W04,4369.786,件
2025-08-29,W05,7066.225,平方米
2025-08-29,W06,276.904,台
2025-08-29,W07,560.331,吨蒸汽
2025-08-29,W08,10645.505,件
2025-08-30,W01,267.068,吨
2025-08-30,W02,351.712,吨
2025-08-30,W03,106.626,吨
2025-08-30,W04,2866.399,件
2025-08-30,W05,4919.947,平方米
2025-08-30,W06,176.809,台
2025-08-30,W07,546.606,吨蒸汽
2025-08-30,W08,7495.74,件
2025-08-31,W01,260.407,吨
2025-08-31,W02,285.44,吨
2025-08-31,W03,96.159,吨
2025-08-31,W04,1016.733,件
2025-08-31,W05,1519.496,平方米
2025-08-31,W06,51.52,台
2025-08-31,W07,525.744,吨蒸汽
2025-08-31,W08,1909.784,件
2025-09-01,W01,281.062,吨
2025-09-01,W02,361.38,吨
2025-09-01,W03,91.103,吨
2025-09-01,W04,4661.558,件
2025-09-01,W05,6703.165,平方米
2025-09-01,W06,293.27,台
2025-09-01,W07,555.206,吨蒸汽
2025-09-01,W08,11390.408,件
2025-09-02,W01,288.786,吨
2025-09-02,W02,348.458,吨
2025-09-02,W03,111.283,吨
2025-09-02,W04,4860.579,件
2025-09-02,W05,7311.972,平方米
2025-09-02,W06,293.808,台
2025-09-02,W07,546.811,吨蒸汽
2025-09-02,W08,10944.68,件
2025-09-03,W01,314.25,吨
2025-09-03,W02,339.374,吨
2025-09-03,W03,101.755,吨
2025-09-03,W04,4621.649,件
2025-09-03,W05,8020.927,平方米
2025-09-03,W06,267.609,台
2025-09-03,W07,556.777,吨蒸汽
2025-09-03,W08,11862.209,件
2025-09-04,W01,288.129,吨
2025-09-04,W02,339.576,吨
2025-09-04,W03,100.962,吨
2025-09-04,W04,5313.11,件
2025-09-04,W05,7425.386,平方米
2025-09-04,W06,288.355,台
2025-09-04,W07,566.834,吨蒸汽
2025-09-04,W08,9817.625,件
2025-09-05,W01,268.312,吨
2025-09-05,W02,352.822,吨
2025-09-05,W03,111.214,吨
2025-09-05,W04,4692.733,件
2025-09-05,W05,7170.355,平方米
2025-09-05,W06,287.184,台
2025-09-05,W07,602.587,吨蒸汽
2025-09-05,W08,10958.005,件
2025-09-06,W01,260.242,吨
2025-09-06,W02,348.747,吨
2025-09-06,W03,102.36,吨
2025-09-06,W04,2715.706,件
2025-09-06,W05,4843.643,平方米
2025-09-06,W06,177.39,台
2025-09-06,W07,548.809,吨蒸汽
2025-09-06,W08,6312.887,件
2025-09-07,W01,249.57,吨
2025-09-07,W02,315.559,吨
2025-09-07,W03,98.529,吨
2025-09-07,W04,850.107,件
2025-09-07,W05,1503.177,平方米
2025-09-07,W06,59.754,台
2025-09-07,W07,542.162,吨蒸汽
2025-09-07,W08,2098.723,件
2025-09-08,W01,292.645,吨
2025-09-08,W02,328.252,吨
2025-09-08,W03,108.345,吨
2025-09-08,W04,4614.383,件
2025-09-08,W05,7757.451,平方米
2025-09-08,W06,283.134,台
2025-09-08,W07,540.258,吨蒸汽
2025-09-08,W08,11044.237,件
2025-09-09,W01,276.333,吨
2025-09-09,W02,332.215,吨
2025-09-09,W03,93.901,吨
2025-09-09,W04,4580.127,件
2025-09-09,W05,7338.01,平方米
2025-09-09,W06,283.091,台
2025-09-09,W07,555.419,吨蒸汽
2025-09-09,W08,10677.798,件
2025-09-10,W01,316.284,吨
2025-09-10,W02,343.116,吨
2025-09-10,W03,108.47,吨
2025-09-10,W04,4132.606,件
2025-09-10,W05,7396.152,平方米
2025-09-10,W06,263.947,台
2025-09-10,W07,584.662,吨蒸汽
2025-09-10,W08,10201.307,件
2025-09-11,W01,290.487,吨
2025-09-11,W02,346.58,吨
2025-09-11,W03,95.296,吨
2025-09-11,W04,4388.934,件
2025-09-11,W05,8013.119,平方米
2025-09-11,W06,287.187,台
2025-09-11,W07,530.488,吨蒸汽
2025-09-11,W08,10408.423,件
2025-09-12,W01,272.179,吨
2025-09-12,W02,352.393,吨
2025-09-12,W03,99.059,吨
2025-09-12,W04,4656.356,件
2025-09-12,W05,7387.456,平方米
2025-09-12,W06,270.508,台
2025-09-12,W07,540.933,吨蒸汽
2025-09-12,W08,10421.197,件
2025-09-13,W01,253.746,吨
2025-09-13,W02,353.546,吨
2025-09-13,W03,103.103,吨
2025-09-13,W04,2715.553,件
2025-09-13,W05,4693.113,平方米
2025-09-13,W06,156.878,台
2025-09-13,W07,604.455,吨蒸汽
2025-09-13,W08,6088.301,件
2025-09-14,W01,260.454,吨
2025-09-14,W02,322.768,吨
2025-09-14,W03,85.56,吨
2025-09-14,W04,880.091,件
2025-09-14,W05,1401.827,平方米
2025-09-14,W06,61.376,台
2025-09-14,W07,540.274,吨蒸汽
2025-09-14,W08,2073.555,件
2025-09-15,W01,276.725,吨
2025-09-15,W02,354.254,吨
2025-09-15,W03,104.249,吨
2025-09-15,W04,4448.007,件
2025-09-15,W05,7052.948,平方米
2025-09-15,W06,306.94,台
2025-09-15,W07,593.311,吨蒸汽
2025-09-15,W08,10637.475,件
2025-09-16,W01,264.768,吨
2025-09-16,W02,326.611,吨
2025-09-16,W03,99.111,吨
2025-09-16,W04,5240.114,件
2025-09-16,W05,7851.352,平方米
2025-09-16,W06,301.393,台
2025-09-16,W07,574.837,吨蒸汽
2025-09-16,W08,10049.332,件
2025-09-17,W01,258.649,吨
2025-09-17,W02,340.904,吨
2025-09-17,W03,105.349,吨
2025-09-17,W04,4774.616,件
2025-09-17,W05,7098.561,平方米
2025-09-17,W06,287.859,台
2025-09-17,W07,578.613,吨蒸汽
2025-09-17,W08,10857.83,件
2025-09-18,W01,281.477,吨
2025-09-18,W02,352.828,吨
2025-09-18,W03,106.516,吨
2025-09-18,W04,4350.359,件
2025-09-18,W05,7356.471,平方米
2025-09-18,W06,274.19,台
2025-09-18,W07,578.936,吨蒸汽
2025-09-18,W08,10507.435,件
2025-09-19,W01,277.712,吨
2025-09-19,W02,358.847,吨
2025-09-19,W03,111.023,吨
2025-09-19,W04,3792.372,件
2025-09-19,W05,7855.328,平方米
2025-09-19,W06,273.331,台
2025-09-19,W07,545.185,吨蒸汽
2025-09-19,W08,10622.606,件
2025-09-20,W01,292.9,吨
2025-09-20,W02,320.026,吨
2025-09-20,W03,94.477,吨
2025-09-20,W04,2736.175,件
2025-09-20,W05,4640.935,平方米
2025-09-20,W06,180.684,台
2025-09-20,W07,544.489,吨蒸汽
2025-09-20,W08,6357.795,件
2025-09-21,W01,261.916,吨
2025-09-21,W02,335.348,吨
2025-09-21,W03,103.546,吨
2025-09-21,W04,883.566,件
2025-09-21,W05,1396.789,平方米
2025-09-21,W06,59.023,台
2025-09-21,W07,516.018,吨蒸汽
2025-09-21,W08,2129.491,件
2025-09-22,W01,253.163,吨
2025-09-22,W02,332.809,吨
2025-09-22,W03,106.538,吨
2025-09-22,W04,4380.012,件
2025-09-22,W05,7321.436,平方米
2025-09-22,W06,311.144,台
2025-09-22,W07,510.232,吨蒸汽
2025-09-22,W08,11198.175,件
2025-09-23,W01,303.005,吨
2025-09-23,W02,342.357,吨
2025-09-23,W03,100.472,吨
2025-09-23,W04,4668.696,件
2025-09-23,W05,7174.691,平方米
2025-09-23,W06,269.96,台
2025-09-23,W07,570.054,吨蒸汽
2025-09-23,W08,10933.336,件
2025-09-24,W01,296.336,吨
2025-09-24,W02,353.418,吨
2025-09-24,W03,111.519,吨
2025-09-24,W04,4991.865,件
2025-09-24,W05,7018.663,平方米
2025-09-24,W06,292.901,台
2025-09-24,W07,529.817,吨蒸汽
2025-09-24,W08,10925.202,件
2025-09-25,W01,306.954,吨
2025-09-25,W02,353.253,吨
2025-09-25,W03,108.743,吨
2025-09-25,W04,4707.275,件
2025-09-25,W05,7638.19,平方米
2025-09-25,W06,268.12,台
2025-09-25,W07,607.359,吨蒸汽
2025-09-25,W08,10548.424,件
2025-09-26,W01,278.641,吨
2025-09-26,W02,351.168,吨
2025-09-26,W03,100.191,吨
2025-09-26,W04,4535.509,件
2025-09-26,W05,7456.382,平方米
2025-09-26,W06,262.912,台
2025-09-26,W07,589.946,吨蒸汽
2025-09-26,W08,9476.113,件
2025-09-27,W01,270.64,吨
2025-09-27,W02,309.072,吨
2025-09-27,W03,106.568,吨
2025-09-27,W04,2849.011,件
2025-09-27,W05,4478.136,平方米
2025-09-27,W06,166.094,台
2025-09-27,W07,533.977,吨蒸汽
2025-09-27,W08,6705.16,件
2025-09-28,W01,259.92,吨
2025-09-28,W02,304.568,吨
2025-09-28,W03,98.345,吨
2025-09-28,W04,887.967,件
2025-09-28,W05,1405.564,平方米
2025-09-28,W06,60.69,台
2025-09-28,W07,560.325,吨蒸汽
2025-09-28,W08,2144.68,件
2025-09-29,W01,272.183,吨
2025-09-29,W02,340.571,吨
2025-09-29,W03,102.348,吨
2025-09-29,W04,4440.198,件
2025-09-29,W05,7494.392,平方米
2025-09-29,W06,291.932,台
2025-09-29,W07,543.614,吨蒸汽
2025-09-29,W08,11015.418,件
2025-09-30,W01,275.287,吨
2025-09-30,W02,358.925,吨
2025-09-30,W03,103.513,吨
2025-09-30,W04,4267.101,件
2025-09-30,W05,7329.134,平方米
2025-09-30,W06,282.111,台
2025-09-30,W07,585.76,吨蒸汽
2025-09-30,W08,11161.819,件
2025-10-01,W01,267.806,吨
2025-10-01,W02,309.026,吨
2025-10-01,W03,87.063,吨
2025-10-01,W04,280.93,件
2025-10-01,W05,403.465,平方米
2025-10-01,W06,16.206,台
2025-10-01,W07,501.267,吨蒸汽
2025-10-01,W08,662.306,件
2025-10-02,W01,273.002,吨
2025-10-02,W02,319.915,吨
2025-10-02,W03,97.748,吨
2025-10-02,W04,278.573,件
2025-10-02,W05,439.112,平方米
2025-10-02,W06,16.065,台
2025-10-02,W07,514.602,吨蒸汽
2025-10-02,W08,679.64,件
2025-10-03,W01,259.607,吨
2025-10-03,W02,308.051,吨
2025-10-03,W03,94.654,吨
2025-10-03,W04,256.027,件
2025-10-03,W05,433.35,平方米
2025-10-03,W06,17.469,台
2025-10-03,W07,540.188,吨蒸汽
2025-10-03,W08,639.831,件
2025-10-04,W01,241.403,吨
2025-10-04,W02,322.494,吨
2025-10-04,W03,88.358,吨
2025-10-04,W04,269.958,件
2025-10-04,W05,449.497,平方米
2025-10-04,W06,17.631,台
2025-10-04,W07,521.737,吨蒸汽
2025-10-04,W08,673.698,件
2025-10-05,W01,254.633,吨
2025-10-05,W02,330.273,吨
2025-10-05,W03,84.371,吨
2025-10-05,W04,230.994,件
2025-10-05,W05,420.237,平方米
2025-10-05,W06,17.26,台
2025-10-05,W07,480.384,吨蒸汽
2025-10-05,W08,657.35,件
2025-10-06,W01,253.291,吨
2025-10-06,W02,320.884,吨
2025-10-06,W03,91.169,吨
2025-10-06,W04,250.495,件
2025-10-06,W05,461.275,平方米
2025-10-06,W06,16.825,台
2025-10-06,W07,515.836,吨蒸汽
2025-10-06,W08,671.233,件
2025-10-07,W01,221.741,吨
2025-10-07,W02,327.868,吨
2025-10-07,W03,92.186,吨
2025-10-07,W04,255.055,件
2025-10-07,W05,406.458,平方米
2025-10-07,W06,16.41,台
2025-10-07,W07,475.545,吨蒸汽
2025-10-07,W08,614.935,件
2025-10-08,W01,253.458,吨
2025-10-08,W02,335.71,吨
2025-10-08,W03,98.125,吨
2025-10-08,W04,270.002,件
2025-10-08,W05,426.405,平方米
2025-10-08,W06,16.991,台
2025-10-08,W07,544.173,吨蒸汽
2025-10-08,W08,637.498,件
2025-10-09,W01,298.79,吨
2025-10-09,W02,332.825,吨
2025-10-09,W03,91.807,吨
2025-10-09,W04,4720.537,件
2025-10-09,W05,7820.046,平方米
2025-10-09,W06,305.333,台
2025-10-09,W07,522.928,吨蒸汽
2025-10-09,W08,10938.483,件
2025-10-10,W01,281.369,吨
2025-10-10,W02,356.308,吨
2025-10-10,W03,99.281,吨
2025-10-10,W04,4043.813,件
2025-10-10,W05,7363.858,平方米
2025-10-10,W06,268.485,台
2025-10-10,W07,591.276,吨蒸汽
2025-10-10,W08,12031.089,件
2025-10-11,W01,296.072,吨
2025-10-11,W02,326.502,吨
2025-10-11,W03,102.084,吨
2025-10-11,W04,2853.464,件
2025-10-11,W05,4647.57,平方米
2025-10-11,W06,177.38,台
2025-10-11,W07,568.935,吨蒸汽
2025-10-11,W08,6123.937,件
2025-10-12,W01,259.445,吨
2025-10-12,W02,272.133,吨
2025-10-12,W03,98.198,吨
2025-10-12,W04,1005.018,件
2025-10-12,W05,1659.844,平方米
2025-10-12,W06,56.783,台
2025-10-12,W07,524.316,吨蒸汽
2025-10-12,W08,2327.385,件
2025-10-13,W01,272.011,吨
2025-10-13,W02,367.866,吨
2025-10-13,W03,98.034,吨
2025-10-13,W04,4368.372,件
2025-10-13,W05,7752.729,平方米
2025-10-13,W06,277.902,台
2025-10-13,W07,594.822,吨蒸汽
2025-10-13,W08,10315.756,件
2025-10-14,W01,296.802,吨
2025-10-14,W02,328.025,吨
2025-10-14,W03,105.047,吨
2025-10-14,W04,4706.608,件
2025-10-14,W05,7511.893,平方米
2025-10-14,W06,306.182,台
2025-10-14,W07,548.474,吨蒸汽
2025-10-14,W08,10993.096,件
2025-10-15,W01,299.386,吨
2025-10-15,W02,357.323,吨
2025-10-15,W03,112.771,吨
2025-10-15,W04,4477.842,件
2025-10-15,W05,7011.772,平方米
2025-10-15,W06,315.455,台
2025-10-15,W07,590.108,吨蒸汽
2025-10-15,W08,10523.285,件
2025-10-16,W01,277.557,吨
2025-10-16,W02,371.413,吨
2025-10-16,W03,102.62,吨
2025-10-16,W04,4652.865,件
2025-10-16,W05,7965.13,平方米
2025-10-16,W06,286.777,台
2025-10-16,W07,549.961,吨蒸汽
2025-10-16,W08,9732.688,件
2025-10-17,W01,277.925,吨
2025-10-17,W02,353.505,吨
2025-10-17,W03,99.769,吨
2025-10-17,W04,4101.898,件
2025-10-17,W05,7639.55,平方米
2025-10-17,W06,296.436,台
2025-10-17,W07,555.641,吨蒸汽
2025-10-17,W08,10806.262,件
2025-10-18,W01,296.736,吨
2025-10-18,W02,332.317,吨
2025-10-18,W03,101.555,吨
2025-10-18,W04,2632.31,件
2025-10-18,W05,4835.755,平方米
2025-10-18,W06,189.15,台
2025-10-18,W07,552.092,吨蒸汽
2025-10-18,W08,7012.832,件
2025-10-19,W01,266.751,吨
2025-10-19,W02,302.736,吨
2025-10-19,W03,103.49,吨
2025-10-19,W04,992.682,件
2025-10-19,W05,1430.902,平方米
2025-10-19,W06,56.979,台
2025-10-19,W07,552.207,吨蒸汽
2025-10-19,W08,2092.482,件
2025-10-20,W01,283.261,吨
2025-10-20,W02,328.363,吨
2025-10-20,W03,109.383,吨
2025-10-20,W04,4776.745,件
2025-10-20,W05,7725.005,平方米
2025-10-20,W06,300.643,台
2025-10-20,W07,582.532,吨蒸汽
2025-10-20,W08,10275.958,件
2025-10-21,W01,291.88,吨
2025-10-21,W02,364.819,吨
2025-10-21,W03,109.631,吨
2025-10-21,W04,4319.721,件
2025-10-21,W05,7252.051,平方米
2025-10-21,W06,297.155,台
2025-10-21,W07,554.792,吨蒸汽
2025-10-21,W08,10779.245,件
2025-10-22,W01,287.214,吨
2025-10-22,W02,308.377,吨
2025-10-22,W03,101.082,吨
2025-10-22,W04,4849.934,件
2025-10-22,W05,7071.388,平方米
2025-10-22,W06,300.297,台
2025-10-22,W07,580.319,吨蒸汽
2025-10-22,W08,10327.156,件
2025-10-23,W01,254.778,吨
2025-10-23,W02,362.536,吨
2025-10-23,W03,104.435,吨
2025-10-23,W04,5084.698,件
2025-10-23,W05,7503.599,平方米
2025-10-23,W06,271.584,台
2025-10-23,W07,651.364,吨蒸汽
2025-10-23,W08,10652.866,件
2025-10-24,W01,247.997,吨
2025-10-24,W02,401.387,吨
2025-10-24,W03,96.944,吨
2025-10-24,W04,4812.244,件
2025-10-24,W05,6504.858,平方米
2025-10-24,W06,288.531,台
2025-10-24,W07,553.257,吨蒸汽
2025-10-24,W08,10672.653,件
2025-10-25,W01,263.164,吨
2025-10-25,W02,326.085,吨
2025-10-25,W03,95.749,吨
2025-10-25,W04,2578.246,件
2025-10-25,W05,4392.296,平方米
2025-10-25,W06,175.268,台
2025-10-25,W07,567.384,吨蒸汽
2025-10-25,W08,6606.727,件
2025-10-26,W01,275.309,吨
2025-10-26,W02,329.666,吨
2025-10-26,W03,98.579,吨
2025-10-26,W04,953.27,件
2025-10-26,W05,1410.184,平方米
2025-10-26,W06,51.957,台
2025-10-26,W07,509.129,吨蒸汽
2025-10-26,W08,2109.895,件
2025-10-27,W01,290.666,吨
2025-10-27,W02,330.477,吨
2025-10-27,W03,104.724,吨
2025-10-27,W04,4956.643,件
2025-10-27,W05,8326.065,平方米
2025-10-27,W06,285.893,台
2025-10-27,W07,555.971,吨蒸汽
2025-10-27,W08,10779.547,件
2025-10-28,W01,285.731,吨
2025-10-28,W02,363.932,吨
2025-10-28,W03,105.901,吨
2025-10-28,W04,4855.042,件
2025-10-28,W05,7214.586,平方米
2025-10-28,W06,312.903,台
2025-10-28,W07,590.269,吨蒸汽
2025-10-28,W08,11069.353,件
2025-10-29,W01,266.497,吨
2025-10-29,W02,367.461,吨
2025-10-29,W03,107.458,吨
2025-10-29,W04,4564.929,件
2025-10-29,W05,7821.359,平方米
2025-10-29,W06,283.258,台
2025-10-29,W07,584.158,吨蒸汽
2025-10-29,W08,11438.542,件
2025-10-30,W01,252.759,吨
2025-10-30,W02,360.062,吨
2025-10-30,W03,102.586,吨
2025-10-30,W04,4656.092,件
2025-10-30,W05,6816.586,平方米
2025-10-30,W06,295.427,台
2025-10-30,W07,570.687,吨蒸汽
2025-10-30,W08,10239.48,件
2025-10-31,W01,315.093,吨
2025-10-31,W02,372.55,吨
2025-10-31,W03,108.337,吨
2025-10-31,W04,4498.029,件
2025-10-31,W05,7724.298,平方米
2025-10-31,W06,287.632,台
2025-10-31,W07,549.266,吨蒸汽
2025-10-31,W08,10596.286,件
2025-11-01,W01,282.516,吨
2025-11-01,W02,351.026,吨
2025-11-01,W03,92.809,吨
2025-11-01,W04,2540.526,件
2025-11-01,W05,4932.606,平方米
2025-11-01,W06,164.189,台
2025-11-01,W07,559.007,吨蒸汽
2025-11-01,W08,6582.836,件
2025-11-02,W01,275.868,吨
2025-11-02,W02,330.685,吨
2025-11-02,W03,99.622,吨
2025-11-02,W04,818.001,件
2025-11-02,W05,1391.071,平方米
2025-11-02,W06,59.62,台
2025-11-02,W07,583.334,吨蒸汽
2025-11-02,W08,2261.093,件
2025-11-03,W01,299.331,吨
2025-11-03,W02,355.997,吨
2025-11-03,W03,111.356,吨
2025-11-03,W04,4706.98,件
2025-11-03,W05,7132.477,平方米
2025-11-03,W06,280.196,台
2025-11-03,W07,554.679,吨蒸汽
2025-11-03,W08,10411.561,件
2025-11-04,W01,287.671,吨
2025-11-04,W02,336.924,吨
2025-11-04,W03,105.8,吨
2025-11-04,W04,4471.001,件
2025-11-04,W05,7101.356,平方米
2025-11-04,W06,269.438,台
2025-11-04,W07,591.813,吨蒸汽
2025-11-04,W08,10677.476,件
2025-11-05,W01,293.659,吨
2025-11-05,W02,379.21,吨
2025-11-05,W03,98.423,吨
2025-11-05,W04,4829.118,件
2025-11-05,W05,7786.636,平方米
2025-11-05,W06,265.577,台
2025-11-05,W07,542.766,吨蒸汽
2025-11-05,W08,11539.497,件
2025-11-06,W01,268.432,吨
2025-11-06,W02,327.186,吨
2025-11-06,W03,105.158,吨
2025-11-06,W04,4382.415,件
2025-11-06,W05,8145.602,平方米
2025-11-06,W06,289.133,台
2025-11-06,W07,582.015,吨蒸汽
2025-11-06,W08,11319.71,件
2025-11-07,W01,279.497,吨
2025-11-07,W02,337.998,吨
2025-11-07,W03,107.496,吨
2025-11-07,W04,4332.768,件
2025-11-07,W05,7561.803,平方米
2025-11-07,W06,297.219,台
2025-11-07,W07,591.716,吨蒸汽
2025-11-07,W08,10530.51,件
2025-11-08,W01,281.012,吨
2025-11-08,W02,327.552,吨
2025-11-08,W03,97.209,吨
2025-11-08,W04,2913.861,件
2025-11-08,W05,4585.058,平方米
2025-11-08,W06,166.741,台
2025-11-08,W07,534.96,吨蒸汽
2025-11-08,W08,6949.439,件
2025-11-09,W01,227.951,吨
2025-11-09,W02,311.222,吨
2025-11-09,W03,99.611,吨
2025-11-09,W04,995.41,件
2025-11-09,W05,1556.1,平方米
2025-11-09,W06,53.199,台
2025-11-09,W07,520.753,吨蒸汽
2025-11-09,W08,2050.608,件
2025-11-10,W01,278.485,吨
2025-11-10,W02,301.418,吨
2025-11-10,W03,100.921,吨
2025-11-10,W04,4410.065,件
2025-11-10,W05,7274.725,平方米
2025-11-10,W06,277.525,台
2025-11-10,W07,555.954,吨蒸汽
2025-11-10,W08,11031.809,件
2025-11-11,W01,284.826,吨
2025-11-11,W02,362.826,吨
2025-11-11,W03,104.528,吨
2025-11-11,W04,4762.873,件
2025-11-11,W05,7287.924,平方米
2025-11-11,W06,275.42,台
2025-11-11,W07,570.667,吨蒸汽
2025-11-11,W08,11592.648,件
2025-11-12,W01,304.587,吨
2025-11-12,W02,330.323,吨
2025-11-12,W03,108.047,吨
2025-11-12,W04,4228.511,件
2025-11-12,W05,7431.763,平方米
2025-11-12,W06,279.264,台
2025-11-12,W07,588.762,吨蒸汽
2025-11-12,W08,9390.462,件
2025-11-13,W01,328.736,吨
2025-11-13,W02,362.833,吨
2025-11-13,W03,101.521,吨
2025-11-13,W04,4844.072,件
2025-11-13,W05,7756.724,平方米
2025-11-13,W06,301.676,台
2025-11-13,W07,574.666,吨蒸汽
2025-11-13,W08,9730.611,件
2025-11-14,W01,295.43,吨
2025-11-14,W02,368.875,吨
2025-11-14,W03,94.959,吨
2025-11-14,W04,4356.926,件
2025-11-14,W05,7483.561,平方米
2025-11-14,W06,295.884,台
2025-11-14,W07,573.954,吨蒸汽
2025-11-14,W08,10746.014,件
2025-11-15,W01,276.844,吨
2025-11-15,W02,353.757,吨
2025-11-15,W03,104.061,吨
2025-11-15,W04,2688.695,件
2025-11-15,W05,4670.988,平方米
2025-11-15,W06,189.154,台
2025-11-15,W07,545.927,吨蒸汽
2025-11-15,W08,6534.37,件
2025-11-16,W01,269.303,吨
2025-11-16,W02,333.791,吨
2025-11-16,W03,88.186,吨
2025-11-16,W04,938.576,件
2025-11-16,W05,1492.877,平方米
2025-11-16,W06,51.992,台
2025-11-16,W07,562.244,吨蒸汽
2025-11-16,W08,2131.514,件
2025-11-17,W01,303.577,吨
2025-11-17,W02,374.692,吨
2025-11-17,W03,106.778,吨
2025-11-17,W04,4475.217,件
2025-11-17,W05,8367.322,平方米
2025-11-17,W06,304.176,台
2025-11-17,W07,598.781,吨蒸汽
2025-11-17,W08,10784.583,件
2025-11-18,W01,271.476,吨
2025-11-18,W02,360.81,吨
2025-11-18,W03,97.394,吨
2025-11-18,W04,4377.735,件
2025-11-18,W05,7278.792,平方米
2025-11-18,W06,289.949,台
2025-11-18,W07,597.864,吨蒸汽
2025-11-18,W08,11609.689,件
2025-11-19,W01,287.872,吨
2025-11-19,W02,341.022,吨
2025-11-19,W03,101.972,吨
2025-11-19,W04,4529.12,件
2025-11-19,W05,7125.181,平方米
2025-11-19,W06,268.576,台
2025-11-19,W07,529.722,吨蒸汽
2025-11-19,W08,11286.42,件
2025-11-20,W01,295.648,吨
2025-11-20,W02,342.789,吨
2025-11-20,W03,107.545,吨
2025-11-20,W04,4255.859,件
2025-11-20,W05,7596.42,平方米
2025-11-20,W06,283.281,台
2025-11-20,W07,617.808,吨蒸汽
2025-11-20,W08,11158.316,件
2025-11-21,W01,292.079,吨
2025-11-21,W02,369.307,吨
2025-11-21,W03,111.554,吨
2025-11-21,W04,4450.449,件
2025-11-21,W05,8535.762,平方米
2025-11-21,W06,317.786,台
2025-11-21,W07,614.417,吨蒸汽
2025-11-21,W08,10401.817,件
2025-11-22,W01,284.611,吨
2025-11-22,W02,383.24,吨
2025-11-22,W03,94.545,吨
2025-11-22,W04,3122.805,件
2025-11-22,W05,4778.993,平方米
2025-11-22,W06,199.052,台
2025-11-22,W07,590.243,吨蒸汽
2025-11-22,W08,6238.495,件
2025-11-23,W01,266.436,吨
2025-11-23,W02,310.211,吨
2025-11-23,W03,98.424,吨
2025-11-23,W04,850.546,件
2025-11-23,W05,1569.694,平方米
2025-11-23,W06,59.294,台
2025-11-23,W07,513.268,吨蒸汽
2025-11-23,W08,2035.081,件
2025-11-24,W01,294.116,吨
2025-11-24,W02,316.734,吨
2025-11-24,W03,110.937,吨
2025-11-24,W04,4504.403,件
2025-11-24,W05,7551.391,平方米
2025-11-24,W06,261.661,台
2025-11-24,W07,534.886,吨蒸汽
2025-11-24,W08,11119.094,件
2025-11-25,W01,267.368,吨
2025-11-25,W02,355.014,吨
2025-11-25,W03,102.881,吨
2025-11-25,W04,4329.908,件
2025-11-25,W05,7404.37,平方米
2025-11-25,W06,311.303,台
2025-11-25,W07,566.267,吨蒸汽
2025-11-25,W08,11195.574,件
2025-11-26,W01,297.986,吨
2025-11-26,W02,329.46,吨
2025-11-26,W03,103.794,吨
2025-11-26,W04,4503.744,件
2025-11-26,W05,6775.648,平方米
2025-11-26,W06,313.36,台
2025-11-26,W07,578.716,吨蒸汽
2025-11-26,W08,9500.142,件
2025-11-27,W01,261.161,吨
2025-11-27,W02,298.256,吨
2025-11-27,W03,95.767,吨
2025-11-27,W04,4311.767,件
2025-11-27,W05,6755.524,平方米
2025-11-27,W06,287.005,台
2025-11-27,W07,597.855,吨蒸汽
2025-11-27,W08,11188.224,件
2025-11-28,W01,248.371,吨
2025-11-28,W02,320.805,吨
2025-11-28,W03,100.255,吨
2025-11-28,W04,4941.516,件
2025-11-28,W05,6408.573,平方米
2025-11-28,W06,302.336,台
2025-11-28,W07,617.88,吨蒸汽
2025-11-28,W08,11103.975,件
2025-11-29,W01,261.783,吨
2025-11-29,W02,329.574,吨
2025-11-29,W03,106.362,吨
2025-11-29,W04,3062.294,件
2025-11-29,W05,4342.098,平方米
2025-11-29,W06,194.885,台
2025-11-29,W07,569.983,吨蒸汽
2025-11-29,W08,6314.182,件
2025-11-30,W01,284.28,吨
2025-11-30,W02,321.472,吨
2025-11-30,W03,103.043,吨
2025-11-30,W04,908.471,件
2025-11-30,W05,1610.441,平方米
2025-11-30,W06,58.638,台
2025-11-30,W07,558.196,吨蒸汽
2025-11-30,W08,2130.735,件
2025-12-01,W01,280.163,吨
2025-12-01,W02,349.538,吨
2025-12-01,W03,101.405,吨
2025-12-01,W04,4363.652,件
2025-12-01,W05,7002.556,平方米
2025-12-01,W06,277.499,台
2025-12-01,W07,557.461,吨蒸汽
2025-12-01,W08,11099.331,件
2025-12-02,W01,272.824,吨
2025-12-02,W02,364.931,吨
2025-12-02,W03,98.067,吨
2025-12-02,W04,4200.375,件
2025-12-02,W05,8010.805,平方米
2025-12-02,W06,298.005,台
2025-12-02,W07,565.147,吨蒸汽
2025-12-02,W08,11027.324,件
2025-12-03,W01,289.155,吨
2025-12-03,W02,318.647,吨
2025-12-03,W03,101.994,吨
2025-12-03,W04,4785.292,件
2025-12-03,W05,7694.356,平方米
2025-12-03,W06,288.304,台
2025-12-03,W07,574.562,吨蒸汽
2025-12-03,W08,11066.195,件
2025-12-04,W01,285.902,吨
2025-12-04,W02,361.454,吨
2025-12-04,W03,98.333,吨
2025-12-04,W04,4663.804,件
2025-12-04,W05,7600.575,平方米
2025-12-04,W06,287.969,台
2025-12-04,W07,524.888,吨蒸汽
2025-12-04,W08,10404.273,件
2025-12-05,W01,297.461,吨
2025-12-05,W02,322.585,吨
2025-12-05,W03,98.807,吨
2025-12-05,W04,4386.267,件
2025-12-05,W05,7758.966,平方米
2025-12-05,W06,265.884,台
2025-12-05,W07,538.218,吨蒸汽
2025-12-05,W08,10878.695,件
2025-12-06,W01,272.141,吨
2025-12-06,W02,357.015,吨
2025-12-06,W03,107.458,吨
2025-12-06,W04,2680.931,件
2025-12-06,W05,4629.877,平方米
2025-12-06,W06,178.021,台
2025-12-06,W07,610.254,吨蒸汽
2025-12-06,W08,6491.59,件
2025-12-07,W01,272.458,吨
2025-12-07,W02,340.441,吨
2025-12-07,W03,98.115,吨
2025-12-07,W04,876.099,件
2025-12-07,W05,1558.341,平方米
2025-12-07,W06,51.609,台
2025-12-07,W07,552.212,吨蒸汽
2025-12-07,W08,2154.882,件
2025-12-08,W01,258.877,吨
2025-12-08,W02,306.259,吨
2025-12-08,W03,106.641,吨
2025-12-08,W04,4729.061,件
2025-12-08,W05,7310.015,平方米
2025-12-08,W06,268.52,台
2025-12-08,W07,546.357,吨蒸汽
2025-12-08,W08,11126.658,件
2025-12-09,W01,297.033,吨
2025-12-09,W02,330.976,吨
2025-12-09,W03,109.083,吨
2025-12-09,W04,4548.038,件
2025-12-09,W05,6969.351,平方米
2025-12-09,W06,314.485,台
2025-12-09,W07,591.871,吨蒸汽
2025-12-09,W08,10123.552,件
2025-12-10,W01,251.746,吨
2025-12-10,W02,337.303,吨
2025-12-10,W03,113.114,吨
2025-12-10,W04,4561.644,件
2025-12-10,W05,7709.827,平方米
2025-12-10,W06,254.253,台
2025-12-10,W07,516.026,吨蒸汽
2025-12-10,W08,9521.621,件
2025-12-11,W01,295.129,吨
2025-12-11,W02,314.17,吨
2025-12-11,W03,102.623,吨
2025-12-11,W04,4531.134,件
2025-12-11,W05,7344.617,平方米
2025-12-11,W06,315.207,台
2025-12-11,W07,630.546,吨蒸汽
2025-12-11,W08,11212.527,件
2025-12-12,W01,300.142,吨
2025-12-12,W02,350.89,吨
2025-12-12,W03,106.237,吨
2025-12-12,W04,4437.526,件
2025-12-12,W05,7262.705,平方米
2025-12-12,W06,272.967,台
2025-12-12,W07,532.334,吨蒸汽
2025-12-12,W08,10683.036,件
2025-12-13,W01,267.562,吨
2025-12-13,W02,315.351,吨
2025-12-13,W03,103.974,吨
2025-12-13,W04,2631.347,件
2025-12-13,W05,4539.884,平方米
2025-12-13,W06,185.567,台
2025-12-13,W07,578.448,吨蒸汽
2025-12-13,W08,5982.863,件
2025-12-14,W01,259.987,吨
2025-12-14,W02,300.81,吨
2025-12-14,W03,101.034,吨
2025-12-14,W04,926.02,件
2025-12-14,W05,1599.915,平方米
2025-12-14,W06,58.739,台
2025-12-14,W07,561.134,吨蒸汽
2025-12-14,W08,2364.77,件
2025-12-15,W01,298.763,吨
2025-12-15,W02,336.633,吨
2025-12-15,W03,113.254,吨
2025-12-15,W04,4671.091,件
2025-12-15,W05,6840.454,平方米
2025-12-15,W06,267.479,台
2025-12-15,W07,549.657,吨蒸汽
2025-12-15,W08,11208.919,件
2025-12-16,W01,294.059,吨
2025-12-16,W02,389.821,吨
2025-12-16,W03,112.174,吨
2025-12-16,W04,4349.028,件
2025-12-16,W05,7053.949,平方米
2025-12-16,W06,299.735,台
2025-12-16,W07,556.345,吨蒸汽
2025-12-16,W08,10245.374,件
2025-12-17,W01,282.477,吨
2025-12-17,W02,340.361,吨
2025-12-17,W03,92.421,吨
2025-12-17,W04,4661.987,件
2025-12-17,W05,7415.985,平方米
2025-12-17,W06,272.05,台
2025-12-17,W07,548.572,吨蒸汽
2025-12-17,W08,10930.643,件
2025-12-18,W01,270.337,吨
2025-12-18,W02,327.153,吨
2025-12-18,W03,106.732,吨
2025-12-18,W04,4437.158,件
2025-12-18,W05,7247.323,平方米
2025-12-18,W06,303.055,台
2025-12-18,W07,628.749,吨蒸汽
2025-12-18,W08,9952.277,件
2025-12-19,W01,261.61,吨
2025-12-19,W02,391.075,吨
2025-12-19,W03,107.36,吨
2025-12-19,W04,4937.408,件
2025-12-19,W05,6927.12,平方米
2025-12-19,W06,275.643,台
2025-12-19,W07,534.762,吨蒸汽
2025-12-19,W08,10728.428,件
2025-12-20,W01,255.731,吨
2025-12-20,W02,359.003,吨
2025-12-20,W03,104.172,吨
2025-12-20,W04,3004.594,件
2025-12-20,W05,4443.172,平方米
2025-12-20,W06,165.859,台
2025-12-20,W07,592.237,吨蒸汽
2025-12-20,W08,6606.81,件
2025-12-21,W01,283.229,吨
2025-12-21,W02,326.352,吨
2025-12-21,W03,94.321,吨
2025-12-21,W04,885.24,件
2025-12-21,W05,1472.098,平方米
2025-12-21,W06,55.35,台
2025-12-21,W07,570.526,吨蒸汽
2025-12-21,W08,2091.377,件
2025-12-22,W01,306.485,吨
2025-12-22,W02,366.289,吨
2025-12-22,W03,109.317,吨
2025-12-22,W04,4820.84,件
2025-12-22,W05,6982.125,平方米
2025-12-22,W06,293.602,台
2025-12-22,W07,548.972,吨蒸汽
2025-12-22,W08,10699.558,件
2025-12-23,W01,304.3,吨
2025-12-23,W02,322.748,吨
2025-12-23,W03,115.299,吨
2025-12-23,W04,4448.474,件
2025-12-23,W05,6890.356,平方米
2025-12-23,W06,276.686,台
2025-12-23,W07,575.79,吨蒸汽
2025-12-23,W08,10174.634,件
2025-12-24,W01,330.982,吨
2025-12-24,W02,361.546,吨
2025-12-24,W03,107.518,吨
2025-12-24,W04,4648.215,件
2025-12-24,W05,7086.754,平方米
2025-12-24,W06,261.127,台
2025-12-24,W07,552.315,吨蒸汽
2025-12-24,W08,10613.892,件
2025-12-25,W01,289.836,吨
2025-12-25,W02,324.954,吨
2025-12-25,W03,108.02,吨
2025-12-25,W04,4145.442,件
2025-12-25,W05,7459.098,平方米
2025-12-25,W06,255.238,台
2025-12-25,W07,590.265,吨蒸汽
2025-12-25,W08,10465.519,件
2025-12-26,W01,304.059,吨
2025-12-26,W02,345.514,吨
2025-12-26,W03,107.343,吨
2025-12-26,W04,4562.398,件
2025-12-26,W05,7604.623,平方米
2025-12-26,W06,295.297,台
2025-12-26,W07,582.453,吨蒸汽
2025-12-26,W08,11069.673,件
2025-12-27,W01,290.542,吨
2025-12-27,W02,353.856,吨
2025-12-27,W03,96.442,吨
2025-12-27,W04,2747.9,件
2025-12-27,W05,4975.045,平方米
2025-12-27,W06,177.963,台
2025-12-27,W07,569.543,吨蒸汽
2025-12-27,W08,7576.899,件
2025-12-28,W01,267.724,吨
2025-12-28,W02,319.401,吨
2025-12-28,W03,97.068,吨
2025-12-28,W04,950.02,件
2025-12-28,W05,1580.672,平方米
2025-12-28,W06,56.424,台
2025-12-28,W07,547.667,吨蒸汽
2025-12-28,W08,2050.754,件
2025-12-29,W01,278.656,吨
2025-12-29,W02,348.414,吨
2025-12-29,W03,89.685,吨
2025-12-29,W04,4260.978,件
2025-12-29,W05,7095.931,平方米
2025-12-29,W06,278.656,台
2025-12-29,W07,623.298,吨蒸汽
2025-12-29,W08,10638.356,件
2025-12-30,W01,281.652,吨
2025-12-30,W02,315.884,吨
2025-12-30,W03,109.32,吨
2025-12-30,W04,4746.241,件
2025-12-30,W05,7719.219,平方米
2025-12-30,W06,278.704,台
2025-12-30,W07,586.215,吨蒸汽
2025-12-30,W08,12140.857,件
2025-12-31,W01,294.807,吨
2025-12-31,W02,379.888,吨
2025-12-31,W03,115.673,吨
2025-12-31,W04,4982.828,件
2025-12-31,W05,7753.067,平方米
2025-12-31,W06,275.788,台
2025-12-31,W07,535.203,吨蒸汽
2025-12-31,W08,11714.367,件
