record_date,workshop_code,tce,co2_t,cost_yuan,unit_energy_kgce
2024-01-01,W01,21.472402,49.982017,72798.46,94.993
2024-01-01,W02,20.04751,52.260673,64599.13,71.0255
2024-01-01,W03,20.352374,46.006197,61493.22,250.7191
2024-01-01,W04,0.610285,2.580578,3449.95,2.617
2024-01-01,W05,2.056625,6.43111,7679.85,5.1771
2024-01-01,W06,0.384664,1.627251,2191.24,22.1402
2024-01-01,W07,29.528946,51.33264,82403.82,66.5357
2024-01-01,W08,0.137426,0.592992,775.08,0.2334
2024-01-02,W01,23.300812,55.162233,80691.87,93.0031
2024-01-02,W02,22.596925,56.912302,72238.65,77.1558
2024-01-02,W03,23.57992,53.443719,71772.66,252.5212
2024-01-02,W04,2.963279,12.629828,16960.45,0.6912
2024-01-02,W05,8.135362,26.218734,30962.57,1.2126
2024-01-02,W06,1.816818,7.654094,10184.09,6.2222
2024-01-02,W07,33.344429,57.793425,92987.37,60.0807
2024-01-02,W08,0.736786,3.154009,4181.07,0.0725
2024-01-03,W01,23.041176,53.068786,76446.02,91.3166
2024-01-03,W02,23.497815,60.050732,75291.18,69.1368
2024-01-03,W03,23.671003,54.186407,71177.31,222.0107
2024-01-03,W04,2.648004,11.24662,14916.64,0.681
2024-01-03,W05,7.8613,25.110688,29109.08,1.2144
2024-01-03,W06,1.85144,7.841738,10710.25,6.6315
2024-01-03,W07,29.413064,51.324982,82676.14,51.9526
2024-01-03,W08,0.755645,3.259583,4249.45,0.0772
2024-01-04,W01,24.047857,55.054924,79134.38,83.9754
2024-01-04,W02,21.437702,55.048444,69885.11,61.7223
2024-01-04,W03,24.127239,54.084151,70877.82,237.2837
2024-01-04,W04,2.698917,11.419431,15634.8,0.6624
2024-01-04,W05,7.769484,25.058114,30074.54,1.0704
2024-01-04,W06,1.836869,7.743084,10340.64,7.2473
2024-01-04,W07,35.436903,61.363885,98005.95,65.4762
2024-01-04,W08,0.752218,3.220521,4166.52,0.0796
2024-01-05,W01,24.097215,54.987438,79968.58,87.6661
2024-01-05,W02,21.183184,54.325022,68065.65,70.0866
2024-01-05,W03,22.956926,52.76502,69243.2,248.0167
2024-01-05,W04,2.711134,11.536937,15607.72,0.6419
2024-01-05,W05,7.738987,24.916733,29670.34,1.231
2024-01-05,W06,1.850971,7.90434,10399.51,6.4741
2024-01-05,W07,29.788864,52.092025,85141.47,55.435
2024-01-05,W08,0.802361,3.460397,4467.5,0.0798
2024-01-06,W01,23.286423,54.456013,77969.84,94.4981
2024-01-06,W02,21.482359,55.675798,69724.89,64.4112
2024-01-06,W03,22.14135,51.436424,68552.61,224.3502
2024-01-06,W04,1.905803,8.073188,10859.79,0.7705
2024-01-06,W05,5.353854,16.858586,20270.36,1.286
2024-01-06,W06,1.217414,5.111643,6974.58,8.2027
2024-01-06,W07,31.514728,54.509948,88897.34,62.8502
2024-01-06,W08,0.536015,2.305817,2998.66,0.0888
2024-01-07,W01,22.92263,53.882711,77512.9,87.6807
2024-01-07,W02,19.43899,51.160158,63448.91,63.3217
2024-01-07,W03,23.294988,52.192489,69687.16,273.9201
2024-01-07,W04,0.878336,3.719672,5006.12,1.0058
2024-01-07,W05,2.953674,9.537733,11269.87,2.163
2024-01-07,W06,0.605452,2.569375,3478.11,11.7772
2024-01-07,W07,33.487021,57.858246,94245.66,67.752
2024-01-07,W08,0.245392,1.056218,1350.07,0.128
2024-01-08,W01,22.873944,53.818116,77068.69,87.7307
2024-01-08,W02,21.685677,56.86936,71384.83,65.1431
2024-01-08,W03,23.828366,52.984981,70766.85,259.9732
2024-01-08,W04,2.810232,11.917927,16027.45,0.682
2024-01-08,W05,7.49102,23.728351,28477.3,1.131
2024-01-08,W06,1.806432,7.575029,10090.9,7.592
2024-01-08,W07,31.370602,54.33893,87579.21,59.4236
2024-01-08,W08,0.839042,3.617855,4747.5,0.0828
2024-01-09,W01,23.217663,53.9558,77743.66,93.4775
2024-01-09,W02,21.721908,56.958105,70513.54,71.6632
2024-01-09,W03,22.945902,51.959513,70509.14,253.6552
2024-01-09,W04,3.014276,12.89247,16939.42,0.6743
2024-01-09,W05,7.600248,24.421977,28782.45,1.0117
2024-01-09,W06,1.80648,7.61537,10457.27,7.0527
2024-01-09,W07,31.401106,54.550936,87027.69,66.8144
2024-01-09,W08,0.800663,3.454299,4625.4,0.082
2024-01-10,W01,24.412533,57.422772,83374.26,95.5219
2024-01-10,W02,22.074017,57.071881,71719.4,76.6289
2024-01-10,W03,22.375131,49.612125,66256.63,228.4785
2024-01-10,W04,2.845754,12.100818,16348.08,0.6649
2024-01-10,W05,8.468323,27.419359,31661.6,1.1938
2024-01-10,W06,1.881704,7.947419,10756.48,7.3501
2024-01-10,W07,33.995488,58.762805,95499.62,59.8227
2024-01-10,W08,0.808591,3.504649,4442.98,0.0826
2024-01-11,W01,23.590479,55.165467,79061.2,97.1653
2024-01-11,W02,22.632492,57.883869,71789.02,68.0853
2024-01-11,W03,23.991614,53.712605,70924.41,232.531
2024-01-11,W04,2.723786,11.573189,15619.22,0.6009
2024-01-11,W05,7.807285,24.630581,29011.19,1.2994
2024-01-11,W06,1.764368,7.405767,9933.49,7.3845
2024-01-11,W07,31.966531,55.582611,90285.54,63.081
2024-01-11,W08,0.733758,3.156597,4156.47,0.0789
2024-01-12,W01,25.642323,59.311947,84681.02,99.4517
2024-01-12,W02,22.051316,57.171336,70951.68,70.0335
2024-01-12,W03,22.775134,51.480139,68732.53,248.3847
2024-01-12,W04,2.810699,11.987115,15679.49,0.6498
2024-01-12,W05,7.757288,24.956576,29386.36,1.2727
2024-01-12,W06,1.657931,6.911031,9343.57,6.4464
2024-01-12,W07,33.730282,58.26365,95172.32,66.2887
2024-01-12,W08,0.728579,3.115582,4175.25,0.0741
2024-01-13,W01,21.603783,50.794162,74290.93,80.3515
2024-01-13,W02,22.82737,58.082598,72794.6,69.97
2024-01-13,W03,21.943133,50.148002,65062.56,218.9627
2024-01-13,W04,1.842511,7.759093,10418.12,0.6899
2024-01-13,W05,5.393755,17.512349,20887.48,1.2864
2024-01-13,W06,1.211753,5.086158,6774.3,7.3684
2024-01-13,W07,34.523634,59.499852,97219.19,65.6916
2024-01-13,W08,0.50239,2.146071,2885.49,0.0834
2024-01-14,W01,20.632536,49.092268,70461.98,79.0958
2024-01-14,W02,19.308938,51.93114,64520.14,65.3364
2024-01-14,W03,22.464463,50.292049,67973.48,221.1439
2024-01-14,W04,0.991151,4.206197,5667.61,1.1939
2024-01-14,W05,2.806198,9.022481,10846.65,2.1507
2024-01-14,W06,0.592069,2.482946,3343.04,10.5997
2024-01-14,W07,31.148528,54.185464,88893.9,61.3362
2024-01-14,W08,0.257671,1.116891,1450.59,0.136
2024-01-15,W01,22.95062,55.108666,79014.93,90.863
2024-01-15,W02,21.042666,53.956553,67844.25,67.1522
2024-01-15,W03,22.03203,49.95027,66151.78,226.4852
2024-01-15,W04,2.881682,12.269913,16434.13,0.7039
2024-01-15,W05,7.621088,24.490549,29130.46,1.0136
2024-01-15,W06,1.871826,7.931004,10660.71,6.6699
2024-01-15,W07,31.407778,54.429,89153.87,60.8151
2024-01-15,W08,0.793961,3.428864,4429.34,0.0789
2024-01-16,W01,23.94711,56.84234,81932.26,96.3899
2024-01-16,W02,21.769134,56.297233,72008.61,60.8843
2024-01-16,W03,23.315878,52.391304,69492.72,250.7191
2024-01-16,W04,2.73103,11.554862,14942.54,0.6694
2024-01-16,W05,8.085044,26.08031,30932.21,1.1647
2024-01-16,W06,1.79983,7.609824,10029.47,6.8844
2024-01-16,W07,32.010995,55.681163,90276.34,63.3278
2024-01-16,W08,0.748179,3.200341,4268.39,0.0737
2024-01-17,W01,23.664538,54.491477,80460.43,80.4563
2024-01-17,W02,22.057488,56.78446,70636.62,67.9403
2024-01-17,W03,22.72712,51.78832,69510.12,240.313
2024-01-17,W04,2.862407,12.154017,16432.87,0.6819
2024-01-17,W05,7.683942,24.582252,29427.03,1.0623
2024-01-17,W06,1.902883,7.996138,10699.95,7.4008
2024-01-17,W07,31.505202,54.728287,89891.57,61.5338
2024-01-17,W08,0.749713,3.211609,4252.43,0.0764
2024-01-18,W01,24.886629,56.780118,82905.02,94.8163
2024-01-18,W02,21.578308,55.770136,68716.6,61.9154
2024-01-18,W03,22.782445,51.683119,68171.49,234.6939
2024-01-18,W04,2.804656,11.977572,16199.19,0.6401
2024-01-18,W05,8.034806,25.376119,29762.82,1.2211
2024-01-18,W06,1.756467,7.410389,9944.04,7.1404
2024-01-18,W07,31.107283,53.731069,88737.14,53.6024
2024-01-18,W08,0.78103,3.371372,4336.27,0.0776
2024-01-19,W01,22.308236,53.485483,75944.63,85.7495
2024-01-19,W02,21.047383,53.492636,67230.86,63.7602
2024-01-19,W03,24.475144,54.325541,73744.79,261.1183
2024-01-19,W04,2.863858,12.287824,16496.78,0.6662
2024-01-19,W05,7.879242,25.301104,30075.78,1.1584
2024-01-19,W06,1.781436,7.456187,10141.04,7.1166
2024-01-19,W07,31.586206,54.647023,88799.43,55.0232
2024-01-19,W08,0.754403,3.254991,4362.93,0.0763
2024-01-20,W01,21.770421,52.128938,74893.49,85.9771
2024-01-20,W02,21.544157,55.898122,69527.57,64.3639
2024-01-20,W03,23.976684,53.458174,72376.75,250.1976
2024-01-20,W04,1.923801,8.118704,11142.74,0.6797
2024-01-20,W05,5.6335,18.043241,21188.63,1.2755
2024-01-20,W06,1.300233,5.264434,7471.11,7.3421
2024-01-20,W07,29.718964,51.790909,84484.25,57.9512
2024-01-20,W08,0.523523,2.256489,2920.47,0.0948
2024-01-21,W01,23.722028,54.441871,79914.76,92.9284
2024-01-21,W02,21.422387,55.11898,69277.56,73.1771
2024-01-21,W03,21.84666,49.481459,64085.51,243.9169
2024-01-21,W04,0.949189,4.001096,5466.07,1.0607
2024-01-21,W05,2.763292,8.777285,10421.14,2.0442
2024-01-21,W06,0.552187,2.325414,3124.5,10.2949
2024-01-21,W07,28.146921,49.197876,79294.9,57.4728
2024-01-21,W08,0.225478,0.97233,1243.69,0.1109
2024-01-22,W01,23.325454,54.37521,78855.41,90.6174
2024-01-22,W02,21.542027,56.333914,70268.42,64.4546
2024-01-22,W03,21.508563,48.798831,64327.21,213.4993
2024-01-22,W04,2.810383,11.966967,16535.14,0.663
2024-01-22,W05,7.806487,25.333448,29652.25,1.1386
2024-01-22,W06,1.799759,7.53015,9962.09,7.424
2024-01-22,W07,32.415295,55.899195,90579.33,68.1089
2024-01-22,W08,0.812605,3.526441,4596.01,0.0807
2024-01-23,W01,23.12928,55.059791,78290.68,88.2565
2024-01-23,W02,21.51794,56.895607,71228.04,73.0968
2024-01-23,W03,23.822531,53.328068,70531.11,233.2501
2024-01-23,W04,2.83485,12.102211,16382.22,0.6326
2024-01-23,W05,7.70709,24.631784,29780.69,1.1428
2024-01-23,W06,1.860146,7.756389,10819.11,6.9055
2024-01-23,W07,31.510492,54.733249,91683.65,58.9717
2024-01-23,W08,0.800681,3.452076,4528.21,0.076
2024-01-24,W01,23.398761,53.735899,77503.8,90.2768
2024-01-24,W02,20.809384,54.560781,67703.6,60.1333
2024-01-24,W03,24.255684,54.069202,72615.39,272.6798
2024-01-24,W04,2.692262,11.486684,15280.49,0.5877
2024-01-24,W05,7.614904,24.520723,28989.64,0.9952
2024-01-24,W06,2.019399,8.595878,11204.85,6.9399
2024-01-24,W07,31.136036,54.235061,87883.35,55.405
2024-01-24,W08,0.837,3.597144,4751.04,0.0942
2024-01-25,W01,23.943069,55.671606,78970.66,91.421
2024-01-25,W02,21.388365,55.597959,70325.44,57.9392
2024-01-25,W03,22.621518,50.877918,66778.65,248.0674
2024-01-25,W04,2.806243,11.932388,16119.24,0.7031
2024-01-25,W05,7.876374,25.310375,30212.06,1.0725
2024-01-25,W06,1.639335,6.886435,9500.03,6.1257
2024-01-25,W07,32.670118,56.417175,94146.87,67.3626
2024-01-25,W08,0.783985,3.384628,4564.79,0.0815
2024-01-26,W01,23.45554,53.993722,77961.21,92.5673
2024-01-26,W02,21.60344,55.663374,69665.62,75.1288
2024-01-26,W03,22.085353,49.273093,65255.13,218.3081
2024-01-26,W04,2.844907,12.146269,15840.49,0.6464
2024-01-26,W05,7.971428,25.669385,30361.38,1.2467
2024-01-26,W06,1.876636,7.937388,10620.05,8.1941
2024-01-26,W07,33.272834,57.602496,93477.58,58.5432
2024-01-26,W08,0.786007,3.412571,4374.45,0.0744
2024-01-27,W01,23.924436,56.148987,78917.69,99.9145
2024-01-27,W02,21.379847,55.573723,70031.98,70.544
2024-01-27,W03,23.172348,51.488988,68019.9,249.8905
2024-01-27,W04,1.754561,7.374085,10156.79,0.697
2024-01-27,W05,5.338006,16.878108,20110.77,1.1179
2024-01-27,W06,1.130282,4.717883,6332.62,7.0532
2024-01-27,W07,32.410383,56.364733,90469.54,63.6866
2024-01-27,W08,0.541804,2.350256,3036.77,0.0948
2024-01-28,W01,24.071844,56.460131,80793.31,104.7463
2024-01-28,W02,20.526148,52.719118,66020.69,68.4549
2024-01-28,W03,23.043065,51.380512,68030.14,259.6402
2024-01-28,W04,0.928423,3.944845,5412.86,1.1976
2024-01-28,W05,3.057159,10.044649,11719.35,2.4148
2024-01-28,W06,0.54912,2.31252,3113.41,10.595
2024-01-28,W07,30.865713,53.448493,87852.31,59.2139
2024-01-28,W08,0.222206,0.957238,1268.97,0.1014
2024-01-29,W01,23.488582,55.694494,80260.94,87.1723
2024-01-29,W02,21.435561,55.299244,67826.55,65.4217
2024-01-29,W03,23.164708,52.248954,69957.1,221.7673
2024-01-29,W04,2.814542,11.977517,16114.67,0.6937
2024-01-29,W05,7.897585,25.59276,30655.98,1.2324
2024-01-29,W06,1.728572,7.162533,9880.21,6.5204
2024-01-29,W07,31.133781,53.997652,86389.66,59.2393
2024-01-29,W08,0.774532,3.303618,4407.71,0.0758
2024-01-30,W01,23.450681,55.232898,78355.1,95.2293
2024-01-30,W02,20.860782,53.682745,68693.34,69.3038
2024-01-30,W03,23.105419,51.910207,70713.43,229.4412
2024-01-30,W04,2.644235,11.207919,15160.38,0.7182
2024-01-30,W05,8.038013,26.18785,30182.17,1.1732
2024-01-30,W06,1.787953,7.458313,10231.99,7.3934
2024-01-30,W07,33.292302,57.793552,94890.62,64.2125
2024-01-30,W08,0.782001,3.366696,4393.14,0.0759
2024-01-31,W01,22.939951,53.589037,78256.06,96.6499
2024-01-31,W02,22.309558,58.89132,73686.69,67.8944
2024-01-31,W03,23.83401,53.048637,70272.44,259.9923
2024-01-31,W04,2.529688,10.643797,14294.82,0.5929
2024-01-31,W05,8.165275,26.115633,31148.3,1.2413
2024-01-31,W06,1.983787,8.425398,10998.17,7.4997
2024-01-31,W07,31.12107,54.398489,87933.96,64.1984
2024-01-31,W08,0.768265,3.309621,4377.83,0.0777
2024-02-01,W01,21.723815,50.360367,70806.33,81.9828
2024-02-01,W02,21.494482,55.267819,69069.24,69.382
2024-02-01,W03,21.471896,48.781407,64233.17,223.0035
2024-02-01,W04,2.601684,10.933036,15284.79,0.6894
2024-02-01,W05,7.047837,22.702627,26868.06,0.9786
2024-02-01,W06,1.842967,7.738299,10726.49,6.9892
2024-02-01,W07,29.492638,51.597965,84242.83,55.0612
2024-02-01,W08,0.727317,3.110985,4090.85,0.0646
2024-02-02,W01,21.042891,50.645251,71850.39,79.5227
2024-02-02,W02,19.313403,51.347934,62573.32,58.0746
2024-02-02,W03,23.136428,51.496192,69400.35,249.4332
2024-02-02,W04,2.503422,10.499698,14292.44,0.6305
2024-02-02,W05,7.598889,24.333966,28677.46,1.1247
2024-02-02,W06,1.678831,6.995871,9633.61,6.5055
2024-02-02,W07,30.591365,53.081253,87655.06,60.5464
2024-02-02,W08,0.709273,3.020879,4056.51,0.0843
2024-02-03,W01,21.651544,50.890645,75442.61,83.9718
2024-02-03,W02,19.916162,51.541809,63469.04,60.5185
2024-02-03,W03,22.326188,50.713889,66551.03,249.0706
2024-02-03,W04,1.873056,7.921085,10648.44,0.7302
2024-02-03,W05,5.180012,16.625704,19597.67,1.3118
2024-02-03,W06,1.132606,4.689073,6354.39,6.975
2024-02-03,W07,29.821147,51.884389,83740.77,65.4902
2024-02-03,W08,0.510845,2.192788,2852.23,0.0848
2024-02-04,W01,22.495084,51.930549,75864.82,88.3161
2024-02-04,W02,19.02594,50.43669,63725.04,68.7917
2024-02-04,W03,21.19312,47.724646,63800.3,248.9501
2024-02-04,W04,0.996028,4.241091,5760.32,1.3345
2024-02-04,W05,2.757372,8.835801,10561.71,2.1094
2024-02-04,W06,0.591267,2.482246,3472.02,12.1181
2024-02-04,W07,29.591958,51.401802,85203.59,64.3645
2024-02-04,W08,0.223095,0.964589,1271.29,0.1055
2024-02-05,W01,22.007577,52.236363,75367.2,87.5686
2024-02-05,W02,19.863414,51.832344,63119.48,63.4685
2024-02-05,W03,20.8062,48.430529,63161.78,204.5961
2024-02-05,W04,2.673426,11.259461,15175.74,0.6016
2024-02-05,W05,7.501409,23.852636,28400.42,1.1523
2024-02-05,W06,1.81958,7.669754,10559.68,6.5906
2024-02-05,W07,30.835966,53.437076,88416.77,65.9067
2024-02-05,W08,0.793574,3.440684,4488.61,0.0815
2024-02-06,W01,21.618075,51.570206,74361.88,91.1029
2024-02-06,W02,20.594492,54.302418,68249.59,59.6137
2024-02-06,W03,21.361084,48.291448,63034.57,231.7952
2024-02-06,W04,2.605477,11.023498,15351.68,0.6268
2024-02-06,W05,7.026945,22.516353,26668.72,0.948
2024-02-06,W06,1.595472,6.627208,8948.27,6.1368
2024-02-06,W07,30.201645,52.351783,84177.28,53.8712
2024-02-06,W08,0.819379,3.568396,4670.39,0.0832
2024-02-07,W01,21.759761,51.501306,74609.39,81.6523
2024-02-07,W02,20.968218,54.05763,66367.18,63.6782
2024-02-07,W03,21.473812,47.532769,63229.85,228.156
2024-02-07,W04,2.68878,11.42276,15267.71,0.6316
2024-02-07,W05,7.146995,22.895596,26879.37,1.09
2024-02-07,W06,1.757935,7.388161,9852.92,6.8195
2024-02-07,W07,30.498928,52.827631,87581.99,61.3027
2024-02-07,W08,0.761139,3.267889,4194.25,0.0817
2024-02-08,W01,21.709769,49.691007,71888.55,88.5423
2024-02-08,W02,20.649859,53.231046,65145.67,67.0777
2024-02-08,W03,21.86122,49.860089,66316.93,213.764
2024-02-08,W04,2.631888,11.220609,15045.29,0.7001
2024-02-08,W05,7.258581,22.77748,26931.42,0.9896
2024-02-08,W06,1.699462,7.041465,9543.47,6.5713
2024-02-08,W07,28.961952,50.510453,82645.61,53.109
2024-02-08,W08,0.744876,3.218844,4167.42,0.0776
2024-02-09,W01,22.82065,53.140022,76699.16,93.6962
2024-02-09,W02,21.083,53.636317,66389.55,62.5681
2024-02-09,W03,22.10367,50.406873,67317.54,222.3463
2024-02-09,W04,2.527485,10.719388,14643.07,0.6151
2024-02-09,W05,7.305455,23.244145,27999.66,1.1363
2024-02-09,W06,1.762482,7.38336,10061.44,6.9238
2024-02-09,W07,30.515499,53.267109,87117.17,60.9133
2024-02-09,W08,0.724843,3.094627,4096.02,0.0698
2024-02-10,W01,20.13054,46.016156,68071.09,91.3816
2024-02-10,W02,18.654537,48.118242,60492.62,60.6165
2024-02-10,W03,21.098294,47.995081,61878.19,246.0184
2024-02-10,W04,0.616392,2.638964,3557.8,2.3692
2024-02-10,W05,2.00271,6.384442,7713.25,4.5114
2024-02-10,W06,0.336127,1.395194,1886.4,21.6437
2024-02-10,W07,30.649746,53.186515,86440.56,67.3066
2024-02-10,W08,0.123582,0.526723,694.42,0.2011
2024-02-11,W01,20.129723,47.714999,68331.63,85.4515
2024-02-11,W02,18.780369,48.217881,59991.77,68.8791
2024-02-11,W03,20.265746,44.364881,60256.07,251.1058
2024-02-11,W04,0.61825,2.621624,3458.97,2.7224
2024-02-11,W05,1.98229,6.356784,7583.46,4.6252
2024-02-11,W06,0.36298,1.52961,2042.33,23.8473
2024-02-11,W07,30.807561,53.409709,86656.07,65.712
2024-02-11,W08,0.136618,0.592254,767.57,0.2219
2024-02-12,W01,19.135587,44.865003,64569.37,82.5732
2024-02-12,W02,18.471275,47.745988,59993.02,68.2842
2024-02-12,W03,20.266577,45.932972,60790.88,242.2319
2024-02-12,W04,0.579935,2.455871,3316.3,2.452
2024-02-12,W05,2.070647,6.565807,7849.55,4.9641
2024-02-12,W06,0.345029,1.447287,1949.28,22.1158
2024-02-12,W07,28.977674,50.275566,82402.65,65.7673
2024-02-12,W08,0.139124,0.598092,787.12,0.2268
2024-02-13,W01,20.852272,47.688224,68733.3,90.856
2024-02-13,W02,19.636805,50.718308,64476.01,71.7872
2024-02-13,W03,21.183383,46.728599,62681.04,250.2881
2024-02-13,W04,0.596153,2.514166,3480.37,2.4124
2024-02-13,W05,1.968625,6.318307,7402.65,4.9328
2024-02-13,W06,0.346506,1.450281,1995.34,21.8175
2024-02-13,W07,28.298782,49.161374,80571.21,59.5248
2024-02-13,W08,0.121463,0.518081,679.94,0.192
2024-02-14,W01,20.643842,48.320665,69708.27,84.336
2024-02-14,W02,18.840261,49.160399,61357.33,69.3564
2024-02-14,W03,20.706543,45.533914,61566.07,245.5069
2024-02-14,W04,0.579177,2.455332,3280.44,2.3181
2024-02-14,W05,1.903897,6.144944,7423.51,4.6922
2024-02-14,W06,0.349735,1.46584,2009.83,22.4621
2024-02-14,W07,27.778968,48.234147,78827.54,59.1833
2024-02-14,W08,0.130168,0.558247,736.29,0.2132
2024-02-15,W01,20.547522,47.977692,70008.26,95.9694
2024-02-15,W02,19.416018,50.453299,62744.73,66.6299
2024-02-15,W03,20.363135,45.856751,60757.3,236.5029
2024-02-15,W04,0.627012,2.658761,3632.17,2.3533
2024-02-15,W05,2.043948,6.653127,7967.58,4.9269
2024-02-15,W06,0.354187,1.481002,1981.38,21.462
2024-02-15,W07,27.650774,48.100345,78530.54,58.9662
2024-02-15,W08,0.124683,0.533526,703.91,0.2253
2024-02-16,W01,19.800328,47.230064,67509.15,88.7326
2024-02-16,W02,19.150071,49.334332,62707.4,62.5899
2024-02-16,W03,19.93577,45.0654,58764.85,235.9263
2024-02-16,W04,0.591388,2.495213,3277.97,2.2012
2024-02-16,W05,2.082573,6.677953,7932.89,4.9149
2024-02-16,W06,0.337578,1.408447,1882.71,20.9689
2024-02-16,W07,28.628964,49.652677,81639.62,60.9012
2024-02-16,W08,0.12319,0.529114,684.18,0.2213
2024-02-17,W01,21.50666,51.118634,74050.26,95.0285
2024-02-17,W02,18.236963,47.284439,58813.58,65.3516
2024-02-17,W03,20.889443,47.235917,62883.76,225.5246
2024-02-17,W04,0.574169,2.432863,3212.66,2.2798
2024-02-17,W05,2.039802,6.507956,7830.58,5.1803
2024-02-17,W06,0.329919,1.375355,1866.85,22.6515
2024-02-17,W07,26.395007,45.846432,74975.15,57.2206
2024-02-17,W08,0.130088,0.557198,733.14,0.2008
2024-02-18,W01,20.766263,49.147172,71210.94,82.2478
2024-02-18,W02,19.800205,51.702202,65308.89,60.0221
2024-02-18,W03,18.824323,42.916468,57087.03,196.903
2024-02-18,W04,0.901963,3.828602,5046.43,1.0277
2024-02-18,W05,2.737256,8.632371,10141.57,2.0335
2024-02-18,W06,0.550111,2.328784,3132.04,10.2379
2024-02-18,W07,29.932011,51.841391,83056.55,63.5834
2024-02-18,W08,0.214001,0.915734,1217.38,0.1151
2024-02-19,W01,23.832604,56.349622,80631.07,107.2797
2024-02-19,W02,20.8427,53.101904,66149.47,71.1311
2024-02-19,W03,22.76647,52.051066,69686.13,237.7476
2024-02-19,W04,2.685043,11.385301,15176.7,0.6405
2024-02-19,W05,7.767522,25.218296,29950.34,1.165
2024-02-19,W06,1.808855,7.63962,10508.52,6.4247
2024-02-19,W07,28.762326,50.41878,83847.17,55.0141
2024-02-19,W08,0.727396,3.121426,4125.76,0.0705
2024-02-20,W01,23.840989,54.937619,80331.09,85.8708
2024-02-20,W02,20.972862,54.91114,67424.34,72.8118
2024-02-20,W03,21.35355,48.059728,63747.44,221.7399
2024-02-20,W04,2.60517,11.001949,14799.82,0.6168
2024-02-20,W05,7.423397,24.055747,28548.67,1.1746
2024-02-20,W06,1.595571,6.591008,9051.26,5.8514
2024-02-20,W07,30.491851,53.134972,86766.86,60.5805
2024-02-20,W08,0.724439,3.100631,3999.06,0.0694
2024-02-21,W01,22.025378,52.03194,75272.01,82.5966
2024-02-21,W02,19.58879,50.532745,62448.17,64.3908
2024-02-21,W03,22.51649,50.284415,66926.38,247.4911
2024-02-21,W04,2.678436,11.323931,15181.96,0.5776
2024-02-21,W05,7.435844,23.77213,28193.15,1.0876
2024-02-21,W06,1.859896,7.806391,10499.53,7.509
2024-02-21,W07,29.002861,50.436984,81005.62,53.6907
2024-02-21,W08,0.764019,3.266686,4358.41,0.08
2024-02-22,W01,22.094021,52.164292,73178.4,85.769
2024-02-22,W02,20.28986,53.138795,66554.45,62.4305
2024-02-22,W03,21.539636,49.976149,66892.06,221.7404
2024-02-22,W04,2.617729,11.007035,14849.67,0.6788
2024-02-22,W05,7.488237,23.662642,27969.73,1.0571
2024-02-22,W06,1.740198,7.336558,9859.3,6.0591
2024-02-22,W07,31.560426,54.577912,91481.0,60.2091
2024-02-22,W08,0.729785,3.128511,4087.38,0.0734
2024-02-23,W01,22.12103,51.479991,73147.4,89.5701
2024-02-23,W02,21.691893,56.241413,68700.33,64.437
2024-02-23,W03,22.759841,51.622284,68926.2,223.4994
2024-02-23,W04,2.479789,10.437581,14072.7,0.5984
2024-02-23,W05,7.101533,22.822543,27276.14,0.9757
2024-02-23,W06,1.77249,7.446323,9958.77,6.1655
2024-02-23,W07,30.71906,53.43692,86350.43,61.7943
2024-02-23,W08,0.779422,3.359272,4457.36,0.0807
2024-02-24,W01,20.384237,48.255858,68911.47,75.1942
2024-02-24,W02,21.981327,56.390824,70501.7,75.0967
2024-02-24,W03,22.658763,50.365368,68414.19,246.9485
2024-02-24,W04,1.668562,7.033915,9756.95,0.703
2024-02-24,W05,4.901191,15.519614,18478.29,1.2039
2024-02-24,W06,1.169982,4.927724,6574.04,7.7966
2024-02-24,W07,30.90691,53.616132,86018.87,62.8132
2024-02-24,W08,0.487747,2.082735,2765.38,0.0886
2024-02-25,W01,20.344896,48.67857,70037.62,90.4849
2024-02-25,W02,19.091356,50.433953,62265.91,60.9885
2024-02-25,W03,19.156832,44.114544,57465.37,221.7406
2024-02-25,W04,0.953944,4.051422,5544.6,1.199
2024-02-25,W05,2.902908,9.322805,11064.75,2.02
2024-02-25,W06,0.548332,2.303618,3142.0,10.4028
2024-02-25,W07,31.521062,54.381503,89699.69,66.5892
2024-02-25,W08,0.227266,0.977191,1264.22,0.107
2024-02-26,W01,22.097688,51.54234,72468.7,87.3271
2024-02-26,W02,22.034989,58.283145,72861.24,70.0217
2024-02-26,W03,20.593812,47.409243,62848.33,211.755
2024-02-26,W04,2.604804,10.873738,14975.12,0.6411
2024-02-26,W05,7.825491,24.895898,28894.38,1.1502
2024-02-26,W06,1.708793,7.110094,9833.76,6.945
2024-02-26,W07,30.475361,53.013884,85235.07,54.596
2024-02-26,W08,0.759827,3.261892,4331.91,0.0777
2024-02-27,W01,21.712419,51.67555,74946.54,85.2936
2024-02-27,W02,21.322401,55.859647,69785.67,63.3199
2024-02-27,W03,22.382608,50.44296,67427.03,227.7711
2024-02-27,W04,2.652615,11.109867,15288.17,0.6556
2024-02-27,W05,7.183747,22.576544,26501.96,0.9895
2024-02-27,W06,1.697004,7.04265,9854.72,6.4842
2024-02-27,W07,32.56178,56.445043,92244.6,66.8086
2024-02-27,W08,0.778595,3.382973,4364.7,0.0774
2024-02-28,W01,20.554698,48.394069,69663.33,81.3786
2024-02-28,W02,20.115924,52.018502,64745.89,70.6008
2024-02-28,W03,22.495993,49.289443,66180.34,245.2574
2024-02-28,W04,2.655885,11.167704,15316.38,0.6423
2024-02-28,W05,7.598071,23.919236,28636.9,1.1715
2024-02-28,W06,1.596954,6.554808,9297.27,6.1204
2024-02-28,W07,30.544347,53.0603,85862.44,59.6923
2024-02-28,W08,0.730183,3.127829,4039.5,0.0681
2024-02-29,W01,21.95808,52.058614,74147.56,83.8556
2024-02-29,W02,21.127311,54.873281,68599.63,67.2313
2024-02-29,W03,21.424007,48.853504,64264.77,218.5989
2024-02-29,W04,2.774595,11.742202,16155.75,0.7029
2024-02-29,W05,7.641423,24.660896,28877.17,1.1513
2024-02-29,W06,1.85196,7.774097,10604.49,6.9591
2024-02-29,W07,30.376763,52.772492,87313.02,55.9969
2024-02-29,W08,0.770446,3.300283,4332.0,0.0799
2024-03-01,W01,18.72182,46.028086,65453.3,76.3595
2024-03-01,W02,18.252581,48.075862,60384.09,58.3241
2024-03-01,W03,18.985749,43.426792,56904.14,213.1075
2024-03-01,W04,2.335829,9.742695,13361.1,0.514
2024-03-01,W05,6.783368,22.228576,26646.69,1.1028
2024-03-01,W06,1.603965,6.651857,9150.52,6.1217
2024-03-01,W07,24.443078,42.686172,71266.65,46.018
2024-03-01,W08,0.667988,2.847838,3745.26,0.0682
2024-03-02,W01,18.526226,44.557928,64581.79,70.4441
2024-03-02,W02,17.526428,45.929402,56878.96,55.8177
2024-03-02,W03,17.543762,40.710553,53336.26,184.2987
2024-03-02,W04,1.64248,6.90759,9459.4,0.6096
2024-03-02,W05,4.781852,15.570438,18271.53,1.0593
2024-03-02,W06,1.054286,4.321311,5970.12,7.2291
2024-03-02,W07,24.071195,42.489438,69669.27,45.3929
2024-03-02,W08,0.5102,2.116796,2916.33,0.0766
2024-03-03,W01,18.180169,44.58115,63736.38,74.4311
2024-03-03,W02,16.669314,43.736523,54333.9,57.2498
2024-03-03,W03,18.319906,42.481648,56612.03,201.9991
2024-03-03,W04,0.847115,3.523051,5033.67,0.98
2024-03-03,W05,4.112047,15.501835,18538.89,3.0089
2024-03-03,W06,0.513129,2.130522,2925.89,10.9339
2024-03-03,W07,25.495201,44.257538,74052.62,51.6345
2024-03-03,W08,0.209053,0.893338,1180.77,0.105
2024-03-04,W01,17.257597,42.604616,59990.81,70.7238
2024-03-04,W02,17.743238,47.660521,59808.06,53.1462
2024-03-04,W03,19.507072,44.657204,59410.12,193.3959
2024-03-04,W04,2.500382,10.460475,14117.13,0.6023
2024-03-04,W05,6.686373,21.440146,25048.67,1.0337
2024-03-04,W06,1.583267,6.524482,9128.48,5.9834
2024-03-04,W07,25.218251,44.105052,72817.89,49.5119
2024-03-04,W08,0.659341,2.822808,3708.19,0.0604
2024-03-05,W01,18.814826,46.524418,66598.34,70.8678
2024-03-05,W02,18.275838,48.038766,59214.73,55.4911
2024-03-05,W03,18.6033,42.407155,56153.88,182.7508
2024-03-05,W04,2.439522,10.226225,14012.07,0.6107
2024-03-05,W05,7.011823,22.920777,26934.89,1.1577
2024-03-05,W06,1.631118,6.790118,9187.17,6.5625
2024-03-05,W07,27.606193,47.975739,79077.46,51.6148
2024-03-05,W08,0.722696,3.104001,4118.61,0.0747
2024-03-06,W01,19.68702,46.079082,67349.01,72.793
2024-03-06,W02,17.859919,47.897752,58855.69,56.7234
2024-03-06,W03,19.205115,44.331475,59146.21,227.0752
2024-03-06,W04,2.331946,9.74907,13285.85,0.6048
2024-03-06,W05,6.524373,21.255233,25497.96,1.0288
2024-03-06,W06,1.714151,7.162579,9727.24,6.4454
2024-03-06,W07,28.313465,49.05479,80134.36,52.7243
2024-03-06,W08,0.713672,3.066106,3987.86,0.0763
2024-03-07,W01,19.165184,47.534759,67102.91,73.1426
2024-03-07,W02,18.250203,47.611851,59288.84,59.0809
2024-03-07,W03,19.330669,44.297915,58000.19,214.8974
2024-03-07,W04,2.292143,9.515466,13155.52,0.6495
2024-03-07,W05,6.86658,22.557119,26875.56,1.0
2024-03-07,W06,1.505386,6.169795,8737.57,5.7159
2024-03-07,W07,26.427939,45.983814,74323.22,49.3189
2024-03-07,W08,0.700371,2.990026,3834.18,0.0704
2024-03-08,W01,19.587822,47.210027,68462.89,76.0701
2024-03-08,W02,18.163849,48.292558,59109.76,58.8505
2024-03-08,W03,19.798407,45.305082,59192.68,205.5546
2024-03-08,W04,2.438863,10.355312,14005.68,0.5582
2024-03-08,W05,6.581489,21.680155,25523.03,0.914
2024-03-08,W06,1.510507,6.163922,8642.87,5.7021
2024-03-08,W07,26.787766,46.792196,75475.5,48.8438
2024-03-08,W08,0.699271,2.976678,3808.9,0.0704
2024-03-09,W01,18.009869,43.526972,62761.61,73.5058
2024-03-09,W02,18.013819,46.689531,58622.3,56.4224
2024-03-09,W03,17.970555,40.883025,54621.51,190.4831
2024-03-09,W04,1.58301,6.618428,9093.81,0.6183
2024-03-09,W05,4.753474,15.250167,18063.08,1.0594
2024-03-09,W06,1.118546,4.432262,6620.08,7.103
2024-03-09,W07,23.914684,41.781113,67749.69,44.9404
2024-03-09,W08,0.460023,1.958189,2617.62,0.0696
2024-03-10,W01,17.852677,43.390207,61462.02,69.4908
2024-03-10,W02,17.198795,44.436264,56178.12,51.7442
2024-03-10,W03,17.619906,40.552437,53589.16,193.9237
2024-03-10,W04,0.875495,3.6715,4980.85,0.9476
2024-03-10,W05,2.452015,7.887261,9306.63,1.7857
2024-03-10,W06,0.512182,2.160178,2902.38,10.5063
2024-03-10,W07,24.848102,43.323846,71059.1,49.307
2024-03-10,W08,0.218939,0.931141,1250.58,0.1159
2024-03-11,W01,19.479318,46.942479,67890.96,74.6634
2024-03-11,W02,17.89776,46.344979,58612.53,57.4809
2024-03-11,W03,19.666772,44.650609,58589.83,202.7043
2024-03-11,W04,2.415771,10.15426,13738.13,0.6046
2024-03-11,W05,6.292872,20.278059,24013.66,0.8757
2024-03-11,W06,1.694059,7.069471,9715.65,7.1332
2024-03-11,W07,25.750413,44.940503,73911.38,48.961
2024-03-11,W08,0.739747,3.189973,4166.98,0.0758
2024-03-12,W01,19.533941,47.265205,67447.93,81.4237
2024-03-12,W02,18.646255,49.555758,61940.92,55.8621
2024-03-12,W03,19.131904,42.983746,56885.43,200.29
2024-03-12,W04,2.293788,9.588734,12819.5,0.5198
2024-03-12,W05,6.444866,20.759733,24754.9,0.9309
2024-03-12,W06,1.651224,6.876553,9376.97,6.0097
2024-03-12,W07,25.128441,43.912918,71538.24,46.0377
2024-03-12,W08,0.689241,2.919091,3803.73,0.0727
2024-03-13,W01,18.892009,45.238092,64026.83,72.4673
2024-03-13,W02,17.230782,46.185746,58577.3,53.8164
2024-03-13,W03,19.24854,44.828093,59287.22,209.7042
2024-03-13,W04,2.308163,9.699814,13200.29,0.5228
2024-03-13,W05,6.855694,22.356701,26296.12,0.9018
2024-03-13,W06,1.64351,6.823625,9337.33,5.8431
2024-03-13,W07,25.576088,44.873899,73918.35,52.187
2024-03-13,W08,0.70041,2.99712,3879.81,0.0624
2024-03-14,W01,18.887737,46.440425,65598.62,67.5421
2024-03-14,W02,18.203714,48.149934,60293.32,61.4959
2024-03-14,W03,19.240107,44.34185,58184.44,182.0635
2024-03-14,W04,2.530006,10.657498,14264.11,0.5442
2024-03-14,W05,6.784193,21.9404,25866.53,1.0606
2024-03-14,W06,1.646257,6.834954,9344.58,5.7387
2024-03-14,W07,23.280253,41.038001,67658.57,45.2341
2024-03-14,W08,0.624632,2.641926,3572.94,0.0633
2024-03-15,W01,19.558752,46.564072,67085.05,71.6976
2024-03-15,W02,18.928715,49.934912,62622.87,59.4217
2024-03-15,W03,18.678044,42.012306,56589.82,200.7118
2024-03-15,W04,2.675514,11.356213,15749.66,0.6329
2024-03-15,W05,6.509822,21.161468,25426.07,0.8945
2024-03-15,W06,1.504698,6.224847,8493.94,5.9835
2024-03-15,W07,27.755119,48.255311,79316.32,50.9143
2024-03-15,W08,0.639585,2.731892,3501.39,0.0639
2024-03-16,W01,20.203968,47.988536,70429.84,80.2793
2024-03-16,W02,18.504401,47.952104,59112.29,56.8416
2024-03-16,W03,18.643119,42.438465,55981.53,188.0996
2024-03-16,W04,1.722775,7.252846,9966.53,0.6692
2024-03-16,W05,4.644169,15.132736,17797.17,1.2468
2024-03-16,W06,1.113781,4.650958,6244.18,7.2388
2024-03-16,W07,24.595831,43.274052,70426.79,44.7058
2024-03-16,W08,0.473698,2.031681,2691.39,0.0874
2024-03-17,W01,18.391574,44.754964,63128.46,80.6277
2024-03-17,W02,17.046665,45.888134,57843.86,53.6886
2024-03-17,W03,18.108928,41.422242,54570.2,203.911
2024-03-17,W04,0.884772,3.699077,5079.93,1.0725
2024-03-17,W05,2.484162,7.944645,9524.38,1.738
2024-03-17,W06,0.535641,2.252331,3001.57,11.145
2024-03-17,W07,24.007484,42.16143,69171.5,48.3512
2024-03-17,W08,0.210426,0.900943,1200.03,0.1056
2024-03-18,W01,19.248948,46.38236,67288.86,73.8036
2024-03-18,W02,18.604686,49.88501,63613.67,54.8532
2024-03-18,W03,18.437752,42.169903,55481.76,179.2335
2024-03-18,W04,2.388792,9.925376,13799.88,0.5645
2024-03-18,W05,6.522846,21.269236,25291.16,0.8976
2024-03-18,W06,1.596309,6.659723,9068.85,6.179
2024-03-18,W07,25.573264,44.676276,73025.48,46.4538
2024-03-18,W08,0.691914,2.948639,3924.67,0.0666
2024-03-19,W01,18.984426,47.241542,67937.29,71.5424
2024-03-19,W02,16.827489,45.212147,56010.66,52.2895
2024-03-19,W03,19.570033,45.222662,60664.78,198.6967
2024-03-19,W04,2.431769,10.192465,13960.05,0.5452
2024-03-19,W05,7.117587,23.45879,27724.48,0.9942
2024-03-19,W06,1.686993,6.967105,9591.57,6.9524
2024-03-19,W07,24.310437,42.756485,70191.52,43.1628
2024-03-19,W08,0.684648,2.897998,3883.81,0.0662
2024-03-20,W01,19.267566,46.529736,66563.81,71.1818
2024-03-20,W02,18.393182,49.486967,60739.84,53.1967
2024-03-20,W03,19.174355,44.387924,58439.48,188.9062
2024-03-20,W04,2.309115,9.607621,13360.54,0.5364
2024-03-20,W05,6.63452,21.361112,26193.57,0.9708
2024-03-20,W06,1.603429,6.704268,9170.16,5.8698
2024-03-20,W07,25.568244,44.580306,72548.87,47.4984
2024-03-20,W08,0.702344,3.003486,3907.43,0.0729
2024-03-21,W01,19.127149,44.937154,65177.34,70.0238
2024-03-21,W02,17.084548,45.478993,56181.88,52.8367
2024-03-21,W03,18.970501,43.759227,57017.33,215.3732
2024-03-21,W04,2.579717,10.910812,14572.16,0.6564
2024-03-21,W05,6.800761,21.848957,25817.29,1.0727
2024-03-21,W06,1.726493,7.155532,9908.32,6.3791
2024-03-21,W07,27.217216,47.545194,78258.87,52.9817
2024-03-21,W08,0.720637,3.099422,4060.41,0.077
2024-03-22,W01,18.163746,44.009838,63076.97,66.6883
2024-03-22,W02,18.29093,49.434539,60687.95,55.5457
2024-03-22,W03,19.078648,44.517692,58288.2,196.7561
2024-03-22,W04,2.297269,9.582044,12928.28,0.5732
2024-03-22,W05,6.363899,20.636625,24763.81,0.8728
2024-03-22,W06,1.618606,6.716687,9128.82,5.5341
2024-03-22,W07,26.807896,46.672083,76951.84,51.8631
2024-03-22,W08,0.693206,2.95604,3921.94,0.0703
2024-03-23,W01,17.937104,42.931492,60666.22,61.9459
2024-03-23,W02,18.118401,47.999069,59425.4,56.5026
2024-03-23,W03,18.626647,43.113303,57226.09,202.2042
2024-03-23,W04,1.713298,7.190147,9802.55,0.6828
2024-03-23,W05,4.809295,15.517836,18420.49,1.207
2024-03-23,W06,1.123914,4.656013,6544.48,7.2614
2024-03-23,W07,24.80545,43.592284,69666.25,46.8797
2024-03-23,W08,0.484505,2.080595,2669.55,0.0897
2024-03-24,W01,18.801743,45.621127,64657.89,84.0493
2024-03-24,W02,17.48199,45.522565,57117.67,54.6536
2024-03-24,W03,17.536318,39.494823,53576.92,201.1069
2024-03-24,W04,0.812493,3.398221,4673.6,1.0109
2024-03-24,W05,2.468486,8.067974,9620.74,1.7565
2024-03-24,W06,0.45338,1.866691,2602.25,8.7864
2024-03-24,W07,25.793692,45.049066,73503.57,49.6846
2024-03-24,W08,0.214606,0.918016,1210.69,0.1028
2024-03-25,W01,18.858956,44.24814,63569.48,74.4948
2024-03-25,W02,17.548917,47.393339,59295.01,51.5257
2024-03-25,W03,18.718387,43.55668,57773.89,192.4077
2024-03-25,W04,2.521859,10.527708,14500.69,0.659
2024-03-25,W05,6.483962,21.203492,26049.74,0.9303
2024-03-25,W06,1.584138,6.592076,8798.85,5.7295
2024-03-25,W07,26.286287,46.22582,75190.74,45.9718
2024-03-25,W08,0.716889,3.058953,3921.63,0.078
2024-03-26,W01,19.426615,47.063719,66709.73,70.3055
2024-03-26,W02,18.341569,48.277136,60823.24,52.3061
2024-03-26,W03,19.00522,43.302996,57197.42,184.7104
2024-03-26,W04,2.516843,10.588631,14427.96,0.6108
2024-03-26,W05,6.893292,22.277789,26728.93,0.974
2024-03-26,W06,1.571213,6.504233,8879.15,6.2497
2024-03-26,W07,24.981076,43.801425,71786.16,47.4538
2024-03-26,W08,0.724602,3.096917,4116.49,0.0689
2024-03-27,W01,19.492944,46.774896,67120.62,70.8932
2024-03-27,W02,19.215656,51.188555,63997.86,62.2823
2024-03-27,W03,19.018736,43.590583,57741.72,191.9281
2024-03-27,W04,2.415883,10.042083,13976.63,0.5754
2024-03-27,W05,6.543157,21.042168,25763.16,1.0486
2024-03-27,W06,1.475696,6.136003,8483.35,5.1496
2024-03-27,W07,27.097242,47.500475,78649.88,49.8296
2024-03-27,W08,0.696375,2.971399,3919.81,0.0773
2024-03-28,W01,18.557103,44.468587,63161.53,77.6357
2024-03-28,W02,17.722169,46.753947,60301.24,62.7611
2024-03-28,W03,18.786363,42.861724,57414.63,195.4897
2024-03-28,W04,2.39905,10.016679,13716.47,0.5188
2024-03-28,W05,6.987642,22.808198,27313.97,1.0774
2024-03-28,W06,1.554574,6.476208,8954.52,6.1416
2024-03-28,W07,26.16045,45.638183,75893.2,49.9128
2024-03-28,W08,0.674751,2.87904,3794.49,0.0692
2024-03-29,W01,18.509198,44.118194,63183.07,73.6031
2024-03-29,W02,17.842751,46.761556,58507.8,60.2313
2024-03-29,W03,19.144379,44.067205,57171.63,212.1708
2024-03-29,W04,2.432523,10.278351,14060.53,0.6249
2024-03-29,W05,6.723882,21.365208,24890.99,0.9693
2024-03-29,W06,1.632943,6.874894,9523.46,6.4761
2024-03-29,W07,23.76981,41.793524,68437.16,45.8326
2024-03-29,W08,0.693977,2.948084,3922.6,0.0733
2024-03-30,W01,18.684768,45.013129,64162.93,64.789
2024-03-30,W02,17.134232,45.309333,56130.55,53.8399
2024-03-30,W03,18.675259,42.297535,55870.74,192.0533
2024-03-30,W04,1.688796,7.059697,9995.77,0.6326
2024-03-30,W05,4.749577,15.486486,18092.85,1.2139
2024-03-30,W06,1.070174,4.410913,6166.36,6.2819
2024-03-30,W07,23.649618,41.343837,68050.09,43.2799
2024-03-30,W08,0.471278,2.015421,2671.7,0.0763
2024-03-31,W01,18.237262,44.188186,63225.87,85.5198
2024-03-31,W02,17.158579,45.471656,57130.46,53.9295
2024-03-31,W03,17.567427,40.724767,54203.14,187.1643
2024-03-31,W04,0.858334,3.622837,4968.97,1.0923
2024-03-31,W05,2.416746,7.738453,9095.33,1.6621
2024-03-31,W06,0.536336,2.218103,3030.66,11.2087
2024-03-31,W07,26.938356,46.920351,76389.88,55.3155
2024-03-31,W08,0.217797,0.927867,1242.31,0.1107
2024-04-01,W01,16.961603,41.759842,60197.73,62.2271
2024-04-01,W02,16.242963,44.554474,55331.44,49.6182
2024-04-01,W03,16.557429,38.718743,51322.11,164.5197
2024-04-01,W04,2.245875,9.375458,12905.93,0.5303
2024-04-01,W05,5.86005,19.60946,23342.99,0.8222
2024-04-01,W06,1.524694,6.342444,8659.35,5.9866
2024-04-01,W07,21.170408,37.550802,62375.1,40.7166
2024-04-01,W08,0.676572,2.863596,3757.79,0.0713
2024-04-02,W01,16.051874,39.949461,54598.64,58.7942
2024-04-02,W02,15.4865,42.434211,51657.52,49.156
2024-04-02,W03,16.954104,39.94626,51802.44,190.8945
2024-04-02,W04,2.279508,9.552761,13191.33,0.5382
2024-04-02,W05,6.350995,21.023291,25234.73,0.8599
2024-04-02,W06,1.477837,6.087475,8320.09,5.4034
2024-04-02,W07,21.703331,38.365687,63109.2,41.2598
2024-04-02,W08,0.708126,3.029385,4027.89,0.0631
2024-04-03,W01,17.072524,42.914685,60340.16,66.1351
2024-04-03,W02,16.133466,43.892597,54460.69,49.0489
2024-04-03,W03,15.963832,37.446438,48427.84,164.264
2024-04-03,W04,2.23071,9.338208,12856.87,0.5012
2024-04-03,W05,6.094155,20.108135,24020.9,0.8677
2024-04-03,W06,1.557504,6.505146,8736.35,5.6147
2024-04-03,W07,20.344904,35.955038,58693.65,35.5681
2024-04-03,W08,0.712462,3.045322,3962.37,0.0736
2024-04-04,W01,16.081444,39.886509,56256.98,66.8703
2024-04-04,W02,14.357664,38.386647,48779.79,50.311
2024-04-04,W03,15.480761,35.867336,47106.33,177.4381
2024-04-04,W04,0.558544,2.339644,3269.29,2.112
2024-04-04,W05,1.583171,5.192777,6296.43,3.7781
2024-04-04,W06,0.318422,1.31044,1837.23,18.7495
2024-04-04,W07,20.424781,36.117109,59532.12,43.133
2024-04-04,W08,0.111249,0.468309,636.21,0.1763
2024-04-05,W01,15.29316,37.694314,53905.28,61.1127
2024-04-05,W02,14.627643,39.820724,49821.8,53.261
2024-04-05,W03,15.17456,35.568499,46376.1,174.146
2024-04-05,W04,0.559294,2.360045,3244.04,2.1219
2024-04-05,W05,1.578811,5.263669,6375.86,3.5765
2024-04-05,W06,0.308189,1.271722,1776.89,18.784
2024-04-05,W07,21.680356,38.168634,59852.3,43.868
2024-04-05,W08,0.110241,0.46754,619.18,0.1903
2024-04-06,W01,15.601257,37.513004,54345.15,64.6298
2024-04-06,W02,14.200869,38.613849,48032.14,48.7207
2024-04-06,W03,14.938961,35.276002,46185.36,175.4676
2024-04-06,W04,0.550518,2.307933,3156.55,2.2594
2024-04-06,W05,2.358384,6.505041,8294.48,5.564
2024-04-06,W06,0.329395,1.366675,1891.3,21.5488
2024-04-06,W07,20.963682,36.85662,61912.78,40.2692
2024-04-06,W08,0.120872,0.516261,693.37,0.2103
2024-04-07,W01,16.513187,40.4915,57358.8,65.6763
2024-04-07,W02,15.836552,42.891772,54013.51,51.9579
2024-04-07,W03,15.516672,36.032165,47975.13,167.2939
2024-04-07,W04,0.752936,3.094902,4360.81,0.9161
2024-04-07,W05,2.234886,7.327995,8651.36,1.5462
2024-04-07,W06,0.623003,2.132098,3710.11,12.3651
2024-04-07,W07,20.129553,35.727398,58619.28,41.7885
2024-04-07,W08,0.205971,0.88365,1171.48,0.1135
2024-04-08,W01,16.587604,41.784602,60169.25,67.3354
2024-04-08,W02,15.547563,42.069259,51841.09,48.9471
2024-04-08,W03,17.05091,39.658563,51403.38,181.7755
2024-04-08,W04,2.425181,10.138724,13982.7,0.528
2024-04-08,W05,6.283421,20.906312,25174.71,0.8691
2024-04-08,W06,1.709931,7.123542,9598.61,6.2488
2024-04-08,W07,21.844776,38.725887,64527.23,44.1471
2024-04-08,W08,0.691086,2.930114,3856.85,0.0807
2024-04-09,W01,17.018014,41.762482,59115.31,61.0847
2024-04-09,W02,15.744855,44.032764,53415.51,49.2581
2024-04-09,W03,16.064838,38.336492,49544.66,160.2542
2024-04-09,W04,2.424721,10.167764,13620.81,0.6089
2024-04-09,W05,6.036412,19.909321,24154.09,0.9163
2024-04-09,W06,1.445523,5.892268,8158.24,5.4713
2024-04-09,W07,21.747636,38.236316,62666.64,38.9796
2024-04-09,W08,0.628252,2.647968,3555.3,0.0624
2024-04-10,W01,16.626147,39.896759,57123.88,59.5945
2024-04-10,W02,16.843764,45.187408,56761.69,51.4138
2024-04-10,W03,15.941561,38.03964,49643.04,157.678
2024-04-10,W04,2.510017,10.547985,14339.34,0.5838
2024-04-10,W05,5.734501,18.744179,22822.76,0.769
2024-04-10,W06,1.446033,5.846095,8359.72,5.3665
2024-04-10,W07,22.928423,40.066147,66096.77,50.4215
2024-04-10,W08,0.680901,2.9044,3802.3,0.0639
2024-04-11,W01,16.51903,40.038011,57252.38,65.5686
2024-04-11,W02,15.844197,43.471953,52809.19,49.3839
2024-04-11,W03,16.143831,38.114964,49601.51,166.9804
2024-04-11,W04,2.475262,10.422377,14326.71,0.627
2024-04-11,W05,6.028754,20.004331,24335.85,0.9146
2024-04-11,W06,1.525434,6.293806,8782.15,5.9676
2024-04-11,W07,23.558007,41.177311,68458.1,45.9566
2024-04-11,W08,0.650251,2.741653,3680.02,0.0613
2024-04-12,W01,17.132373,42.523904,61130.56,66.801
2024-04-12,W02,15.761954,42.871412,52716.13,47.5518
2024-04-12,W03,15.357251,36.850249,47936.19,162.3714
2024-04-12,W04,2.271322,9.46292,13067.25,0.5198
2024-04-12,W05,5.908492,19.19867,23152.04,0.9204
2024-04-12,W06,1.490081,6.157237,8453.47,5.3134
2024-04-12,W07,21.506721,37.65111,63102.05,39.612
2024-04-12,W08,0.674053,2.885951,3866.58,0.0767
2024-04-13,W01,15.294512,37.813442,53353.46,61.875
2024-04-13,W02,14.671838,40.011578,49803.36,43.2373
2024-04-13,W03,15.397643,36.800314,47936.6,160.6683
2024-04-13,W04,1.694813,7.15337,9782.12,0.5953
2024-04-13,W05,4.322337,14.021348,17080.94,0.9742
2024-04-13,W06,1.06092,4.401874,6022.76,6.5277
2024-04-13,W07,21.498229,37.750275,61629.99,44.7188
2024-04-13,W08,0.466565,2.00296,2678.7,0.0727
2024-04-14,W01,15.038562,38.818393,53176.12,58.3718
2024-04-14,W02,15.089679,41.359281,51659.73,50.4159
2024-04-14,W03,15.011032,35.250207,46496.26,163.7186
2024-04-14,W04,2.136877,9.538491,12127.56,2.5174
2024-04-14,W05,2.274224,7.490055,8991.67,1.6723
2024-04-14,W06,0.484258,1.994297,2735.99,9.737
2024-04-14,W07,20.281248,35.742688,57726.23,41.2801
2024-04-14,W08,0.202425,0.867088,1138.98,0.1088
2024-04-15,W01,17.523106,43.244537,61215.19,70.5897
2024-04-15,W02,15.596201,42.783446,51969.02,46.9197
2024-04-15,W03,16.463187,38.898505,50983.53,174.3982
2024-04-15,W04,2.317727,9.647933,13131.43,0.538
2024-04-15,W05,6.113923,20.180927,23604.79,0.8698
2024-04-15,W06,1.553413,6.439367,8967.42,6.0157
2024-04-15,W07,21.885928,38.583423,64193.1,46.1733
2024-04-15,W08,0.704299,3.016202,4017.02,0.0757
2024-04-16,W01,17.315706,42.965399,61185.44,67.9412
2024-04-16,W02,15.880103,43.547201,54209.95,47.4747
2024-04-16,W03,15.998207,37.786567,48623.6,170.9649
2024-04-16,W04,2.455567,10.338393,14093.7,0.5928
2024-04-16,W05,6.173584,20.227489,24300.95,0.8752
2024-04-16,W06,1.452877,5.978299,8184.3,5.445
2024-04-16,W07,22.48475,39.709318,65850.88,38.7382
2024-04-16,W08,0.684015,2.9057,3861.46,0.0663
2024-04-17,W01,16.009363,40.031036,55378.84,57.5034
2024-04-17,W02,15.352275,41.555252,51134.9,48.7691
2024-04-17,W03,17.194611,40.46333,52781.94,193.6352
2024-04-17,W04,2.443341,10.287809,13750.41,0.5746
2024-04-17,W05,6.30311,20.655582,24636.84,0.8347
2024-04-17,W06,1.684484,6.987326,9447.5,6.6515
2024-04-17,W07,21.944646,38.510754,64602.13,39.6382
2024-04-17,W08,0.717216,3.069876,4103.92,0.0757
2024-04-18,W01,15.510203,39.395642,55835.59,67.4503
2024-04-18,W02,15.390385,41.304098,51276.13,47.2827
2024-04-18,W03,16.045677,38.066792,50171.19,155.6488
2024-04-18,W04,2.279074,9.494789,13032.78,0.539
2024-04-18,W05,6.108087,20.121871,23979.07,0.8923
2024-04-18,W06,1.528469,6.238078,8861.58,5.2587
2024-04-18,W07,21.811495,38.222627,63986.84,42.56
2024-04-18,W08,0.731516,3.125552,4230.37,0.069
2024-04-19,W01,17.787043,43.727012,62248.28,65.4366
2024-04-19,W02,15.616735,42.378161,52241.44,50.083
2024-04-19,W03,16.709465,39.017113,51507.83,187.8059
2024-04-19,W04,2.29063,9.561483,13075.24,0.5452
2024-04-19,W05,5.75496,18.892014,22718.83,0.8888
2024-04-19,W06,1.517188,6.25008,8758.17,5.6516
2024-04-19,W07,21.747703,38.394213,62905.19,38.4262
2024-04-19,W08,0.709651,3.024144,3971.34,0.0802
2024-04-20,W01,17.053442,41.368377,58986.53,66.6893
2024-04-20,W02,14.959529,39.65773,49964.8,44.159
2024-04-20,W03,16.02529,38.173904,49218.75,164.1835
2024-04-20,W04,1.616424,6.73569,9227.28,0.6749
2024-04-20,W05,4.259293,14.223279,17275.91,0.9604
2024-04-20,W06,1.006653,4.170081,5752.92,6.4305
2024-04-20,W07,22.843337,40.095675,65662.67,43.6781
2024-04-20,W08,0.420861,1.790509,2404.68,0.0722
2024-04-21,W01,15.825042,38.363618,53564.96,60.0639
2024-04-21,W02,15.182737,41.342641,50800.12,47.3892
2024-04-21,W03,16.127717,38.082714,49902.91,188.9952
2024-04-21,W04,0.830196,3.474734,4857.58,0.8917
2024-04-21,W05,2.367244,7.773143,10213.37,1.6926
2024-04-21,W06,0.468607,1.913067,2648.64,8.8044
2024-04-21,W07,21.710163,38.128609,62305.85,46.9983
2024-04-21,W08,0.203403,0.870285,1171.72,0.0997
2024-04-22,W01,16.595386,40.870518,58515.27,60.2227
2024-04-22,W02,15.668137,42.71749,53280.86,50.0959
2024-04-22,W03,16.709927,39.064867,51754.55,167.9694
2024-04-22,W04,2.155316,8.889936,12332.36,0.4839
2024-04-22,W05,6.245772,20.736878,24839.58,0.962
2024-04-22,W06,1.474181,6.081869,8623.79,5.4504
2024-04-22,W07,22.000315,38.874022,63790.15,39.817
2024-04-22,W08,0.67786,2.908584,3834.99,0.0684
2024-04-23,W01,16.34985,40.70188,58013.67,63.8287
2024-04-23,W02,14.885035,39.958893,49692.53,47.4867
2024-04-23,W03,16.304992,38.298219,50516.32,170.1698
2024-04-23,W04,2.574516,10.895017,14634.18,0.6403
2024-04-23,W05,6.096477,19.92734,24109.99,0.9275
2024-04-23,W06,1.552397,6.369009,8729.78,5.6576
2024-04-23,W07,21.487897,38.089732,63881.74,40.0832
2024-04-23,W08,0.690107,2.940962,3817.94,0.0711
2024-04-24,W01,18.99849,46.646077,65568.15,68.6744
2024-04-24,W02,16.638109,45.541283,56076.97,51.5647
2024-04-24,W03,17.084669,38.990201,52696.95,182.6456
2024-04-24,W04,2.388503,9.990496,13670.2,0.5638
2024-04-24,W05,6.165523,20.456615,24413.14,0.9398
2024-04-24,W06,1.592211,6.534473,9111.98,6.253
2024-04-24,W07,23.045075,40.75512,65634.74,41.8593
2024-04-24,W08,0.688626,2.925626,3929.27,0.0673
2024-04-25,W01,17.02287,43.064837,61994.85,64.5079
2024-04-25,W02,15.571002,42.460028,52606.91,45.1207
2024-04-25,W03,16.028689,37.71708,49333.0,166.8404
2024-04-25,W04,2.438416,10.188584,14040.43,0.643
2024-04-25,W05,6.178581,20.283635,24463.88,0.8842
2024-04-25,W06,1.541791,6.343219,8655.14,6.3551
2024-04-25,W07,21.990479,38.865088,63342.98,41.1925
2024-04-25,W08,0.732906,3.134687,4184.96,0.0739
2024-04-26,W01,17.189237,43.172952,60457.84,71.9405
2024-04-26,W02,15.30815,42.121455,52113.58,48.823
2024-04-26,W03,15.371608,36.18087,47529.08,167.2809
2024-04-26,W04,2.404453,10.048727,14012.68,0.5417
2024-04-26,W05,6.155561,20.313559,24400.32,0.8895
2024-04-26,W06,1.627287,6.772608,9414.91,6.2694
2024-04-26,W07,21.594985,38.262157,63502.06,44.8411
2024-04-26,W08,0.654515,2.767062,3733.87,0.0743
2024-04-27,W01,17.059046,42.90944,60876.28,65.4413
2024-04-27,W02,16.196563,43.682864,54831.83,48.3109
2024-04-27,W03,16.495154,38.484662,50514.04,171.2803
2024-04-27,W04,1.613624,6.745196,9561.25,0.6432
2024-04-27,W05,4.45143,14.96916,17700.13,1.0019
2024-04-27,W06,1.062035,4.417125,6144.15,7.129
2024-04-27,W07,21.763293,38.592508,63919.64,40.9457
2024-04-27,W08,0.466338,1.990721,2559.83,0.0767
2024-04-28,W01,15.262515,37.915469,53466.86,57.4686
2024-04-28,W02,16.647069,45.37753,56191.7,56.2673
2024-04-28,W03,15.467449,36.433421,47864.29,162.3368
2024-04-28,W04,0.822513,3.432548,4764.1,0.9291
2024-04-28,W05,2.376548,7.820242,9151.67,1.7076
2024-04-28,W06,0.49,2.010499,2786.81,9.3674
2024-04-28,W07,22.126619,39.09984,63261.92,43.7761
2024-04-28,W08,0.183875,0.772151,1041.06,0.094
2024-04-29,W01,17.446303,42.342418,60424.81,69.8302
2024-04-29,W02,16.318686,43.929879,54556.99,48.2265
2024-04-29,W03,17.304107,40.823617,52769.1,178.7356
2024-04-29,W04,2.410465,10.071588,13526.09,0.5925
2024-04-29,W05,6.034262,19.941358,23610.24,0.8649
2024-04-29,W06,1.496528,6.192224,8483.25,5.3193
2024-04-29,W07,19.317508,34.081631,54752.57,36.9925
2024-04-29,W08,0.728214,3.1312,4081.69,0.0761
2024-04-30,W01,16.516407,41.381321,58770.79,67.5777
2024-04-30,W02,16.481596,45.357926,56380.19,54.2104
2024-04-30,W03,15.643229,36.723107,48632.82,163.2734
2024-04-30,W04,2.486939,10.386673,14235.42,0.5814
2024-04-30,W05,6.183028,20.219897,24329.22,0.8995
2024-04-30,W06,1.525625,6.333636,8613.8,5.8349
2024-04-30,W07,20.896646,37.281909,60020.75,41.0445
2024-04-30,W08,0.682478,2.916609,3873.83,0.0673
2024-05-01,W01,13.495781,36.46532,51356.28,57.4761
2024-05-01,W02,13.116928,36.278864,45178.58,42.9759
2024-05-01,W03,13.757454,33.393482,43067.77,157.8468
2024-05-01,W04,0.549635,2.286131,3151.0,2.0525
2024-05-01,W05,1.729654,5.766596,8024.21,4.3327
2024-05-01,W06,0.330884,1.376428,1885.97,20.0974
2024-05-01,W07,19.530968,34.733587,55221.66,38.1249
2024-05-01,W08,0.125252,0.536199,712.91,0.2151
2024-05-02,W01,14.005318,35.898096,51287.33,69.0523
2024-05-02,W02,14.185662,39.195604,47960.42,47.6545
2024-05-02,W03,13.737414,34.007301,42963.47,151.8651
2024-05-02,W04,0.565857,2.381596,3252.53,2.0554
2024-05-02,W05,1.660007,5.616803,6543.47,3.9101
2024-05-02,W06,0.300593,1.242056,1690.72,18.2509
2024-05-02,W07,18.0135,32.201731,53208.5,37.2351
2024-05-02,W08,0.121089,0.514335,698.98,0.2205
2024-05-03,W01,13.349439,35.463553,49558.12,55.6686
2024-05-03,W02,13.887441,38.820786,47935.03,47.1421
2024-05-03,W03,14.757838,35.003625,46434.42,170.0564
2024-05-03,W04,0.567815,2.382845,3227.72,2.2057
2024-05-03,W05,1.556171,5.237931,6290.02,4.0233
2024-05-03,W06,0.313185,1.281655,1801.24,18.501
2024-05-03,W07,17.846041,31.876054,52699.62,35.3057
2024-05-03,W08,0.123032,0.523493,704.74,0.2044
2024-05-04,W01,14.506302,36.131861,51647.77,64.2341
2024-05-04,W02,13.297372,37.624891,46398.42,48.7628
2024-05-04,W03,13.897356,34.661508,45422.96,164.3354
2024-05-04,W04,0.567895,2.373799,3173.1,2.4106
2024-05-04,W05,1.593064,5.353105,6535.23,3.7115
2024-05-04,W06,0.333019,1.383968,1883.2,20.917
2024-05-04,W07,19.95093,35.296914,59127.21,44.7396
2024-05-04,W08,0.115914,0.49228,661.85,0.1857
2024-05-05,W01,14.088632,35.952134,50520.69,55.3483
2024-05-05,W02,13.397173,37.725344,46091.01,41.5977
2024-05-05,W03,14.268926,34.39652,45237.33,152.7232
2024-05-05,W04,0.538987,2.267282,3017.37,2.0181
2024-05-05,W05,1.601302,5.364232,6267.43,4.0202
2024-05-05,W06,0.309509,1.284428,1781.67,18.118
2024-05-05,W07,18.887389,33.906725,56431.16,36.9923
2024-05-05,W08,0.12196,0.520306,679.91,0.1949
2024-05-06,W01,15.65455,39.947187,56890.62,63.7089
2024-05-06,W02,14.43139,39.261502,48677.55,41.2011
2024-05-06,W03,15.217638,36.154049,46261.18,154.7168
2024-05-06,W04,2.309073,9.568127,13289.98,0.5422
2024-05-06,W05,5.747836,19.186803,22764.9,0.8353
2024-05-06,W06,1.545457,6.393681,8776.21,6.018
2024-05-06,W07,18.579399,33.251063,56033.76,32.7708
2024-05-06,W08,0.706829,3.019837,3922.0,0.0689
2024-05-07,W01,14.903681,38.532132,53766.59,60.0139
2024-05-07,W02,14.67193,40.733487,51063.42,47.3277
2024-05-07,W03,14.608674,35.365134,46529.35,163.7597
2024-05-07,W04,2.617284,11.058708,14883.25,0.545
2024-05-07,W05,5.784801,19.502487,23510.35,0.9011
2024-05-07,W06,1.654469,6.858319,9542.92,6.721
2024-05-07,W07,19.103253,34.243769,55765.92,31.8014
2024-05-07,W08,0.731324,3.142108,4136.76,0.0719
2024-05-08,W01,15.966852,40.153758,56230.88,55.8582
2024-05-08,W02,15.583626,43.582506,54295.35,46.0222
2024-05-08,W03,15.907101,38.681121,50970.79,159.1092
2024-05-08,W04,2.540442,10.557217,14623.99,0.5805
2024-05-08,W05,5.727417,19.211054,23234.64,0.8103
2024-05-08,W06,1.548348,6.393681,8689.45,5.7337
2024-05-08,W07,18.548618,33.48048,55101.96,37.1937
2024-05-08,W08,0.682799,2.892305,3931.63,0.0615
2024-05-09,W01,15.64627,39.666305,56394.58,63.6169
2024-05-09,W02,14.934314,42.114551,51401.38,41.361
2024-05-09,W03,15.66602,38.439248,49658.19,158.0702
2024-05-09,W04,2.601846,10.980957,14601.25,0.6493
2024-05-09,W05,5.951451,20.006598,23899.9,0.7822
2024-05-09,W06,1.580341,6.554758,8902.65,5.9441
2024-05-09,W07,20.113183,35.51343,58052.6,41.7555
2024-05-09,W08,0.674737,2.891161,3763.04,0.0756
2024-05-10,W01,16.146051,41.766323,58585.3,64.1919
2024-05-10,W02,15.541303,43.056477,53368.62,54.4091
2024-05-10,W03,14.713483,36.085099,46919.48,164.2093
2024-05-10,W04,2.300322,9.631464,13074.18,0.5306
2024-05-10,W05,5.700589,18.764661,22599.2,0.8111
2024-05-10,W06,1.590514,6.584998,8993.32,5.9109
2024-05-10,W07,19.258348,34.472066,54901.75,36.4655
2024-05-10,W08,0.655891,2.769933,3689.74,0.0597
2024-05-11,W01,15.462155,39.136726,54762.06,62.0258
2024-05-11,W02,14.546834,41.861995,51479.47,47.9138
2024-05-11,W03,14.942464,35.935995,46686.13,160.9798
2024-05-11,W04,1.676627,7.07499,9542.79,0.6266
2024-05-11,W05,4.075845,13.968487,16690.68,1.0224
2024-05-11,W06,1.142444,4.766678,6529.23,7.3282
2024-05-11,W07,18.660126,33.328054,54778.06,34.2982
2024-05-11,W08,0.478198,2.045331,2812.14,0.0782
2024-05-12,W01,15.384494,38.397095,53648.11,60.2491
2024-05-12,W02,14.531945,40.600083,50655.65,48.6953
2024-05-12,W03,14.397835,34.404464,45050.39,147.6171
2024-05-12,W04,0.824701,3.458657,4738.01,0.9168
2024-05-12,W05,2.121779,7.120509,8556.99,1.5237
2024-05-12,W06,0.505573,2.073772,2864.97,9.1209
2024-05-12,W07,20.01615,35.340712,58841.62,46.924
2024-05-12,W08,0.207042,0.882258,1166.08,0.107
2024-05-13,W01,16.658114,42.333446,59256.23,61.7251
2024-05-13,W02,15.296514,43.352489,53940.24,44.0139
2024-05-13,W03,14.68646,35.931076,47077.18,155.2989
2024-05-13,W04,2.467949,10.414024,14382.26,0.5779
2024-05-13,W05,5.852147,19.742803,23619.15,0.7771
2024-05-13,W06,1.720276,7.223038,9624.3,6.6722
2024-05-13,W07,20.503127,36.297067,61072.06,36.7807
2024-05-13,W08,0.740151,3.152333,4145.21,0.0747
2024-05-14,W01,15.076743,38.82762,55865.95,56.8136
2024-05-14,W02,15.434224,43.384677,53151.8,43.9922
2024-05-14,W03,15.783456,38.217262,48922.84,165.2908
2024-05-14,W04,2.522911,10.663335,14557.08,0.6199
2024-05-14,W05,6.164091,20.449027,24103.2,0.8226
2024-05-14,W06,1.527305,6.267467,8869.96,6.4556
2024-05-14,W07,20.039083,35.515508,58486.07,38.5043
2024-05-14,W08,0.732886,3.118252,4069.24,0.0773
2024-05-15,W01,16.702349,42.944123,60486.32,60.9408
2024-05-15,W02,14.871667,41.736872,50358.3,45.3756
2024-05-15,W03,15.335643,36.613517,47713.23,157.531
2024-05-15,W04,2.435773,10.167611,14019.42,0.6241
2024-05-15,W05,6.169892,20.957758,25225.93,0.9281
2024-05-15,W06,1.532057,6.30824,8552.83,5.6934
2024-05-15,W07,19.73122,35.242835,57668.25,36.5715
2024-05-15,W08,0.703798,2.992423,3963.15,0.0699
2024-05-16,W01,16.194803,41.433611,58828.87,60.9604
2024-05-16,W02,15.147617,43.420047,52072.91,45.3341
2024-05-16,W03,15.112177,36.140209,47514.82,155.5135
2024-05-16,W04,2.421708,10.189594,13830.99,0.5178
2024-05-16,W05,5.719917,19.190157,22774.09,0.7743
2024-05-16,W06,1.603912,6.633371,9109.22,5.8224
2024-05-16,W07,19.135414,34.289061,56635.8,34.3858
2024-05-16,W08,0.723555,3.08705,4147.73,0.0704
2024-05-17,W01,15.831824,39.481572,56545.11,59.0594
2024-05-17,W02,15.05454,42.714213,52291.69,45.4133
2024-05-17,W03,14.874708,35.886501,46870.66,150.5233
2024-05-17,W04,2.619578,11.080473,15258.27,0.6176
2024-05-17,W05,6.029118,19.944477,23125.14,0.8474
2024-05-17,W06,1.654532,6.917217,9425.82,6.0938
2024-05-17,W07,20.498407,36.394931,60377.83,35.0691
2024-05-17,W08,0.741338,3.165339,4235.93,0.0774
2024-05-18,W01,15.517836,40.804191,57179.07,60.3349
2024-05-18,W02,14.801395,40.706874,49969.63,47.6458
2024-05-18,W03,15.574565,37.702823,50646.4,161.1473
2024-05-18,W04,1.712355,7.20592,9940.69,0.622
2024-05-18,W05,4.315981,14.439066,17232.16,0.9822
2024-05-18,W06,1.053884,4.323554,6143.34,6.8702
2024-05-18,W07,18.5777,33.185547,54824.61,33.8686
2024-05-18,W08,0.450904,1.917621,2578.13,0.0727
2024-05-19,W01,15.632848,39.757463,56064.87,60.6072
2024-05-19,W02,13.59998,38.575439,46943.56,43.1497
2024-05-19,W03,14.750458,35.013419,45502.47,163.3983
2024-05-19,W04,0.793841,3.319287,4561.5,0.9266
2024-05-19,W05,2.191645,7.457999,8848.53,1.5224
2024-05-19,W06,0.510278,2.123188,2870.09,9.2155
2024-05-19,W07,18.959245,33.947671,55007.52,37.7871
2024-05-19,W08,0.202603,0.86936,1096.25,0.0993
2024-05-20,W01,15.388097,39.617446,55938.23,62.1618
2024-05-20,W02,15.293345,42.795933,53128.7,51.1661
2024-05-20,W03,14.29531,35.51368,44865.88,142.6023
2024-05-20,W04,2.320376,9.717525,13427.61,0.5308
2024-05-20,W05,5.774415,19.443747,23246.19,0.7885
2024-05-20,W06,1.490919,6.113485,8602.15,5.5564
2024-05-20,W07,19.497932,34.902513,56855.85,36.7583
2024-05-20,W08,0.698379,2.967892,3898.84,0.073
2024-05-21,W01,14.453296,38.254551,52984.76,54.4364
2024-05-21,W02,14.614549,41.109216,50238.74,49.0755
2024-05-21,W03,14.591561,35.526997,46472.56,170.7314
2024-05-21,W04,2.348102,9.857978,13313.46,0.5598
2024-05-21,W05,5.82961,19.500672,23112.66,0.8587
2024-05-21,W06,1.610242,6.679691,9244.85,5.551
2024-05-21,W07,22.049192,39.12812,63078.07,41.1636
2024-05-21,W08,0.712823,3.053341,4102.95,0.0736
2024-05-22,W01,16.293621,41.519508,58050.58,61.6421
2024-05-22,W02,14.182293,39.752455,48919.34,44.7182
2024-05-22,W03,14.915719,35.955153,46407.02,143.3611
2024-05-22,W04,2.424125,10.127172,13955.08,0.5506
2024-05-22,W05,5.737323,19.415926,23502.82,0.8922
2024-05-22,W06,1.532447,6.361495,8799.47,5.8896
2024-05-22,W07,19.850584,35.466808,57855.01,37.1167
2024-05-22,W08,0.684913,2.913229,3815.89,0.0733
2024-05-23,W01,14.804872,38.961376,56142.91,57.9506
2024-05-23,W02,14.882144,41.255672,50268.52,48.607
2024-05-23,W03,15.075424,36.754999,47086.86,162.4507
2024-05-23,W04,2.658479,11.208923,15151.88,0.5876
2024-05-23,W05,5.679522,18.862264,22418.17,0.8452
2024-05-23,W06,1.559552,6.453527,8743.41,6.9808
2024-05-23,W07,20.309577,36.014011,58799.92,39.7572
2024-05-23,W08,0.644189,2.730921,3661.36,0.0644
2024-05-24,W01,15.240952,39.666107,55637.95,71.0372
2024-05-24,W02,14.975827,41.861586,52534.41,50.3355
2024-05-24,W03,15.306393,37.189813,47838.46,152.5422
2024-05-24,W04,2.402613,10.135731,13838.39,0.5763
2024-05-24,W05,6.012212,20.188554,24391.84,0.8262
2024-05-24,W06,1.559315,6.426422,9004.13,5.4582
2024-05-24,W07,20.070907,35.931789,59136.6,35.9086
2024-05-24,W08,0.695328,2.961523,3938.05,0.0682
2024-05-25,W01,14.852692,38.737089,54438.25,54.6495
2024-05-25,W02,14.148316,40.156856,49499.68,41.8973
2024-05-25,W03,14.614007,35.556095,46172.55,151.7487
2024-05-25,W04,1.616339,6.698102,9276.16,0.5907
2024-05-25,W05,4.071736,13.537498,16543.55,0.9786
2024-05-25,W06,1.500612,6.393681,8634.85,9.1959
2024-05-25,W07,19.948339,35.600333,59204.92,35.7873
2024-05-25,W08,0.502945,2.141321,2848.6,0.077
2024-05-26,W01,14.306846,36.203415,50524.88,57.3166
2024-05-26,W02,14.130358,39.716939,49291.91,40.9982
2024-05-26,W03,14.951738,35.583698,46650.49,168.95
2024-05-26,W04,0.84455,3.554828,4768.84,0.9839
2024-05-26,W05,2.188536,7.291981,8893.85,1.5854
2024-05-26,W06,0.482552,1.987429,2757.41,9.2512
2024-05-26,W07,17.597731,31.723977,51088.34,34.1304
2024-05-26,W08,0.191194,0.812416,1081.74,0.0887
2024-05-27,W01,16.529232,42.317286,58772.0,55.3691
2024-05-27,W02,14.382885,39.708743,49798.41,43.1484
2024-05-27,W03,15.345461,37.18507,48097.43,162.4408
2024-05-27,W04,2.37535,9.828766,13797.16,0.5123
2024-05-27,W05,5.735527,19.420018,23772.41,0.8764
2024-05-27,W06,1.616431,6.672619,9395.45,5.9926
2024-05-27,W07,18.800835,33.867615,55631.26,35.0854
2024-05-27,W08,0.699203,2.992138,3990.16,0.0728
2024-05-28,W01,15.998652,41.076502,57403.1,58.3335
2024-05-28,W02,15.023705,41.73697,51489.1,47.7583
2024-05-28,W03,15.582201,37.628295,48502.76,173.1875
2024-05-28,W04,2.453004,10.353941,14085.52,0.5826
2024-05-28,W05,6.024972,19.870803,23649.73,0.8708
2024-05-28,W06,1.597075,6.599899,9044.01,5.8071
2024-05-28,W07,20.084412,35.595296,58946.11,34.1277
2024-05-28,W08,0.741579,3.164484,4207.4,0.0735
2024-05-29,W01,16.057963,40.335066,57210.94,59.5388
2024-05-29,W02,14.982293,42.072389,53160.58,43.1593
2024-05-29,W03,15.185279,36.218543,46831.6,147.4356
2024-05-29,W04,2.41921,10.142247,13455.59,0.5337
2024-05-29,W05,5.524765,18.1515,21692.18,0.8481
2024-05-29,W06,1.561993,6.425867,9077.62,6.0591
2024-05-29,W07,18.608615,33.587421,54670.86,38.47
2024-05-29,W08,0.699968,2.985908,3963.99,0.0777
2024-05-30,W01,15.094699,39.13029,55371.33,52.9811
2024-05-30,W02,14.658858,40.285501,49587.0,47.4868
2024-05-30,W03,15.645421,37.640418,48589.86,163.3918
2024-05-30,W04,2.537155,10.669178,14945.91,0.5927
2024-05-30,W05,5.85321,19.45045,23698.69,0.9047
2024-05-30,W06,1.576633,6.499002,8959.19,5.7827
2024-05-30,W07,21.340849,37.879799,62289.79,40.2118
2024-05-30,W08,0.690206,2.951072,4003.77,0.0628
2024-05-31,W01,16.641414,42.610684,59558.22,70.075
2024-05-31,W02,15.194991,42.344526,52525.89,45.0796
2024-05-31,W03,14.338178,34.865751,44546.76,152.5549
2024-05-31,W04,2.136626,8.967066,11999.59,0.4725
2024-05-31,W05,5.80375,19.661441,23376.67,0.9055
2024-05-31,W06,1.600227,6.714312,9026.24,6.2148
2024-05-31,W07,20.473799,36.500389,60149.25,36.4918
2024-05-31,W08,0.720261,3.077865,4062.14,0.0721
2024-06-01,W01,15.568311,41.464712,58815.78,57.4602
2024-06-01,W02,14.926032,42.918249,53058.14,44.8594
2024-06-01,W03,14.724537,37.676444,48568.54,145.9392
2024-06-01,W04,1.937013,8.248879,10983.62,0.6687
2024-06-01,W05,4.150528,14.484503,17951.92,1.0443
2024-06-01,W06,1.244016,5.250154,7238.25,7.9151
2024-06-01,W07,16.187424,29.821109,49113.77,31.159
2024-06-01,W08,0.557246,2.40417,3125.37,0.0889
2024-06-02,W01,14.799135,40.207041,55023.56,56.1134
2024-06-02,W02,13.724227,40.006999,48877.2,47.4099
2024-06-02,W03,14.237853,35.732445,45186.74,177.1406
2024-06-02,W04,0.953126,4.022665,5346.53,1.0374
2024-06-02,W05,2.304909,8.005235,9580.81,1.6333
2024-06-02,W06,0.636284,2.704769,3598.31,11.724
2024-06-02,W07,16.192846,29.822623,47999.92,33.9933
2024-06-02,W08,0.226168,0.972221,1295.83,0.1115
2024-06-03,W01,15.384432,43.84636,59756.99,54.9676
2024-06-03,W02,14.814061,43.192654,52527.02,41.502
2024-06-03,W03,14.672913,36.490601,46512.38,152.5568
2024-06-03,W04,2.960873,12.700553,17047.03,0.6969
2024-06-03,W05,5.956111,20.79264,24763.93,1.0023
2024-06-03,W06,1.787868,7.502097,10040.08,6.2503
2024-06-03,W07,19.482358,35.118508,58153.01,33.3803
2024-06-03,W08,0.771451,3.309653,4370.7,0.0741
2024-06-04,W01,16.628783,45.753421,62812.27,64.6607
2024-06-04,W02,15.337136,44.635752,54934.36,45.2833
2024-06-04,W03,13.944692,34.785246,45145.87,132.2173
2024-06-04,W04,2.664213,11.216574,15054.58,0.6358
2024-06-04,W05,5.985143,20.468448,24605.03,0.7917
2024-06-04,W06,1.776968,7.533968,9972.76,6.9533
2024-06-04,W07,18.515834,34.012719,55356.84,33.5273
2024-06-04,W08,0.775331,3.335284,4384.13,0.0742
2024-06-05,W01,16.579384,44.377826,61344.5,63.0807
2024-06-05,W02,14.541249,41.729571,52249.68,44.8385
2024-06-05,W03,15.102033,38.594475,50624.7,158.2508
2024-06-05,W04,2.773989,11.716139,15962.3,0.6133
2024-06-05,W05,5.944868,20.688681,24865.73,0.8356
2024-06-05,W06,1.821317,7.708528,10116.82,7.1961
2024-06-05,W07,17.248887,31.50875,53294.12,34.9512
2024-06-05,W08,0.766715,3.289075,4319.81,0.0778
2024-06-06,W01,15.633935,42.300966,58065.69,60.5544
2024-06-06,W02,14.959578,43.914895,53199.48,43.1035
2024-06-06,W03,14.253746,36.386621,47210.37,148.6437
2024-06-06,W04,2.921472,12.45806,16381.86,0.6723
2024-06-06,W05,5.932303,20.565522,24561.77,0.8105
2024-06-06,W06,1.848132,7.775206,10616.69,7.0869
2024-06-06,W07,19.164838,34.598589,56768.97,39.3526
2024-06-06,W08,0.747235,3.203097,4192.46,0.0724
2024-06-07,W01,15.384743,42.016089,57363.6,63.9462
2024-06-07,W02,15.417771,44.612888,55326.36,46.6713
2024-06-07,W03,14.881355,37.232755,48138.71,148.0982
2024-06-07,W04,2.840036,12.139142,16142.76,0.6703
2024-06-07,W05,6.053368,21.096622,25612.69,0.8501
2024-06-07,W06,1.843902,7.787844,10494.75,7.015
2024-06-07,W07,18.730257,33.95498,55352.43,34.3022
2024-06-07,W08,0.787577,3.399839,4446.35,0.078
2024-06-08,W01,14.546307,39.179223,54333.15,57.9525
2024-06-08,W02,13.40559,39.54391,48671.87,45.338
2024-06-08,W03,14.064516,36.057191,45660.52,155.3146
2024-06-08,W04,0.63576,2.721481,3619.46,2.3391
2024-06-08,W05,1.649095,5.722484,6879.27,3.6397
2024-06-08,W06,0.357303,1.496383,2053.2,25.7832
2024-06-08,W07,16.239563,29.739862,48806.35,32.6246
2024-06-08,W08,0.130985,0.565121,740.6,0.2358
2024-06-09,W01,14.820608,40.370128,56783.26,62.6622
2024-06-09,W02,13.375355,37.759938,47269.79,45.6003
2024-06-09,W03,13.988116,35.784437,45935.89,168.7572
2024-06-09,W04,0.573563,2.417769,3282.24,2.357
2024-06-09,W05,1.606583,5.614251,6852.65,3.8636
2024-06-09,W06,0.355842,1.477897,2012.57,24.2515
2024-06-09,W07,16.323466,29.685695,49132.95,34.6423
2024-06-09,W08,0.141993,0.615365,801.68,0.2574
2024-06-10,W01,14.384585,39.87203,55464.03,60.7016
2024-06-10,W02,13.724291,39.573281,48305.11,49.8058
2024-06-10,W03,13.848909,34.515983,45229.76,145.689
2024-06-10,W04,0.643832,2.734288,3619.35,2.2768
2024-06-10,W05,1.677098,5.873785,6989.23,3.8918
2024-06-10,W06,0.368491,1.552216,2071.35,23.1275
2024-06-10,W07,17.750438,32.608168,52819.98,39.8265
2024-06-10,W08,0.129649,0.555148,734.84,0.2321
2024-06-11,W01,15.055159,40.100775,56771.26,57.6424
2024-06-11,W02,14.849343,43.521082,52121.97,51.3541
2024-06-11,W03,15.339342,37.397989,48617.84,159.9414
2024-06-11,W04,2.721676,11.583248,15734.05,0.5941
2024-06-11,W05,6.057006,21.335027,25487.72,0.9217
2024-06-11,W06,1.940791,8.262001,10911.02,7.9966
2024-06-11,W07,19.076833,34.361528,58189.74,35.4628
2024-06-11,W08,0.830492,3.608852,4647.34,0.0828
2024-06-12,W01,16.39745,44.743093,61815.5,56.2954
2024-06-12,W02,15.275649,44.404665,54950.69,46.8575
2024-06-12,W03,14.293421,36.04996,46274.85,136.9941
2024-06-12,W04,2.812867,11.976453,16192.63,0.667
2024-06-12,W05,5.734798,19.921532,24040.34,0.8274
2024-06-12,W06,1.671404,6.994602,9356.48,6.7011
2024-06-12,W07,19.095458,34.535963,56650.5,35.76
2024-06-12,W08,0.778928,3.348646,4372.05,0.0773
2024-06-13,W01,14.089517,38.522366,53511.75,54.6616
2024-06-13,W02,14.99182,44.346529,53996.64,42.1814
2024-06-13,W03,15.09381,38.213062,48848.89,151.5686
2024-06-13,W04,2.602013,10.999124,14865.31,0.5514
2024-06-13,W05,5.872393,20.204732,24828.47,0.8611
2024-06-13,W06,1.809803,7.59433,10337.84,6.9672
2024-06-13,W07,18.174068,32.894182,55580.85,32.7799
2024-06-13,W08,0.753244,3.238255,4260.03,0.0692
2024-06-14,W01,16.340438,45.502185,62204.22,61.875
2024-06-14,W02,14.802875,44.023996,53513.49,43.7088
2024-06-14,W03,14.782735,37.076778,48826.52,153.8762
2024-06-14,W04,2.738574,11.652417,15863.4,0.5978
2024-06-14,W05,6.491571,22.762008,27132.3,0.8859
2024-06-14,W06,1.887372,7.933151,10460.17,6.7394
2024-06-14,W07,18.684364,34.277402,57242.98,36.181
2024-06-14,W08,0.766084,3.30302,4339.01,0.0745
2024-06-15,W01,15.192386,41.966277,58415.86,60.7232
2024-06-15,W02,14.672534,43.66826,53767.05,48.1127
2024-06-15,W03,14.760665,37.317599,47890.8,142.7517
2024-06-15,W04,1.914588,8.1064,11146.19,0.7111
2024-06-15,W05,4.306513,14.98886,17876.04,1.0387
2024-06-15,W06,1.201817,5.07319,6770.78,6.5996
2024-06-15,W07,17.960118,32.804122,54733.43,33.2911
2024-06-15,W08,0.505661,2.174431,2863.03,0.0821
2024-06-16,W01,14.524063,39.260102,54679.88,63.9581
2024-06-16,W02,14.096157,40.852262,49877.15,40.2709
2024-06-16,W03,14.178988,35.148713,46234.92,161.1413
2024-06-16,W04,0.92355,3.910994,5261.83,1.0697
2024-06-16,W05,3.565099,11.540686,12705.79,2.5771
2024-06-16,W06,0.609272,2.576515,3409.56,10.6723
2024-06-16,W07,17.625024,32.205385,52736.54,34.4095
2024-06-16,W08,0.220978,0.946487,1224.28,0.1105
2024-06-17,W01,15.622126,42.636727,59786.78,59.8778
2024-06-17,W02,14.64521,44.376926,52980.88,46.0126
2024-06-17,W03,14.867181,36.479782,46769.62,153.8966
2024-06-17,W04,3.036095,12.979424,16973.03,0.6551
2024-06-17,W05,6.426685,22.241606,27092.2,0.8993
2024-06-17,W06,1.672055,6.964238,9718.65,6.0962
2024-06-17,W07,18.336014,33.439861,55127.76,32.0349
2024-06-17,W08,0.773936,3.323848,4312.5,0.0774
2024-06-18,W01,17.182361,45.554702,63716.15,60.7296
2024-06-18,W02,16.146522,47.882391,58012.93,52.8789
2024-06-18,W03,14.853267,37.872149,48923.4,140.3184
2024-06-18,W04,2.67827,11.306262,15161.29,0.6487
2024-06-18,W05,6.257302,21.885168,26711.1,0.8298
2024-06-18,W06,1.783831,7.592763,10001.65,6.4627
2024-06-18,W07,19.980426,35.882727,57923.7,36.3865
2024-06-18,W08,0.842546,3.652405,4768.81,0.0826
2024-06-19,W01,15.318537,41.126809,57319.58,59.2573
2024-06-19,W02,15.30878,46.251389,55977.25,46.4726
2024-06-19,W03,14.290209,36.14508,46307.17,147.3977
2024-06-19,W04,2.708277,11.41529,15423.31,0.6512
2024-06-19,W05,6.206681,21.889077,26478.69,0.8015
2024-06-19,W06,1.885277,7.967909,10665.7,6.917
2024-06-19,W07,17.758359,32.520993,53965.87,33.6603
2024-06-19,W08,0.798348,3.43098,4441.91,0.0833
2024-06-20,W01,15.166921,41.053134,55848.68,58.7808
2024-06-20,W02,15.071831,43.704242,53819.49,46.4342
2024-06-20,W03,14.95638,38.048845,49400.33,164.3125
2024-06-20,W04,2.828699,11.97761,16312.5,0.6307
2024-06-20,W05,6.17166,21.472684,25419.01,0.8806
2024-06-20,W06,1.814053,7.634398,10358.18,7.1686
2024-06-20,W07,19.177509,34.811566,55391.55,35.3825
2024-06-20,W08,0.801068,3.442274,4564.13,0.084
2024-06-21,W01,15.303487,41.39165,56717.8,56.1918
2024-06-21,W02,14.532219,42.521804,51376.99,44.9321
2024-06-21,W03,14.318103,36.619784,46895.07,149.4302
2024-06-21,W04,2.541538,10.755135,14361.24,0.5874
2024-06-21,W05,6.181877,21.401877,25680.05,0.9238
2024-06-21,W06,1.761798,7.368865,9918.47,7.12
2024-06-21,W07,17.828102,32.562232,54270.23,35.3895
2024-06-21,W08,0.776305,3.325427,4308.83,0.0744
2024-06-22,W01,14.959067,40.826246,56730.03,56.8492
2024-06-22,W02,14.33962,41.417322,51376.32,46.8995
2024-06-22,W03,15.372551,38.265467,49434.09,155.9098
2024-06-22,W04,1.976093,8.417435,11212.73,0.7132
2024-06-22,W05,4.177288,14.534994,17415.78,0.8825
2024-06-22,W06,1.227375,5.167607,7048.79,6.6649
2024-06-22,W07,17.425567,31.799253,51677.17,29.55
2024-06-22,W08,0.593713,2.562369,3396.15,0.0964
2024-06-23,W01,14.04311,38.72614,53665.21,54.9177
2024-06-23,W02,14.480802,41.715583,51312.66,47.7382
2024-06-23,W03,14.396404,36.164191,46966.61,151.5076
2024-06-23,W04,0.993414,4.225691,5565.87,1.1243
2024-06-23,W05,2.301501,7.97542,9509.56,1.6551
2024-06-23,W06,0.534922,2.220297,3060.59,9.416
2024-06-23,W07,18.285833,33.497051,53966.06,38.4138
2024-06-23,W08,0.235928,1.020042,1307.64,0.1127
2024-06-24,W01,15.303269,43.169093,59007.6,61.7458
2024-06-24,W02,15.162635,43.704016,54001.73,45.1375
2024-06-24,W03,15.127994,39.126349,50145.58,146.0852
2024-06-24,W04,2.894064,12.280589,16964.48,0.6347
2024-06-24,W05,6.16548,21.475972,25856.11,0.8929
2024-06-24,W06,1.719496,7.135304,10001.7,6.8186
2024-06-24,W07,18.743283,34.097536,55583.34,38.1617
2024-06-24,W08,0.821604,3.54571,4598.64,0.0878
2024-06-25,W01,15.623559,42.088224,58636.72,55.2643
2024-06-25,W02,15.368379,44.324341,54348.82,45.7812
2024-06-25,W03,14.73741,35.910396,46494.76,148.0388
2024-06-25,W04,2.838297,12.040022,16393.53,0.6643
2024-06-25,W05,6.143951,21.3777,26145.8,0.8238
2024-06-25,W06,1.839537,7.792143,10522.03,6.7572
2024-06-25,W07,18.619456,34.004376,54794.33,31.3402
2024-06-25,W08,0.791433,3.408243,4449.78,0.0754
2024-06-26,W01,15.609703,42.457424,59031.09,60.1845
2024-06-26,W02,14.906068,43.93003,53607.19,48.1588
2024-06-26,W03,15.165657,38.738667,49370.03,167.9679
2024-06-26,W04,2.688503,11.340615,15688.95,0.6687
2024-06-26,W05,6.277249,21.978182,26463.61,0.9434
2024-06-26,W06,1.755129,7.38399,9930.29,6.6448
2024-06-26,W07,18.884935,34.349913,56350.44,34.071
2024-06-26,W08,0.785821,3.368083,4492.11,0.0764
2024-06-27,W01,15.678531,43.184951,58904.14,61.0444
2024-06-27,W02,15.466868,43.642248,53246.8,46.6941
2024-06-27,W03,14.769504,37.697296,47574.92,165.1442
2024-06-27,W04,2.852677,12.129882,16322.75,0.7595
2024-06-27,W05,5.948015,20.714136,25402.69,0.803
2024-06-27,W06,1.902124,8.05654,10615.37,8.0225
2024-06-27,W07,17.534352,31.780011,51459.89,35.7834
2024-06-27,W08,0.755411,3.259442,4223.47,0.0789
2024-06-28,W01,15.279148,42.729665,59900.65,63.9895
2024-06-28,W02,14.735991,43.768531,52991.55,45.3845
2024-06-28,W03,14.946225,38.204454,48783.9,170.512
2024-06-28,W04,2.901417,12.47376,16656.82,0.6716
2024-06-28,W05,6.14751,21.405952,25606.63,0.9967
2024-06-28,W06,1.815257,7.588832,10290.92,7.1691
2024-06-28,W07,17.548069,31.926814,53612.66,32.4069
2024-06-28,W08,0.745841,3.24083,4253.53,0.0726
2024-06-29,W01,15.936858,43.741534,60672.24,64.9598
2024-06-29,W02,15.142466,43.339077,53254.83,45.6891
2024-06-29,W03,13.800265,35.195088,45303.73,154.9686
2024-06-29,W04,1.929728,8.196755,10997.79,0.7443
2024-06-29,W05,4.214037,14.469253,17431.72,0.9888
2024-06-29,W06,1.188351,4.98379,6594.07,6.7127
2024-06-29,W07,18.625638,33.719497,56324.01,35.0615
2024-06-29,W08,0.51703,2.226698,2912.57,0.0786
2024-06-30,W01,15.025934,40.30324,56802.12,56.8105
2024-06-30,W02,14.727243,43.531884,53094.44,48.5956
2024-06-30,W03,13.889944,35.368189,45596.58,139.842
2024-06-30,W04,0.91586,3.888818,5165.97,1.056
2024-06-30,W05,2.142423,7.365581,8820.34,1.5107
2024-06-30,W06,0.601319,2.555909,3463.89,11.8746
2024-06-30,W07,16.587261,30.506658,51174.2,32.3028
2024-06-30,W08,0.237292,1.020221,1332.52,0.1103
2024-07-01,W01,15.308311,43.652374,59960.29,54.6314
2024-07-01,W02,15.568285,45.985244,56968.48,47.7649
2024-07-01,W03,15.26778,39.95295,51367.93,160.0581
2024-07-01,W04,3.119568,13.359782,17645.6,0.7409
2024-07-01,W05,6.12262,21.900489,26558.92,0.784
2024-07-01,W06,2.044706,8.705786,11652.77,7.8767
2024-07-01,W07,17.86266,33.062613,54803.38,31.4683
2024-07-01,W08,0.812084,3.527447,4629.38,0.0684
2024-07-02,W01,16.168203,45.863609,61967.16,58.9687
2024-07-02,W02,16.065237,47.081962,58359.42,48.541
2024-07-02,W03,15.016134,39.207306,50412.68,163.726
2024-07-02,W04,3.106341,13.371321,17634.06,0.7887
2024-07-02,W05,6.149635,21.309402,25572.33,0.8654
2024-07-02,W06,1.913513,8.108954,10784.11,6.9165
2024-07-02,W07,19.939928,36.296404,58920.56,38.0819
2024-07-02,W08,0.900092,3.907462,5092.86,0.089
2024-07-03,W01,16.208882,47.029878,64133.16,55.3784
2024-07-03,W02,16.047645,46.785616,57438.9,50.754
2024-07-03,W03,15.383307,39.120619,51137.15,168.8785
2024-07-03,W04,2.944853,12.567786,16633.59,0.7849
2024-07-03,W05,5.91811,20.83118,25076.3,0.8805
2024-07-03,W06,2.014105,8.548165,11426.79,6.7384
2024-07-03,W07,17.328344,31.955455,52259.68,31.9326
2024-07-03,W08,0.818909,3.520763,4653.3,0.0867
2024-07-04,W01,16.167686,45.503838,62274.97,61.2997
2024-07-04,W02,15.244461,45.931339,56388.48,43.1673
2024-07-04,W03,15.122744,37.90064,49710.43,159.6371
2024-07-04,W04,3.001073,12.835492,17189.72,0.7368
2024-07-04,W05,6.10295,21.73572,26528.62,0.7576
2024-07-04,W06,1.977522,8.47056,11300.42,6.7187
2024-07-04,W07,19.246684,35.189708,57444.01,38.9238
2024-07-04,W08,0.868986,3.76172,4956.45,0.0884
2024-07-05,W01,15.073525,41.852216,57913.26,57.0435
2024-07-05,W02,15.63253,47.365629,57614.55,50.8534
2024-07-05,W03,15.62336,39.716867,51172.19,164.4357
2024-07-05,W04,2.821795,11.942999,16385.38,0.6507
2024-07-05,W05,6.271165,22.303554,26566.0,0.9217
2024-07-05,W06,1.759119,7.386221,10019.37,6.5462
2024-07-05,W07,17.993352,33.165132,54483.36,34.7036
2024-07-05,W08,0.801865,3.462738,4409.53,0.0787
2024-07-06,W01,15.548827,44.038903,59945.14,57.092
2024-07-06,W02,14.718349,43.558202,52245.82,44.7884
2024-07-06,W03,14.654003,38.029194,48726.29,142.7973
2024-07-06,W04,1.973186,8.374306,11183.46,0.7381
2024-07-06,W05,4.349741,15.546857,18586.61,1.0534
2024-07-06,W06,1.186506,4.988272,6820.56,7.9692
2024-07-06,W07,17.121947,31.283188,51796.47,30.866
2024-07-06,W08,0.605098,2.627909,3372.51,0.0983
2024-07-07,W01,15.8255,44.159162,60761.68,61.8242
2024-07-07,W02,14.740675,44.672462,54241.13,48.7118
2024-07-07,W03,14.245976,36.655557,47977.86,150.2883
2024-07-07,W04,1.099477,4.740908,6264.88,1.3195
2024-07-07,W05,2.369523,8.525396,10128.85,1.6597
2024-07-07,W06,0.608879,2.573699,3495.58,11.1582
2024-07-07,W07,16.988408,31.67329,52275.08,32.2296
2024-07-07,W08,0.246251,1.068178,1390.59,0.1264
2024-07-08,W01,15.119627,41.881339,57538.43,61.5242
2024-07-08,W02,15.579331,45.461354,56101.69,49.2772
2024-07-08,W03,14.885284,37.960351,48510.71,163.5781
2024-07-08,W04,3.10501,13.360124,17801.14,0.6564
2024-07-08,W05,6.065151,21.434017,25766.5,0.8717
2024-07-08,W06,1.782319,7.532642,10007.26,6.5432
2024-07-08,W07,17.910017,33.072528,53683.01,31.1041
2024-07-08,W08,0.909317,3.946554,5173.52,0.1031
2024-07-09,W01,15.428374,43.555384,59791.25,52.8626
2024-07-09,W02,15.425847,45.965847,57511.04,46.804
2024-07-09,W03,15.287306,40.314596,51455.17,160.1419
2024-07-09,W04,3.088221,13.208407,18227.11,0.7124
2024-07-09,W05,6.047828,21.348873,25703.11,0.8509
2024-07-09,W06,1.951416,8.309338,11064.57,7.1152
2024-07-09,W07,17.610536,32.16186,52493.49,37.8206
2024-07-09,W08,0.887966,3.846001,5014.62,0.0871
2024-07-10,W01,15.723913,43.625324,59268.79,57.9173
2024-07-10,W02,14.591083,43.92458,53322.3,44.0221
2024-07-10,W03,14.795276,37.771853,49087.27,160.1706
2024-07-10,W04,2.953381,12.659826,16874.77,0.7102
2024-07-10,W05,6.150529,21.912308,27072.37,0.8404
2024-07-10,W06,1.863394,7.821824,10512.86,7.3567
2024-07-10,W07,18.215872,33.536881,55183.59,34.1789
2024-07-10,W08,0.867704,3.775814,4852.51,0.0854
2024-07-11,W01,16.389245,47.603424,64406.14,60.8582
2024-07-11,W02,15.373181,45.702974,55692.72,43.3642
2024-07-11,W03,14.679081,37.543805,47901.01,154.0706
2024-07-11,W04,3.127865,13.476658,17424.65,0.7418
2024-07-11,W05,6.349146,22.271042,26483.4,0.8248
2024-07-11,W06,2.042122,8.706845,11398.72,7.6765
2024-07-11,W07,18.863009,34.607927,57805.37,34.7996
2024-07-11,W08,0.896875,3.917587,5047.87,0.0829
2024-07-12,W01,15.354053,44.825784,60267.25,57.2404
2024-07-12,W02,15.036271,44.73132,55577.42,44.086
2024-07-12,W03,14.884313,38.094956,49766.81,141.6097
2024-07-12,W04,2.89003,12.281995,16719.19,0.6788
2024-07-12,W05,6.472868,23.172767,27946.61,0.898
2024-07-12,W06,2.089054,8.955427,11890.02,7.5944
2024-07-12,W07,17.656791,32.600572,53691.86,31.8463
2024-07-12,W08,0.877997,3.840081,4947.62,0.0944
2024-07-13,W01,15.160915,42.941906,59615.54,58.0005
2024-07-13,W02,14.703998,44.15906,53901.59,45.0967
2024-07-13,W03,14.602708,38.160327,49039.53,153.6884
2024-07-13,W04,2.058489,8.748545,11733.72,0.789
2024-07-13,W05,4.394963,15.58977,18373.73,1.0546
2024-07-13,W06,1.306936,5.499187,7544.67,7.062
2024-07-13,W07,18.020755,33.130775,53968.38,35.0085
2024-07-13,W08,0.57456,2.487495,3274.4,0.0988
2024-07-14,W01,15.844834,44.433553,60756.73,62.5907
2024-07-14,W02,14.656596,44.172723,54122.05,46.8885
2024-07-14,W03,13.902261,35.773364,45982.8,166.3089
2024-07-14,W04,1.040995,4.45749,6007.58,1.1859
2024-07-14,W05,2.377726,8.297565,10134.15,1.5926
2024-07-14,W06,0.606308,2.542348,3450.33,10.6682
2024-07-14,W07,18.601859,33.688257,55119.01,35.6351
2024-07-14,W08,0.262353,1.132407,1481.3,0.1377
2024-07-15,W01,16.183709,46.655359,63423.49,59.5824
2024-07-15,W02,15.09798,45.39883,54896.6,46.5807
2024-07-15,W03,14.873115,38.157786,49471.37,155.7753
2024-07-15,W04,2.899774,12.342891,16537.96,0.6818
2024-07-15,W05,6.243438,22.131732,26814.34,0.8924
2024-07-15,W06,2.072657,8.796471,11654.37,7.7507
2024-07-15,W07,17.789443,32.740494,54397.53,31.6305
2024-07-15,W08,0.829255,3.598594,4630.14,0.0771
2024-07-16,W01,16.160317,45.248421,62467.79,66.5546
2024-07-16,W02,14.874882,45.539146,56138.01,43.6946
2024-07-16,W03,15.382217,38.197787,48809.17,160.2815
2024-07-16,W04,2.747434,11.630476,15810.93,0.6321
2024-07-16,W05,5.935936,20.997577,25824.93,0.8833
2024-07-16,W06,1.908437,8.154818,10723.51,6.9179
2024-07-16,W07,17.234478,31.856575,52739.26,32.8617
2024-07-16,W08,0.909645,3.965843,5144.92,0.0859
2024-07-17,W01,16.523488,45.080724,61806.76,66.7578
2024-07-17,W02,15.028055,44.59191,54535.99,46.964
2024-07-17,W03,15.072707,38.430269,49802.34,157.9601
2024-07-17,W04,3.1247,13.383226,18247.24,0.7051
2024-07-17,W05,6.416088,22.424212,27147.82,0.8221
2024-07-17,W06,2.091107,8.863554,12007.99,7.3017
2024-07-17,W07,17.52522,32.305346,52933.53,33.5615
2024-07-17,W08,0.893213,3.908848,5003.18,0.0833
2024-07-18,W01,14.988671,41.408342,56349.38,58.8211
2024-07-18,W02,15.331771,45.015568,55554.25,47.6319
2024-07-18,W03,15.118018,39.226821,49503.64,172.7734
2024-07-18,W04,3.027123,13.022846,17114.01,0.7195
2024-07-18,W05,6.463134,22.944387,28014.86,0.9157
2024-07-18,W06,1.854158,7.826898,10528.52,6.3504
2024-07-18,W07,19.032373,34.967972,56608.85,35.9553
2024-07-18,W08,0.843729,3.667868,4840.02,0.0907
2024-07-19,W01,16.021305,44.882883,62195.54,57.8424
2024-07-19,W02,15.407762,45.670052,55533.18,51.2637
2024-07-19,W03,15.110597,38.72457,50624.57,167.0288
2024-07-19,W04,3.064904,13.059748,17472.87,0.7802
2024-07-19,W05,6.078039,21.176517,25810.18,0.9196
2024-07-19,W06,1.942503,8.164832,10921.7,8.2745
2024-07-19,W07,17.468951,32.406284,52729.69,32.0642
2024-07-19,W08,0.823862,3.569034,4580.1,0.0812
2024-07-20,W01,15.500695,43.198876,59590.51,56.6413
2024-07-20,W02,14.695484,43.728404,52991.87,44.9626
2024-07-20,W03,14.550989,37.624341,47739.7,163.774
2024-07-20,W04,2.127412,9.143629,12023.13,0.7835
2024-07-20,W05,4.569794,16.11452,19595.04,0.9748
2024-07-20,W06,1.336549,5.703444,7670.63,8.2074
2024-07-20,W07,18.355666,33.449598,55464.2,38.2498
2024-07-20,W08,0.585529,2.547789,3299.06,0.1016
2024-07-21,W01,15.169443,43.160111,58297.27,57.1841
2024-07-21,W02,14.93481,44.214684,54161.52,54.7596
2024-07-21,W03,13.611096,35.498745,45694.35,145.4053
2024-07-21,W04,0.997243,4.225403,5650.73,1.1146
2024-07-21,W05,2.400377,8.5782,10437.59,1.8195
2024-07-21,W06,0.634144,2.645402,3585.61,12.7862
2024-07-21,W07,18.730413,34.087493,55981.94,35.0458
2024-07-21,W08,0.266772,1.156482,1559.71,0.1373
2024-07-22,W01,16.224956,45.008503,61996.17,60.4293
2024-07-22,W02,15.63141,46.578865,56924.33,48.3549
2024-07-22,W03,15.311508,38.173152,49105.68,156.6427
2024-07-22,W04,3.163341,13.639431,17474.71,0.7292
2024-07-22,W05,6.384478,22.676737,27181.08,0.8898
2024-07-22,W06,1.94589,8.252303,11037.96,7.1796
2024-07-22,W07,17.735894,32.851036,54572.3,32.7778
2024-07-22,W08,0.855433,3.710849,4765.22,0.0827
2024-07-23,W01,15.481165,43.354369,60221.44,56.7935
2024-07-23,W02,15.605732,47.31372,57099.3,44.5415
2024-07-23,W03,15.861408,40.334829,51542.18,160.7553
2024-07-23,W04,2.839314,12.005619,15875.92,0.6412
2024-07-23,W05,6.593772,23.756725,28753.04,0.9693
2024-07-23,W06,1.941305,8.223445,10814.07,7.2761
2024-07-23,W07,18.410109,34.096259,54057.04,35.661
2024-07-23,W08,0.842987,3.652681,4775.29,0.0784
2024-07-24,W01,15.603561,43.923982,60969.03,58.9241
2024-07-24,W02,14.043323,41.889634,51504.92,41.3672
2024-07-24,W03,14.465094,36.992038,48167.78,149.5425
2024-07-24,W04,3.013745,12.937718,17043.39,0.6326
2024-07-24,W05,6.09584,21.412514,25741.09,0.8397
2024-07-24,W06,1.951405,8.291488,11057.78,6.6284
2024-07-24,W07,16.77681,30.917025,50779.53,32.2095
2024-07-24,W08,0.817574,3.541997,4633.06,0.0787
2024-07-25,W01,15.042087,43.195793,58418.53,58.8087
2024-07-25,W02,15.899188,47.627217,58219.21,49.2694
2024-07-25,W03,15.375037,40.057537,51421.95,159.4805
2024-07-25,W04,3.012783,12.87731,17199.07,0.7563
2024-07-25,W05,6.08395,21.215034,26064.55,0.8969
2024-07-25,W06,2.103024,8.915589,11992.96,7.5536
2024-07-25,W07,18.402318,34.008168,55580.64,36.4578
2024-07-25,W08,0.843361,3.658636,4790.1,0.0771
2024-07-26,W01,16.5689,46.804455,64101.98,58.4872
2024-07-26,W02,16.102485,48.539212,60591.58,57.8789
2024-07-26,W03,14.568147,37.920842,47645.52,140.5175
2024-07-26,W04,3.063626,13.089509,17372.91,0.7376
2024-07-26,W05,6.762885,24.256515,28807.72,1.0438
2024-07-26,W06,1.856167,7.880919,10571.57,7.2244
2024-07-26,W07,17.880931,32.750257,54165.17,32.0542
2024-07-26,W08,0.872596,3.801035,4991.88,0.088
2024-07-27,W01,15.578625,42.550685,58708.67,64.6722
2024-07-27,W02,14.887711,45.660537,56008.42,42.832
2024-07-27,W03,14.036375,36.658041,46455.06,140.0542
2024-07-27,W04,2.024674,8.656172,11598.94,0.7433
2024-07-27,W05,4.606613,16.475212,19884.56,1.0305
2024-07-27,W06,1.245745,5.251942,7188.79,8.1528
2024-07-27,W07,17.643127,32.621637,53695.62,36.6649
2024-07-27,W08,0.543089,2.341368,3084.7,0.0866
2024-07-28,W01,14.986953,42.901703,58610.8,59.4942
2024-07-28,W02,14.534203,43.756691,54186.19,47.8844
2024-07-28,W03,13.747187,35.608536,45364.46,143.0568
2024-07-28,W04,1.195515,4.512288,6966.38,1.367
2024-07-28,W05,2.28329,8.24426,9939.94,1.5743
2024-07-28,W06,0.644009,2.75219,3637.4,12.2463
2024-07-28,W07,16.679784,30.629474,50501.13,31.7183
2024-07-28,W08,0.246615,1.062165,1399.68,0.1326
2024-07-29,W01,14.442614,41.307707,55621.53,50.9932
2024-07-29,W02,15.637142,46.612591,56441.28,43.5359
2024-07-29,W03,15.794857,40.65942,52607.12,157.8412
2024-07-29,W04,3.098056,13.293749,18022.48,0.6366
2024-07-29,W05,6.039855,21.402287,26333.86,0.8467
2024-07-29,W06,2.00097,8.529128,11299.46,7.409
2024-07-29,W07,18.738286,34.284773,56085.65,36.7572
2024-07-29,W08,0.877092,3.802381,4865.3,0.0913
2024-07-30,W01,17.205252,46.938608,64685.59,62.2844
2024-07-30,W02,14.694111,43.052511,53232.87,45.0919
2024-07-30,W03,14.813554,37.483369,48183.57,137.4502
2024-07-30,W04,2.974921,12.834465,17043.78,0.7021
2024-07-30,W05,5.84779,20.49054,24211.66,0.8342
2024-07-30,W06,1.789564,7.473084,10253.61,6.5232
2024-07-30,W07,18.886356,34.597363,57071.38,35.9297
2024-07-30,W08,0.874326,3.786291,4960.89,0.087
2024-07-31,W01,16.739286,46.408271,63249.66,64.343
2024-07-31,W02,15.391653,46.211518,56593.65,43.2159
2024-07-31,W03,15.12764,38.023652,49081.14,147.8377
2024-07-31,W04,3.19442,13.600172,18163.01,0.7088
2024-07-31,W05,6.338887,22.680321,27048.93,0.8691
2024-07-31,W06,1.915523,8.131887,10971.68,7.5685
2024-07-31,W07,18.883376,34.573209,56857.38,33.6729
2024-07-31,W08,0.801417,3.458762,4568.99,0.0775
2024-08-01,W01,16.232099,44.784316,61340.57,65.2849
2024-08-01,W02,14.562603,44.357318,54316.55,44.0649
2024-08-01,W03,14.873651,38.619007,49903.0,148.4056
2024-08-01,W04,2.865195,12.169135,16240.96,0.6574
2024-08-01,W05,6.273527,21.866387,26344.28,0.8336
2024-08-01,W06,1.964473,8.299434,11083.16,7.249
2024-08-01,W07,19.500939,35.636213,58849.63,32.5692
2024-08-01,W08,0.879114,3.819395,5094.18,0.0884
2024-08-02,W01,16.08058,45.35817,61286.8,62.4476
2024-08-02,W02,16.400796,48.613544,59798.01,48.9275
2024-08-02,W03,14.623054,38.092241,48575.14,154.9709
2024-08-02,W04,2.90583,12.500379,16215.29,0.6899
2024-08-02,W05,6.626254,23.61711,28521.17,1.0198
2024-08-02,W06,1.795382,7.518591,10326.66,6.3391
2024-08-02,W07,18.400309,33.401529,56369.65,38.8093
2024-08-02,W08,0.866582,3.749465,4907.25,0.0896
2024-08-03,W01,16.2671,44.54691,62015.05,64.4527
2024-08-03,W02,15.118092,45.456761,54572.61,47.8524
2024-08-03,W03,15.05744,39.268977,49689.61,170.9654
2024-08-03,W04,2.033263,8.649188,11536.87,0.6937
2024-08-03,W05,4.373003,15.378978,18776.23,1.0036
2024-08-03,W06,1.393913,5.897515,7946.12,8.5964
2024-08-03,W07,18.563746,33.936163,55745.05,36.2972
2024-08-03,W08,0.531541,2.286386,2998.89,0.0918
2024-08-04,W01,15.783271,44.82433,61796.15,56.9622
2024-08-04,W02,15.03701,44.539179,54516.33,47.0071
2024-08-04,W03,14.347448,37.02908,47226.5,163.4441
2024-08-04,W04,1.004106,4.295554,5820.12,1.2007
2024-08-04,W05,2.445097,8.602749,10296.07,1.7855
2024-08-04,W06,0.636406,2.716375,3636.16,13.1326
2024-08-04,W07,17.141694,31.425153,51655.39,36.3174
2024-08-04,W08,0.257345,1.121105,1422.26,0.1119
2024-08-05,W01,17.167504,46.7735,64157.19,61.5892
2024-08-05,W02,16.131317,47.835575,58278.2,53.1608
2024-08-05,W03,15.008828,38.662067,49943.61,154.9858
2024-08-05,W04,2.756828,11.635987,15714.23,0.5735
2024-08-05,W05,6.547677,23.333521,27673.32,0.9538
2024-08-05,W06,1.826627,7.73741,10573.32,6.8889
2024-08-05,W07,18.79755,34.419147,55510.56,32.2644
2024-08-05,W08,0.851168,3.699201,4758.38,0.0855
2024-08-06,W01,16.834259,45.956565,63624.43,59.7118
2024-08-06,W02,16.076411,47.917147,58045.68,47.3359
2024-08-06,W03,15.126077,38.093326,50804.55,150.266
2024-08-06,W04,2.819559,11.88659,16231.02,0.64
2024-08-06,W05,6.041961,20.690522,25099.75,0.8947
2024-08-06,W06,1.897229,7.932295,10566.18,6.5877
2024-08-06,W07,18.805263,34.551995,56392.66,35.2956
2024-08-06,W08,0.813039,3.50733,4605.63,0.0823
2024-08-07,W01,16.598241,46.282492,62999.63,62.4736
2024-08-07,W02,14.907381,45.10844,54480.51,41.2145
2024-08-07,W03,15.14041,39.213393,50701.34,162.7879
2024-08-07,W04,2.848393,12.170386,16433.44,0.6865
2024-08-07,W05,6.169404,21.82559,26406.79,0.8656
2024-08-07,W06,1.951283,8.195195,11343.68,7.3388
2024-08-07,W07,19.373899,35.37252,58104.2,34.0745
2024-08-07,W08,0.875295,3.788783,4974.55,0.0877
2024-08-08,W01,15.58376,43.219491,59190.96,58.1809
2024-08-08,W02,15.255144,45.828786,55281.43,50.3457
2024-08-08,W03,14.846877,38.582343,49518.73,146.9144
2024-08-08,W04,2.949088,12.603145,16798.26,0.6612
2024-08-08,W05,6.517589,22.797697,27115.1,0.9535
2024-08-08,W06,1.757207,7.308005,10083.19,6.8499
2024-08-08,W07,17.978416,32.913476,53599.64,33.0965
2024-08-08,W08,0.855761,3.688542,4824.45,0.0885
2024-08-09,W01,15.271645,43.148218,59407.61,64.1609
2024-08-09,W02,15.558062,45.772469,55859.81,47.5296
2024-08-09,W03,14.858527,37.66819,48966.46,158.8145
2024-08-09,W04,3.079344,13.133793,17584.63,0.7376
2024-08-09,W05,6.50028,22.945557,27441.74,0.9019
2024-08-09,W06,1.852754,7.846851,10143.22,7.3013
2024-08-09,W07,18.946705,34.968271,56615.53,34.251
2024-08-09,W08,0.828826,3.589089,4727.61,0.0818
2024-08-10,W01,16.338608,44.722172,62017.26,68.146
2024-08-10,W02,15.384281,45.932133,56092.7,47.4621
2024-08-10,W03,15.001063,38.094477,49586.94,160.8917
2024-08-10,W04,1.862795,7.858369,10375.28,0.7322
2024-08-10,W05,4.285265,14.963458,17945.22,0.9775
2024-08-10,W06,1.799914,7.846851,10145.67,11.5297
2024-08-10,W07,17.428047,32.429252,52204.09,31.8751
2024-08-10,W08,0.659515,2.882166,3662.76,0.1034
2024-08-11,W01,15.432468,42.807611,59678.22,56.5447
2024-08-11,W02,15.088066,45.441415,56159.99,51.9549
2024-08-11,W03,13.782969,35.803048,45620.05,155.5219
2024-08-11,W04,1.025544,4.380213,5889.93,1.1745
2024-08-11,W05,2.368207,8.269656,10093.32,1.5911
2024-08-11,W06,0.600908,2.550841,3415.51,11.3078
2024-08-11,W07,16.710409,30.810476,49833.85,32.9094
2024-08-11,W08,0.266445,1.159058,1490.37,0.1413
2024-08-12,W01,16.846796,46.062634,62699.56,65.9828
2024-08-12,W02,15.502842,45.840176,56810.67,46.7714
2024-08-12,W03,15.182335,38.219935,49235.27,143.9452
2024-08-12,W04,2.872063,12.193985,16486.18,0.646
2024-08-12,W05,6.251166,21.877263,26639.97,0.896
2024-08-12,W06,1.791592,7.513566,10277.58,6.4738
2024-08-12,W07,19.353954,35.101102,57855.61,39.208
2024-08-12,W08,0.878917,3.823054,4942.06,0.0811
2024-08-13,W01,16.468673,46.04779,63310.58,63.3479
2024-08-13,W02,15.636789,46.565333,57229.77,44.0899
2024-08-13,W03,14.7519,38.635604,49582.28,147.432
2024-08-13,W04,3.035293,13.004632,17495.33,0.6935
2024-08-13,W05,6.111198,21.545457,25950.76,0.8388
2024-08-13,W06,1.966438,8.295644,11134.67,7.8017
2024-08-13,W07,18.558599,33.677798,55714.43,32.7095
2024-08-13,W08,0.858944,3.717724,4994.59,0.0808
2024-08-14,W01,16.156967,42.892169,60509.71,62.2478
2024-08-14,W02,15.659598,46.121766,55861.29,48.1638
2024-08-14,W03,15.219809,37.703865,49220.18,144.2171
2024-08-14,W04,2.899372,12.386674,16326.03,0.665
2024-08-14,W05,6.068521,21.558105,26248.6,0.8231
2024-08-14,W06,1.951479,8.309788,10982.58,6.6049
2024-08-14,W07,18.337996,33.642033,55180.25,34.9011
2024-08-14,W08,0.854445,3.688125,4841.34,0.0887
2024-08-15,W01,16.636107,45.51372,63401.12,60.798
2024-08-15,W02,15.274994,45.099108,55352.21,48.1923
2024-08-15,W03,15.453661,39.198388,50633.32,164.2521
2024-08-15,W04,2.781718,11.773713,15831.68,0.6936
2024-08-15,W05,6.281123,22.188887,27060.65,0.9527
2024-08-15,W06,1.977388,8.406287,11211.79,6.6528
2024-08-15,W07,19.16915,34.835903,57818.79,35.2051
2024-08-15,W08,0.821141,3.543662,4650.98,0.0827
2024-08-16,W01,15.876133,43.571266,59632.11,61.8868
2024-08-16,W02,14.983122,44.068512,53521.93,42.6708
2024-08-16,W03,16.237949,41.524531,54241.12,167.7786
2024-08-16,W04,2.968716,12.582729,16598.19,0.7844
2024-08-16,W05,6.610984,23.630086,28451.04,0.9348
2024-08-16,W06,1.862938,7.842642,10434.82,6.9475
2024-08-16,W07,18.643712,34.10802,56358.68,36.0719
2024-08-16,W08,0.7686,3.279593,4491.97,0.073
2024-08-17,W01,15.748243,43.223713,59442.57,59.8686
2024-08-17,W02,16.339162,47.29984,57810.18,48.9987
2024-08-17,W03,15.322939,38.934719,49851.99,146.7925
2024-08-17,W04,2.055615,8.836296,11464.11,0.7698
2024-08-17,W05,4.443192,15.672132,18902.52,0.9961
2024-08-17,W06,1.343666,5.703545,7567.22,7.6817
2024-08-17,W07,17.692174,32.576751,54594.21,31.6444
2024-08-17,W08,0.588456,2.557688,3284.05,0.0968
2024-08-18,W01,15.31382,43.140298,59474.84,59.764
2024-08-18,W02,14.108037,41.084345,50589.06,41.8454
2024-08-18,W03,13.638248,35.122898,44161.15,159.9982
2024-08-18,W04,1.001293,4.275018,5588.64,1.1217
2024-08-18,W05,2.344577,8.336518,9947.16,1.7882
2024-08-18,W06,0.616202,2.612665,3536.49,12.5265
2024-08-18,W07,17.64906,32.617101,53478.74,34.3079
2024-08-18,W08,0.254924,1.103784,1435.15,0.1206
2024-08-19,W01,15.411014,42.930702,59442.91,58.4934
2024-08-19,W02,15.313586,43.921314,54662.4,49.0963
2024-08-19,W03,15.051612,39.011475,49307.11,139.7719
2024-08-19,W04,2.977877,12.697679,17047.97,0.6871
2024-08-19,W05,6.271943,22.232834,26601.92,0.8275
2024-08-19,W06,1.938702,8.221405,11134.83,6.9279
2024-08-19,W07,20.136182,36.876392,60000.3,33.3263
2024-08-19,W08,0.803705,3.46896,4476.87,0.0753
2024-08-20,W01,16.668957,44.262313,61683.26,63.1407
2024-08-20,W02,15.683321,47.186693,57483.97,45.4913
2024-08-20,W03,15.041295,38.637373,49459.82,142.8477
2024-08-20,W04,2.98644,12.785251,16703.79,0.6935
2024-08-20,W05,6.476391,23.132569,27686.68,0.9998
2024-08-20,W06,1.894361,8.06001,10988.77,6.9881
2024-08-20,W07,17.343383,31.833267,52274.16,31.4693
2024-08-20,W08,0.806572,3.470999,4557.92,0.0803
2024-08-21,W01,16.846266,45.741777,62186.74,61.0195
2024-08-21,W02,15.582433,45.869415,56216.8,46.0911
2024-08-21,W03,15.608363,40.279832,51762.76,161.3601
2024-08-21,W04,2.960672,12.616962,16671.16,0.6857
2024-08-21,W05,6.033448,21.412346,25856.16,0.888
2024-08-21,W06,2.048904,8.648215,11373.12,7.9341
2024-08-21,W07,18.733626,34.204515,55525.77,34.4273
2024-08-21,W08,0.82792,3.568473,4720.78,0.0763
2024-08-22,W01,15.582396,43.296554,59366.85,61.6197
2024-08-22,W02,15.378085,46.340497,56067.38,46.0482
2024-08-22,W03,15.309144,39.512631,50348.55,169.3265
2024-08-22,W04,2.964586,12.647796,16918.44,0.7832
2024-08-22,W05,6.387787,22.727209,27646.79,0.9569
2024-08-22,W06,1.905636,8.063998,10799.29,7.4318
2024-08-22,W07,18.971868,34.497477,56422.82,33.4243
2024-08-22,W08,0.885215,3.875291,4893.88,0.089
2024-08-23,W01,16.211613,44.260836,60132.5,59.5956
2024-08-23,W02,15.381544,45.518867,55848.34,46.3996
2024-08-23,W03,15.251126,38.601152,49915.72,153.2699
2024-08-23,W04,2.865698,12.170265,16522.28,0.6636
2024-08-23,W05,6.130664,21.222625,25747.78,0.862
2024-08-23,W06,1.941632,8.235468,10924.32,6.8593
2024-08-23,W07,19.437718,35.56452,58150.6,35.8357
2024-08-23,W08,0.764373,3.29074,4374.03,0.0793
2024-08-24,W01,15.820709,44.768271,61228.77,56.3791
2024-08-24,W02,15.290563,45.47664,56464.73,49.0951
2024-08-24,W03,14.37631,36.276679,47542.72,158.4393
2024-08-24,W04,2.14684,9.171646,12324.99,0.8622
2024-08-24,W05,4.552438,16.211202,19427.01,1.0785
2024-08-24,W06,1.285808,5.381268,7427.28,8.4183
2024-08-24,W07,18.447055,33.842079,55012.43,37.365
2024-08-24,W08,0.552644,2.389014,3123.45,0.0855
2024-08-25,W01,14.850007,40.649934,56129.94,65.5274
2024-08-25,W02,14.566289,42.624667,52094.28,46.3181
2024-08-25,W03,14.177159,36.532848,46443.83,150.1309
2024-08-25,W04,1.017524,4.353764,5682.66,1.1168
2024-08-25,W05,2.488879,8.888339,10736.57,1.6749
2024-08-25,W06,0.707114,3.025085,3898.94,13.0382
2024-08-25,W07,17.983085,33.111492,54715.72,36.152
2024-08-25,W08,0.268986,1.166671,1528.65,0.1272
2024-08-26,W01,16.313643,45.589341,62975.18,67.9231
2024-08-26,W02,15.433174,46.145175,56376.93,45.4668
2024-08-26,W03,14.511097,37.020299,47030.3,143.6586
2024-08-26,W04,3.104859,13.303417,18153.81,0.696
2024-08-26,W05,6.568801,23.198892,27897.57,0.9905
2024-08-26,W06,1.933537,8.196976,10905.53,6.4023
2024-08-26,W07,18.415841,33.896469,54908.02,36.713
2024-08-26,W08,0.877818,3.798107,4858.44,0.0827
2024-08-27,W01,16.304329,44.562389,62312.54,57.048
2024-08-27,W02,15.938597,46.65554,56845.36,48.4264
2024-08-27,W03,15.036207,37.892945,48978.45,157.1083
2024-08-27,W04,2.732519,11.579212,15661.88,0.6725
2024-08-27,W05,6.222232,21.870881,26454.49,0.9095
2024-08-27,W06,2.026615,8.530697,11535.58,6.9002
2024-08-27,W07,18.672913,34.204118,55094.06,38.4409
2024-08-27,W08,0.774613,3.344662,4381.09,0.0764
2024-08-28,W01,15.890843,44.590131,61416.12,67.2025
2024-08-28,W02,15.814211,46.891928,56110.14,48.1822
2024-08-28,W03,15.697761,39.737319,51364.23,147.6491
2024-08-28,W04,2.707853,11.532856,15539.88,0.5553
2024-08-28,W05,6.249479,21.805513,26200.39,0.9254
2024-08-28,W06,1.772903,7.417989,10198.47,6.6221
2024-08-28,W07,19.237513,35.223498,57801.53,36.9361
2024-08-28,W08,0.841276,3.639742,4742.63,0.0853
2024-08-29,W01,16.4563,44.722347,60506.06,62.903
2024-08-29,W02,15.107803,44.995291,55127.85,49.6952
2024-08-29,W03,15.816032,39.81172,51372.71,162.8722
2024-08-29,W04,3.025287,12.861359,16991.65,0.7602
2024-08-29,W05,6.517061,22.953377,27350.06,0.9506
2024-08-29,W06,1.862782,7.846851,10506.4,6.9491
2024-08-29,W07,18.312355,33.533382,55869.81,34.4802
2024-08-29,W08,0.803816,3.467725,4546.01,0.0795
2024-08-30,W01,15.128631,41.167549,57048.37,53.1925
2024-08-30,W02,16.172709,47.595791,58654.88,51.1625
2024-08-30,W03,14.865052,38.312932,49421.04,142.3228
2024-08-30,W04,2.963513,12.689401,16783.88,0.7163
2024-08-30,W05,6.547435,23.210036,27876.8,0.9143
2024-08-30,W06,1.909023,8.067028,10891.05,6.8884
2024-08-30,W07,19.428469,35.660566,57802.42,40.5212
2024-08-30,W08,0.850936,3.674227,4843.55,0.0807
2024-08-31,W01,15.388466,43.873833,59991.18,54.3213
2024-08-31,W02,15.237481,45.806057,56501.17,54.1348
2024-08-31,W03,15.650969,40.761154,52070.57,166.0563
2024-08-31,W04,2.102749,8.969654,11893.02,0.8549
2024-08-31,W05,4.385703,15.593324,18549.46,0.9328
2024-08-31,W06,1.390547,5.940704,7869.32,8.5538
2024-08-31,W07,18.649067,33.796278,55326.57,38.4609
2024-08-31,W08,0.581922,2.525527,3187.53,0.094
2024-09-01,W01,15.4323,39.911268,56981.62,62.1654
2024-09-01,W02,14.124409,39.4564,49380.85,42.0924
2024-09-01,W03,14.376738,35.30421,46888.78,159.6156
2024-09-01,W04,0.928837,3.940024,5314.63,1.1447
2024-09-01,W05,2.17855,7.401304,8910.35,1.5607
2024-09-01,W06,0.538795,2.249887,3077.03,10.4637
2024-09-01,W07,18.739413,33.844173,54647.05,38.6575
2024-09-01,W08,0.218512,0.939689,1224.32,0.1067
2024-09-02,W01,15.734626,41.376777,57726.08,57.0475
2024-09-02,W02,15.55083,44.533654,54010.73,46.8109
2024-09-02,W03,16.474889,40.986655,53508.35,171.0095
2024-09-02,W04,2.691109,11.35413,15191.42,0.6217
2024-09-02,W05,5.925924,20.268215,24308.17,0.847
2024-09-02,W06,1.683935,7.012823,9695.25,6.5178
2024-09-02,W07,19.338632,34.651855,57440.61,35.3718
2024-09-02,W08,0.757477,3.260391,4250.31,0.0742
2024-09-03,W01,16.092271,41.474601,58492.96,54.9043
2024-09-03,W02,15.346477,43.624944,53712.57,46.7999
2024-09-03,W03,15.91853,38.345254,49863.82,153.244
2024-09-03,W04,2.594053,10.93341,14674.88,0.6286
2024-09-03,W05,6.319791,21.739843,26353.73,0.8843
2024-09-03,W06,1.803575,7.531252,10314.46,6.9686
2024-09-03,W07,20.292621,36.320493,58861.27,37.6928
2024-09-03,W08,0.795749,3.437421,4425.24,0.0747
2024-09-04,W01,17.212599,44.730213,62893.17,61.2589
2024-09-04,W02,15.66086,44.322418,55543.31,48.836
2024-09-04,W03,15.405603,37.773771,48812.22,153.5401
2024-09-04,W04,2.611096,10.948539,15012.71,0.6179
2024-09-04,W05,6.387618,21.657252,25697.76,0.9306
2024-09-04,W06,1.711013,7.171692,9748.03,6.5425
2024-09-04,W07,18.913739,34.475022,56439.87,38.0843
2024-09-04,W08,0.739363,3.143999,4178.49,0.0669
2024-09-05,W01,16.57651,43.188479,60816.03,64.6795
2024-09-05,W02,15.451229,42.706454,52313.42,45.2011
2024-09-05,W03,15.693679,37.130999,48588.61,139.6732
2024-09-05,W04,2.471417,10.473095,14280.33,0.6209
2024-09-05,W05,5.779987,19.632338,23740.54,0.8409
2024-09-05,W06,1.691887,7.083634,9671.18,6.9196
2024-09-05,W07,19.601773,35.384602,57540.35,37.36
2024-09-05,W08,0.770547,3.304772,4260.68,0.075
2024-09-06,W01,15.412824,40.118201,55835.25,54.0374
2024-09-06,W02,15.162453,42.804745,52849.93,45.9008
2024-09-06,W03,15.377293,38.889897,49478.63,141.5957
2024-09-06,W04,2.670263,11.302843,15413.76,0.5659
2024-09-06,W05,6.011151,20.141338,24223.0,0.9268
2024-09-06,W06,1.615521,6.649008,9130.67,5.922
2024-09-06,W07,20.40119,36.240411,60370.82,39.8875
2024-09-06,W08,0.784863,3.383937,4545.59,0.0783
2024-09-07,W01,16.077733,42.322781,58810.03,60.214
2024-09-07,W02,15.72817,44.980049,55257.76,48.1682
2024-09-07,W03,15.464484,37.233203,48195.42,148.356
2024-09-07,W04,1.70962,7.153221,9564.59,0.6198
2024-09-07,W05,4.395663,15.212977,18553.45,1.0223
2024-09-07,W06,1.009899,4.188263,5748.24,6.0177
2024-09-07,W07,18.899753,33.959019,56001.77,32.1071
2024-09-07,W08,0.49502,2.146593,2800.71,0.0826
2024-09-08,W01,15.086112,39.970163,56218.5,58.9087
2024-09-08,W02,14.557688,41.8031,50356.47,49.0875
2024-09-08,W03,14.641429,35.962417,46169.47,151.9356
2024-09-08,W04,0.911766,3.838145,5105.79,1.0371
2024-09-08,W05,2.261626,7.589764,9000.54,1.5955
2024-09-08,W06,0.489947,2.026073,2803.76,9.134
2024-09-08,W07,19.065332,34.256675,56192.79,38.9014
2024-09-08,W08,0.221723,0.949555,1278.73,0.1038
2024-09-09,W01,15.11528,40.28932,56652.27,54.7227
2024-09-09,W02,15.465145,43.858088,54236.67,46.1091
2024-09-09,W03,15.30055,37.17543,48777.77,163.1067
2024-09-09,W04,2.477284,10.455021,14150.18,0.6198
2024-09-09,W05,6.022525,20.153625,24292.68,0.8612
2024-09-09,W06,1.692017,7.02908,9398.81,6.2398
2024-09-09,W07,20.223603,36.2545,59325.66,34.0785
2024-09-09,W08,0.734833,3.14766,4175.2,0.0756
2024-09-10,W01,15.460434,40.070595,57989.79,56.2908
2024-09-10,W02,15.483215,43.485554,54128.2,45.7465
2024-09-10,W03,16.409283,40.772448,52566.96,164.6081
2024-09-10,W04,2.757364,11.653914,15708.28,0.6551
2024-09-10,W05,6.021278,20.315829,24550.16,0.8451
2024-09-10,W06,1.635786,6.769979,9355.87,6.5717
2024-09-10,W07,19.983212,36.02597,59398.25,35.7135
2024-09-10,W08,0.76601,3.278177,4401.48,0.0741
2024-09-11,W01,16.983219,44.252053,62083.19,62.9626
2024-09-11,W02,15.77056,45.464042,57126.18,51.0657
2024-09-11,W03,16.13566,39.659393,52072.28,183.0457
2024-09-11,W04,2.492521,10.496841,14128.79,0.5849
2024-09-11,W05,6.234852,21.567101,26327.76,0.8549
2024-09-11,W06,1.736059,7.298864,9839.51,6.8535
2024-09-11,W07,20.37068,36.355208,58707.79,36.8534
2024-09-11,W08,0.719355,3.065313,3998.63,0.0708
2024-09-12,W01,16.343529,43.220933,60207.11,58.274
2024-09-12,W02,15.159111,43.578052,52786.89,44.1762
2024-09-12,W03,14.992959,37.551365,48717.31,172.0896
2024-09-12,W04,2.560545,10.723564,15116.88,0.5923
2024-09-12,W05,6.107084,20.651788,24963.43,0.8939
2024-09-12,W06,1.662289,6.97064,9475.87,5.7507
2024-09-12,W07,20.63983,37.39424,60496.06,39.8416
2024-09-12,W08,0.78774,3.389248,4515.03,0.0725
2024-09-13,W01,16.233899,42.792233,59478.98,60.1035
2024-09-13,W02,16.515009,46.636807,57628.57,48.7375
2024-09-13,W03,15.192984,38.227642,48780.57,149.4696
2024-09-13,W04,2.51903,10.519514,14688.34,0.5686
2024-09-13,W05,6.012857,20.511129,24559.59,0.8078
2024-09-13,W06,1.650018,6.901469,9357.98,6.1451
2024-09-13,W07,20.267954,36.404677,57920.02,33.6908
2024-09-13,W08,0.754844,3.245519,4325.77,0.0786
2024-09-14,W01,15.619011,40.936236,57187.03,56.2278
2024-09-14,W02,15.320875,42.649622,53912.13,48.6847
2024-09-14,W03,15.179329,37.446154,48497.0,161.7886
2024-09-14,W04,1.67481,7.037087,9575.6,0.6596
2024-09-14,W05,4.464421,15.13703,18133.25,1.0211
2024-09-14,W06,1.256875,5.331852,7077.54,7.2253
2024-09-14,W07,19.104605,34.408945,57253.55,38.3923
2024-09-14,W08,0.500305,2.146121,2788.8,0.0721
2024-09-15,W01,14.789335,39.074282,54842.25,61.6356
2024-09-15,W02,14.518931,39.710805,49012.56,50.8019
2024-09-15,W03,13.874873,33.406971,43244.4,174.2133
2024-09-15,W04,0.585691,2.4689,3361.85,2.1918
2024-09-15,W05,3.618681,14.70979,17189.02,8.8756
2024-09-15,W06,0.357982,1.504312,2014.31,22.2639
2024-09-15,W07,18.676927,33.53567,55172.16,38.0416
2024-09-15,W08,0.118815,0.507413,657.28,0.1879
2024-09-16,W01,14.791787,39.042534,53774.99,63.0232
2024-09-16,W02,14.850843,41.908304,51407.32,51.5747
2024-09-16,W03,14.706554,36.121571,47053.71,158.9657
2024-09-16,W04,0.570298,2.377285,3279.86,2.1967
2024-09-16,W05,1.653579,5.666611,6742.23,4.0651
2024-09-16,W06,0.349917,1.463101,1988.98,21.4449
2024-09-16,W07,20.293243,36.185027,59766.7,44.4289
2024-09-16,W08,0.135549,0.582613,774.92,0.2439
2024-09-17,W01,15.308719,40.82751,57087.57,65.6221
2024-09-17,W02,14.127797,40.497371,49350.11,49.666
2024-09-17,W03,14.757554,35.676198,45523.33,172.0356
2024-09-17,W04,0.614466,2.578738,3504.62,2.5414
2024-09-17,W05,1.646038,5.631284,6746.48,4.0973
2024-09-17,W06,0.364197,1.536316,2059.81,23.6231
2024-09-17,W07,16.848287,30.802537,50454.97,35.2392
2024-09-17,W08,0.668253,3.057393,3662.71,1.0465
2024-09-18,W01,16.330681,43.242704,60447.93,59.8257
2024-09-18,W02,15.706355,44.727657,55206.87,47.1279
2024-09-18,W03,14.689347,36.706626,47854.55,156.2763
2024-09-18,W04,2.574575,10.811729,14608.14,0.6026
2024-09-18,W05,6.15459,20.848509,24845.1,0.7995
2024-09-18,W06,1.623421,6.805264,9155.0,5.6644
2024-09-18,W07,20.075475,36.208523,59336.29,34.0289
2024-09-18,W08,0.757935,3.255274,4340.08,0.0727
2024-09-19,W01,17.006701,44.221974,60834.37,60.0233
2024-09-19,W02,16.781417,47.573656,58614.83,50.152
2024-09-19,W03,15.843219,38.526477,51072.15,168.561
2024-09-19,W04,2.847627,12.096086,15724.45,0.6639
2024-09-19,W05,5.963824,20.118083,24153.13,0.8427
2024-09-19,W06,1.750889,7.367224,10199.0,6.5555
2024-09-19,W07,19.855822,35.548842,58207.54,36.7647
2024-09-19,W08,0.754795,3.255514,4171.21,0.0784
2024-09-20,W01,16.20605,42.241718,59600.57,65.7038
2024-09-20,W02,15.313393,43.252631,53389.19,47.1636
2024-09-20,W03,15.327038,38.153486,48787.32,152.786
2024-09-20,W04,2.559979,10.859953,14631.16,0.5389
2024-09-20,W05,6.083919,20.976932,25265.78,0.7979
2024-09-20,W06,1.816912,7.674054,10331.65,6.8661
2024-09-20,W07,18.712017,33.722088,56302.24,32.3447
2024-09-20,W08,0.755381,3.256572,4299.01,0.0728
2024-09-21,W01,14.614778,39.000707,54781.04,51.4344
2024-09-21,W02,15.835398,45.206279,55183.63,47.551
2024-09-21,W03,15.047491,36.074802,46912.29,159.4977
2024-09-21,W04,1.819914,7.658579,10572.2,0.7591
2024-09-21,W05,4.344586,14.810813,17861.87,1.019
2024-09-21,W06,1.106595,4.612433,6178.61,6.2067
2024-09-21,W07,19.34348,34.645031,58522.68,39.4149
2024-09-21,W08,0.515792,2.220903,2902.26,0.0781
2024-09-22,W01,15.504059,40.663676,57292.22,57.7787
2024-09-22,W02,15.598928,44.60629,54417.61,49.7297
2024-09-22,W03,15.345786,37.537473,49380.06,153.3842
2024-09-22,W04,0.937879,4.00087,5420.8,1.0469
2024-09-22,W05,2.30447,7.908126,9549.37,1.5594
2024-09-22,W06,0.527625,2.202759,3022.31,9.8767
2024-09-22,W07,19.701354,35.350123,56955.37,41.198
2024-09-22,W08,0.674203,3.057393,3698.91,0.3164
2024-09-23,W01,15.950031,42.126729,59491.24,58.3611
2024-09-23,W02,15.106211,42.480938,51721.38,45.3883
2024-09-23,W03,16.018266,38.311546,49860.0,161.0799
2024-09-23,W04,2.679269,11.273733,15314.53,0.6159
2024-09-23,W05,5.96764,20.476159,25114.92,0.8896
2024-09-23,W06,1.62589,6.727453,9503.79,5.9072
2024-09-23,W07,21.202265,37.906426,61073.44,38.769
2024-09-23,W08,0.705526,2.995819,3942.54,0.0716
2024-09-24,W01,15.584931,41.395239,58391.58,57.7342
2024-09-24,W02,16.302989,45.723668,55119.84,52.8347
2024-09-24,W03,14.807072,36.311123,46673.05,146.2716
2024-09-24,W04,2.621615,11.068667,14823.28,0.5934
2024-09-24,W05,6.098538,20.798547,25125.28,0.8345
2024-09-24,W06,1.63638,6.789121,9268.98,5.9044
2024-09-24,W07,18.706392,34.001854,56531.37,35.4105
2024-09-24,W08,0.725063,3.108351,4100.86,0.073
2024-09-25,W01,16.555713,43.925235,60763.19,60.2872
2024-09-25,W02,15.243345,42.830068,52350.84,43.6106
2024-09-25,W03,16.549729,39.474079,51397.82,155.1038
2024-09-25,W04,2.505719,10.519184,13548.15,0.5909
2024-09-25,W05,6.138695,20.95096,25419.09,0.8762
2024-09-25,W06,1.764125,7.399587,10101.45,6.4557
2024-09-25,W07,18.994727,34.113601,57167.84,38.1095
2024-09-25,W08,0.713236,3.049473,4039.49,0.0718
2024-09-26,W01,15.485459,41.753844,58088.58,58.157
2024-09-26,W02,16.201767,46.668228,57443.29,44.0741
2024-09-26,W03,16.36333,38.75326,49658.82,163.074
2024-09-26,W04,2.551361,10.716909,14563.47,0.5823
2024-09-26,W05,6.368684,21.738023,25883.29,0.9406
2024-09-26,W06,1.752475,7.370529,9984.14,7.2765
2024-09-26,W07,19.70379,35.398496,58624.28,36.8061
2024-09-26,W08,0.69007,2.898452,3990.04,0.0709
2024-09-27,W01,15.648961,42.00912,59672.55,51.6263
2024-09-27,W02,15.758111,44.531085,54966.77,48.8598
2024-09-27,W03,15.362199,37.387326,48414.68,167.6602
2024-09-27,W04,2.505782,10.542433,14593.18,0.574
2024-09-27,W05,6.241408,21.300511,25103.34,0.8574
2024-09-27,W06,1.704981,7.138454,9452.16,6.4877
2024-09-27,W07,16.844487,30.570464,50313.35,31.5904
2024-09-27,W08,0.709962,3.029917,4138.99,0.0718
2024-09-28,W01,15.74356,41.106652,56907.2,62.6754
2024-09-28,W02,14.553612,41.235781,50232.38,45.7763
2024-09-28,W03,14.469512,35.568185,45733.53,153.5341
2024-09-28,W04,1.797309,7.596741,10080.83,0.6808
2024-09-28,W05,4.370025,15.005715,18220.59,1.0133
2024-09-28,W06,1.586195,6.805264,8850.4,9.7253
2024-09-28,W07,18.586505,33.056423,54008.16,36.6774
2024-09-28,W08,0.508616,2.184875,2868.67,0.0849
2024-09-29,W01,15.070672,39.97521,55441.68,58.2836
2024-09-29,W02,15.227648,43.071222,52104.95,43.4703
2024-09-29,W03,15.837339,37.900967,49304.45,165.6383
2024-09-29,W04,0.849707,3.581085,4943.14,0.8892
2024-09-29,W05,2.281776,7.803875,9346.95,1.5683
2024-09-29,W06,0.550142,2.296681,3061.73,10.6832
2024-09-29,W07,19.770974,35.408622,56797.13,39.4511
2024-09-29,W08,0.217004,0.932138,1220.34,0.1166
2024-09-30,W01,15.184801,39.321262,55198.22,53.5206
2024-09-30,W02,14.762846,42.73035,52367.65,45.9667
2024-09-30,W03,15.650467,36.89547,48018.36,158.6947
2024-09-30,W04,2.608787,10.979625,15035.77,0.5908
2024-09-30,W05,6.334319,21.760446,25977.46,0.9033
2024-09-30,W06,1.717239,7.196834,9880.03,5.7694
2024-09-30,W07,20.901589,37.216148,61563.76,40.5305
2024-09-30,W08,0.706194,3.021851,4008.32,0.0666
2024-10-01,W01,15.736243,39.150155,55095.74,66.0731
2024-10-01,W02,14.38548,39.246293,47660.04,47.0097
2024-10-01,W03,15.993669,37.535337,48849.43,200.8069
2024-10-01,W04,0.58448,2.46776,3377.26,2.5068
2024-10-01,W05,1.775891,6.026431,7188.98,4.3138
2024-10-01,W06,0.30632,1.279862,1730.21,22.2632
2024-10-01,W07,23.220774,40.762025,67769.05,48.9871
2024-10-01,W08,0.122678,0.522528,694.99,0.1884
2024-10-02,W01,14.880678,36.806585,52368.73,65.0391
2024-10-02,W02,15.804937,43.050108,53503.92,53.6931
2024-10-02,W03,15.509948,36.313107,47305.28,173.1291
2024-10-02,W04,0.5549,2.302121,3246.87,2.1247
2024-10-02,W05,1.674979,5.503231,6500.35,3.8321
2024-10-02,W06,0.337395,1.428099,1886.62,20.4346
2024-10-02,W07,19.954328,35.368307,58607.57,38.9808
2024-10-02,W08,0.120719,0.513958,685.9,0.1801
2024-10-03,W01,16.016176,40.740999,57656.22,77.9429
2024-10-03,W02,15.187986,41.3464,50281.59,57.6344
2024-10-03,W03,15.824307,36.947521,49361.26,179.3204
2024-10-03,W04,0.561066,2.336358,3293.97,2.0211
2024-10-03,W05,1.674972,5.517218,6635.22,4.219
2024-10-03,W06,0.343694,1.421267,2006.25,23.1319
2024-10-03,W07,19.935111,35.512499,58231.91,41.8939
2024-10-03,W08,0.114302,0.486607,653.06,0.1937
2024-10-04,W01,15.78076,38.217462,55803.8,65.6842
2024-10-04,W02,16.21636,43.545567,53569.32,53.1369
2024-10-04,W03,16.910451,38.966186,51127.41,182.9304
2024-10-04,W04,0.564437,2.384288,3299.09,2.1198
2024-10-04,W05,1.714771,5.602981,6730.85,4.0921
2024-10-04,W06,0.320561,1.339879,1874.36,19.154
2024-10-04,W07,20.297477,35.902699,57093.04,42.3606
2024-10-04,W08,0.121969,0.52035,696.61,0.2038
2024-10-05,W01,16.29227,39.184628,56045.5,68.4828
2024-10-05,W02,15.630055,43.220317,53290.83,44.6504
2024-10-05,W03,16.718769,39.343184,51800.01,199.0993
2024-10-05,W04,0.50946,2.101171,2907.34,1.9996
2024-10-05,W05,1.659607,5.532127,6509.06,4.4901
2024-10-05,W06,0.302912,1.247991,1736.33,16.6262
2024-10-05,W07,20.290568,35.836895,57875.98,39.6649
2024-10-05,W08,0.132476,0.566409,736.67,0.2321
2024-10-06,W01,15.543993,38.691945,54661.69,79.0532
2024-10-06,W02,15.590635,42.258393,51226.18,51.0006
2024-10-06,W03,15.216075,36.450515,47706.36,168.3213
2024-10-06,W04,0.562074,2.360416,3237.16,2.2552
2024-10-06,W05,1.672504,5.445954,6597.93,4.0234
2024-10-06,W06,0.331754,1.379924,1920.54,19.725
2024-10-06,W07,20.838391,36.846785,60653.25,42.1961
2024-10-06,W08,0.121418,0.516805,698.04,0.2011
2024-10-07,W01,15.199158,37.923397,53580.05,71.5726
2024-10-07,W02,15.50042,41.721382,51816.19,50.6647
2024-10-07,W03,15.271001,35.960701,47322.81,178.9913
2024-10-07,W04,0.545021,2.280036,3115.79,2.1812
2024-10-07,W05,1.65967,5.486524,6479.16,3.8973
2024-10-07,W06,0.299487,1.243894,1680.45,17.7369
2024-10-07,W07,21.754364,38.35315,62365.9,40.3582
2024-10-07,W08,0.113941,0.481772,648.52,0.1761
2024-10-08,W01,16.614146,41.231812,59246.68,64.5252
2024-10-08,W02,16.477344,46.170394,56821.69,51.2252
2024-10-08,W03,16.810096,40.138158,52824.75,185.4825
2024-10-08,W04,2.392141,9.941453,13489.22,0.5245
2024-10-08,W05,6.299663,20.671714,24431.27,0.8924
2024-10-08,W06,1.469941,5.983586,8402.75,6.3635
2024-10-08,W07,23.155314,40.836044,68559.47,45.7824
2024-10-08,W08,0.7006,3.002044,3928.94,0.0686
2024-10-09,W01,17.241547,42.875494,61150.13,64.6305
2024-10-09,W02,16.209977,44.015054,54341.54,50.4569
2024-10-09,W03,17.910021,41.287253,54607.56,187.2336
2024-10-09,W04,2.481637,10.401344,14013.2,0.5328
2024-10-09,W05,6.172615,20.512346,24941.94,0.8759
2024-10-09,W06,1.665908,6.920869,9468.13,5.658
2024-10-09,W07,23.103512,40.613845,67201.21,45.4186
2024-10-09,W08,0.647201,2.743733,3573.59,0.0646
2024-10-10,W01,17.631192,44.090621,63160.89,61.7326
2024-10-10,W02,16.711699,44.904641,57330.44,52.4519
2024-10-10,W03,16.290113,38.635326,51235.94,152.0834
2024-10-10,W04,2.474628,10.376445,14372.31,0.582
2024-10-10,W05,6.098772,20.358428,24639.66,0.8735
2024-10-10,W06,1.599502,6.613582,9165.26,5.8974
2024-10-10,W07,20.505279,36.475758,61051.87,36.1539
2024-10-10,W08,0.67775,2.885663,3852.7,0.0625
2024-10-11,W01,16.465647,42.007226,59271.9,58.3462
2024-10-11,W02,16.817139,45.03724,55218.04,46.667
2024-10-11,W03,16.706952,39.377731,52313.24,167.542
2024-10-11,W04,2.358977,9.785162,13389.56,0.5738
2024-10-11,W05,6.477943,21.821478,25656.3,0.9137
2024-10-11,W06,1.597521,6.566953,9168.66,6.0449
2024-10-11,W07,23.605182,41.473373,68714.33,41.0069
2024-10-11,W08,0.687111,2.930605,3829.16,0.0664
2024-10-12,W01,16.923779,41.954184,58680.49,61.0134
2024-10-12,W02,16.444726,45.578678,56121.3,48.754
2024-10-12,W03,17.270454,41.389782,52962.3,160.1994
2024-10-12,W04,1.671348,6.930721,9722.03,0.6226
2024-10-12,W05,4.290211,14.326817,16866.3,1.0624
2024-10-12,W06,1.076065,4.469014,6163.05,6.2184
2024-10-12,W07,22.871313,40.227694,66152.44,44.2746
2024-10-12,W08,0.490773,2.111084,2733.36,0.0779
2024-10-13,W01,16.891683,42.198642,58922.85,66.5782
2024-10-13,W02,15.3515,41.964207,51472.59,49.0637
2024-10-13,W03,15.622668,37.325655,47912.26,177.8476
2024-10-13,W04,0.848819,3.56279,4820.66,0.971
2024-10-13,W05,2.417066,7.990833,9537.67,1.8923
2024-10-13,W06,0.523621,2.170995,3006.25,9.5083
2024-10-13,W07,24.836488,43.515693,71159.72,49.1672
2024-10-13,W08,0.18907,0.802562,1075.23,0.0907
2024-10-14,W01,16.644943,40.576636,58094.13,59.1181
2024-10-14,W02,16.243543,43.823816,54272.59,50.567
2024-10-14,W03,17.489569,40.424584,52936.67,178.2831
2024-10-14,W04,2.569569,10.808553,14716.87,0.5714
2024-10-14,W05,6.293433,20.660152,24331.08,0.8496
2024-10-14,W06,1.619185,6.775193,9198.02,5.9184
2024-10-14,W07,23.736646,41.416782,69251.7,45.6608
2024-10-14,W08,0.720324,3.087809,4012.23,0.0752
2024-10-15,W01,17.181412,42.500772,60551.89,63.7908
2024-10-15,W02,16.418665,43.969893,54311.24,49.9465
2024-10-15,W03,17.361141,41.184961,53449.67,166.3375
2024-10-15,W04,2.50667,10.442108,14561.55,0.6363
2024-10-15,W05,6.045601,19.954674,23857.91,0.8995
2024-10-15,W06,1.486844,6.190311,8551.6,4.9978
2024-10-15,W07,23.033318,40.711557,65887.17,42.5343
2024-10-15,W08,0.65141,2.767787,3671.68,0.0597
2024-10-16,W01,17.335277,43.945658,61787.28,66.364
2024-10-16,W02,16.198626,44.475693,54869.18,47.7689
2024-10-16,W03,17.605438,40.651646,53922.38,181.681
2024-10-16,W04,2.407944,10.090835,13726.29,0.5505
2024-10-16,W05,5.814147,18.96465,22520.81,0.7647
2024-10-16,W06,1.445821,5.981862,8056.64,5.5073
2024-10-16,W07,21.949277,38.633431,63730.39,39.1438
2024-10-16,W08,0.65522,2.78226,3658.2,0.06
2024-10-17,W01,16.274176,40.569913,57577.07,56.2441
2024-10-17,W02,16.742027,45.658741,56104.22,57.1599
2024-10-17,W03,16.073613,38.04793,49730.07,154.1922
2024-10-17,W04,2.378771,9.962392,13693.88,0.5226
2024-10-17,W05,6.304232,21.127817,25337.29,0.8578
2024-10-17,W06,1.624671,6.706462,9227.67,5.9662
2024-10-17,W07,21.62519,38.415385,62869.28,39.9066
2024-10-17,W08,0.639261,2.719679,3663.37,0.0716
2024-10-18,W01,16.221347,40.220501,56508.92,57.7408
2024-10-18,W02,17.508092,48.556188,59249.23,52.8323
2024-10-18,W03,17.784152,41.735816,54580.07,163.8896
2024-10-18,W04,2.350799,9.766106,13483.53,0.5354
2024-10-18,W05,6.201114,20.063114,24348.83,0.848
2024-10-18,W06,1.592111,6.567298,9136.9,6.2951
2024-10-18,W07,23.920084,42.23961,69967.05,48.4066
2024-10-18,W08,0.666728,2.84198,3731.94,0.0663
2024-10-19,W01,16.877633,41.879451,58673.43,63.4154
2024-10-19,W02,16.682212,44.291758,55496.45,55.5627
2024-10-19,W03,16.149182,38.081136,49865.76,193.0727
2024-10-19,W04,1.680766,7.075987,9656.25,0.6746
2024-10-19,W05,4.655147,14.921989,17834.03,1.0656
2024-10-19,W06,1.03186,4.052597,5942.13,5.9983
2024-10-19,W07,22.350297,39.49618,66166.34,39.5659
2024-10-19,W08,0.46596,1.988451,2602.46,0.0689
2024-10-20,W01,16.462612,40.288465,58042.49,63.4121
2024-10-20,W02,15.147541,42.08291,51559.72,41.1994
2024-10-20,W03,17.311552,39.507137,52635.67,193.4619
2024-10-20,W04,0.827478,3.483713,4754.93,0.8874
2024-10-20,W05,2.322466,7.714626,9215.15,1.6525
2024-10-20,W06,0.474404,1.957563,2727.79,9.8674
2024-10-20,W07,21.331748,37.640006,61865.92,40.5774
2024-10-20,W08,0.206369,0.882832,1153.71,0.1008
2024-10-21,W01,16.81904,41.957385,59865.38,63.9386
2024-10-21,W02,16.627199,45.624319,56936.01,48.7563
2024-10-21,W03,17.189494,40.43679,53032.22,184.1324
2024-10-21,W04,2.359091,9.871852,13511.2,0.575
2024-10-21,W05,5.960857,19.947049,24162.93,0.8425
2024-10-21,W06,1.483769,6.149618,8556.57,5.5824
2024-10-21,W07,22.121647,39.09559,63847.12,40.9124
2024-10-21,W08,0.632361,2.673341,3690.47,0.0586
2024-10-22,W01,16.114654,41.026829,57595.04,58.7781
2024-10-22,W02,15.898667,43.394985,54068.12,48.5941
2024-10-22,W03,16.830638,39.560863,51907.75,176.9485
2024-10-22,W04,2.301368,9.569734,13227.5,0.5434
2024-10-22,W05,6.249738,20.343134,23809.09,0.8575
2024-10-22,W06,1.704274,7.101746,9700.63,6.5091
2024-10-22,W07,21.583691,38.007889,62154.81,39.8663
2024-10-22,W08,0.678312,2.894027,3892.41,0.0642
2024-10-23,W01,16.406705,40.063769,57956.27,58.4266
2024-10-23,W02,16.319532,42.933531,53129.56,52.6508
2024-10-23,W03,17.224771,39.493711,50675.58,175.5749
2024-10-23,W04,2.600076,10.95152,14744.31,0.5632
2024-10-23,W05,6.123674,20.261684,24420.53,0.9023
2024-10-23,W06,1.483922,6.066602,8591.51,5.2934
2024-10-23,W07,21.429438,37.639721,61342.8,38.8941
2024-10-23,W08,0.673901,2.87164,3825.39,0.0661
2024-10-24,W01,17.588196,43.380113,61406.78,67.7699
2024-10-24,W02,17.21787,47.103927,58702.2,49.3486
2024-10-24,W03,16.199486,38.259571,49901.38,160.6948
2024-10-24,W04,2.435215,10.149761,14149.0,0.5313
2024-10-24,W05,6.487717,21.637558,25819.07,0.8487
2024-10-24,W06,1.519572,6.286951,8673.44,5.9226
2024-10-24,W07,22.622584,40.176808,66164.47,38.9747
2024-10-24,W08,0.708768,3.034685,4073.69,0.0675
2024-10-25,W01,16.987142,42.249039,59609.77,65.796
2024-10-25,W02,16.029734,42.88436,52631.37,46.2196
2024-10-25,W03,16.944176,39.554121,51458.88,179.7295
2024-10-25,W04,2.509022,10.607218,14466.36,0.5881
2024-10-25,W05,6.178356,20.509897,24416.82,0.9131
2024-10-25,W06,1.635472,6.809375,9283.31,6.3363
2024-10-25,W07,22.829459,40.186873,65639.52,39.3526
2024-10-25,W08,0.691847,2.933569,3877.06,0.0664
2024-10-26,W01,16.793644,41.744575,60824.72,63.7528
2024-10-26,W02,16.520143,44.429258,56468.85,49.8962
2024-10-26,W03,17.281391,39.545587,52113.58,190.6449
2024-10-26,W04,1.617308,6.714008,9372.12,0.6627
2024-10-26,W05,4.162786,13.827154,16503.34,1.0417
2024-10-26,W06,1.063794,4.411341,5989.57,6.2383
2024-10-26,W07,24.034608,41.934049,68552.47,45.4918
2024-10-26,W08,0.486211,2.075965,2784.07,0.0737
2024-10-27,W01,16.640713,41.120227,58669.88,61.2516
2024-10-27,W02,15.614703,43.014266,53114.22,48.0371
2024-10-27,W03,16.044961,36.915517,47474.03,165.2927
2024-10-27,W04,0.863547,3.627822,4860.97,0.9273
2024-10-27,W05,3.709886,14.211606,17368.39,2.6375
2024-10-27,W06,0.502758,2.079545,2796.36,9.3366
2024-10-27,W07,19.921461,35.209953,57842.31,37.8539
2024-10-27,W08,0.220487,0.949426,1269.63,0.1172
2024-10-28,W01,16.88395,41.946964,58878.91,60.7658
2024-10-28,W02,15.964172,44.099192,55199.54,47.8888
2024-10-28,W03,16.704671,39.339518,51861.8,178.5393
2024-10-28,W04,2.391946,9.970692,13814.75,0.531
2024-10-28,W05,6.550396,21.778904,25846.33,0.865
2024-10-28,W06,1.650752,6.860072,9323.79,6.1961
2024-10-28,W07,22.092211,39.141754,64051.88,38.9569
2024-10-28,W08,0.737024,3.153962,4140.22,0.0748
2024-10-29,W01,17.392909,42.354978,60156.13,59.0487
2024-10-29,W02,16.914043,44.983477,55976.17,54.4892
2024-10-29,W03,17.367228,40.357444,53553.54,170.9709
2024-10-29,W04,2.367806,9.875457,13636.05,0.5223
2024-10-29,W05,6.100995,19.816505,23603.77,0.8311
2024-10-29,W06,1.607259,6.665129,9254.23,5.7721
2024-10-29,W07,21.997396,38.678795,63709.34,38.8286
2024-10-29,W08,0.681118,2.879798,3832.77,0.0646
2024-10-30,W01,16.945212,42.116646,60275.71,70.4961
2024-10-30,W02,16.121294,43.413909,53215.21,46.4998
2024-10-30,W03,16.404445,38.699023,50657.94,187.5137
2024-10-30,W04,2.428092,10.197359,13983.41,0.6043
2024-10-30,W05,6.123734,19.858013,23861.3,0.8658
2024-10-30,W06,1.568946,6.50933,8846.27,5.8781
2024-10-30,W07,21.626274,38.428545,63086.86,38.4328
2024-10-30,W08,0.691759,2.941539,3919.47,0.0667
2024-10-31,W01,17.355348,42.735646,61298.13,67.54
2024-10-31,W02,16.733129,44.635469,55815.27,49.7995
2024-10-31,W03,17.594856,40.655429,54062.01,186.768
2024-10-31,W04,2.442264,10.253423,13844.46,0.5589
2024-10-31,W05,6.310717,20.509524,24317.67,0.8237
2024-10-31,W06,1.536676,6.395123,8855.72,5.5643
2024-10-31,W07,23.189723,40.650375,66140.15,41.877
2024-10-31,W08,0.728379,3.116397,4074.13,0.0704
2024-11-01,W01,20.020584,48.268088,69178.89,78.5324
2024-11-01,W02,19.520474,52.034643,63590.96,55.3134
2024-11-01,W03,19.857169,46.22346,60359.86,172.4371
2024-11-01,W04,2.52011,10.673642,14849.14,0.5282
2024-11-01,W05,6.967049,22.555093,27187.1,1.0514
2024-11-01,W06,1.741487,7.356335,9780.01,6.4616
2024-11-01,W07,26.883477,46.970794,75288.84,49.0257
2024-11-01,W08,0.766093,3.299898,4398.08,0.0694
2024-11-02,W01,20.903968,49.426131,71014.03,74.6557
2024-11-02,W02,18.644721,48.535633,59807.47,53.4922
2024-11-02,W03,19.793261,45.076849,58676.53,211.4032
2024-11-02,W04,1.746956,7.360958,9951.47,0.584
2024-11-02,W05,4.970993,15.717753,18666.04,1.0637
2024-11-02,W06,1.134186,4.734163,6435.67,6.7274
2024-11-02,W07,25.245291,44.222885,72750.89,46.9633
2024-11-02,W08,0.496764,2.134697,2846.24,0.083
2024-11-03,W01,19.081174,47.520519,67330.0,71.765
2024-11-03,W02,18.994647,50.154267,63860.48,60.0075
2024-11-03,W03,18.90417,43.010372,56381.01,199.5079
2024-11-03,W04,0.935126,3.968384,5381.81,1.0324
2024-11-03,W05,2.665098,8.696068,10370.94,1.8104
2024-11-03,W06,0.570433,2.427011,3236.53,11.1515
2024-11-03,W07,27.265936,47.577407,78009.64,52.0517
2024-11-03,W08,0.206628,0.877698,1180.62,0.1015
2024-11-04,W01,20.898397,49.845672,71464.54,76.4921
2024-11-04,W02,18.830018,50.04152,61643.5,59.21
2024-11-04,W03,21.729192,48.828681,63394.15,257.2842
2024-11-04,W04,2.462439,10.327709,14375.4,0.5599
2024-11-04,W05,7.382301,23.914719,28194.83,1.0702
2024-11-04,W06,1.764778,7.39301,10062.7,6.3575
2024-11-04,W07,27.40744,47.763893,77622.25,52.9609
2024-11-04,W08,0.738375,3.149743,4225.68,0.0673
2024-11-05,W01,20.850345,48.910734,69769.01,81.0238
2024-11-05,W02,18.859904,48.885637,60625.47,53.9763
2024-11-05,W03,20.94594,47.668027,63516.67,199.2612
2024-11-05,W04,2.624404,11.02073,14882.54,0.5686
2024-11-05,W05,7.197227,22.841748,27219.19,1.051
2024-11-05,W06,1.632172,6.806689,9240.53,5.7999
2024-11-05,W07,27.301656,47.834804,78493.19,47.7844
2024-11-05,W08,0.785936,3.376163,4392.9,0.0764
2024-11-06,W01,19.721293,47.908357,67524.39,79.1276
2024-11-06,W02,19.864488,52.357114,64538.94,58.8204
2024-11-06,W03,20.776751,47.165365,63034.03,213.8428
2024-11-06,W04,2.507511,10.592523,14536.12,0.5721
2024-11-06,W05,6.912367,22.226671,26313.6,1.0063
2024-11-06,W06,1.638898,6.744396,9275.07,6.1556
2024-11-06,W07,28.140513,49.027798,80891.61,50.824
2024-11-06,W08,0.770829,3.296948,4440.43,0.0734
2024-11-07,W01,19.754374,47.302749,67326.98,78.5415
2024-11-07,W02,19.243308,51.180276,62747.86,62.088
2024-11-07,W03,19.898651,46.980966,61060.22,205.7048
2024-11-07,W04,2.677339,11.343039,15313.74,0.6138
2024-11-07,W05,7.283493,23.176305,27807.34,1.1301
2024-11-07,W06,1.642648,6.821543,9341.53,5.7982
2024-11-07,W07,25.560546,44.654815,76004.31,51.568
2024-11-07,W08,0.756544,3.239114,4279.52,0.0781
2024-11-08,W01,20.372715,49.272751,70542.72,82.9164
2024-11-08,W02,19.990429,53.662636,66033.47,60.0045
2024-11-08,W03,19.992561,45.348625,61406.38,211.1125
2024-11-08,W04,2.610715,10.95115,15288.72,0.5904
2024-11-08,W05,7.060832,22.76943,27006.2,1.0942
2024-11-08,W06,1.670495,6.946516,9484.49,6.7986
2024-11-08,W07,28.167255,49.461861,80786.44,47.105
2024-11-08,W08,0.748362,3.217853,4255.77,0.0722
2024-11-09,W01,19.227626,46.292339,66927.65,77.7691
2024-11-09,W02,19.174761,50.851162,62860.98,62.8532
2024-11-09,W03,20.35759,45.993977,61416.69,218.4971
2024-11-09,W04,1.711938,7.206201,9607.9,0.5762
2024-11-09,W05,4.928749,15.815175,18940.31,1.1367
2024-11-09,W06,1.18661,4.996467,6688.97,6.9258
2024-11-09,W07,25.345029,44.638002,70999.91,43.6086
2024-11-09,W08,0.475957,2.030495,2669.79,0.0701
2024-11-10,W01,18.769239,45.479432,65647.41,79.3629
2024-11-10,W02,17.445633,46.214466,56708.24,53.537
2024-11-10,W03,18.538898,42.644868,56412.14,206.4649
2024-11-10,W04,0.937265,3.966639,5296.39,1.1368
2024-11-10,W05,2.681262,8.800851,10324.29,1.9
2024-11-10,W06,0.516048,2.147997,2888.34,9.5049
2024-11-10,W07,25.068971,44.072866,72364.04,49.6043
2024-11-10,W08,0.219916,0.935477,1251.12,0.1111
2024-11-11,W01,20.573754,49.125354,70971.03,74.0281
2024-11-11,W02,19.323814,51.267054,64873.49,63.8633
2024-11-11,W03,20.852354,47.840745,63972.02,196.5683
2024-11-11,W04,2.602103,10.962638,15139.37,0.6573
2024-11-11,W05,7.216334,23.158238,26861.36,1.0121
2024-11-11,W06,1.744169,7.320793,9960.4,6.743
2024-11-11,W07,26.213969,45.797739,74910.05,45.5168
2024-11-11,W08,0.80498,3.469073,4547.16,0.0733
2024-11-12,W01,20.409077,47.656034,70599.63,74.0578
2024-11-12,W02,18.796472,50.440286,62772.63,53.0713
2024-11-12,W03,21.084693,47.803148,63195.35,228.4415
2024-11-12,W04,2.506789,10.427646,14151.51,0.6085
2024-11-12,W05,6.862977,22.260387,26025.11,1.0445
2024-11-12,W06,1.654868,6.880409,9467.34,5.8052
2024-11-12,W07,28.342803,49.234907,80332.98,54.2457
2024-11-12,W08,0.736032,3.172563,4131.67,0.0686
2024-11-13,W01,20.905303,50.250159,72092.81,85.2773
2024-11-13,W02,19.772749,53.265089,64691.57,55.7747
2024-11-13,W03,19.689836,46.028274,60033.14,185.1488
2024-11-13,W04,2.26405,9.378975,12925.2,0.5059
2024-11-13,W05,6.77817,21.878194,26192.37,0.9117
2024-11-13,W06,1.628518,6.77493,9119.45,6.1631
2024-11-13,W07,27.145776,47.37615,76260.88,48.1458
2024-11-13,W08,0.679038,2.889627,3805.22,0.0659
2024-11-14,W01,20.726925,49.398193,70437.28,78.2562
2024-11-14,W02,18.80509,49.246253,61572.68,55.2936
2024-11-14,W03,18.873393,43.976386,57162.75,197.8799
2024-11-14,W04,2.625969,11.077114,15110.53,0.5573
2024-11-14,W05,7.09823,23.485744,28201.83,1.0122
2024-11-14,W06,1.553545,6.384592,8946.75,5.6446
2024-11-14,W07,28.013898,48.68814,79013.36,47.5526
2024-11-14,W08,0.711602,3.044628,4062.76,0.0641
2024-11-15,W01,21.163393,51.044763,73803.02,78.7378
2024-11-15,W02,19.175133,50.767106,63514.39,60.4503
2024-11-15,W03,19.919949,45.531237,61095.1,199.7228
2024-11-15,W04,2.554479,10.80566,14568.68,0.6108
2024-11-15,W05,6.991646,22.542662,27009.05,0.9732
2024-11-15,W06,1.760867,7.363531,10051.67,6.2135
2024-11-15,W07,26.70671,46.752954,74661.65,52.4005
2024-11-15,W08,0.745676,3.22451,4210.52,0.0699
2024-11-16,W01,19.654146,47.2441,67594.86,73.5342
2024-11-16,W02,19.114112,51.374608,63505.68,53.9025
2024-11-16,W03,19.213801,44.435758,59080.09,203.1465
2024-11-16,W04,1.734858,7.265487,10177.07,0.6544
2024-11-16,W05,5.13719,16.624408,19795.9,1.1881
2024-11-16,W06,1.147562,4.791054,6507.05,7.6247
2024-11-16,W07,26.619269,46.65617,76907.52,50.6685
2024-11-16,W08,0.478082,2.037875,2770.83,0.0755
2024-11-17,W01,20.38879,48.560677,69240.93,79.3767
2024-11-17,W02,18.138622,47.257098,58487.51,54.5915
2024-11-17,W03,18.858645,43.18435,57771.91,211.688
2024-11-17,W04,0.898361,3.792751,5157.22,1.0043
2024-11-17,W05,2.540967,8.178222,9603.58,1.7027
2024-11-17,W06,0.558049,2.342919,3114.77,9.2206
2024-11-17,W07,25.151218,44.106091,71918.5,48.8722
2024-11-17,W08,0.220141,0.940495,1249.8,0.0991
2024-11-18,W01,19.832737,48.318202,68341.55,75.9549
2024-11-18,W02,19.672926,51.845131,64409.39,55.6963
2024-11-18,W03,21.208345,47.891031,64759.36,203.8049
2024-11-18,W04,2.642172,11.12688,15289.35,0.5842
2024-11-18,W05,7.517055,24.350082,29366.32,1.0961
2024-11-18,W06,1.728328,7.218913,9670.5,6.5801
2024-11-18,W07,27.793764,48.647881,79037.26,50.2826
2024-11-18,W08,0.687047,2.920746,3933.15,0.0719
2024-11-19,W01,19.188316,46.356807,67172.71,72.9907
2024-11-19,W02,19.081963,49.55474,61222.6,62.9774
2024-11-19,W03,19.68976,45.461423,60352.03,187.6699
2024-11-19,W04,2.887651,12.254835,16280.95,0.6792
2024-11-19,W05,7.325218,24.168217,28837.07,0.9715
2024-11-19,W06,1.704656,7.117792,9881.74,5.9876
2024-11-19,W07,27.199605,47.496953,78810.91,52.5703
2024-11-19,W08,0.749821,3.210183,4254.61,0.0761
2024-11-20,W01,21.508083,50.740049,72557.35,77.8446
2024-11-20,W02,19.953378,53.5195,66459.11,58.5344
2024-11-20,W03,19.483435,44.779744,59647.26,205.3027
2024-11-20,W04,2.74236,11.583544,15754.48,0.6501
2024-11-20,W05,6.944808,22.770118,27204.79,1.0795
2024-11-20,W06,1.945164,8.235675,10789.22,6.5319
2024-11-20,W07,26.337102,45.954805,74567.13,48.7632
2024-11-20,W08,0.743313,3.192793,4207.06,0.0805
2024-11-21,W01,19.579409,47.531715,68735.7,76.5508
2024-11-21,W02,19.889731,52.54094,64932.05,59.6499
2024-11-21,W03,19.6093,45.020869,58581.16,186.2851
2024-11-21,W04,2.558623,10.653827,14680.37,0.6329
2024-11-21,W05,7.012337,22.376645,25996.62,1.0375
2024-11-21,W06,1.671809,7.042978,9321.87,6.3912
2024-11-21,W07,27.520449,48.216396,79169.55,52.3252
2024-11-21,W08,0.716751,3.06946,3953.04,0.0769
2024-11-22,W01,20.375082,49.137223,69742.95,77.3991
2024-11-22,W02,19.336093,51.397826,64714.28,58.4808
2024-11-22,W03,20.585419,47.108742,62931.74,225.5393
2024-11-22,W04,2.484177,10.375085,14001.93,0.5555
2024-11-22,W05,7.068267,23.018209,27107.39,0.9552
2024-11-22,W06,1.620557,6.749971,9192.87,5.9015
2024-11-22,W07,27.879258,48.686281,79657.05,53.9716
2024-11-22,W08,0.784043,3.377119,4404.59,0.0839
2024-11-23,W01,20.473818,48.988039,70322.77,86.5862
2024-11-23,W02,17.813344,46.42885,57079.97,51.8428
2024-11-23,W03,19.84496,46.209771,61999.34,205.528
2024-11-23,W04,1.965811,8.315796,11135.0,0.7003
2024-11-23,W05,5.217751,16.688945,19659.55,1.1952
2024-11-23,W06,1.135623,4.695192,6571.33,6.8871
2024-11-23,W07,25.962952,45.552143,74135.06,49.2754
2024-11-23,W08,0.463964,1.976528,2593.41,0.074
2024-11-24,W01,18.936123,45.42367,64467.63,75.6879
2024-11-24,W02,18.260151,48.889626,60314.69,54.7559
2024-11-24,W03,20.008664,45.99887,60482.88,216.8585
2024-11-24,W04,0.881208,3.681654,4989.55,1.0811
2024-11-24,W05,2.721258,8.80633,10507.61,2.006
2024-11-24,W06,0.552943,2.307002,3141.84,11.9913
2024-11-24,W07,25.392736,44.592833,73386.62,51.4299
2024-11-24,W08,0.228086,0.981486,1272.27,0.1139
2024-11-25,W01,18.674284,46.470978,65770.03,65.7499
2024-11-25,W02,18.896597,50.376326,62608.15,60.2653
2024-11-25,W03,20.527313,46.882708,62154.82,201.957
2024-11-25,W04,2.717885,11.456638,15514.32,0.5576
2024-11-25,W05,7.085235,23.305431,27167.41,0.9505
2024-11-25,W06,1.733892,7.28566,9942.88,6.6358
2024-11-25,W07,27.352001,47.703824,78695.06,51.8068
2024-11-25,W08,0.754344,3.226127,4222.17,0.0704
2024-11-26,W01,20.652242,49.872946,71443.87,73.224
2024-11-26,W02,19.521653,51.853123,65484.09,56.405
2024-11-26,W03,20.590561,47.820377,62619.44,205.7492
2024-11-26,W04,2.73185,11.518266,15431.42,0.5814
2024-11-26,W05,7.126158,22.989456,27792.85,1.0923
2024-11-26,W06,1.763704,7.407116,10126.18,6.26
2024-11-26,W07,26.209932,45.964406,76014.64,54.3546
2024-11-26,W08,0.657879,2.796175,3705.3,0.0658
2024-11-27,W01,18.682627,45.940277,64465.62,65.9315
2024-11-27,W02,18.538318,49.006414,60667.82,51.1324
2024-11-27,W03,19.92515,46.691432,61214.92,180.9633
2024-11-27,W04,2.633837,11.13103,14856.67,0.5813
2024-11-27,W05,7.414029,23.695942,27870.37,1.0147
2024-11-27,W06,1.714448,7.229727,9780.06,6.1175
2024-11-27,W07,25.454748,44.685778,73449.32,46.6042
2024-11-27,W08,0.732093,3.127131,4085.56,0.0735
2024-11-28,W01,20.173137,47.925807,67760.57,77.9144
2024-11-28,W02,19.852835,52.497152,66778.7,54.2285
2024-11-28,W03,20.23598,46.352827,60971.72,206.8611
2024-11-28,W04,2.579351,10.865783,14767.89,0.6129
2024-11-28,W05,6.996364,22.907563,27208.63,0.9479
2024-11-28,W06,1.81409,7.650856,10320.93,6.7731
2024-11-28,W07,28.059591,48.771246,79563.63,51.1904
2024-11-28,W08,0.71708,3.065524,4149.18,0.0716
2024-11-29,W01,20.585557,49.343633,70294.26,84.8875
2024-11-29,W02,19.35315,50.297974,63539.18,62.7491
2024-11-29,W03,19.92743,46.017258,60590.22,186.7946
2024-11-29,W04,2.76661,11.788402,15709.37,0.6502
2024-11-29,W05,7.422155,24.25758,28377.75,0.9456
2024-11-29,W06,1.802259,7.598782,10173.82,6.2388
2024-11-29,W07,26.762953,46.817011,77422.53,47.6391
2024-11-29,W08,0.761847,3.278724,4287.85,0.0804
2024-11-30,W01,19.038934,46.402536,66533.25,75.1775
2024-11-30,W02,17.863329,47.648422,57218.56,58.4755
2024-11-30,W03,19.317127,44.019662,58327.22,193.5506
2024-11-30,W04,1.762076,7.400803,10094.53,0.5992
2024-11-30,W05,5.142589,16.778721,19649.45,1.2342
2024-11-30,W06,1.113886,4.645522,6303.61,6.4119
2024-11-30,W07,26.46754,46.668783,75691.13,47.3328
2024-11-30,W08,0.501957,2.150756,2816.69,0.0748
2024-12-01,W01,22.60927,53.496461,77272.77,91.8654
2024-12-01,W02,19.466621,49.922124,61902.52,59.4933
2024-12-01,W03,22.466623,51.347348,70138.73,251.1332
2024-12-01,W04,2.598955,11.659732,14513.26,3.0923
2024-12-01,W05,4.876896,18.442293,22089.3,3.2492
2024-12-01,W06,0.593965,2.506671,3315.58,11.5875
2024-12-01,W07,29.645052,51.526381,82394.25,57.1542
2024-12-01,W08,0.240709,1.039286,1348.81,0.12
2024-12-02,W01,24.429101,56.141281,78681.64,92.5801
2024-12-02,W02,21.305608,55.465575,69202.95,61.4983
2024-12-02,W03,23.237579,53.590084,71340.87,232.2272
2024-12-02,W04,2.910935,12.504628,16526.54,0.6572
2024-12-02,W05,7.952337,25.829487,30760.65,1.1413
2024-12-02,W06,1.942942,8.219606,11035.51,6.6237
2024-12-02,W07,30.388086,52.96447,86864.25,55.6078
2024-12-02,W08,0.898605,3.909773,4958.74,0.0928
2024-12-03,W01,23.569681,56.049735,80314.16,84.7803
2024-12-03,W02,21.505443,55.630285,69530.24,63.337
2024-12-03,W03,23.609759,53.389443,70961.34,249.8546
2024-12-03,W04,2.748998,11.571643,15781.79,0.6224
2024-12-03,W05,7.635447,24.736478,29643.72,0.9803
2024-12-03,W06,1.733512,7.272159,9779.91,6.7403
2024-12-03,W07,34.390728,59.614933,99426.45,68.2997
2024-12-03,W08,0.827708,3.557358,4654.1,0.074
2024-12-04,W01,22.528155,56.500113,78666.58,81.2039
2024-12-04,W02,22.368876,57.23321,72752.75,65.2471
2024-12-04,W03,21.610001,49.996537,65691.11,229.5591
2024-12-04,W04,2.664522,11.266886,15672.95,0.6136
2024-12-04,W05,7.880557,25.433288,30415.29,1.1289
2024-12-04,W06,1.751971,7.398053,10271.81,6.1356
2024-12-04,W07,29.935294,52.30514,85405.24,54.2808
2024-12-04,W08,0.804122,3.468215,4592.15,0.0798
2024-12-05,W01,23.402322,56.485298,80857.31,91.615
2024-12-05,W02,22.381242,58.350754,72646.51,64.3335
2024-12-05,W03,22.150692,50.808064,65757.31,223.496
2024-12-05,W04,2.802025,11.864473,15964.62,0.6015
2024-12-05,W05,8.178769,26.679548,31604.36,1.171
2024-12-05,W06,1.744966,7.398053,9697.41,6.0203
2024-12-05,W07,33.935252,59.153254,96085.41,62.4476
2024-12-05,W08,0.788386,3.403754,4468.55,0.0767
2024-12-06,W01,23.031301,53.84392,78216.91,81.0479
2024-12-06,W02,22.214191,57.967308,73091.24,66.095
2024-12-06,W03,23.858555,53.937603,71207.4,224.5574
2024-12-06,W04,2.989786,12.700401,17134.72,0.6235
2024-12-06,W05,7.667788,25.042297,29564.34,1.0127
2024-12-06,W06,1.935637,8.15346,10967.21,6.9663
2024-12-06,W07,33.809289,58.953408,95625.01,68.8098
2024-12-06,W08,0.849586,3.672455,4665.17,0.0798
2024-12-07,W01,22.515017,52.676465,75404.13,83.0999
2024-12-07,W02,21.114861,55.980226,69488.03,67.9677
2024-12-07,W03,23.241191,52.25718,68216.47,259.7971
2024-12-07,W04,1.983394,8.310043,11200.23,0.7287
2024-12-07,W05,5.238291,16.722545,19855.34,1.2141
2024-12-07,W06,1.709354,7.398053,9985.41,11.2761
2024-12-07,W07,29.938236,52.183063,82912.99,59.2877
2024-12-07,W08,0.527678,2.267903,2997.22,0.083
2024-12-08,W01,21.08652,51.189783,73799.82,77.3917
2024-12-08,W02,20.321071,53.13951,67444.04,70.833
2024-12-08,W03,21.71343,49.938897,65203.71,244.9316
2024-12-08,W04,0.97508,4.133095,5480.74,1.053
2024-12-08,W05,2.828494,9.007395,10646.45,2.0642
2024-12-08,W06,0.555611,2.311316,3221.65,10.1285
2024-12-08,W07,32.029822,55.589315,91059.7,61.9266
2024-12-08,W08,0.239163,1.032893,1364.18,0.1184
2024-12-09,W01,22.981971,55.508473,79253.56,86.1151
2024-12-09,W02,22.849694,60.439262,75464.9,65.2578
2024-12-09,W03,21.838546,49.950803,66866.8,231.608
2024-12-09,W04,2.765428,11.853271,16131.97,0.6192
2024-12-09,W05,7.84918,25.217007,29062.71,1.0914
2024-12-09,W06,1.888526,7.946051,10594.74,7.432
2024-12-09,W07,33.039142,57.367796,93887.25,56.2243
2024-12-09,W08,0.814449,3.51383,4680.89,0.081
2024-12-10,W01,25.239714,58.970226,85386.55,100.3256
2024-12-10,W02,20.942694,55.520105,68613.45,63.8516
2024-12-10,W03,22.450743,51.870857,67696.76,212.1577
2024-12-10,W04,2.924266,12.452083,16615.75,0.6119
2024-12-10,W05,7.692722,24.859913,29665.89,1.1347
2024-12-10,W06,1.825352,7.656714,10311.47,6.379
2024-12-10,W07,31.882958,55.258639,87778.04,58.1396
2024-12-10,W08,0.825081,3.552181,4641.46,0.0705
2024-12-11,W01,23.757901,57.934028,81679.52,86.1883
2024-12-11,W02,21.495447,55.604319,69911.84,68.5877
2024-12-11,W03,23.388358,53.76733,70805.24,229.0237
2024-12-11,W04,2.695421,11.44625,15336.16,0.5535
2024-12-11,W05,7.790694,25.447421,30679.88,1.0348
2024-12-11,W06,1.799695,7.576308,10276.73,6.7181
2024-12-11,W07,34.415925,59.744618,97744.04,67.2361
2024-12-11,W08,0.793212,3.420657,4294.14,0.0766
2024-12-12,W01,22.662801,54.133429,77243.09,89.3436
2024-12-12,W02,21.914091,56.11591,71122.9,63.7521
2024-12-12,W03,23.813929,54.231791,71833.1,242.9472
2024-12-12,W04,2.679195,11.265724,15023.22,0.6874
2024-12-12,W05,8.029378,26.50622,31338.43,1.0909
2024-12-12,W06,1.726627,7.188241,9913.65,6.4023
2024-12-12,W07,32.823728,57.09647,92367.34,69.4319
2024-12-12,W08,0.805284,3.48715,4599.01,0.0796
2024-12-13,W01,23.557923,55.284738,81433.07,81.7927
2024-12-13,W02,22.321413,58.163654,71622.65,63.8466
2024-12-13,W03,23.46194,52.564152,70135.05,251.7673
2024-12-13,W04,2.748643,11.735844,15611.61,0.6042
2024-12-13,W05,7.54504,24.567548,29178.6,1.0443
2024-12-13,W06,1.877302,7.896699,10513.5,7.3168
2024-12-13,W07,31.027379,54.111238,86195.35,53.0511
2024-12-13,W08,0.664567,2.831845,3746.1,0.0645
2024-12-14,W01,22.241048,53.267442,75781.18,77.3252
2024-12-14,W02,21.250395,55.70964,69308.89,59.0637
2024-12-14,W03,22.763016,52.29958,69423.41,243.8407
2024-12-14,W04,1.970025,8.305656,11228.11,0.7467
2024-12-14,W05,5.537236,17.628065,20840.14,1.2517
2024-12-14,W06,1.215375,5.126049,6964.35,7.5876
2024-12-14,W07,30.597604,53.24663,86302.19,57.9335
2024-12-14,W08,0.5441,2.361449,3070.91,0.0814
2024-12-15,W01,21.47634,51.204592,73603.55,80.5776
2024-12-15,W02,21.613083,55.839024,70387.8,69.4233
2024-12-15,W03,22.197465,49.687086,65944.94,230.2283
2024-12-15,W04,1.047446,4.492523,5872.71,1.2267
2024-12-15,W05,2.941359,9.508057,11251.9,2.1143
2024-12-15,W06,0.567222,2.394613,3228.48,10.3472
2024-12-15,W07,31.112885,54.11983,88446.67,62.7386
2024-12-15,W08,0.22333,0.950022,1256.81,0.1114
2024-12-16,W01,23.103318,54.584907,77256.12,84.662
2024-12-16,W02,21.850076,58.382088,72395.5,70.4855
2024-12-16,W03,23.555061,53.726254,70442.73,263.872
2024-12-16,W04,2.64119,11.089823,15267.76,0.6213
2024-12-16,W05,7.716016,25.132469,29645.33,1.018
2024-12-16,W06,1.772589,7.422768,9948.27,6.4434
2024-12-16,W07,31.600908,54.616092,89489.68,57.3933
2024-12-16,W08,0.805987,3.436165,4576.88,0.0718
2024-12-17,W01,22.601269,53.835149,76412.95,88.7048
2024-12-17,W02,21.931628,57.374854,72872.81,65.4336
2024-12-17,W03,23.133595,53.669128,71362.2,230.3409
2024-12-17,W04,2.860235,12.21131,16399.09,0.6992
2024-12-17,W05,7.725794,25.044989,29693.43,1.026
2024-12-17,W06,1.762038,7.368837,10098.1,6.0778
2024-12-17,W07,31.829553,55.317069,90734.94,59.5319
2024-12-17,W08,0.787523,3.407975,4435.23,0.0816
2024-12-18,W01,23.387893,55.505075,80473.81,86.6161
2024-12-18,W02,22.176689,58.757785,73453.24,68.7551
2024-12-18,W03,24.905126,55.944145,75262.83,264.4839
2024-12-18,W04,2.798812,11.939108,15977.42,0.6271
2024-12-18,W05,7.99123,25.686589,30839.42,1.1339
2024-12-18,W06,1.820012,7.644083,10497.22,7.5523
2024-12-18,W07,31.770554,55.167834,89741.34,56.081
2024-12-18,W08,0.793962,3.42767,4465.49,0.0737
2024-12-19,W01,24.069206,56.459582,80237.69,86.6042
2024-12-19,W02,20.592029,54.619989,67323.01,62.195
2024-12-19,W03,23.567693,53.133165,71050.56,238.019
2024-12-19,W04,2.896679,12.339118,16683.04,0.6895
2024-12-19,W05,7.961288,25.842421,30362.99,1.1572
2024-12-19,W06,1.747549,7.373337,9535.99,6.5707
2024-12-19,W07,34.229764,59.445941,95667.27,65.6456
2024-12-19,W08,0.808938,3.46768,4695.78,0.0748
2024-12-20,W01,22.861665,53.510406,76354.04,86.0791
2024-12-20,W02,21.811283,58.035309,71009.16,64.109
2024-12-20,W03,23.42828,52.931059,70681.59,231.5986
2024-12-20,W04,2.941219,12.685453,17280.99,0.651
2024-12-20,W05,7.557793,24.159114,28283.61,1.0191
2024-12-20,W06,1.814391,7.602471,10237.52,6.5126
2024-12-20,W07,33.28442,57.649159,95322.26,58.7652
2024-12-20,W08,0.769664,3.297109,4434.51,0.0784
2024-12-21,W01,24.550251,57.307338,83215.19,91.7509
2024-12-21,W02,21.335407,56.607408,70446.63,65.002
2024-12-21,W03,22.121214,49.679901,66034.14,222.8725
2024-12-21,W04,1.8434,7.830386,10496.07,0.7384
2024-12-21,W05,6.141573,19.183532,21945.73,1.4316
2024-12-21,W06,1.265712,5.338502,7174.45,7.0993
2024-12-21,W07,34.011266,58.644846,98482.38,64.93
2024-12-21,W08,0.529749,2.260917,2955.79,0.0893
2024-12-22,W01,21.629453,52.288163,75330.13,85.1751
2024-12-22,W02,20.182431,53.629851,65542.61,62.3536
2024-12-22,W03,21.406877,48.463387,65177.96,226.2118
2024-12-22,W04,0.944131,4.00899,5487.27,1.0603
2024-12-22,W05,2.913861,9.283697,11045.73,2.0365
2024-12-22,W06,0.623531,2.631289,3457.26,11.0992
2024-12-22,W07,31.179975,54.167527,88185.02,61.4901
2024-12-22,W08,0.235349,1.007592,1338.76,0.1243
2024-12-23,W01,23.754868,57.164641,81246.02,84.5333
2024-12-23,W02,20.69998,53.492666,66606.2,59.5272
2024-12-23,W03,22.580881,52.006771,68842.79,269.6257
2024-12-23,W04,2.727022,11.609019,15668.13,0.5592
2024-12-23,W05,7.71587,24.890885,29363.62,1.1905
2024-12-23,W06,1.718269,7.217398,9878.41,6.0832
2024-12-23,W07,30.141915,52.568253,85547.99,54.1382
2024-12-23,W08,0.826738,3.54992,4712.05,0.0744
2024-12-24,W01,23.874138,57.876837,82760.14,95.9336
2024-12-24,W02,22.046188,57.015965,71615.65,68.1515
2024-12-24,W03,23.983051,54.649333,71302.87,239.3781
2024-12-24,W04,2.62203,11.109792,14923.09,0.5584
2024-12-24,W05,7.988958,26.104449,30730.42,1.2348
2024-12-24,W06,1.924711,8.176584,10832.72,7.626
2024-12-24,W07,31.348348,54.84161,90434.0,59.3191
2024-12-24,W08,0.817614,3.531841,4588.24,0.0846
2024-12-25,W01,22.197997,52.718135,76058.05,103.2667
2024-12-25,W02,21.72466,55.625394,70054.31,68.2577
2024-12-25,W03,23.968079,54.461449,71975.62,254.2088
2024-12-25,W04,2.835448,11.969617,16229.61,0.668
2024-12-25,W05,8.365962,27.422143,32962.28,1.0634
2024-12-25,W06,1.693003,7.005889,9664.57,6.3121
2024-12-25,W07,32.574579,56.757384,91590.79,60.6618
2024-12-25,W08,0.861903,3.737036,4799.55,0.0831
2024-12-26,W01,24.297255,59.018133,83572.33,91.8659
2024-12-26,W02,22.15293,58.702952,71713.41,66.9657
2024-12-26,W03,24.36975,55.872019,73448.47,264.4631
2024-12-26,W04,2.886487,12.269237,16395.45,0.7192
2024-12-26,W05,7.965284,25.790918,30702.63,1.0284
2024-12-26,W06,1.830802,7.682905,10168.47,6.8528
2024-12-26,W07,33.765236,58.615293,95561.67,62.8454
2024-12-26,W08,0.843185,3.64566,4722.76,0.0786
2024-12-27,W01,22.442128,53.91932,76129.89,87.5316
2024-12-27,W02,21.924504,57.39642,70484.56,63.9999
2024-12-27,W03,22.990057,52.446774,69304.46,227.9697
2024-12-27,W04,2.867362,12.34773,16408.78,0.6377
2024-12-27,W05,7.68259,24.886337,29457.21,1.0829
2024-12-27,W06,1.860449,7.81261,10406.54,6.6539
2024-12-27,W07,32.88778,57.201715,93255.45,60.6603
2024-12-27,W08,0.857494,3.712716,4781.57,0.0852
2024-12-28,W01,22.974408,54.835921,78564.54,87.3392
2024-12-28,W02,20.450222,54.042819,67524.7,65.0359
2024-12-28,W03,22.124159,50.07466,67140.01,221.215
2024-12-28,W04,2.047822,8.760096,11782.16,0.7058
2024-12-28,W05,5.41328,17.605114,20805.53,1.1946
2024-12-28,W06,1.27464,5.371159,7293.97,6.8326
2024-12-28,W07,31.835768,55.467772,89664.7,63.1069
2024-12-28,W08,0.523008,2.263748,2936.34,0.0781
2024-12-29,W01,23.446026,55.102546,79320.88,78.5333
2024-12-29,W02,21.455941,56.012041,69408.08,65.4526
2024-12-29,W03,21.946091,49.610682,65623.22,221.3847
2024-12-29,W04,0.895908,3.787462,5142.07,1.0458
2024-12-29,W05,2.996653,9.935102,11731.86,2.2166
2024-12-29,W06,0.69835,2.460871,4111.05,13.7837
2024-12-29,W07,30.38123,52.977242,87518.62,57.2222
2024-12-29,W08,0.24225,1.05182,1363.07,0.1142
2024-12-30,W01,22.360331,53.045981,76639.67,73.7381
2024-12-30,W02,22.268071,58.294062,73979.82,68.0987
2024-12-30,W03,24.916731,55.209584,75430.93,238.5449
2024-12-30,W04,2.795153,11.871899,16031.14,0.6823
2024-12-30,W05,8.205829,26.639283,30857.69,1.1696
2024-12-30,W06,1.801761,7.576283,10233.59,6.4376
2024-12-30,W07,32.638261,56.590589,91730.09,60.0481
2024-12-30,W08,0.859494,3.715667,4940.9,0.0888
2024-12-31,W01,23.625924,57.425828,81439.48,94.6407
2024-12-31,W02,21.171641,54.784007,68072.81,71.8604
2024-12-31,W03,21.827848,50.085226,66377.5,240.3551
2024-12-31,W04,2.854411,12.165622,16271.31,0.6825
2024-12-31,W05,7.98968,25.786036,30429.95,1.1858
2024-12-31,W06,1.889385,7.976417,10793.15,6.6348
2024-12-31,W07,34.769937,60.06278,98097.53,67.7549
2024-12-31,W08,0.852543,3.680748,4794.51,0.0966
2025-01-01,W01,21.355302,49.94928,71579.27,89.0209
2025-01-01,W02,20.543079,52.943125,66313.13,66.1574
2025-01-01,W03,21.15871,48.196922,63483.11,237.0618
2025-01-01,W04,0.64483,2.73355,3747.43,2.3314
2025-01-01,W05,4.270687,12.62041,13204.44,9.8463
2025-01-01,W06,0.384762,1.62799,2172.61,22.3374
2025-01-01,W07,31.199232,54.187181,88977.93,60.4464
2025-01-01,W08,0.138516,0.592979,779.31,0.206
2025-01-02,W01,24.269485,57.533645,81396.68,105.8522
2025-01-02,W02,23.799825,60.116719,74772.97,69.8038
2025-01-02,W03,23.466645,52.790599,70503.73,267.4109
2025-01-02,W04,2.878052,12.284367,16402.23,0.6984
2025-01-02,W05,7.898955,25.204725,29749.37,1.137
2025-01-02,W06,1.814634,7.620403,10351.77,7.3044
2025-01-02,W07,33.026174,57.376696,92917.8,57.7791
2025-01-02,W08,0.814772,3.485828,4693.67,0.0772
2025-01-03,W01,22.565292,53.702445,76476.2,82.2239
2025-01-03,W02,22.910251,59.513019,73888.64,70.6808
2025-01-03,W03,23.472326,52.992674,72006.64,238.2518
2025-01-03,W04,2.904088,12.304458,16564.95,0.6594
2025-01-03,W05,7.549566,24.029849,28864.12,1.0906
2025-01-03,W06,1.612085,6.715841,9169.98,5.7482
2025-01-03,W07,30.062731,52.630143,84194.87,56.6906
2025-01-03,W08,0.853003,3.696219,4844.73,0.0799
2025-01-04,W01,23.657155,56.027433,79799.76,84.9077
2025-01-04,W02,20.918414,54.69425,68495.54,64.5029
2025-01-04,W03,23.169482,51.467834,69175.87,236.8317
2025-01-04,W04,2.0168,8.633104,11440.24,0.7749
2025-01-04,W05,5.735177,18.409473,21165.06,1.4428
2025-01-04,W06,1.189338,5.002144,6623.33,6.9939
2025-01-04,W07,27.544962,48.542388,79903.53,50.3012
2025-01-04,W08,0.507874,2.190891,2904.01,0.0734
2025-01-05,W01,23.025118,53.57948,76942.37,92.2765
2025-01-05,W02,21.184446,54.079018,68255.92,67.7209
2025-01-05,W03,22.567157,51.509547,67668.6,248.3073
2025-01-05,W04,1.049997,4.517009,5991.95,1.1548
2025-01-05,W05,2.892747,9.291006,11175.4,1.8677
2025-01-05,W06,0.580285,2.439732,3228.19,9.9391
2025-01-05,W07,29.656685,51.856277,82718.14,57.5376
2025-01-05,W08,0.237554,1.024061,1359.49,0.1222
2025-01-06,W01,23.598288,56.403341,80996.4,90.3945
2025-01-06,W02,21.788193,56.188139,69996.98,68.7273
2025-01-06,W03,24.443188,54.600332,71509.54,253.3813
2025-01-06,W04,2.653812,11.186885,14992.51,0.5907
2025-01-06,W05,7.941908,25.67066,30523.34,1.1129
2025-01-06,W06,1.680957,6.962203,9486.23,6.6525
2025-01-06,W07,33.232762,57.690551,94812.1,58.3509
2025-01-06,W08,0.791692,3.395986,4424.66,0.0767
2025-01-07,W01,24.710239,57.462571,82889.87,91.8702
2025-01-07,W02,23.571983,60.053086,76324.1,73.6486
2025-01-07,W03,22.383865,51.229146,67291.92,206.7794
2025-01-07,W04,3.146512,13.532693,18100.37,0.6565
2025-01-07,W05,8.672463,27.796604,32569.84,1.1647
2025-01-07,W06,1.851102,7.795317,10728.15,6.3468
2025-01-07,W07,34.355171,59.463705,96040.34,57.6896
2025-01-07,W08,0.820142,3.510277,4573.64,0.0746
2025-01-08,W01,22.62011,52.830292,77074.84,77.0177
2025-01-08,W02,22.150525,58.281454,72580.98,65.0029
2025-01-08,W03,23.506197,52.869277,69779.56,232.4309
2025-01-08,W04,2.816561,11.909229,16158.33,0.7298
2025-01-08,W05,7.978812,25.737719,30597.53,1.1375
2025-01-08,W06,1.81613,7.693718,10151.78,6.5817
2025-01-08,W07,31.780627,55.297828,91893.06,59.5826
2025-01-08,W08,0.827772,3.552734,4554.08,0.0838
2025-01-09,W01,22.207146,52.810592,75525.35,80.5763
2025-01-09,W02,21.296538,56.872109,70537.51,62.7811
2025-01-09,W03,22.216778,50.859593,67713.75,211.6146
2025-01-09,W04,2.626446,11.185649,14923.92,0.6817
2025-01-09,W05,7.626419,24.3773,28298.82,1.0793
2025-01-09,W06,1.757765,7.370448,9914.61,6.4716
2025-01-09,W07,32.979711,57.221179,94470.36,64.9239
2025-01-09,W08,0.812918,3.485903,4561.03,0.0747
2025-01-10,W01,24.386219,56.327384,80107.83,87.126
2025-01-10,W02,21.404674,56.097059,69437.08,62.8473
2025-01-10,W03,24.394255,54.710071,73706.23,253.0393
2025-01-10,W04,2.652934,11.186238,15378.36,0.6155
2025-01-10,W05,7.941273,25.21271,30048.47,1.1941
2025-01-10,W06,1.746899,7.333081,9914.62,6.1727
2025-01-10,W07,34.534058,59.701029,96303.58,68.3557
2025-01-10,W08,0.891444,3.862446,5020.25,0.0845
2025-01-11,W01,23.905539,56.091707,79307.58,92.6191
2025-01-11,W02,21.402077,56.359986,69393.57,63.0989
2025-01-11,W03,21.993862,49.942294,66166.9,247.6758
2025-01-11,W04,1.862597,7.875475,10932.02,0.6743
2025-01-11,W05,5.6734,18.198073,21697.9,1.2672
2025-01-11,W06,1.186583,5.01078,6669.54,6.621
2025-01-11,W07,32.226629,56.056484,92057.79,57.6476
2025-01-11,W08,0.547303,2.354104,3075.62,0.0853
2025-01-12,W01,21.990196,51.1515,72719.46,82.8222
2025-01-12,W02,21.522837,55.907877,70061.83,72.9984
2025-01-12,W03,21.879682,50.28295,65991.64,234.6472
2025-01-12,W04,0.982119,4.193001,5710.88,1.2257
2025-01-12,W05,4.730802,17.633821,20564.77,3.6765
2025-01-12,W06,0.555543,2.330409,3226.78,10.8126
2025-01-12,W07,28.73113,50.028171,80824.59,55.4901
2025-01-12,W08,0.234397,1.007118,1291.04,0.1174
2025-01-13,W01,22.7642,55.563685,80047.22,82.079
2025-01-13,W02,22.536996,57.342339,73899.84,65.1405
2025-01-13,W03,24.071818,54.711608,74357.54,225.6007
2025-01-13,W04,2.789297,11.855259,16002.62,0.6498
2025-01-13,W05,7.969842,25.437598,30148.01,1.1787
2025-01-13,W06,1.834523,7.674111,10294.67,6.6272
2025-01-13,W07,34.999828,60.502192,97664.66,63.7589
2025-01-13,W08,0.772675,3.331104,4327.56,0.0717
2025-01-14,W01,23.3876,55.267879,78785.7,79.8247
2025-01-14,W02,22.44691,58.157934,73021.82,66.7753
2025-01-14,W03,24.671918,55.570182,73133.52,240.0366
2025-01-14,W04,2.604228,11.032978,15208.06,0.5718
2025-01-14,W05,7.999491,25.59398,30262.86,1.1445
2025-01-14,W06,1.757311,7.397137,10015.76,6.662
2025-01-14,W07,34.575654,59.728802,97392.88,66.7101
2025-01-14,W08,0.779343,3.381186,4493.9,0.0754
2025-01-15,W01,24.083922,55.904463,81482.23,83.0094
2025-01-15,W02,21.789887,56.154674,70044.5,60.5709
2025-01-15,W03,23.826684,53.51683,72536.8,270.7024
2025-01-15,W04,3.134922,13.401246,18101.64,0.7392
2025-01-15,W05,7.983308,25.779575,30652.03,1.1947
2025-01-15,W06,1.785077,7.540405,10131.19,6.1441
2025-01-15,W07,30.21991,52.686644,85641.45,54.5358
2025-01-15,W08,0.807159,3.468058,4558.8,0.0764
2025-01-16,W01,23.47932,55.274241,79654.98,91.4735
2025-01-16,W02,21.726884,55.91513,70081.8,60.0836
2025-01-16,W03,22.986278,52.225077,69480.73,221.3582
2025-01-16,W04,2.864279,12.166975,16277.09,0.6852
2025-01-16,W05,8.230143,26.51748,31317.67,1.1941
2025-01-16,W06,1.764289,7.486602,10004.91,5.9903
2025-01-16,W07,33.322682,57.695582,94135.34,57.9676
2025-01-16,W08,0.82252,3.547389,4697.64,0.0786
2025-01-17,W01,24.729295,56.785833,81547.95,90.2223
2025-01-17,W02,22.384193,57.875476,71996.35,66.6492
2025-01-17,W03,22.447156,49.859419,66549.71,206.5626
2025-01-17,W04,2.737659,11.645969,15285.06,0.591
2025-01-17,W05,8.093541,25.907184,30612.23,1.1312
2025-01-17,W06,1.780556,7.455315,9912.19,6.6748
2025-01-17,W07,33.736596,58.388564,95118.34,62.2125
2025-01-17,W08,0.78635,3.401635,4423.57,0.0762
2025-01-18,W01,22.559363,52.895709,76850.61,80.1344
2025-01-18,W02,21.060822,55.513072,69187.68,59.3925
2025-01-18,W03,24.851088,54.613862,72601.9,259.8888
2025-01-18,W04,1.905975,8.058497,10757.68,0.8287
2025-01-18,W05,5.632693,17.902513,20817.01,1.4462
2025-01-18,W06,1.27733,5.184279,7082.5,8.0986
2025-01-18,W07,32.778154,56.825533,91361.66,64.4598
2025-01-18,W08,0.530712,2.269029,3006.81,0.0813
2025-01-19,W01,22.324708,52.659638,75240.56,85.8834
2025-01-19,W02,21.337513,56.044374,70239.08,68.2163
2025-01-19,W03,23.513672,52.162926,70175.85,260.3633
2025-01-19,W04,0.982842,4.165337,5564.32,0.9527
2025-01-19,W05,2.909226,9.337044,10994.66,2.2079
2025-01-19,W06,0.707117,2.538286,4278.33,13.4661
2025-01-19,W07,31.101062,53.893664,87470.81,56.2862
2025-01-19,W08,0.244689,1.050936,1435.87,0.1147
2025-01-20,W01,22.54343,53.79867,77634.01,75.4855
2025-01-20,W02,22.050563,58.27345,72863.46,65.0843
2025-01-20,W03,23.502035,52.336433,70383.02,222.1889
2025-01-20,W04,2.792153,11.887975,15895.09,0.6312
2025-01-20,W05,7.758524,24.563017,28962.6,1.1034
2025-01-20,W06,1.713565,7.208565,9710.28,5.7059
2025-01-20,W07,30.509556,53.21708,86373.38,60.2419
2025-01-20,W08,0.7935,3.414646,4493.05,0.0823
2025-01-21,W01,24.701785,57.368048,82532.14,92.319
2025-01-21,W02,21.130434,55.649994,70425.88,68.0488
2025-01-21,W03,24.644778,55.199009,73175.25,239.8378
2025-01-21,W04,2.769621,11.773758,15732.66,0.6395
2025-01-21,W05,7.680343,24.208671,28777.71,1.0448
2025-01-21,W06,1.616785,6.688502,9098.01,6.0112
2025-01-21,W07,37.022241,63.537563,102742.36,70.8325
2025-01-21,W08,0.747673,3.220442,4267.89,0.0779
2025-01-22,W01,23.530125,55.170455,79710.08,81.3502
2025-01-22,W02,22.701403,58.054176,71544.69,64.7716
2025-01-22,W03,25.546168,57.893441,79003.18,271.2829
2025-01-22,W04,3.107075,13.233286,18191.03,0.7272
2025-01-22,W05,7.789145,24.923634,29156.22,1.1723
2025-01-22,W06,1.843936,7.787526,10425.86,6.7015
2025-01-22,W07,32.783872,57.25319,92167.97,55.3516
2025-01-22,W08,0.762612,3.290109,4392.68,0.0794
2025-01-23,W01,22.85974,53.440472,78025.59,79.2418
2025-01-23,W02,21.836043,57.175206,70292.01,66.6884
2025-01-23,W03,23.978489,53.611133,70873.68,247.8858
2025-01-23,W04,2.714797,11.467362,15043.8,0.6116
2025-01-23,W05,7.292722,23.205368,27465.36,1.0397
2025-01-23,W06,1.849097,7.828263,10483.73,6.929
2025-01-23,W07,31.573498,54.747818,88952.97,59.1405
2025-01-23,W08,0.774325,3.340933,4418.64,0.0723
2025-01-24,W01,23.814707,54.971958,79415.16,83.0797
2025-01-24,W02,22.179016,58.827928,72730.66,73.1315
2025-01-24,W03,23.987387,53.88757,71876.23,241.232
2025-01-24,W04,2.952997,12.516946,17011.85,0.6901
2025-01-24,W05,7.776222,25.026033,29992.14,1.0273
2025-01-24,W06,1.895858,8.05447,10683.8,6.7063
2025-01-24,W07,32.600543,56.869619,93865.29,60.6951
2025-01-24,W08,0.832727,3.627117,4682.25,0.0759
2025-01-25,W01,24.000659,54.973826,80674.71,92.9617
2025-01-25,W02,22.172151,58.499769,71221.21,63.2707
2025-01-25,W03,21.714328,50.080242,65544.12,206.2198
2025-01-25,W04,1.840572,7.807745,10586.44,0.6852
2025-01-25,W05,5.651981,17.930625,21288.93,1.2289
2025-01-25,W06,1.196324,5.015028,6834.82,7.4703
2025-01-25,W07,35.885336,61.78484,103605.08,69.177
2025-01-25,W08,0.535387,2.236392,3001.39,0.0811
2025-01-26,W01,23.409935,55.386877,78199.71,94.0895
2025-01-26,W02,19.548448,51.857024,65753.87,56.2994
2025-01-26,W03,21.667511,49.747682,66214.55,225.4848
2025-01-26,W04,0.868981,3.643338,4968.39,0.8879
2025-01-26,W05,2.87151,9.310658,11169.4,1.9477
2025-01-26,W06,0.550512,2.287917,3146.63,9.9471
2025-01-26,W07,32.302416,55.839983,90569.67,65.2496
2025-01-26,W08,0.241275,1.042474,1381.85,0.1119
2025-01-27,W01,24.853109,56.499783,80619.36,83.2137
2025-01-27,W02,21.774111,55.709707,69184.47,65.4488
2025-01-27,W03,24.15827,55.147348,73562.91,239.9272
2025-01-27,W04,2.818165,11.887632,16412.31,0.6856
2025-01-27,W05,7.306194,23.663164,27989.11,1.0
2025-01-27,W06,1.848795,7.782309,10634.07,6.2811
2025-01-27,W07,33.424773,57.664091,94294.96,59.4674
2025-01-27,W08,0.756841,3.243957,4263.42,0.0677
2025-01-28,W01,20.8648,48.772465,70636.22,85.5581
2025-01-28,W02,20.786072,53.953618,67987.73,65.3952
2025-01-28,W03,21.661103,49.379628,64832.4,231.9499
2025-01-28,W04,0.669598,2.869218,3881.48,2.6991
2025-01-28,W05,2.03096,6.497718,7912.77,4.8249
2025-01-28,W06,0.368499,1.551057,2092.95,23.9425
2025-01-28,W07,27.956582,48.914672,78817.83,56.1921
2025-01-28,W08,0.723506,3.310606,3942.5,1.1828
2025-01-29,W01,19.624924,46.408441,67118.18,83.5918
2025-01-29,W02,19.669069,49.612518,62203.53,63.5914
2025-01-29,W03,22.485093,50.763189,67127.51,254.6184
2025-01-29,W04,0.587427,2.491555,3291.11,2.2976
2025-01-29,W05,5.35597,18.281652,22137.23,13.1828
2025-01-29,W06,0.359149,1.507037,2034.45,23.2881
2025-01-29,W07,29.357671,51.354105,84295.46,58.2497
2025-01-29,W08,0.145229,0.624857,829.21,0.2513
2025-01-30,W01,20.828516,51.371473,72343.99,85.9879
2025-01-30,W02,20.387825,54.4348,67858.26,64.2891
2025-01-30,W03,22.794978,50.224919,67958.89,250.7036
2025-01-30,W04,0.594183,2.498871,3436.41,2.2889
2025-01-30,W05,2.158831,6.890169,7902.77,5.0708
2025-01-30,W06,0.363805,1.514818,2090.14,20.9625
2025-01-30,W07,30.458223,52.728635,86237.18,60.6591
2025-01-30,W08,0.138351,0.596656,790.34,0.217
2025-01-31,W01,22.647681,52.3596,75530.54,90.3068
2025-01-31,W02,20.044736,52.756874,64684.83,60.6552
2025-01-31,W03,20.445961,46.02045,60296.98,254.1292
2025-01-31,W04,0.640802,2.734602,3645.11,2.466
2025-01-31,W05,2.120099,6.904061,8166.62,5.0383
2025-01-31,W06,0.370455,1.539555,2088.93,23.1868
2025-01-31,W07,28.60879,49.932807,82821.93,53.4671
2025-01-31,W08,0.144196,0.624882,810.8,0.229
2025-02-01,W01,19.455384,46.252302,66075.13,74.7048
2025-02-01,W02,19.802831,51.455317,64073.94,66.6336
2025-02-01,W03,21.853138,48.62604,65481.56,234.4003
2025-02-01,W04,0.779116,2.583927,4636.05,3.0513
2025-02-01,W05,1.998603,6.395358,7502.21,5.1094
2025-02-01,W06,0.343819,1.4289,1989.3,19.7268
2025-02-01,W07,28.520905,49.750294,81031.75,59.2221
2025-02-01,W08,0.125046,0.532175,720.42,0.1944
2025-02-02,W01,21.342641,48.974816,72475.63,85.5266
2025-02-02,W02,20.252881,53.530099,66589.24,66.2441
2025-02-02,W03,20.730183,46.910618,62867.83,201.9462
2025-02-02,W04,0.632337,2.683863,3670.58,2.3203
2025-02-02,W05,1.940778,6.188641,7329.31,4.6118
2025-02-02,W06,0.331783,1.399646,1847.82,19.6717
2025-02-02,W07,30.513092,52.709286,87951.66,62.0448
2025-02-02,W08,0.133162,0.574408,750.46,0.1952
2025-02-03,W01,21.70417,50.800753,73072.51,85.6434
2025-02-03,W02,18.540852,48.95257,60689.53,61.722
2025-02-03,W03,21.842429,48.713283,64091.53,223.5434
2025-02-03,W04,0.630881,2.677435,3591.03,2.527
2025-02-03,W05,2.063635,6.560414,7723.88,4.6633
2025-02-03,W06,0.35275,1.483225,2018.1,21.7304
2025-02-03,W07,28.218513,48.957745,79025.56,53.6971
2025-02-03,W08,0.137658,0.59276,772.45,0.2202
2025-02-04,W01,21.328742,49.2288,72287.08,81.3869
2025-02-04,W02,19.350275,49.670898,62167.47,64.5125
2025-02-04,W03,20.293837,46.127137,60079.42,200.6946
2025-02-04,W04,0.62771,2.655488,3588.15,2.4559
2025-02-04,W05,2.040175,6.52834,7730.02,5.0759
2025-02-04,W06,0.355925,1.494207,2010.68,20.007
2025-02-04,W07,28.953643,50.359623,81287.66,55.5197
2025-02-04,W08,0.140299,0.601097,807.83,0.2359
2025-02-05,W01,21.943539,50.830447,74129.39,85.8195
2025-02-05,W02,20.461619,54.044584,67975.69,60.8917
2025-02-05,W03,23.864273,53.054289,71441.43,225.2154
2025-02-05,W04,2.706483,11.469265,15431.83,0.5644
2025-02-05,W05,7.49501,23.962819,28311.65,1.0713
2025-02-05,W06,1.78968,7.627921,9918.68,6.2979
2025-02-05,W07,28.326296,49.383258,80165.56,50.3881
2025-02-05,W08,0.774528,3.336197,4293.91,0.0866
2025-02-06,W01,21.855419,52.179083,75842.02,77.7466
2025-02-06,W02,21.686103,56.025951,70303.48,62.9112
2025-02-06,W03,22.511098,50.989984,66165.71,227.2173
2025-02-06,W04,2.770283,11.717668,15816.98,0.5825
2025-02-06,W05,7.7059,24.826965,29897.65,1.0518
2025-02-06,W06,1.749448,7.317285,9963.53,6.7274
2025-02-06,W07,29.107982,50.656468,83516.6,57.3709
2025-02-06,W08,0.826435,3.574226,4728.99,0.0764
2025-02-07,W01,23.17745,52.611286,76710.47,91.1217
2025-02-07,W02,20.908457,54.586469,68076.24,61.3347
2025-02-07,W03,21.1684,47.755428,63595.68,217.3526
2025-02-07,W04,2.644281,11.063918,15248.23,0.6103
2025-02-07,W05,8.127976,25.997861,30307.55,1.2522
2025-02-07,W06,1.767621,7.437206,10089.79,6.5133
2025-02-07,W07,28.315547,49.269138,80280.28,50.7613
2025-02-07,W08,0.76876,3.306181,4361.46,0.0721
2025-02-08,W01,21.387422,52.687425,75199.11,72.4025
2025-02-08,W02,19.57711,51.635039,63943.9,61.5741
2025-02-08,W03,23.262976,52.242616,70467.02,226.144
2025-02-08,W04,1.880276,7.981401,11004.69,0.6659
2025-02-08,W05,5.321204,17.235601,20019.44,1.2591
2025-02-08,W06,1.156776,4.819397,6651.05,6.4688
2025-02-08,W07,29.420912,51.222332,80126.18,54.4558
2025-02-08,W08,0.510864,2.174945,2911.87,0.0846
2025-02-09,W01,21.32676,50.542472,73587.99,82.967
2025-02-09,W02,21.22178,54.880212,68641.87,66.2661
2025-02-09,W03,21.746379,48.774096,65223.21,228.2485
2025-02-09,W04,0.977704,4.15992,5660.07,1.1171
2025-02-09,W05,2.860322,9.210646,10941.94,1.8391
2025-02-09,W06,0.50796,2.107842,2913.45,9.0796
2025-02-09,W07,30.834405,53.593039,86891.72,60.594
2025-02-09,W08,0.243625,1.051377,1379.6,0.117
2025-02-10,W01,20.572716,50.191556,71054.0,69.1253
2025-02-10,W02,19.923311,52.174038,64626.39,65.3298
2025-02-10,W03,21.083816,48.624834,64019.7,221.3408
2025-02-10,W04,2.718014,11.51291,15344.64,0.5633
2025-02-10,W05,7.65556,24.53975,29181.08,1.0317
2025-02-10,W06,1.758656,7.410958,9899.19,6.2419
2025-02-10,W07,31.396991,54.39944,89241.29,60.5916
2025-02-10,W08,0.72723,3.09871,4192.26,0.0736
2025-02-11,W01,21.802488,51.268858,74007.99,76.5427
2025-02-11,W02,21.456587,56.240086,70040.07,67.2785
2025-02-11,W03,23.019838,51.70756,68216.37,237.6585
2025-02-11,W04,2.705879,11.486783,15668.25,0.6395
2025-02-11,W05,7.60475,24.514417,29042.38,1.2099
2025-02-11,W06,1.812048,7.610171,10335.12,7.1236
2025-02-11,W07,30.288374,52.476878,86075.36,49.9973
2025-02-11,W08,0.740701,3.183464,4243.87,0.0728
2025-02-12,W01,23.312994,55.278221,78859.96,91.2989
2025-02-12,W02,20.983915,54.312804,67892.18,57.7234
2025-02-12,W03,22.71126,51.059573,67622.8,238.9502
2025-02-12,W04,2.851186,12.086554,16281.19,0.6567
2025-02-12,W05,7.998507,25.199377,29714.75,1.345
2025-02-12,W06,1.752585,7.392117,9984.09,6.2923
2025-02-12,W07,31.905468,55.261115,89107.08,58.8716
2025-02-12,W08,0.747491,3.226057,4224.71,0.0689
2025-02-13,W01,23.29204,54.738489,76511.2,91.0404
2025-02-13,W02,21.203139,55.915133,69272.7,66.798
2025-02-13,W03,22.213006,50.332123,66457.26,235.7793
2025-02-13,W04,2.713819,11.485579,15457.04,0.6568
2025-02-13,W05,7.226967,23.028478,27522.51,1.0573
2025-02-13,W06,1.596423,6.601446,8998.92,5.7423
2025-02-13,W07,32.064888,55.841125,90210.04,58.4551
2025-02-13,W08,0.842278,3.658417,4676.47,0.0806
2025-02-14,W01,22.003141,51.906071,75748.65,83.3235
2025-02-14,W02,20.684278,54.362041,67457.86,65.1798
2025-02-14,W03,23.383544,52.615292,70422.02,235.1097
2025-02-14,W04,2.822558,12.068516,15936.08,0.6541
2025-02-14,W05,7.441929,23.720588,28732.96,1.1258
2025-02-14,W06,1.700738,7.068155,9615.67,6.5672
2025-02-14,W07,31.324316,53.988305,89889.33,59.6092
2025-02-14,W08,0.78606,3.3798,4340.77,0.0752
2025-02-15,W01,21.026627,49.715843,71934.03,81.0206
2025-02-15,W02,20.33238,52.657631,65661.6,59.3089
2025-02-15,W03,22.485087,49.991651,66692.31,220.6887
2025-02-15,W04,1.98292,8.477193,11204.32,0.7061
2025-02-15,W05,5.477491,17.772268,21516.22,1.2451
2025-02-15,W06,1.344248,5.707422,7764.93,7.3456
2025-02-15,W07,30.655796,53.283495,86110.03,55.8885
2025-02-15,W08,0.510139,2.197292,2922.51,0.0744
2025-02-16,W01,22.324331,52.375817,74287.62,77.5193
2025-02-16,W02,20.580469,53.186045,66466.71,65.2114
2025-02-16,W03,20.309645,46.9317,62713.07,206.8698
2025-02-16,W04,2.517223,11.282696,14235.14,2.7045
2025-02-16,W05,2.730605,8.821236,10589.67,1.9168
2025-02-16,W06,0.582304,2.457761,3356.35,11.4345
2025-02-16,W07,28.612679,49.71001,80345.98,51.8133
2025-02-16,W08,0.231185,0.989842,1289.85,0.1025
2025-02-17,W01,23.496702,54.527807,76645.66,85.377
2025-02-17,W02,21.625421,55.095192,68840.37,64.4485
2025-02-17,W03,23.177909,52.557263,70195.12,230.5915
2025-02-17,W04,2.684054,11.296315,15454.48,0.6313
2025-02-17,W05,7.642731,24.289909,28549.65,1.1799
2025-02-17,W06,1.758345,7.378385,10008.92,6.9611
2025-02-17,W07,31.967602,55.520242,90083.91,60.6987
2025-02-17,W08,0.73448,3.133729,4076.83,0.0683
2025-02-18,W01,21.439168,50.995621,73080.96,78.6764
2025-02-18,W02,20.87362,53.977092,69705.76,60.1353
2025-02-18,W03,23.462582,50.896498,68323.9,226.1454
2025-02-18,W04,2.89573,12.377107,16313.65,0.6342
2025-02-18,W05,7.782706,24.537462,29073.12,1.041
2025-02-18,W06,1.679255,6.912594,9695.43,5.878
2025-02-18,W07,32.786527,56.710515,90601.71,57.8985
2025-02-18,W08,0.753116,3.241534,4273.97,0.0719
2025-02-19,W01,23.298704,54.518244,77088.06,88.9572
2025-02-19,W02,22.029878,57.302208,72067.54,64.1364
2025-02-19,W03,23.779638,52.756999,70978.3,225.4913
2025-02-19,W04,2.813041,11.935339,15894.68,0.677
2025-02-19,W05,7.421729,23.759219,28228.36,1.0984
2025-02-19,W06,1.741082,7.192299,9860.98,6.4114
2025-02-19,W07,31.073902,54.232304,88603.37,51.7811
2025-02-19,W08,0.731453,3.125016,4199.33,0.0821
2025-02-20,W01,22.872852,53.925468,76625.86,75.9562
2025-02-20,W02,20.536461,53.392983,66309.51,65.9677
2025-02-20,W03,24.210589,53.720606,72797.16,238.9659
2025-02-20,W04,2.582513,10.922292,14822.52,0.6194
2025-02-20,W05,7.639684,24.642518,28937.74,1.0022
2025-02-20,W06,1.77811,7.501229,10123.21,6.8902
2025-02-20,W07,31.712337,54.829099,88751.69,54.2571
2025-02-20,W08,0.792786,3.424796,4601.74,0.0763
2025-02-21,W01,23.814498,54.966774,79112.94,85.7908
2025-02-21,W02,22.060958,57.799602,71394.31,68.6065
2025-02-21,W03,22.73049,50.520309,68363.0,230.2125
2025-02-21,W04,2.731703,11.564835,15906.38,0.6287
2025-02-21,W05,7.955475,25.444195,30328.98,1.1565
2025-02-21,W06,1.665255,6.976461,9779.47,5.8632
2025-02-21,W07,29.451666,51.294454,82297.74,50.5001
2025-02-21,W08,0.827493,3.546922,4468.73,0.0849
2025-02-22,W01,23.510088,55.202067,79942.85,86.2493
2025-02-22,W02,21.151873,55.333406,68288.57,63.0923
2025-02-22,W03,22.703093,50.719572,67292.57,219.7463
2025-02-22,W04,1.959882,8.328644,11168.24,0.6984
2025-02-22,W05,5.168837,16.798562,19925.17,1.1072
2025-02-22,W06,1.26028,5.346824,7162.23,7.8309
2025-02-22,W07,32.023824,55.435249,90854.85,59.354
2025-02-22,W08,0.514439,2.218265,2936.22,0.0844
2025-02-23,W01,21.756115,50.502069,73607.67,84.455
2025-02-23,W02,21.109399,55.452237,69419.68,79.6662
2025-02-23,W03,20.600267,47.107081,62242.09,242.7388
2025-02-23,W04,0.871116,3.662689,4926.78,1.0041
2025-02-23,W05,2.803417,8.951017,10591.9,1.9163
2025-02-23,W06,0.542212,2.263594,3043.7,8.9858
2025-02-23,W07,29.999245,52.292709,85874.38,55.3106
2025-02-23,W08,0.215073,0.917254,1210.62,0.1094
2025-02-24,W01,22.290492,53.672214,75719.71,76.7775
2025-02-24,W02,22.070475,57.679043,71704.44,66.7716
2025-02-24,W03,22.038005,49.298646,66457.91,226.6398
2025-02-24,W04,2.524329,10.500883,14793.6,0.5574
2025-02-24,W05,7.578312,24.156222,28796.47,1.0223
2025-02-24,W06,1.792007,7.564991,10439.43,6.5582
2025-02-24,W07,30.992103,53.724562,86583.39,52.9809
2025-02-24,W08,0.762603,3.271516,4260.79,0.0713
2025-02-25,W01,24.073019,57.498478,82995.33,88.2461
2025-02-25,W02,20.776315,55.265002,68694.38,58.3595
2025-02-25,W03,22.139909,50.87795,67660.06,229.5433
2025-02-25,W04,2.844811,12.143968,16258.26,0.6647
2025-02-25,W05,7.814471,25.139375,29888.68,1.0388
2025-02-25,W06,1.663693,6.976461,9375.62,6.575
2025-02-25,W07,31.482851,54.878785,87777.62,55.2224
2025-02-25,W08,0.758181,3.233034,4276.3,0.0721
2025-02-26,W01,22.165511,52.727648,76174.79,87.1707
2025-02-26,W02,20.651398,54.860963,67577.51,61.4248
2025-02-26,W03,21.592793,48.216975,64928.33,211.9642
2025-02-26,W04,2.774733,11.795148,15650.21,0.6435
2025-02-26,W05,7.376059,23.504536,27706.68,1.027
2025-02-26,W06,1.657386,6.8824,9672.84,6.6475
2025-02-26,W07,31.882511,55.289389,89895.2,57.2533
2025-02-26,W08,0.795538,3.411484,4547.13,0.074
2025-02-27,W01,22.340737,53.526211,76580.55,81.4909
2025-02-27,W02,21.111957,54.552614,68142.51,70.7337
2025-02-27,W03,22.028096,50.274458,67542.04,205.3385
2025-02-27,W04,2.831304,12.018471,16141.56,0.6453
2025-02-27,W05,7.182016,22.748406,27311.97,0.9638
2025-02-27,W06,1.742938,7.226813,9928.63,6.535
2025-02-27,W07,34.021267,58.624325,96467.47,60.6604
2025-02-27,W08,0.856073,3.724721,4887.65,0.0917
2025-02-28,W01,23.54915,53.247619,76545.84,77.2782
2025-02-28,W02,21.658934,55.847203,68942.51,70.0275
2025-02-28,W03,23.391075,51.627428,69030.52,266.1343
2025-02-28,W04,2.382029,9.914254,13659.69,0.5399
2025-02-28,W05,7.848008,25.331841,30027.82,1.1055
2025-02-28,W06,1.769798,7.449082,9976.17,6.9625
2025-02-28,W07,29.556898,51.444232,83302.13,56.1874
2025-02-28,W08,0.799076,3.454806,4316.41,0.0709
2025-03-01,W01,18.578205,45.300566,64144.67,69.2191
2025-03-01,W02,18.884388,51.254048,63290.67,53.7603
2025-03-01,W03,18.041351,40.391826,54218.12,187.217
2025-03-01,W04,1.743658,7.309461,10074.23,0.6707
2025-03-01,W05,4.880841,15.566584,18757.84,1.0434
2025-03-01,W06,1.070259,4.413568,6018.69,6.5357
2025-03-01,W07,25.633042,44.996167,75804.09,49.8879
2025-03-01,W08,0.430818,1.813841,2438.86,0.0702
2025-03-02,W01,18.784056,45.767334,63550.27,74.1591
2025-03-02,W02,16.882456,44.356095,54469.27,54.7325
2025-03-02,W03,18.957708,42.9521,56741.49,182.4576
2025-03-02,W04,0.924527,3.889836,5248.4,0.9296
2025-03-02,W05,2.624595,8.450863,9858.31,1.7692
2025-03-02,W06,0.536933,2.227227,3066.52,10.6189
2025-03-02,W07,26.519159,46.356581,75910.71,49.852
2025-03-02,W08,0.215531,0.916596,1215.3,0.1091
2025-03-03,W01,19.583194,46.983405,67126.33,72.169
2025-03-03,W02,17.398671,47.045219,59617.79,47.3612
2025-03-03,W03,19.265587,43.825543,58761.37,187.8507
2025-03-03,W04,2.425803,10.198114,14298.57,0.5635
2025-03-03,W05,6.81142,21.964969,26179.79,0.959
2025-03-03,W06,1.60456,6.694696,9242.91,5.5346
2025-03-03,W07,24.690041,43.282838,70058.33,45.231
2025-03-03,W08,0.719938,3.083195,4139.53,0.0671
2025-03-04,W01,18.820312,45.692459,65976.17,61.3073
2025-03-04,W02,19.800178,52.023615,65461.01,56.3288
2025-03-04,W03,19.790573,45.188665,60328.79,198.7784
2025-03-04,W04,2.265258,9.356872,12958.1,0.5065
2025-03-04,W05,6.945962,22.329911,26473.0,0.9624
2025-03-04,W06,1.641983,6.779207,9258.03,6.0902
2025-03-04,W07,24.86762,43.763161,71641.76,44.7668
2025-03-04,W08,0.755825,3.233721,4426.41,0.0777
2025-03-05,W01,21.039253,50.075258,71688.93,79.6558
2025-03-05,W02,18.888806,50.205838,61518.27,54.7072
2025-03-05,W03,18.517272,42.784375,56210.88,173.1832
2025-03-05,W04,2.493849,10.425181,14332.49,0.5259
2025-03-05,W05,6.852063,22.048852,25843.02,1.0488
2025-03-05,W06,1.52538,6.321331,8850.67,6.2849
2025-03-05,W07,25.355162,44.336774,72741.4,45.4064
2025-03-05,W08,0.729725,3.122724,4198.77,0.0715
2025-03-06,W01,18.674444,46.153103,64689.36,66.6852
2025-03-06,W02,18.235688,48.580561,60157.24,57.0623
2025-03-06,W03,20.282241,45.721091,61230.64,219.1822
2025-03-06,W04,2.41637,10.106526,14186.27,0.5387
2025-03-06,W05,6.699522,21.764306,26253.44,0.85
2025-03-06,W06,1.557016,6.459137,8857.62,5.4034
2025-03-06,W07,28.492882,49.377148,80121.89,51.8989
2025-03-06,W08,0.752263,3.229847,4252.55,0.0698
2025-03-07,W01,19.402842,46.636695,67847.23,72.3703
2025-03-07,W02,18.225141,47.177859,59066.28,54.3517
2025-03-07,W03,18.598014,42.888705,56802.22,193.204
2025-03-07,W04,2.490086,10.380269,14436.43,0.5769
2025-03-07,W05,6.82426,22.108108,25716.38,0.9011
2025-03-07,W06,1.646545,6.855936,9279.31,6.1942
2025-03-07,W07,25.087083,43.801101,72246.91,44.1865
2025-03-07,W08,0.677818,2.876055,3737.36,0.0676
2025-03-08,W01,19.306893,47.140727,66182.58,67.9406
2025-03-08,W02,18.550162,49.265527,61185.18,57.9097
2025-03-08,W03,18.494398,41.847239,55993.75,190.8232
2025-03-08,W04,1.563328,6.513389,8814.48,0.626
2025-03-08,W05,4.761808,15.176707,17783.13,1.0005
2025-03-08,W06,1.004834,4.114436,5794.43,6.09
2025-03-08,W07,26.543011,46.152663,75318.44,49.307
2025-03-08,W08,0.480537,2.055984,2668.18,0.0763
2025-03-09,W01,19.011643,45.367761,64948.4,71.8055
2025-03-09,W02,18.105608,48.11062,59675.0,58.9923
2025-03-09,W03,19.285432,44.087301,58389.79,203.9988
2025-03-09,W04,0.858204,3.60219,4921.75,0.9048
2025-03-09,W05,2.614484,8.320665,10057.32,1.8204
2025-03-09,W06,0.559302,2.336951,3129.61,9.9568
2025-03-09,W07,28.143018,48.852502,80904.73,50.9789
2025-03-09,W08,0.195891,0.831027,1134.02,0.1006
2025-03-10,W01,18.579195,45.821432,64861.87,65.3445
2025-03-10,W02,18.324315,47.781972,60731.32,55.1793
2025-03-10,W03,19.090906,43.889805,56594.25,190.5318
2025-03-10,W04,2.481071,10.388207,14282.7,0.6033
2025-03-10,W05,6.682169,21.1478,25077.78,0.9111
2025-03-10,W06,1.540521,6.355856,8792.49,5.9462
2025-03-10,W07,27.477146,47.611739,77369.32,47.2154
2025-03-10,W08,0.728966,3.129726,4134.85,0.07
2025-03-11,W01,19.269858,45.904204,65516.24,78.9312
2025-03-11,W02,17.930919,48.585002,59280.18,49.1468
2025-03-11,W03,18.700626,42.710273,56133.63,183.752
2025-03-11,W04,2.730334,11.505912,15572.5,0.5858
2025-03-11,W05,6.629085,21.495693,25811.52,0.8886
2025-03-11,W06,1.496053,6.149704,8601.18,5.0898
2025-03-11,W07,25.08009,43.918676,72450.32,46.8422
2025-03-11,W08,0.720625,3.090699,3986.45,0.075
2025-03-12,W01,20.165062,48.161096,70363.56,83.2304
2025-03-12,W02,17.833122,47.025933,59329.7,52.9666
2025-03-12,W03,18.939304,43.608281,58241.71,191.7186
2025-03-12,W04,2.557012,10.72576,14632.74,0.5755
2025-03-12,W05,7.067059,22.879192,26667.08,0.9213
2025-03-12,W06,1.606696,6.656219,9105.43,5.3583
2025-03-12,W07,25.762246,44.868338,74108.83,50.019
2025-03-12,W08,0.728843,3.091973,4113.63,0.07
2025-03-13,W01,19.73274,46.815415,67650.52,73.0542
2025-03-13,W02,19.436818,52.409043,65319.85,52.2328
2025-03-13,W03,19.484034,44.32724,59159.97,191.0949
2025-03-13,W04,2.501694,10.583146,14326.13,0.5002
2025-03-13,W05,6.637941,21.649361,25935.88,0.7969
2025-03-13,W06,1.641707,6.822586,9400.19,5.6532
2025-03-13,W07,27.450083,47.6823,77927.49,48.5363
2025-03-13,W08,0.716086,3.047165,4046.44,0.0642
2025-03-14,W01,19.787011,48.306638,68254.5,68.9876
2025-03-14,W02,17.598927,47.548407,59139.54,53.2581
2025-03-14,W03,20.08242,45.496681,59793.02,217.4481
2025-03-14,W04,2.439668,10.216308,14369.98,0.5504
2025-03-14,W05,6.722735,21.645511,26436.76,0.9049
2025-03-14,W06,1.6872,7.030426,9447.4,6.4058
2025-03-14,W07,28.713857,49.750044,81353.19,49.0556
2025-03-14,W08,0.712402,3.046124,3965.08,0.0732
2025-03-15,W01,19.412958,48.018121,68653.5,72.2681
2025-03-15,W02,17.755269,48.295855,59511.23,54.7112
2025-03-15,W03,19.150954,44.174425,57915.63,210.0968
2025-03-15,W04,1.703616,6.825752,9902.91,0.5668
2025-03-15,W05,4.658535,15.13847,18045.1,1.0518
2025-03-15,W06,1.111961,4.627493,6242.34,6.3934
2025-03-15,W07,24.579864,43.237826,69131.68,48.8468
2025-03-15,W08,0.493778,2.121775,2795.29,0.0736
2025-03-16,W01,18.620926,45.039872,64522.7,77.8148
2025-03-16,W02,17.291755,46.308758,56652.67,56.9944
2025-03-16,W03,17.927576,40.878734,53021.83,181.86
2025-03-16,W04,0.859832,3.599986,4976.27,0.988
2025-03-16,W05,2.556909,8.229336,9808.06,1.8499
2025-03-16,W06,0.517088,2.191432,2949.61,8.8358
2025-03-16,W07,24.896332,43.528133,71657.45,44.0057
2025-03-16,W08,0.216934,0.932062,1226.92,0.115
2025-03-17,W01,20.337383,49.095516,69495.74,69.1052
2025-03-17,W02,19.028564,51.553507,64184.28,58.1224
2025-03-17,W03,19.539535,44.090837,57982.78,202.7575
2025-03-17,W04,2.370301,9.957393,13599.19,0.5087
2025-03-17,W05,6.847677,22.526561,27106.5,0.9737
2025-03-17,W06,1.676586,7.014679,9600.92,6.2139
2025-03-17,W07,27.183994,47.343533,78748.38,47.528
2025-03-17,W08,0.690225,2.943091,3884.18,0.0677
2025-03-18,W01,18.504016,45.444331,63719.85,63.4605
2025-03-18,W02,17.963564,47.492996,59830.16,56.1525
2025-03-18,W03,20.124105,45.473821,59239.88,191.261
2025-03-18,W04,2.653568,11.105099,15150.68,0.6082
2025-03-18,W05,7.004832,22.417601,26447.51,1.0049
2025-03-18,W06,1.652639,6.891466,9366.03,5.4144
2025-03-18,W07,26.791591,47.005965,76129.25,44.556
2025-03-18,W08,0.699015,3.001894,4005.29,0.0711
2025-03-19,W01,19.118384,46.068757,66194.03,68.2341
2025-03-19,W02,18.293365,48.753333,59813.4,57.3072
2025-03-19,W03,19.556452,44.125273,58670.45,203.0784
2025-03-19,W04,2.375825,9.930149,13512.61,0.5356
2025-03-19,W05,6.921369,22.858763,27228.07,0.9555
2025-03-19,W06,1.551677,6.377999,8737.84,5.7019
2025-03-19,W07,29.05327,50.526813,81695.74,57.5791
2025-03-19,W08,0.721371,3.055451,4238.13,0.0694
2025-03-20,W01,17.267287,42.72789,60993.4,65.8768
2025-03-20,W02,18.293454,48.150101,60561.51,51.3633
2025-03-20,W03,19.054146,43.743177,58774.33,188.0331
2025-03-20,W04,2.592462,10.931349,14816.84,0.5881
2025-03-20,W05,6.662296,21.622332,25604.63,0.8898
2025-03-20,W06,1.543455,6.357788,8707.01,5.4989
2025-03-20,W07,27.876531,48.590753,80473.91,47.4954
2025-03-20,W08,0.662417,2.815689,3708.93,0.0636
2025-03-21,W01,19.922567,48.803214,68767.59,79.1637
2025-03-21,W02,18.681502,49.617364,62325.74,58.0739
2025-03-21,W03,18.960323,43.369709,56899.81,175.0722
2025-03-21,W04,2.454737,10.304441,14053.29,0.5405
2025-03-21,W05,6.753877,21.744306,25801.87,0.9732
2025-03-21,W06,1.586912,6.538651,9090.42,5.46
2025-03-21,W07,25.197621,44.129807,72610.41,42.117
2025-03-21,W08,0.748931,3.21017,4216.12,0.0694
2025-03-22,W01,19.487881,46.135715,66287.33,71.9981
2025-03-22,W02,18.360758,48.125398,60130.68,57.4663
2025-03-22,W03,17.736817,41.674497,53353.42,174.3827
2025-03-22,W04,1.844821,7.737964,10620.74,0.643
2025-03-22,W05,4.908075,15.900883,19195.86,1.1614
2025-03-22,W06,1.162724,4.870424,6513.72,6.6969
2025-03-22,W07,25.433252,44.773865,72334.69,44.0628
2025-03-22,W08,0.454677,1.941492,2594.39,0.0796
2025-03-23,W01,18.911168,44.31577,63831.98,70.9759
2025-03-23,W02,17.528587,45.79733,56222.73,57.3292
2025-03-23,W03,19.041363,43.709,57263.73,195.044
2025-03-23,W04,0.817196,3.427804,4663.32,0.9134
2025-03-23,W05,2.641528,8.507517,10046.29,1.9578
2025-03-23,W06,0.514294,2.131424,2919.53,9.2191
2025-03-23,W07,26.018393,45.594675,73707.81,50.2719
2025-03-23,W08,0.21643,0.927959,1223.92,0.1014
2025-03-24,W01,20.031124,46.136961,67043.54,69.2345
2025-03-24,W02,18.918846,49.761693,62482.44,58.9673
2025-03-24,W03,18.181279,42.196805,56039.59,171.7321
2025-03-24,W04,2.615885,11.024924,15143.16,0.6334
2025-03-24,W05,6.705231,21.824611,26083.7,0.8802
2025-03-24,W06,1.688776,6.991086,9687.59,6.1313
2025-03-24,W07,25.876176,45.290115,73631.79,49.1543
2025-03-24,W08,0.751248,3.215387,4282.74,0.0825
2025-03-25,W01,19.013709,45.459161,64703.43,77.2115
2025-03-25,W02,19.563193,51.583483,62951.7,54.9205
2025-03-25,W03,18.010347,42.362006,56622.5,183.5131
2025-03-25,W04,2.438639,10.195863,13752.25,0.5209
2025-03-25,W05,6.675003,21.325847,25455.67,1.0322
2025-03-25,W06,1.535804,6.4156,8364.04,5.1519
2025-03-25,W07,25.765664,44.927002,73618.79,45.4716
2025-03-25,W08,0.701125,2.972916,3979.33,0.0645
2025-03-26,W01,19.337881,45.962637,65257.9,60.4411
2025-03-26,W02,18.081329,49.15175,60796.82,54.5073
2025-03-26,W03,18.701051,42.972207,57180.63,180.5853
2025-03-26,W04,2.512173,10.579194,14313.46,0.5855
2025-03-26,W05,6.806727,22.059099,26239.84,0.9227
2025-03-26,W06,1.606024,6.591834,9381.58,6.496
2025-03-26,W07,26.367524,45.758384,75902.32,48.9312
2025-03-26,W08,0.73809,3.168432,4102.65,0.0695
2025-03-27,W01,20.868952,49.027327,72198.52,80.0543
2025-03-27,W02,17.382032,47.028644,57839.03,49.5239
2025-03-27,W03,18.538656,43.011619,56328.61,196.9976
2025-03-27,W04,2.685718,11.265935,15604.54,0.6061
2025-03-27,W05,7.141451,23.629564,28122.2,0.9574
2025-03-27,W06,1.595376,6.65563,8997.15,6.2805
2025-03-27,W07,25.739372,45.034721,72849.5,46.3057
2025-03-27,W08,0.714041,3.055522,3986.7,0.0622
2025-03-28,W01,20.665928,48.435507,68049.17,71.4758
2025-03-28,W02,18.854406,50.543747,62672.97,56.6005
2025-03-28,W03,18.168133,42.143408,55258.04,188.9994
2025-03-28,W04,2.211377,9.12612,12967.67,0.5206
2025-03-28,W05,6.903189,22.075301,26655.02,0.9753
2025-03-28,W06,1.608752,6.651171,9156.71,6.3123
2025-03-28,W07,26.050012,45.476097,74071.14,53.6376
2025-03-28,W08,0.74598,3.194067,4293.01,0.0676
2025-03-29,W01,19.69894,47.171714,68016.78,70.2267
2025-03-29,W02,17.952426,47.060049,58345.33,53.4857
2025-03-29,W03,19.699982,45.234669,58734.66,194.537
2025-03-29,W04,1.749321,7.33314,10138.96,0.5975
2025-03-29,W05,4.947743,16.15446,19431.42,1.1424
2025-03-29,W06,1.078834,4.516486,6155.02,6.4417
2025-03-29,W07,26.062901,45.69684,73721.65,43.4692
2025-03-29,W08,0.465849,1.99258,2578.43,0.0745
2025-03-30,W01,16.730139,40.961957,58366.33,60.9623
2025-03-30,W02,17.342339,46.367722,57956.06,55.0568
2025-03-30,W03,18.228866,41.93068,55287.02,199.2204
2025-03-30,W04,0.846817,3.523831,4854.43,0.947
2025-03-30,W05,2.545119,8.152025,9544.14,1.6702
2025-03-30,W06,0.545027,2.278978,3071.32,9.543
2025-03-30,W07,24.875089,43.287167,70124.05,47.9194
2025-03-30,W08,0.21358,0.91413,1190.55,0.1038
2025-03-31,W01,19.710968,46.682898,68271.75,76.2186
2025-03-31,W02,17.831108,46.268434,57682.09,53.7253
2025-03-31,W03,19.489771,43.554112,57384.94,184.7897
2025-03-31,W04,2.568558,10.81008,14329.41,0.5716
2025-03-31,W05,6.778283,22.049408,25950.26,0.9486
2025-03-31,W06,1.699547,7.046511,9569.68,5.6465
2025-03-31,W07,27.128491,47.346889,77492.98,58.1832
2025-03-31,W08,0.759522,3.257601,4204.87,0.0744
2025-04-01,W01,18.39984,45.997084,65126.19,62.2108
2025-04-01,W02,16.163121,43.446092,53495.6,49.6856
2025-04-01,W03,16.617676,39.130534,51279.04,156.309
2025-04-01,W04,2.280817,9.469865,13184.73,0.501
2025-04-01,W05,6.294529,20.731295,24663.57,0.8052
2025-04-01,W06,1.650896,6.841711,9616.08,6.0353
2025-04-01,W07,21.764292,38.468646,63717.83,36.4463
2025-04-01,W08,0.69086,2.936064,3861.77,0.0637
2025-04-02,W01,16.070441,40.304588,58575.53,60.0118
2025-04-02,W02,15.750979,42.644596,52579.58,46.6056
2025-04-02,W03,16.460462,38.620307,50340.37,165.0652
2025-04-02,W04,2.247463,9.378962,13106.5,0.5435
2025-04-02,W05,6.12482,20.159396,24394.9,0.8643
2025-04-02,W06,1.670355,6.976017,9305.24,5.8933
2025-04-02,W07,23.089092,40.560186,66564.75,39.7765
2025-04-02,W08,0.651392,2.780371,3703.63,0.0543
2025-04-03,W01,17.554448,42.848509,61438.21,60.2327
2025-04-03,W02,15.854314,43.086,53068.85,45.7602
2025-04-03,W03,17.029711,39.476387,50671.86,168.3909
2025-04-03,W04,2.301071,9.567156,13625.29,0.5452
2025-04-03,W05,6.321238,20.960801,25169.06,0.8601
2025-04-03,W06,1.544509,6.404564,8790.29,5.3162
2025-04-03,W07,22.841793,40.362541,66320.6,44.3975
2025-04-03,W08,0.693502,2.951532,3928.91,0.0679
2025-04-04,W01,14.897461,36.84031,53236.35,69.7904
2025-04-04,W02,14.941162,39.723152,49667.0,50.3626
2025-04-04,W03,15.740232,36.40301,48435.49,166.0958
2025-04-04,W04,0.557747,2.336802,3231.56,2.0541
2025-04-04,W05,1.70235,5.697052,6772.99,4.0619
2025-04-04,W06,0.321239,1.333612,1879.17,19.6753
2025-04-04,W07,18.984578,33.904639,55042.15,39.1892
2025-04-04,W08,0.127187,0.540293,716.9,0.2161
2025-04-05,W01,16.281252,39.549464,56179.78,62.0735
2025-04-05,W02,14.34805,38.432513,47191.48,46.592
2025-04-05,W03,14.945496,35.465057,46126.7,158.6958
2025-04-05,W04,0.57661,2.421087,3254.37,2.352
2025-04-05,W05,1.588822,5.219301,6219.9,3.6617
2025-04-05,W06,0.298363,1.237416,1706.42,17.2046
2025-04-05,W07,19.582801,34.902885,58092.01,40.9823
2025-04-05,W08,0.108241,0.452672,619.76,0.1619
2025-04-06,W01,15.886389,38.833948,54722.16,67.7498
2025-04-06,W02,15.352794,41.026443,50438.95,56.6321
2025-04-06,W03,15.311791,36.374708,47318.43,169.8498
2025-04-06,W04,0.549548,2.293413,3229.67,2.0488
2025-04-06,W05,1.706679,5.644593,6625.14,4.2046
2025-04-06,W06,0.323199,1.337047,1770.92,19.5535
2025-04-06,W07,21.0007,37.062563,61387.93,45.3982
2025-04-06,W08,0.120871,0.515056,683.02,0.1743
2025-04-07,W01,17.594052,43.499812,63024.51,63.4354
2025-04-07,W02,16.200769,43.760969,55242.86,44.1839
2025-04-07,W03,17.17584,39.944396,52385.92,167.5185
2025-04-07,W04,2.525314,10.584072,14513.15,0.5398
2025-04-07,W05,5.983035,19.5514,23504.24,0.7893
2025-04-07,W06,1.56355,6.468886,8915.22,5.9231
2025-04-07,W07,20.700487,36.665078,60182.1,38.6939
2025-04-07,W08,0.706787,3.01084,4027.67,0.0665
2025-04-08,W01,17.998776,45.23777,64367.4,64.3512
2025-04-08,W02,15.282772,41.559894,51557.93,48.8034
2025-04-08,W03,16.558235,38.20343,50041.22,162.6306
2025-04-08,W04,2.375351,9.942134,13313.2,0.5635
2025-04-08,W05,5.903419,19.48684,23439.95,0.7262
2025-04-08,W06,1.523807,6.287998,8935.12,6.0057
2025-04-08,W07,23.409477,41.040459,67969.9,43.9025
2025-04-08,W08,0.691117,2.903868,4014.72,0.0663
2025-04-09,W01,17.381185,41.977076,59535.72,66.879
2025-04-09,W02,16.154283,43.251596,53361.27,45.6413
2025-04-09,W03,15.766876,36.87093,47252.87,166.6583
2025-04-09,W04,2.16885,9.041314,12780.04,0.4941
2025-04-09,W05,5.922122,19.978123,24604.17,0.7634
2025-04-09,W06,1.553667,6.409373,8929.96,5.055
2025-04-09,W07,22.053364,38.809959,64604.74,40.3255
2025-04-09,W08,0.670709,2.87167,3839.49,0.0675
2025-04-10,W01,17.206328,43.170088,60699.49,61.4384
2025-04-10,W02,16.460623,45.011589,55062.09,48.174
2025-04-10,W03,16.795161,40.133412,53083.88,184.6292
2025-04-10,W04,2.3985,10.07437,14109.83,0.515
2025-04-10,W05,5.836952,19.191898,23148.78,0.7813
2025-04-10,W06,1.558328,6.417909,8835.23,4.9503
2025-04-10,W07,21.557287,38.020411,62592.4,37.509
2025-04-10,W08,0.674804,2.879806,3885.58,0.0608
2025-04-11,W01,17.380999,42.280326,60802.24,60.9693
2025-04-11,W02,15.861573,44.038762,54123.79,46.9126
2025-04-11,W03,17.346084,40.646012,52980.71,183.4012
2025-04-11,W04,2.287766,9.476285,12921.81,0.5319
2025-04-11,W05,6.152786,19.974283,23766.62,0.9369
2025-04-11,W06,1.670939,6.980482,9431.96,5.5148
2025-04-11,W07,20.392909,36.343168,59335.1,39.6023
2025-04-11,W08,0.713055,3.044976,3990.09,0.0673
2025-04-12,W01,16.522818,40.807926,57885.14,60.2212
2025-04-12,W02,15.888935,43.44606,53895.11,51.9552
2025-04-12,W03,15.424173,36.862516,48203.63,157.4088
2025-04-12,W04,1.667684,6.972476,9736.63,0.6239
2025-04-12,W05,4.433317,14.605166,17411.38,1.0317
2025-04-12,W06,0.966283,3.952426,5465.61,4.7427
2025-04-12,W07,22.106971,39.038676,62711.29,41.2167
2025-04-12,W08,0.444202,1.87598,2470.24,0.0719
2025-04-13,W01,17.190862,41.603044,59904.76,75.5632
2025-04-13,W02,15.166598,40.488964,50250.14,44.9883
2025-04-13,W03,15.304279,35.946682,46703.75,152.0635
2025-04-13,W04,0.886655,3.721116,5111.22,1.0565
2025-04-13,W05,2.285107,7.596915,9029.21,1.4075
2025-04-13,W06,0.490791,2.035839,2761.93,8.7859
2025-04-13,W07,20.761325,36.602264,60682.27,41.3736
2025-04-13,W08,0.223178,0.956377,1287.45,0.1201
2025-04-14,W01,17.32156,43.671519,60559.75,59.403
2025-04-14,W02,15.498941,43.431309,53619.61,45.1
2025-04-14,W03,16.993805,39.610363,52064.62,173.4044
2025-04-14,W04,2.368792,9.939894,13472.03,0.5475
2025-04-14,W05,5.726557,18.755988,22405.49,0.7851
2025-04-14,W06,1.50968,6.200181,8394.61,6.1111
2025-04-14,W07,24.739607,43.367828,71492.99,43.9233
2025-04-14,W08,0.635331,2.712392,3512.89,0.0557
2025-04-15,W01,16.308306,40.33243,55861.4,61.7496
2025-04-15,W02,16.715682,45.824677,57847.91,50.0049
2025-04-15,W03,15.580474,36.38593,47124.48,159.1728
2025-04-15,W04,2.459391,10.261712,14188.08,0.5383
2025-04-15,W05,6.379944,21.033881,25231.65,0.9513
2025-04-15,W06,1.623216,6.736386,9360.99,5.9103
2025-04-15,W07,22.459618,39.655662,64643.96,39.2324
2025-04-15,W08,0.67355,2.884465,3826.93,0.0665
2025-04-16,W01,15.670488,39.351354,56048.19,55.877
2025-04-16,W02,16.124334,43.517349,54066.74,42.9954
2025-04-16,W03,16.859661,39.235421,50574.61,159.8966
2025-04-16,W04,2.372597,9.886643,13551.35,0.5667
2025-04-16,W05,6.052893,20.189778,24923.74,0.75
2025-04-16,W06,1.639721,6.800314,9264.02,6.1545
2025-04-16,W07,22.510654,39.754288,65478.19,39.7439
2025-04-16,W08,0.762291,3.27364,4232.19,0.0721
2025-04-17,W01,16.655895,40.919715,58702.76,62.8849
2025-04-17,W02,15.73178,43.463407,53478.76,45.2444
2025-04-17,W03,17.064681,40.303513,53106.65,160.9557
2025-04-17,W04,2.449415,10.149537,14068.94,0.5003
2025-04-17,W05,5.775771,18.811271,22729.74,0.9151
2025-04-17,W06,1.453463,5.948647,8091.79,5.776
2025-04-17,W07,23.441421,41.274744,67388.07,45.6675
2025-04-17,W08,0.732033,3.119667,4071.85,0.0606
2025-04-18,W01,16.643724,41.465561,59416.92,57.3554
2025-04-18,W02,16.450041,44.963794,56171.97,48.4622
2025-04-18,W03,17.3205,39.807459,52567.47,182.4978
2025-04-18,W04,2.573713,10.809829,14583.58,0.5295
2025-04-18,W05,6.181175,20.550438,24435.06,0.8819
2025-04-18,W06,1.653603,6.843753,9336.0,6.0558
2025-04-18,W07,23.70096,41.547942,69650.68,41.3839
2025-04-18,W08,0.664346,2.822016,3842.21,0.0617
2025-04-19,W01,16.31258,40.426635,57556.77,59.725
2025-04-19,W02,15.164408,42.301998,52167.43,44.5053
2025-04-19,W03,16.982038,39.458988,51468.07,172.0066
2025-04-19,W04,1.696475,7.142583,9939.84,0.6157
2025-04-19,W05,4.303116,14.095063,16863.92,0.9435
2025-04-19,W06,1.034866,4.211418,5959.62,6.063
2025-04-19,W07,23.048563,40.531246,66900.21,40.184
2025-04-19,W08,0.465023,1.983508,2613.4,0.0722
2025-04-20,W01,15.86197,38.939335,54812.67,59.2326
2025-04-20,W02,16.039307,43.306793,54201.43,48.7615
2025-04-20,W03,16.507521,38.096193,50546.1,173.6099
2025-04-20,W04,0.762041,3.124396,4410.79,0.8375
2025-04-20,W05,2.301737,7.62537,9293.67,1.6021
2025-04-20,W06,0.48306,1.98376,2788.54,8.9075
2025-04-20,W07,20.544261,36.368589,61457.9,38.6831
2025-04-20,W08,0.207447,0.886245,1173.71,0.1006
2025-04-21,W01,16.139784,40.76413,57554.23,59.9101
2025-04-21,W02,16.940619,46.300992,57006.6,51.5563
2025-04-21,W03,17.566894,40.533918,52957.87,177.116
2025-04-21,W04,2.429586,10.142344,13856.34,0.5584
2025-04-21,W05,6.395572,21.376293,25626.44,0.9144
2025-04-21,W06,1.557144,6.473815,8723.7,5.7441
2025-04-21,W07,20.902065,37.083796,62142.66,40.2641
2025-04-21,W08,0.741446,3.170602,4298.77,0.0731
2025-04-22,W01,16.756056,41.425954,59969.87,57.2029
2025-04-22,W02,15.461545,42.829664,51812.41,46.5666
2025-04-22,W03,16.175518,38.464684,49339.28,151.6663
2025-04-22,W04,2.30022,9.600117,13139.94,0.5256
2025-04-22,W05,6.259663,20.457097,24263.91,0.8556
2025-04-22,W06,1.611202,6.712929,9429.13,5.6495
2025-04-22,W07,21.794921,38.753425,64001.85,37.7266
2025-04-22,W08,0.73594,3.133287,4228.74,0.0782
2025-04-23,W01,16.472856,41.165185,57980.55,64.7816
2025-04-23,W02,15.884159,42.89041,54069.0,46.33
2025-04-23,W03,17.177005,40.825767,54419.77,168.6302
2025-04-23,W04,2.477247,10.287845,14220.45,0.5575
2025-04-23,W05,6.043193,19.655046,23434.29,0.809
2025-04-23,W06,1.453558,6.000795,8293.24,6.1361
2025-04-23,W07,22.713636,40.039478,65816.44,40.6685
2025-04-23,W08,0.684815,2.889257,3912.59,0.0679
2025-04-24,W01,17.329205,43.152968,61862.11,61.8161
2025-04-24,W02,17.036667,45.815093,57089.63,46.8076
2025-04-24,W03,17.547898,40.146598,52304.95,169.4352
2025-04-24,W04,2.340215,9.748405,13568.76,0.5371
2025-04-24,W05,6.429075,21.171873,25565.33,0.9428
2025-04-24,W06,1.588571,6.635684,9021.35,5.8681
2025-04-24,W07,21.638056,38.416121,64404.16,37.0903
2025-04-24,W08,0.680402,2.898486,3853.18,0.0641
2025-04-25,W01,17.174186,43.215016,62108.16,53.9678
2025-04-25,W02,15.055606,42.078431,51626.35,44.3323
2025-04-25,W03,16.628892,38.420049,51213.53,160.2136
2025-04-25,W04,2.422518,10.239261,13826.46,0.5354
2025-04-25,W05,6.057528,19.940606,23917.0,0.8239
2025-04-25,W06,1.622933,6.741359,9169.96,5.8786
2025-04-25,W07,22.876396,40.138453,66277.53,42.4052
2025-04-25,W08,0.716944,3.035846,4063.41,0.0698
2025-04-26,W01,17.640393,42.924391,61250.28,63.6187
2025-04-26,W02,16.475405,44.074586,55565.82,49.2663
2025-04-26,W03,16.205801,37.875905,50035.39,146.382
2025-04-26,W04,1.644187,6.859161,9349.8,0.5591
2025-04-26,W05,4.202947,13.772376,16688.52,0.9305
2025-04-26,W06,1.033976,4.237652,5822.46,6.1745
2025-04-26,W07,20.613717,36.582199,61454.7,38.5614
2025-04-26,W08,0.471657,1.992616,2640.62,0.0786
2025-04-27,W01,16.123924,39.327047,56997.53,63.609
2025-04-27,W02,16.015653,43.827533,54704.04,52.0474
2025-04-27,W03,16.284954,38.16583,50398.98,164.7141
2025-04-27,W04,0.812709,3.39128,4609.32,1.0055
2025-04-27,W05,2.306452,7.609179,9091.32,1.712
2025-04-27,W06,0.487454,2.017308,2827.14,8.732
2025-04-27,W07,22.062961,38.802139,64258.33,42.0625
2025-04-27,W08,0.20357,0.852391,1190.89,0.0954
2025-04-28,W01,17.564302,42.690002,60641.42,66.1947
2025-04-28,W02,16.619848,44.952947,56351.51,45.1521
2025-04-28,W03,17.33154,39.986845,53061.25,173.2149
2025-04-28,W04,2.467023,10.299839,14203.2,0.6402
2025-04-28,W05,6.019109,20.242732,24013.53,0.8368
2025-04-28,W06,1.582127,6.534614,9064.5,5.6355
2025-04-28,W07,20.921574,37.032662,61668.48,39.5742
2025-04-28,W08,0.699914,2.991071,3940.72,0.0651
2025-04-29,W01,17.584425,43.438122,61588.61,64.974
2025-04-29,W02,15.922014,43.476515,53711.5,47.234
2025-04-29,W03,17.498566,40.82525,53090.4,184.275
2025-04-29,W04,2.468084,10.353277,14522.23,0.5293
2025-04-29,W05,6.17073,20.25603,23922.62,0.8686
2025-04-29,W06,1.640361,6.747266,9506.17,6.0713
2025-04-29,W07,22.502971,39.920631,65935.55,41.8531
2025-04-29,W08,0.669792,2.857144,3748.71,0.064
2025-04-30,W01,16.423294,42.055419,59774.92,57.8568
2025-04-30,W02,16.90639,46.243088,57256.6,47.0181
2025-04-30,W03,17.042907,40.205799,53107.06,153.4443
2025-04-30,W04,2.505417,10.533987,14642.7,0.5413
2025-04-30,W05,6.13185,20.06206,23707.86,0.8036
2025-04-30,W06,1.568286,6.552465,8626.69,5.7085
2025-04-30,W07,22.885151,40.247254,65656.09,44.3891
2025-04-30,W08,0.746726,3.182683,4207.3,0.0716
2025-05-01,W01,15.149396,39.187801,54777.3,58.8349
2025-05-01,W02,13.494194,37.758017,46661.4,40.672
2025-05-01,W03,14.355485,34.796171,46076.61,162.2694
2025-05-01,W04,0.568663,2.379417,3306.26,2.0692
2025-05-01,W05,1.561667,5.289209,6327.14,3.7656
2025-05-01,W06,0.315456,1.299456,1791.79,18.1537
2025-05-01,W07,20.127519,35.668454,58136.8,37.5267
2025-05-01,W08,0.120206,0.50888,683.12,0.1816
2025-05-02,W01,14.468039,37.224392,53355.17,57.576
2025-05-02,W02,13.346045,37.002054,46342.29,38.419
2025-05-02,W03,14.351183,35.117252,45995.85,157.8736
2025-05-02,W04,0.57832,2.390248,3322.35,2.3084
2025-05-02,W05,1.661688,5.661523,6760.61,3.6818
2025-05-02,W06,0.308303,1.267668,1743.55,19.1042
2025-05-02,W07,18.384079,32.818042,53541.43,37.8237
2025-05-02,W08,0.124625,0.533823,711.91,0.2002
2025-05-03,W01,14.431354,37.279282,51921.05,56.4625
2025-05-03,W02,14.047326,38.882657,48326.93,49.9912
2025-05-03,W03,14.286838,34.484821,44543.37,162.7963
2025-05-03,W04,0.516361,2.148779,2919.41,1.7337
2025-05-03,W05,1.571206,5.229632,6303.58,3.5138
2025-05-03,W06,0.344786,1.442252,1956.37,20.4451
2025-05-03,W07,16.786488,30.212965,49277.81,32.8433
2025-05-03,W08,0.123089,0.525399,710.52,0.1898
2025-05-04,W01,14.686076,37.281957,53166.41,54.8231
2025-05-04,W02,13.824955,38.962681,48424.59,45.978
2025-05-04,W03,14.318793,35.268735,45647.6,155.0962
2025-05-04,W04,0.575942,2.410923,3296.63,1.9846
2025-05-04,W05,1.550873,5.278756,6257.36,3.4817
2025-05-04,W06,0.333567,1.392441,1918.48,19.1178
2025-05-04,W07,17.601156,31.430352,51592.7,35.6463
2025-05-04,W08,0.126487,0.542334,706.69,0.1851
2025-05-05,W01,14.351863,38.122369,54542.75,56.0298
2025-05-05,W02,13.971183,39.446749,48192.0,47.7731
2025-05-05,W03,14.531707,34.906992,45104.43,160.8593
2025-05-05,W04,0.575777,2.427073,3351.12,2.0931
2025-05-05,W05,1.655766,5.664208,6768.27,4.2842
2025-05-05,W06,0.334447,1.381154,1915.13,19.8461
2025-05-05,W07,19.682162,34.889163,57968.94,42.2684
2025-05-05,W08,0.118967,0.505137,670.52,0.1858
2025-05-06,W01,15.816158,40.741494,57966.04,54.7482
2025-05-06,W02,15.001311,41.274272,50721.94,42.2559
2025-05-06,W03,15.91295,38.021541,48314.4,157.6476
2025-05-06,W04,2.577129,10.850111,14566.21,0.562
2025-05-06,W05,5.643332,18.684479,22209.32,0.8011
2025-05-06,W06,1.520148,6.267838,8410.0,5.2243
2025-05-06,W07,20.923677,36.95551,60598.77,36.6192
2025-05-06,W08,0.700893,3.010177,3992.21,0.0614
2025-05-07,W01,16.522394,43.345976,59847.0,60.1142
2025-05-07,W02,14.785611,41.314491,51409.17,41.5654
2025-05-07,W03,16.307013,39.323803,50645.96,167.3974
2025-05-07,W04,2.444676,10.224429,13763.12,0.5202
2025-05-07,W05,6.014443,20.216836,24098.1,0.9062
2025-05-07,W06,1.600431,6.644191,9033.48,6.3424
2025-05-07,W07,21.486028,38.135291,62866.39,35.4993
2025-05-07,W08,0.710077,3.015518,4077.54,0.0695
2025-05-08,W01,14.94987,37.773893,53382.04,54.3169
2025-05-08,W02,15.090371,42.910611,53145.66,46.9314
2025-05-08,W03,15.107459,36.940297,48887.78,147.934
2025-05-08,W04,2.523109,10.543349,14475.68,0.6202
2025-05-08,W05,6.05977,20.283246,23909.66,0.748
2025-05-08,W06,1.675931,6.977632,9284.28,6.1371
2025-05-08,W07,19.558215,34.910586,57404.95,31.955
2025-05-08,W08,0.648728,2.750351,3640.08,0.0611
2025-05-09,W01,15.891407,42.236967,59572.61,58.475
2025-05-09,W02,15.212273,43.231968,53482.25,45.923
2025-05-09,W03,15.347553,36.11957,46532.96,152.0945
2025-05-09,W04,2.624052,11.083694,14966.77,0.5775
2025-05-09,W05,5.888077,19.541547,23665.8,0.8029
2025-05-09,W06,1.51563,6.294669,8617.37,5.6683
2025-05-09,W07,20.056433,35.812279,58641.89,37.0115
2025-05-09,W08,0.648671,2.738116,3699.8,0.065
2025-05-10,W01,15.752634,40.132636,56546.68,55.9398
2025-05-10,W02,14.999949,41.828817,51300.51,45.3123
2025-05-10,W03,15.691831,37.403491,48091.53,176.6382
2025-05-10,W04,1.687059,7.049641,9592.13,0.5842
2025-05-10,W05,4.248919,14.312339,17648.75,0.9384
2025-05-10,W06,1.065277,4.403286,5983.85,6.1295
2025-05-10,W07,19.834364,35.664717,59140.16,37.3087
2025-05-10,W08,0.478985,2.043949,2674.02,0.0733
2025-05-11,W01,14.852744,38.093425,54023.02,55.9023
2025-05-11,W02,14.92143,41.46637,50099.01,46.8807
2025-05-11,W03,15.411881,37.293178,49254.56,172.0287
2025-05-11,W04,0.875846,3.639657,4969.67,1.0141
2025-05-11,W05,2.191654,7.42184,8956.97,1.4878
2025-05-11,W06,0.507192,2.114048,2866.81,9.0828
2025-05-11,W07,21.025245,37.19248,61147.03,36.9828
2025-05-11,W08,0.215838,0.923644,1208.74,0.1011
2025-05-12,W01,15.203078,38.626379,55088.49,58.5772
2025-05-12,W02,15.433827,42.212949,52745.49,46.013
2025-05-12,W03,15.88567,37.190337,48581.01,159.991
2025-05-12,W04,2.454101,10.269501,14080.45,0.5822
2025-05-12,W05,6.178936,20.611007,24783.96,0.8295
2025-05-12,W06,1.608742,6.677926,9110.23,6.0767
2025-05-12,W07,20.012825,35.578474,58414.82,36.1999
2025-05-12,W08,0.686934,2.921074,3888.52,0.0704
2025-05-13,W01,16.410581,44.196408,61116.27,58.2814
2025-05-13,W02,16.466058,46.508798,56838.28,52.3282
2025-05-13,W03,15.613382,38.124871,49856.17,155.9155
2025-05-13,W04,2.580783,10.892233,14879.94,0.6138
2025-05-13,W05,5.872404,19.816458,24083.77,0.81
2025-05-13,W06,1.517059,6.267838,8461.98,5.2625
2025-05-13,W07,18.850422,34.041901,55641.31,31.1215
2025-05-13,W08,0.712389,3.039569,3977.72,0.0731
2025-05-14,W01,16.272965,41.929193,59488.14,58.9506
2025-05-14,W02,15.014969,42.341522,52535.63,44.1566
2025-05-14,W03,14.912213,35.880425,47214.39,130.7492
2025-05-14,W04,2.445527,10.194146,14249.7,0.5124
2025-05-14,W05,6.034506,20.39598,24669.99,0.7498
2025-05-14,W06,1.609173,6.633437,9093.73,5.8863
2025-05-14,W07,16.944679,30.897622,50943.36,29.1086
2025-05-14,W08,0.778639,3.347913,4523.02,0.0714
2025-05-15,W01,15.251543,39.061812,54862.28,52.9207
2025-05-15,W02,16.136612,45.19822,56572.02,44.6162
2025-05-15,W03,15.085945,36.323219,46675.43,143.8497
2025-05-15,W04,2.563584,10.795045,14527.07,0.5737
2025-05-15,W05,6.269386,21.149448,25343.21,0.8546
2025-05-15,W06,1.720154,7.136067,9728.41,6.7933
2025-05-15,W07,19.746635,35.102899,58977.66,33.5828
2025-05-15,W08,0.700437,2.972526,3938.66,0.0612
2025-05-16,W01,15.280596,39.263996,54953.3,53.2598
2025-05-16,W02,15.659611,43.813497,54324.65,49.6919
2025-05-16,W03,15.57612,36.940218,49079.61,152.9996
2025-05-16,W04,2.458753,10.286983,14040.28,0.5053
2025-05-16,W05,6.091929,20.385226,24732.06,0.8511
2025-05-16,W06,1.488118,6.039556,8349.34,5.5537
2025-05-16,W07,20.406636,36.614822,59669.66,35.5884
2025-05-16,W08,0.734929,3.137012,4092.25,0.0716
2025-05-17,W01,16.242135,41.174917,58272.32,60.584
2025-05-17,W02,14.139298,39.022593,48113.2,42.7456
2025-05-17,W03,14.646164,36.117929,47241.46,158.462
2025-05-17,W04,1.695587,7.053648,9838.73,0.6686
2025-05-17,W05,3.841938,12.800205,15796.59,0.9194
2025-05-17,W06,1.096832,4.590098,6148.66,6.1659
2025-05-17,W07,18.489118,33.117606,55485.69,33.8423
2025-05-17,W08,0.522416,2.248463,2914.4,0.0766
2025-05-18,W01,15.430069,39.598873,55456.21,58.2735
2025-05-18,W02,15.119,41.380397,51181.45,45.7102
2025-05-18,W03,14.843027,35.918504,46313.74,146.3853
2025-05-18,W04,0.799958,3.339272,4611.92,0.8777
2025-05-18,W05,2.182668,7.258043,8749.02,1.585
2025-05-18,W06,0.522746,2.16925,3000.88,9.0378
2025-05-18,W07,17.755719,32.050583,52746.92,34.5437
2025-05-18,W08,0.212173,0.897266,1221.5,0.1008
2025-05-19,W01,15.203772,40.466985,56415.89,56.0283
2025-05-19,W02,15.845853,45.117227,55063.48,46.5399
2025-05-19,W03,14.873764,36.43537,47073.78,146.4703
2025-05-19,W04,2.57072,10.75018,15062.56,0.5363
2025-05-19,W05,6.267508,20.923428,24935.98,0.9027
2025-05-19,W06,1.714474,7.177944,9874.52,6.0734
2025-05-19,W07,19.724045,35.020737,58346.23,35.7258
2025-05-19,W08,0.668691,2.815354,3884.25,0.0577
2025-05-20,W01,15.965731,40.950317,57582.88,57.4981
2025-05-20,W02,15.233614,42.571948,52598.69,44.0564
2025-05-20,W03,15.28064,36.874167,47774.62,158.7813
2025-05-20,W04,2.550006,10.660926,14734.34,0.554
2025-05-20,W05,6.297778,21.417253,25292.44,0.8892
2025-05-20,W06,1.663681,6.872438,9471.46,5.99
2025-05-20,W07,19.89873,35.599449,59573.06,36.826
2025-05-20,W08,0.726085,3.104386,4113.06,0.077
2025-05-21,W01,15.482958,40.640082,56386.97,57.2347
2025-05-21,W02,16.241113,45.45347,55340.4,48.3428
2025-05-21,W03,15.128587,36.527887,47741.53,159.1612
2025-05-21,W04,2.334801,9.707315,13410.58,0.5007
2025-05-21,W05,6.169276,20.959142,25281.87,0.896
2025-05-21,W06,1.658694,6.904202,9541.11,6.0715
2025-05-21,W07,18.593291,33.284684,55135.1,34.6177
2025-05-21,W08,0.721138,3.058242,4025.76,0.0669
2025-05-22,W01,15.870417,40.055288,57533.42,57.254
2025-05-22,W02,15.485108,42.68351,52763.95,43.4481
2025-05-22,W03,15.331976,37.23248,48747.66,153.4425
2025-05-22,W04,2.355577,9.835086,13741.03,0.5137
2025-05-22,W05,6.044228,20.181515,24223.03,0.9737
2025-05-22,W06,1.494653,6.094723,8353.82,5.4132
2025-05-22,W07,20.088778,35.411697,59188.34,34.6858
2025-05-22,W08,0.662646,2.802013,3751.68,0.0621
2025-05-23,W01,15.705389,41.089227,57453.84,57.3543
2025-05-23,W02,14.571084,40.452538,49956.13,43.2428
2025-05-23,W03,15.374526,37.377259,48714.28,153.7161
2025-05-23,W04,2.687165,11.446186,15194.69,0.5893
2025-05-23,W05,6.135433,20.80927,25089.49,0.7596
2025-05-23,W06,1.523395,6.267838,8855.28,5.4337
2025-05-23,W07,19.944177,35.638706,59060.8,34.2335
2025-05-23,W08,0.740297,3.163585,4249.36,0.0751
2025-05-24,W01,15.689145,39.974745,56262.28,61.4552
2025-05-24,W02,14.989998,41.710345,51924.97,43.7224
2025-05-24,W03,14.966345,36.263934,47791.06,156.9046
2025-05-24,W04,1.748105,7.349683,9809.89,0.6346
2025-05-24,W05,3.970354,13.224513,15875.28,0.9184
2025-05-24,W06,1.106671,4.601992,6389.35,6.663
2025-05-24,W07,19.980063,35.591925,57789.6,36.9267
2025-05-24,W08,0.491469,2.105987,2737.77,0.0721
2025-05-25,W01,15.224242,37.882456,55073.63,54.7843
2025-05-25,W02,14.523811,40.702205,49724.81,46.7765
2025-05-25,W03,14.828756,35.907604,47550.23,162.0594
2025-05-25,W04,0.810871,3.380435,4697.75,0.9623
2025-05-25,W05,2.26206,7.668839,9374.04,1.6599
2025-05-25,W06,0.458615,1.881261,2587.8,8.3626
2025-05-25,W07,19.531997,34.803323,56781.11,40.7549
2025-05-25,W08,0.215398,0.923224,1246.17,0.1096
2025-05-26,W01,15.521091,38.491326,54806.28,59.9224
2025-05-26,W02,15.393408,42.724089,52662.26,47.0702
2025-05-26,W03,16.225689,39.099972,50515.8,155.1272
2025-05-26,W04,2.552463,10.748888,14394.02,0.5748
2025-05-26,W05,5.720565,19.191677,23460.8,0.8039
2025-05-26,W06,1.513921,6.290757,8654.42,4.9846
2025-05-26,W07,19.974731,35.508056,58608.43,34.5547
2025-05-26,W08,0.652693,2.769113,3896.9,0.0659
2025-05-27,W01,16.088939,40.750606,58094.48,59.0084
2025-05-27,W02,15.219753,42.332677,52526.28,46.6439
2025-05-27,W03,15.327916,37.414321,48922.8,160.2433
2025-05-27,W04,2.540207,10.641731,14632.96,0.565
2025-05-27,W05,5.960043,20.119325,24078.65,0.8016
2025-05-27,W06,1.545194,6.421121,8762.89,5.4243
2025-05-27,W07,19.369745,34.822262,57049.14,32.3505
2025-05-27,W08,0.698045,2.979933,3900.79,0.0635
2025-05-28,W01,15.747824,39.825755,56721.03,57.6174
2025-05-28,W02,15.444561,43.621026,53323.68,43.386
2025-05-28,W03,15.120142,37.139444,48395.34,157.2836
2025-05-28,W04,2.517131,10.484945,14588.29,0.6465
2025-05-28,W05,5.771045,19.365957,23787.19,0.8842
2025-05-28,W06,1.626538,6.802399,9171.47,5.4911
2025-05-28,W07,20.639319,36.612317,60899.89,39.1965
2025-05-28,W08,0.652672,2.785563,3581.93,0.0621
2025-05-29,W01,16.241234,41.266213,57437.26,66.1431
2025-05-29,W02,14.573482,40.667287,50435.86,43.7946
2025-05-29,W03,14.974979,36.466953,47214.03,147.9931
2025-05-29,W04,2.436241,10.186957,13801.16,0.5383
2025-05-29,W05,6.031936,20.675573,24589.62,0.7815
2025-05-29,W06,1.662624,6.902083,9414.9,5.5368
2025-05-29,W07,21.808086,38.404998,62729.15,45.6871
2025-05-29,W08,0.734324,3.12993,4115.5,0.0727
2025-05-30,W01,16.141607,42.373562,59429.98,50.5824
2025-05-30,W02,15.450842,44.477968,54713.27,47.1252
2025-05-30,W03,15.978591,38.364898,49172.33,174.0057
2025-05-30,W04,2.451622,10.296597,14169.27,0.5519
2025-05-30,W05,6.008009,20.177505,24272.99,0.8871
2025-05-30,W06,1.66995,6.986535,9693.36,6.1337
2025-05-30,W07,19.647543,35.194872,58645.3,37.0931
2025-05-30,W08,0.681083,2.883867,3844.44,0.0727
2025-05-31,W01,14.357143,36.498258,51062.47,53.9876
2025-05-31,W02,14.298513,39.606773,49995.0,46.1955
2025-05-31,W03,14.045465,33.865438,43453.68,146.0483
2025-05-31,W04,0.576341,2.424068,3300.56,1.9642
2025-05-31,W05,1.616919,5.457886,6612.31,3.6337
2025-05-31,W06,0.307892,1.259675,1757.35,17.8643
2025-05-31,W07,17.377468,31.325362,51222.3,36.1555
2025-05-31,W08,0.121776,0.519929,690.74,0.1937
2025-06-01,W01,14.979058,40.344665,56622.07,56.764
2025-06-01,W02,14.108426,41.433092,49083.96,55.795
2025-06-01,W03,14.095358,34.729013,44960.43,154.3597
2025-06-01,W04,0.631654,2.675525,3661.22,2.455
2025-06-01,W05,1.630072,5.6703,6838.83,4.1667
2025-06-01,W06,0.378434,1.60134,2166.9,22.7986
2025-06-01,W07,17.612418,32.086301,52545.59,36.013
2025-06-01,W08,0.136271,0.589487,774.56,0.2111
2025-06-02,W01,14.516029,40.769256,56393.27,54.7864
2025-06-02,W02,14.79357,43.266764,53091.62,52.1376
2025-06-02,W03,13.088483,33.476195,43522.65,140.4886
2025-06-02,W04,0.589574,2.498781,3422.67,2.3397
2025-06-02,W05,1.647255,5.7966,7009.54,3.3348
2025-06-02,W06,0.506026,1.552131,3013.45,34.2256
2025-06-02,W07,18.436334,33.607845,54899.01,35.4816
2025-06-02,W08,0.138494,0.59549,793.08,0.2322
2025-06-03,W01,15.456596,43.326835,60142.83,52.5195
2025-06-03,W02,15.662973,45.181805,56411.99,45.3957
2025-06-03,W03,14.930104,37.392581,48227.92,147.8872
2025-06-03,W04,2.83542,12.011844,16126.59,0.572
2025-06-03,W05,6.261996,21.993562,26423.3,0.8565
2025-06-03,W06,1.802146,7.566592,10326.35,6.3635
2025-06-03,W07,20.065698,36.186965,58946.26,36.262
2025-06-03,W08,0.746414,3.203824,4248.91,0.0718
2025-06-04,W01,16.523448,45.000358,61721.85,60.6681
2025-06-04,W02,15.268937,44.07942,54370.38,47.5046
2025-06-04,W03,15.088294,37.449049,47980.91,149.5682
2025-06-04,W04,2.796385,11.83549,15973.03,0.6133
2025-06-04,W05,6.018519,21.025345,25766.53,0.7589
2025-06-04,W06,1.639984,6.814102,9291.63,6.0376
2025-06-04,W07,18.075218,32.948472,54604.96,31.1329
2025-06-04,W08,0.799844,3.433783,4571.9,0.0808
2025-06-05,W01,15.575699,41.961443,58693.2,59.3776
2025-06-05,W02,15.697471,45.365704,55141.17,44.5988
2025-06-05,W03,14.799347,36.932049,47367.81,145.6313
2025-06-05,W04,2.814118,11.992438,15804.85,0.6283
2025-06-05,W05,6.539264,22.902875,27812.29,0.8232
2025-06-05,W06,1.919694,8.101268,11022.11,6.7839
2025-06-05,W07,18.330536,33.278937,54858.27,32.5532
2025-06-05,W08,0.769217,3.297691,4246.38,0.0711
2025-06-06,W01,15.476626,42.625649,58368.05,56.2042
2025-06-06,W02,15.863595,44.940107,56291.01,43.7229
2025-06-06,W03,15.571567,39.563949,50642.7,153.1956
2025-06-06,W04,2.752972,11.700931,15634.12,0.6091
2025-06-06,W05,6.151076,21.394611,26049.39,0.8449
2025-06-06,W06,1.85658,7.805491,10637.47,6.8375
2025-06-06,W07,16.956847,31.261939,52096.99,28.6993
2025-06-06,W08,0.798317,3.452235,4599.99,0.0742
2025-06-07,W01,15.055507,39.819054,56351.42,53.5276
2025-06-07,W02,14.892961,43.838591,54177.81,43.6236
2025-06-07,W03,15.683603,38.561608,50154.22,147.2044
2025-06-07,W04,2.005013,8.5653,11412.27,0.7502
2025-06-07,W05,4.164858,14.762036,17975.16,1.0069
2025-06-07,W06,1.231221,5.169906,7024.26,6.6453
2025-06-07,W07,19.613086,35.392188,58247.63,36.5088
2025-06-07,W08,0.536189,2.321894,2992.46,0.0897
2025-06-08,W01,14.473796,39.39891,54372.4,52.3406
2025-06-08,W02,14.484612,41.176186,51962.19,40.9662
2025-06-08,W03,14.258763,35.862262,45023.15,140.0885
2025-06-08,W04,0.910413,3.865848,5247.4,1.0771
2025-06-08,W05,2.406554,8.476599,10189.96,1.6452
2025-06-08,W06,0.606262,2.550001,3520.27,11.0147
2025-06-08,W07,18.838974,34.179945,55184.07,33.5572
2025-06-08,W08,0.245742,1.056383,1378.36,0.1209
2025-06-09,W01,15.182884,41.140411,57553.36,52.3219
2025-06-09,W02,14.945337,43.382371,53276.78,43.5203
2025-06-09,W03,14.834046,37.880672,47958.97,132.6921
2025-06-09,W04,2.667103,11.342046,15068.47,0.6396
2025-06-09,W05,5.974265,20.915838,25508.99,0.7622
2025-06-09,W06,1.921506,8.08071,11062.94,6.6261
2025-06-09,W07,18.51437,34.104235,55785.34,27.9571
2025-06-09,W08,0.769338,3.294293,4229.9,0.081
2025-06-10,W01,15.608221,42.606002,58701.48,55.1781
2025-06-10,W02,15.426709,44.703084,54811.35,43.6286
2025-06-10,W03,15.694611,38.949511,50137.27,152.2802
2025-06-10,W04,2.721369,11.557777,15539.7,0.6198
2025-06-10,W05,5.982314,20.819249,24568.71,0.8027
2025-06-10,W06,1.861784,7.759849,10574.19,6.6885
2025-06-10,W07,18.194271,32.996247,54431.79,32.6309
2025-06-10,W08,0.891568,3.895279,4984.43,0.079
2025-06-11,W01,15.872223,41.807197,57533.55,59.5905
2025-06-11,W02,15.409696,44.990432,54866.54,47.8987
2025-06-11,W03,14.895468,37.359496,47117.7,140.4862
2025-06-11,W04,2.87785,12.242927,16290.09,0.6648
2025-06-11,W05,6.21558,21.608253,25488.84,0.8639
2025-06-11,W06,1.769603,7.371713,10025.03,7.2317
2025-06-11,W07,18.944774,34.417837,56295.8,35.6468
2025-06-11,W08,0.843308,3.651397,4712.61,0.0811
2025-06-12,W01,16.233184,44.905604,61539.55,52.5654
2025-06-12,W02,16.112412,48.009641,58014.29,47.1164
2025-06-12,W03,15.681684,39.378663,50578.26,162.974
2025-06-12,W04,2.631661,11.107092,15085.51,0.6087
2025-06-12,W05,6.165643,21.378821,26183.55,0.8203
2025-06-12,W06,1.847608,7.74852,10411.25,6.5615
2025-06-12,W07,17.55104,32.133061,52415.11,29.5963
2025-06-12,W08,0.765645,3.244371,4381.5,0.0731
2025-06-13,W01,15.375131,41.715945,58579.69,50.738
2025-06-13,W02,15.438996,44.762009,54156.6,49.8507
2025-06-13,W03,14.981526,37.884749,47927.35,147.6929
2025-06-13,W04,2.694877,11.429744,15427.76,0.6188
2025-06-13,W05,6.126579,21.030382,25294.25,0.8171
2025-06-13,W06,1.851163,7.76873,10371.22,6.3525
2025-06-13,W07,18.737503,34.239877,55408.55,36.3846
2025-06-13,W08,0.806899,3.496437,4562.74,0.0811
2025-06-14,W01,15.338598,39.956845,56038.48,53.9082
2025-06-14,W02,14.451135,41.853221,51493.68,44.2513
2025-06-14,W03,14.35192,35.513023,46395.52,163.4745
2025-06-14,W04,1.909082,8.088579,10587.91,0.6537
2025-06-14,W05,4.344388,14.561856,17936.6,1.0177
2025-06-14,W06,1.252746,5.275388,7074.92,7.0816
2025-06-14,W07,17.951279,33.039624,53511.19,32.0471
2025-06-14,W08,0.54775,2.367381,3144.85,0.0796
2025-06-15,W01,15.265874,41.278943,57974.41,60.2713
2025-06-15,W02,15.360316,44.772586,55052.93,50.8739
2025-06-15,W03,15.318601,37.910473,48949.96,150.0162
2025-06-15,W04,0.924836,3.892915,5347.91,1.034
2025-06-15,W05,2.358007,8.295858,9903.06,1.5917
2025-06-15,W06,0.556447,2.313812,3162.99,9.9358
2025-06-15,W07,17.893739,33.048463,55163.02,34.9306
2025-06-15,W08,0.238764,1.032896,1336.64,0.1058
2025-06-16,W01,16.233662,43.821266,60921.66,60.0018
2025-06-16,W02,15.463738,44.327355,54367.92,46.9551
2025-06-16,W03,16.023398,39.964347,52925.83,157.1045
2025-06-16,W04,2.926901,12.52817,16838.49,0.595
2025-06-16,W05,6.397596,22.538918,27121.85,0.9406
2025-06-16,W06,2.034423,8.635862,11600.46,7.3393
2025-06-16,W07,18.963502,34.451367,56707.97,32.051
2025-06-16,W08,0.822664,3.558233,4612.48,0.0717
2025-06-17,W01,15.842736,42.996781,59327.12,63.543
2025-06-17,W02,15.299193,44.872029,55506.33,41.5677
2025-06-17,W03,15.621588,39.38895,49930.03,160.1623
2025-06-17,W04,2.687366,11.355321,15405.82,0.5608
2025-06-17,W05,6.365522,22.279949,26680.35,0.8365
2025-06-17,W06,1.824476,7.656609,10345.56,6.4366
2025-06-17,W07,19.338311,35.288204,58057.78,36.2244
2025-06-17,W08,0.829706,3.57976,4789.0,0.0782
2025-06-18,W01,17.246862,46.399005,64476.57,67.6528
2025-06-18,W02,16.208119,47.530694,58208.39,50.5682
2025-06-18,W03,14.737092,36.85152,46991.86,137.5999
2025-06-18,W04,2.867386,12.229136,16295.34,0.6241
2025-06-18,W05,6.198083,21.204491,25301.04,0.8746
2025-06-18,W06,1.735661,7.308051,9754.3,6.1166
2025-06-18,W07,17.520468,32.354288,52254.31,30.1182
2025-06-18,W08,0.825649,3.558702,4579.68,0.0796
2025-06-19,W01,16.112027,44.104525,62728.67,61.4386
2025-06-19,W02,15.51644,45.402423,56366.64,41.5799
2025-06-19,W03,14.305612,37.165608,46979.93,146.5424
2025-06-19,W04,3.030186,12.867072,17377.97,0.7221
2025-06-19,W05,6.535362,23.060741,27588.49,0.944
2025-06-19,W06,1.725101,7.243727,9923.71,6.1881
2025-06-19,W07,19.051512,34.666343,55455.57,36.5913
2025-06-19,W08,0.799987,3.440141,4471.61,0.0758
2025-06-20,W01,16.578139,44.676738,61443.88,63.9611
2025-06-20,W02,15.129502,44.0597,54315.06,44.6554
2025-06-20,W03,14.83701,37.752517,47657.44,130.0431
2025-06-20,W04,2.724866,11.586828,15481.85,0.6684
2025-06-20,W05,6.275194,21.910779,26123.5,0.9009
2025-06-20,W06,1.861189,7.844954,10624.94,6.9996
2025-06-20,W07,17.926821,32.869329,54077.66,32.6738
2025-06-20,W08,0.821711,3.564,4631.54,0.078
2025-06-21,W01,15.983443,44.256266,61551.79,57.8894
2025-06-21,W02,14.757212,43.270741,52284.35,43.8662
2025-06-21,W03,14.61108,36.176377,46799.73,150.2703
2025-06-21,W04,1.917011,8.132303,11156.34,0.7206
2025-06-21,W05,4.434468,15.586635,18734.47,1.0068
2025-06-21,W06,1.288966,5.185252,7251.6,7.1042
2025-06-21,W07,19.034126,34.763118,57395.44,34.796
2025-06-21,W08,0.548199,2.35689,3049.18,0.0866
2025-06-22,W01,15.801714,41.678886,58383.72,62.2178
2025-06-22,W02,14.668853,42.163337,51950.62,46.4345
2025-06-22,W03,13.605809,34.771974,44121.32,149.9709
2025-06-22,W04,0.850176,3.55723,4937.45,0.9227
2025-06-22,W05,2.457799,8.373339,10861.06,1.6373
2025-06-22,W06,0.529728,2.222587,2989.83,9.9655
2025-06-22,W07,18.407005,33.331102,55242.43,37.787
2025-06-22,W08,0.256554,1.108264,1404.65,0.1299
2025-06-23,W01,15.599841,43.662005,60286.82,54.9914
2025-06-23,W02,15.929266,46.050561,56829.93,50.3804
2025-06-23,W03,15.217714,38.44736,50604.43,138.0004
2025-06-23,W04,2.745621,11.562038,15964.57,0.559
2025-06-23,W05,6.069557,21.078187,25672.99,0.7779
2025-06-23,W06,1.785941,7.476167,10354.7,6.6775
2025-06-23,W07,18.653241,33.919454,55143.38,31.3477
2025-06-23,W08,0.845424,3.650328,4687.39,0.0859
2025-06-24,W01,15.330224,42.317329,58842.96,52.9172
2025-06-24,W02,15.8515,45.882807,56253.79,47.9795
2025-06-24,W03,15.44798,38.75024,49610.88,149.8
2025-06-24,W04,2.82243,12.008488,16233.97,0.6197
2025-06-24,W05,5.962772,20.942779,25508.0,0.8334
2025-06-24,W06,1.875476,7.899068,10648.75,7.2935
2025-06-24,W07,18.742441,34.084127,55539.74,30.828
2025-06-24,W08,0.806743,3.4747,4464.29,0.0787
2025-06-25,W01,16.131787,42.721131,60541.47,63.5327
2025-06-25,W02,15.543651,44.824873,55656.76,44.0557
2025-06-25,W03,14.96327,37.610079,48604.1,141.9355
2025-06-25,W04,2.758403,11.608941,15778.68,0.6605
2025-06-25,W05,6.057058,21.445385,26639.89,0.7841
2025-06-25,W06,1.767758,7.415745,9999.79,5.8584
2025-06-25,W07,18.144718,33.207721,54405.58,30.8562
2025-06-25,W08,0.817348,3.55458,4533.75,0.0799
2025-06-26,W01,15.735366,44.081215,60737.09,61.9874
2025-06-26,W02,14.905191,42.866634,53192.66,43.82
2025-06-26,W03,14.467964,36.616913,46711.52,142.3298
2025-06-26,W04,2.87322,12.269098,16125.43,0.6041
2025-06-26,W05,6.711454,23.623778,28355.19,0.9346
2025-06-26,W06,1.830659,7.669134,10526.0,6.847
2025-06-26,W07,17.944267,32.857025,52694.1,37.2426
2025-06-26,W08,0.791998,3.416156,4447.21,0.0822
2025-06-27,W01,14.655086,41.240551,57445.79,48.7711
2025-06-27,W02,15.157902,43.345568,53785.21,46.8353
2025-06-27,W03,15.456423,39.142069,50016.3,158.1009
2025-06-27,W04,2.76307,11.726851,15648.53,0.6022
2025-06-27,W05,5.710625,19.729844,23644.06,0.7869
2025-06-27,W06,1.85446,7.731073,10485.16,6.0845
2025-06-27,W07,19.781172,35.622156,58070.1,34.9103
2025-06-27,W08,0.796399,3.433656,4574.23,0.0681
2025-06-28,W01,15.660173,42.483345,59311.88,57.5837
2025-06-28,W02,15.168596,43.774889,54322.96,49.6376
2025-06-28,W03,15.127643,37.762828,49186.36,142.9793
2025-06-28,W04,1.914353,8.06496,10908.05,0.6961
2025-06-28,W05,4.269236,15.041536,18412.93,0.9715
2025-06-28,W06,1.274487,5.339901,7205.31,7.5128
2025-06-28,W07,18.933106,34.373518,56127.91,32.7746
2025-06-28,W08,0.536155,2.324288,2994.54,0.0864
2025-06-29,W01,15.692267,43.271006,60839.49,57.3477
2025-06-29,W02,15.291539,44.659136,54851.64,45.8542
2025-06-29,W03,14.509437,36.21983,46559.67,158.1462
2025-06-29,W04,0.903529,3.824596,5147.9,1.0406
2025-06-29,W05,2.138999,7.392,8912.03,1.4489
2025-06-29,W06,0.639091,2.695407,3638.7,12.6952
2025-06-29,W07,17.555216,31.968961,52239.94,31.8393
2025-06-29,W08,0.228784,0.984301,1287.18,0.1097
2025-06-30,W01,15.846937,43.494919,59786.06,53.6795
2025-06-30,W02,14.81971,43.633465,53721.69,40.0113
2025-06-30,W03,14.683586,38.260098,49786.58,140.3208
2025-06-30,W04,2.869473,12.268798,16160.44,0.6873
2025-06-30,W05,6.013082,20.743543,24530.04,0.8349
2025-06-30,W06,1.846217,7.775275,10275.74,7.0117
2025-06-30,W07,19.439723,35.473117,58219.34,34.5415
2025-06-30,W08,0.786738,3.406125,4434.02,0.0736
2025-07-01,W01,16.026228,44.278971,60062.41,59.7341
2025-07-01,W02,15.66625,45.97758,56068.0,46.7277
2025-07-01,W03,15.778292,39.392965,51354.54,145.6126
2025-07-01,W04,3.320297,14.317128,18493.55,0.7224
2025-07-01,W05,6.392621,22.789502,27757.88,0.8232
2025-07-01,W06,1.913145,8.104236,10666.25,6.4713
2025-07-01,W07,18.572307,34.047889,56096.57,32.2978
2025-07-01,W08,0.83883,3.631507,4636.19,0.0775
2025-07-02,W01,16.218237,45.891758,62574.27,61.2684
2025-07-02,W02,15.460527,45.718993,55183.92,44.7795
2025-07-02,W03,16.165351,40.264166,51907.23,158.1056
2025-07-02,W04,2.981258,12.800823,16986.17,0.6396
2025-07-02,W05,6.450857,23.276146,27850.08,0.8897
2025-07-02,W06,1.870845,7.909533,10530.02,6.7122
2025-07-02,W07,18.461387,33.942292,55255.26,35.6893
2025-07-02,W08,0.898652,3.916632,5049.18,0.0815
2025-07-03,W01,15.080819,41.497516,58183.06,53.9173
2025-07-03,W02,15.694099,46.301675,56582.91,47.2908
2025-07-03,W03,14.986052,38.313776,48992.98,142.5383
2025-07-03,W04,2.911863,12.467017,16613.54,0.6682
2025-07-03,W05,6.475848,23.064273,27936.07,0.876
2025-07-03,W06,1.968106,8.295006,11297.09,7.2782
2025-07-03,W07,18.555685,34.339229,56478.4,32.3588
2025-07-03,W08,0.848556,3.653073,4818.68,0.0887
2025-07-04,W01,16.292943,45.277039,62605.18,59.1561
2025-07-04,W02,15.861159,46.291526,56581.31,45.9756
2025-07-04,W03,15.499592,39.57081,51418.69,149.0876
2025-07-04,W04,3.128347,13.406533,17932.22,0.6954
2025-07-04,W05,6.207318,22.02784,26751.49,0.8277
2025-07-04,W06,2.03888,8.74007,11365.07,7.8513
2025-07-04,W07,19.379684,35.554561,58666.87,33.7982
2025-07-04,W08,0.923251,4.016287,5280.61,0.0891
2025-07-05,W01,15.657805,44.211658,59579.62,60.864
2025-07-05,W02,14.481309,44.09326,53679.96,40.9436
2025-07-05,W03,15.877933,40.74522,52162.88,169.5889
2025-07-05,W04,2.052203,8.818298,11672.1,0.6896
2025-07-05,W05,4.731457,16.802612,20712.23,1.0554
2025-07-05,W06,1.339143,5.711813,7622.78,7.9506
2025-07-05,W07,18.623799,33.967429,56323.65,35.8746
2025-07-05,W08,0.543362,2.349637,3053.96,0.0859
2025-07-06,W01,15.366896,42.465491,58906.7,64.8163
2025-07-06,W02,15.327628,45.898016,55740.8,48.4734
2025-07-06,W03,14.881509,37.617596,48920.68,153.8618
2025-07-06,W04,1.035462,4.43564,5908.97,1.1155
2025-07-06,W05,2.31641,8.046041,9695.11,1.7222
2025-07-06,W06,0.622441,2.655064,3572.49,10.8266
2025-07-06,W07,17.992638,32.963384,54492.31,34.4712
2025-07-06,W08,0.254758,1.092252,1448.79,0.1245
2025-07-07,W01,16.211914,45.94734,62716.66,60.7479
2025-07-07,W02,15.58693,46.679287,57498.23,41.8596
2025-07-07,W03,15.539626,38.916322,50844.24,156.3783
2025-07-07,W04,3.09029,13.199464,17859.52,0.6494
2025-07-07,W05,6.256524,22.266026,27361.46,0.8927
2025-07-07,W06,1.898802,8.054472,10831.8,6.5374
2025-07-07,W07,19.040315,34.750701,56171.09,33.5916
2025-07-07,W08,0.912738,3.976003,5117.54,0.0818
2025-07-08,W01,15.409295,44.879486,60752.44,54.9136
2025-07-08,W02,15.60752,46.921814,56978.48,47.5303
2025-07-08,W03,15.020618,40.422115,51242.18,147.3303
2025-07-08,W04,2.955728,12.647251,17328.94,0.6106
2025-07-08,W05,6.18872,21.967615,26585.3,0.8708
2025-07-08,W06,2.006404,8.545024,11247.57,8.1268
2025-07-08,W07,18.013385,33.542381,55106.6,32.8768
2025-07-08,W08,0.877176,3.814324,4871.62,0.0829
2025-07-09,W01,16.263602,46.819562,62496.77,53.3366
2025-07-09,W02,15.022285,44.162279,53937.98,47.713
2025-07-09,W03,14.811383,38.028147,49044.26,133.5478
2025-07-09,W04,3.032997,12.909117,16991.37,0.6619
2025-07-09,W05,6.469372,22.961669,27542.51,0.9804
2025-07-09,W06,1.926107,8.102631,10887.55,7.4994
2025-07-09,W07,19.696337,35.731011,58651.31,42.9898
2025-07-09,W08,0.903595,3.944364,4953.31,0.0783
2025-07-10,W01,16.624993,46.603726,63252.23,59.1483
2025-07-10,W02,15.243028,45.294654,55450.68,42.4166
2025-07-10,W03,14.569812,37.338956,47840.85,141.8304
2025-07-10,W04,3.269391,14.093525,18704.77,0.6566
2025-07-10,W05,6.491891,23.232694,27972.36,0.8542
2025-07-10,W06,1.982759,8.439643,11402.63,7.1387
2025-07-10,W07,17.495831,32.581499,54206.13,30.4155
2025-07-10,W08,0.849568,3.672971,4717.79,0.0843
2025-07-11,W01,16.011417,43.011958,60287.46,54.1296
2025-07-11,W02,15.59228,47.64649,58194.28,43.9949
2025-07-11,W03,14.320639,37.335168,48145.74,142.1686
2025-07-11,W04,2.977987,12.650237,16965.6,0.6124
2025-07-11,W05,6.416387,22.555107,27641.26,0.8427
2025-07-11,W06,1.915609,8.09876,10861.56,7.6433
2025-07-11,W07,17.410598,31.887723,52703.7,32.0713
2025-07-11,W08,0.867431,3.767315,4920.2,0.0878
2025-07-12,W01,16.582423,45.442191,62944.42,58.8798
2025-07-12,W02,15.503183,46.369507,56162.06,45.4899
2025-07-12,W03,14.890155,37.774411,48608.02,137.8807
2025-07-12,W04,2.02506,8.581841,11571.21,0.6631
2025-07-12,W05,4.536061,15.985709,18916.52,0.9955
2025-07-12,W06,1.300696,5.481448,7518.22,7.0765
2025-07-12,W07,17.793896,32.626896,53149.66,33.0635
2025-07-12,W08,0.612121,2.663795,3405.99,0.0909
2025-07-13,W01,16.308904,46.24681,63361.77,65.9508
2025-07-13,W02,15.488232,46.306255,57094.44,50.1085
2025-07-13,W03,14.843066,37.488718,48961.73,155.9686
2025-07-13,W04,0.999015,4.241061,5676.11,1.1628
2025-07-13,W05,2.330624,8.140973,9774.41,1.5412
2025-07-13,W06,0.641587,2.728768,3549.28,11.6712
2025-07-13,W07,17.97718,33.544226,53931.96,31.2667
2025-07-13,W08,0.256135,1.111378,1460.26,0.1226
2025-07-14,W01,15.430129,44.479721,60782.83,53.0725
2025-07-14,W02,15.821279,46.152871,57957.38,44.1079
2025-07-14,W03,14.865346,37.769915,49184.95,143.8141
2025-07-14,W04,3.048476,12.991921,17053.02,0.6551
2025-07-14,W05,6.755808,23.953256,28245.59,1.0187
2025-07-14,W06,1.985885,8.53439,11298.09,7.5464
2025-07-14,W07,18.469169,33.857124,56040.2,32.1412
2025-07-14,W08,0.849918,3.689584,4818.16,0.0799
2025-07-15,W01,16.365671,45.530618,63062.84,58.592
2025-07-15,W02,15.849737,47.161589,57710.13,49.7892
2025-07-15,W03,15.600194,39.896845,51073.79,157.6924
2025-07-15,W04,3.203806,13.788075,18326.4,0.7634
2025-07-15,W05,6.120953,21.531128,26095.57,0.8572
2025-07-15,W06,1.841785,7.761601,10318.94,6.8538
2025-07-15,W07,16.837332,31.214434,51918.7,31.1546
2025-07-15,W08,0.845315,3.652034,4724.05,0.078
2025-07-16,W01,15.199002,43.555199,58554.97,53.9902
2025-07-16,W02,14.822337,44.095625,53372.04,43.4771
2025-07-16,W03,15.301747,39.641755,50474.11,159.7743
2025-07-16,W04,3.049621,13.137729,18021.08,0.6627
2025-07-16,W05,6.453638,22.572027,27313.05,0.8363
2025-07-16,W06,2.04585,8.668472,11501.6,7.4068
2025-07-16,W07,17.02937,31.591955,51186.48,32.8639
2025-07-16,W08,0.888151,3.842473,4902.45,0.0915
2025-07-17,W01,16.928271,46.918222,64016.04,56.8326
2025-07-17,W02,15.538424,45.055133,54915.47,42.9441
2025-07-17,W03,15.582641,40.545151,51558.02,144.1023
2025-07-17,W04,2.917777,12.348336,16626.78,0.6041
2025-07-17,W05,6.730366,24.126797,28989.5,0.9513
2025-07-17,W06,1.941959,8.241201,10977.01,6.5948
2025-07-17,W07,17.15185,32.010218,53086.89,30.996
2025-07-17,W08,0.846137,3.638078,4826.68,0.0824
2025-07-18,W01,15.90397,43.541603,61226.25,63.0922
2025-07-18,W02,15.179805,45.606477,55214.7,43.9743
2025-07-18,W03,15.329597,38.928262,50324.44,144.1171
2025-07-18,W04,2.979309,12.79074,17223.44,0.6274
2025-07-18,W05,6.666618,23.534857,28548.15,0.9056
2025-07-18,W06,1.966144,8.32287,11280.1,7.3169
2025-07-18,W07,17.643706,32.634018,54651.87,31.4009
2025-07-18,W08,0.902553,3.927536,5044.58,0.0804
2025-07-19,W01,16.629404,45.214215,63332.69,65.9989
2025-07-19,W02,14.858283,44.411044,54636.66,43.3263
2025-07-19,W03,14.398763,38.070407,48474.78,153.5148
2025-07-19,W04,2.111674,9.022962,11887.94,0.7271
2025-07-19,W05,4.602088,16.254311,19853.34,0.9267
2025-07-19,W06,1.347567,5.736412,7537.23,8.3136
2025-07-19,W07,17.819085,32.8331,54506.58,33.4334
2025-07-19,W08,0.581793,2.520721,3284.16,0.0948
2025-07-20,W01,15.153816,41.978805,58145.76,59.3909
2025-07-20,W02,15.055024,43.887994,54046.66,46.4355
2025-07-20,W03,14.117374,36.190471,46634.45,151.25
2025-07-20,W04,1.028801,4.387132,5829.21,1.1368
2025-07-20,W05,2.524043,8.857353,10677.52,1.686
2025-07-20,W06,0.668837,2.843271,3706.93,12.398
2025-07-20,W07,17.574335,32.652049,53438.91,32.5767
2025-07-20,W08,0.240775,1.03838,1341.14,0.1176
2025-07-21,W01,16.383292,47.592162,64462.39,56.6806
2025-07-21,W02,16.259416,48.663045,59937.35,47.3249
2025-07-21,W03,14.983625,38.549908,49934.67,151.2367
2025-07-21,W04,3.071966,13.17908,17605.69,0.7459
2025-07-21,W05,6.383867,22.666796,27645.23,0.9034
2025-07-21,W06,2.062342,8.77907,11874.53,7.6304
2025-07-21,W07,18.846837,34.540722,56839.64,35.1277
2025-07-21,W08,0.911841,3.962661,5099.53,0.0902
2025-07-22,W01,14.488092,42.091856,57092.65,56.0047
2025-07-22,W02,16.39681,48.587883,60790.67,48.7145
2025-07-22,W03,15.173001,39.193747,50413.55,140.578
2025-07-22,W04,3.169106,13.503141,18395.68,0.6447
2025-07-22,W05,6.604563,23.523772,28316.06,0.8933
2025-07-22,W06,2.088174,8.917803,11901.71,7.3199
2025-07-22,W07,18.600143,34.409211,56668.23,30.7144
2025-07-22,W08,0.850026,3.675766,4823.63,0.0931
2025-07-23,W01,15.691678,43.670781,58614.84,57.8007
2025-07-23,W02,16.147448,47.168327,58981.83,49.1903
2025-07-23,W03,15.148038,38.435883,49056.99,138.0294
2025-07-23,W04,3.165311,13.556234,18245.35,0.7235
2025-07-23,W05,6.549301,23.450564,28127.5,0.8463
2025-07-23,W06,2.10668,8.950284,11881.98,7.8067
2025-07-23,W07,17.149943,31.502065,50916.35,30.941
2025-07-23,W08,0.956129,4.162689,5400.03,0.0875
2025-07-24,W01,16.135969,44.661284,61425.19,55.8701
2025-07-24,W02,15.462246,45.937924,56223.47,46.2688
2025-07-24,W03,15.179275,39.419292,49461.89,151.8839
2025-07-24,W04,2.983984,12.728788,17307.39,0.6594
2025-07-24,W05,6.141786,21.834722,26247.6,0.9117
2025-07-24,W06,2.042575,8.634475,11594.5,7.9002
2025-07-24,W07,17.898914,32.820982,56419.11,32.1077
2025-07-24,W08,0.94652,4.135217,5340.44,0.0868
2025-07-25,W01,15.715716,42.82275,59337.25,54.4094
2025-07-25,W02,16.067435,48.383533,58788.3,45.6265
2025-07-25,W03,15.165658,40.084193,50900.1,147.5244
2025-07-25,W04,3.318077,14.28985,18926.31,0.7428
2025-07-25,W05,6.471064,22.897732,27379.53,0.9544
2025-07-25,W06,2.06754,8.78424,11715.7,6.706
2025-07-25,W07,19.397068,35.376094,57553.95,35.6736
2025-07-25,W08,0.858165,3.727039,4875.19,0.087
2025-07-26,W01,15.914728,43.964261,59659.63,54.8691
2025-07-26,W02,15.835051,47.88464,58613.28,50.8695
2025-07-26,W03,14.903835,38.405944,49965.95,144.8451
2025-07-26,W04,2.03741,8.635934,11685.84,0.7204
2025-07-26,W05,4.64318,16.580544,19970.63,0.9627
2025-07-26,W06,1.311233,5.537125,7586.23,7.5876
2025-07-26,W07,17.427467,32.345401,53034.82,31.2084
2025-07-26,W08,0.565421,2.44693,3109.15,0.0933
2025-07-27,W01,15.550667,42.746137,58666.37,54.9443
2025-07-27,W02,14.583736,43.920612,53943.15,43.4626
2025-07-27,W03,13.830923,36.39575,46710.21,148.1319
2025-07-27,W04,1.03637,4.452522,5876.2,1.1757
2025-07-27,W05,2.481978,8.795902,10668.87,1.6295
2025-07-27,W06,0.611151,2.555928,3410.42,10.7314
2025-07-27,W07,16.356551,30.224317,50328.53,28.1951
2025-07-27,W08,0.266979,1.158952,1493.58,0.136
2025-07-28,W01,15.259314,43.664798,60293.08,53.1165
2025-07-28,W02,15.511591,44.565188,54618.11,45.9807
2025-07-28,W03,15.280882,39.691393,50174.36,147.253
2025-07-28,W04,3.149676,13.425237,18274.41,0.6968
2025-07-28,W05,6.555081,23.226502,27768.13,0.931
2025-07-28,W06,2.180078,9.283205,12325.35,7.5383
2025-07-28,W07,18.578676,34.053349,55221.19,32.5991
2025-07-28,W08,0.76476,3.293554,4304.44,0.0727
2025-07-29,W01,15.991747,45.317186,61894.53,59.8917
2025-07-29,W02,15.69173,47.149004,57540.9,46.1288
2025-07-29,W03,15.056343,38.664128,50371.13,146.1809
2025-07-29,W04,3.058813,13.118292,17353.05,0.6774
2025-07-29,W05,6.155895,21.974805,27541.39,0.8466
2025-07-29,W06,2.047927,8.686889,11658.23,7.9074
2025-07-29,W07,17.210864,31.84794,52351.72,30.5356
2025-07-29,W08,0.844373,3.649358,4639.38,0.0727
2025-07-30,W01,15.848071,43.998203,61351.37,60.2442
2025-07-30,W02,16.192966,47.503933,58147.87,49.2746
2025-07-30,W03,15.205445,39.527323,50040.77,134.7678
2025-07-30,W04,2.999055,12.891871,17035.35,0.7695
2025-07-30,W05,6.569362,23.460936,28304.72,0.9285
2025-07-30,W06,2.157928,9.22789,12185.99,7.8213
2025-07-30,W07,17.710013,32.760991,53601.34,34.492
2025-07-30,W08,0.845396,3.674369,4660.92,0.0805
2025-07-31,W01,16.649694,45.925446,63246.83,57.3912
2025-07-31,W02,15.487118,46.544144,56498.19,46.0422
2025-07-31,W03,14.642737,37.819916,48603.33,134.4443
2025-07-31,W04,3.014065,12.79602,16943.15,0.6641
2025-07-31,W05,6.248728,22.087597,26653.89,0.8558
2025-07-31,W06,1.76112,7.364104,10052.8,6.2227
2025-07-31,W07,17.709151,32.76889,53231.7,28.7512
2025-07-31,W08,0.854916,3.714696,4705.74,0.0841
2025-08-01,W01,15.817341,43.741876,59561.08,51.7454
2025-08-01,W02,15.851454,46.621682,56438.16,46.2746
2025-08-01,W03,14.869832,38.76254,49460.75,133.1945
2025-08-01,W04,2.989222,12.703585,16983.6,0.6779
2025-08-01,W05,6.43516,22.630024,27591.19,0.8973
2025-08-01,W06,1.861933,7.824571,10670.47,6.1392
2025-08-01,W07,17.881539,32.931959,53476.35,32.902
2025-08-01,W08,0.901317,3.913468,5082.17,0.0827
2025-08-02,W01,16.131506,45.139612,62352.19,56.6441
2025-08-02,W02,15.580584,46.328435,57509.33,47.6307
2025-08-02,W03,14.936275,37.989105,48035.34,144.8268
2025-08-02,W04,2.187828,9.383717,12480.71,0.7694
2025-08-02,W05,5.337106,19.599578,23620.36,1.1857
2025-08-02,W06,1.358015,5.772553,7618.07,7.9421
2025-08-02,W07,17.640113,32.632907,53495.76,28.8962
2025-08-02,W08,0.581248,2.505047,3294.59,0.0928
2025-08-03,W01,16.429164,45.180974,62083.44,62.4341
2025-08-03,W02,15.485299,46.459197,57346.96,47.3487
2025-08-03,W03,14.466468,37.857298,48339.32,143.6277
2025-08-03,W04,1.033201,4.419377,5911.96,1.1725
2025-08-03,W05,2.511746,8.951394,10702.73,1.731
2025-08-03,W06,0.654809,2.786318,3740.9,11.3089
2025-08-03,W07,18.576877,33.997847,55745.19,29.6965
2025-08-03,W08,0.265724,1.145175,1496.61,0.1252
2025-08-04,W01,17.271265,46.719794,64338.27,57.083
2025-08-04,W02,15.918266,46.6423,57331.31,43.7669
2025-08-04,W03,15.094985,38.177511,48711.61,136.4038
2025-08-04,W04,3.045682,13.049323,16844.39,0.7296
2025-08-04,W05,6.593918,23.228087,27784.82,0.8575
2025-08-04,W06,2.069662,8.834167,11850.19,7.5951
2025-08-04,W07,18.681611,34.499241,57007.88,32.2792
2025-08-04,W08,0.875929,3.799808,4992.37,0.0825
2025-08-05,W01,17.154585,47.205173,65304.68,59.8206
2025-08-05,W02,16.197515,48.323572,59169.53,49.1374
2025-08-05,W03,15.527516,39.358294,51557.27,159.1717
2025-08-05,W04,2.698082,11.37851,15614.89,0.6527
2025-08-05,W05,6.060789,20.980656,24932.42,0.8449
2025-08-05,W06,2.055122,8.66879,11555.34,7.1896
2025-08-05,W07,19.276597,35.048082,56679.34,32.7389
2025-08-05,W08,0.943492,4.127612,5245.1,0.0857
2025-08-06,W01,16.038837,43.55324,60150.19,58.5229
2025-08-06,W02,15.505767,46.145905,58320.7,43.417
2025-08-06,W03,15.484218,39.605919,50717.79,152.3767
2025-08-06,W04,3.191026,13.661757,17923.97,0.623
2025-08-06,W05,6.568542,22.940102,28008.36,1.0113
2025-08-06,W06,1.867688,7.875227,10506.29,6.7012
2025-08-06,W07,18.352315,33.534773,54766.21,32.6012
2025-08-06,W08,0.883936,3.829586,4982.99,0.0838
2025-08-07,W01,16.652473,46.057496,63577.65,63.6825
2025-08-07,W02,14.97323,44.146792,54294.91,38.2861
2025-08-07,W03,15.83046,39.987719,50972.78,153.1422
2025-08-07,W04,3.137945,13.417308,17741.39,0.6703
2025-08-07,W05,6.103215,21.543889,25920.16,0.8992
2025-08-07,W06,2.010954,8.494301,11320.79,7.4131
2025-08-07,W07,19.589962,35.668604,57833.79,33.7695
2025-08-07,W08,0.816092,3.505787,4557.49,0.0771
2025-08-08,W01,17.213846,47.137134,66338.98,56.2496
2025-08-08,W02,15.757353,45.296562,56494.47,45.4607
2025-08-08,W03,15.3577,40.108781,51519.89,141.7337
2025-08-08,W04,3.132736,13.458684,17774.94,0.6586
2025-08-08,W05,6.572472,23.302575,27609.76,0.8733
2025-08-08,W06,1.915889,8.149435,10590.11,6.7344
2025-08-08,W07,19.453464,35.400944,59453.31,35.4759
2025-08-08,W08,0.855389,3.707872,4812.51,0.082
2025-08-09,W01,16.472693,46.635356,63481.06,65.1955
2025-08-09,W02,14.832555,44.492189,53786.09,39.1688
2025-08-09,W03,14.829086,37.962797,48498.88,153.4498
2025-08-09,W04,2.069758,8.824305,11630.34,0.7525
2025-08-09,W05,4.556409,16.055688,19571.8,1.0144
2025-08-09,W06,1.265712,5.292459,6869.2,7.0686
2025-08-09,W07,19.230933,35.07732,57464.05,35.321
2025-08-09,W08,0.539553,2.330762,3063.76,0.0817
2025-08-10,W01,16.134593,43.804506,59245.37,60.7269
2025-08-10,W02,14.664617,42.723389,52816.28,44.1439
2025-08-10,W03,14.612588,37.976958,48756.36,147.1367
2025-08-10,W04,1.089705,4.652858,6173.93,1.2305
2025-08-10,W05,2.31636,8.11632,9503.04,1.648
2025-08-10,W06,0.673854,2.851603,3841.04,12.6303
2025-08-10,W07,17.166132,31.519466,51410.75,35.3169
2025-08-10,W08,0.243175,1.045775,1356.91,0.1104
2025-08-11,W01,16.183452,45.01295,60950.9,57.8656
2025-08-11,W02,15.899872,46.675989,57927.84,43.2617
2025-08-11,W03,15.037704,39.004327,50374.53,156.1207
2025-08-11,W04,3.047484,13.042601,17503.33,0.6661
2025-08-11,W05,6.152435,21.356913,25776.95,0.8613
2025-08-11,W06,2.074295,8.808449,11776.94,7.2687
2025-08-11,W07,19.418499,35.377847,57999.86,32.7514
2025-08-11,W08,0.916165,3.963443,5318.2,0.0933
2025-08-12,W01,15.853981,44.366444,61730.23,56.4239
2025-08-12,W02,16.016821,47.868864,58129.64,42.2831
2025-08-12,W03,15.196866,39.020655,51348.44,158.1195
2025-08-12,W04,2.976213,12.647678,16529.56,0.6889
2025-08-12,W05,6.70799,23.655663,28855.77,0.8941
2025-08-12,W06,1.868319,7.820814,10400.15,7.1229
2025-08-12,W07,18.93132,34.614384,57027.38,34.1493
2025-08-12,W08,0.92581,4.014651,5270.0,0.0895
2025-08-13,W01,15.697614,43.344525,60022.75,54.4736
2025-08-13,W02,15.484083,45.59941,54817.35,40.8694
2025-08-13,W03,14.583058,38.656864,49622.39,145.9006
2025-08-13,W04,3.02767,12.948897,17032.96,0.6286
2025-08-13,W05,6.440783,23.096351,28077.71,0.8862
2025-08-13,W06,2.03079,8.654478,11485.34,7.5094
2025-08-13,W07,19.353662,35.604645,57185.66,34.9268
2025-08-13,W08,0.858986,3.724564,4817.81,0.0795
2025-08-14,W01,16.079004,46.261856,63771.37,58.33
2025-08-14,W02,15.810166,46.378135,56966.88,45.0869
2025-08-14,W03,15.352476,38.068842,49275.76,164.857
2025-08-14,W04,2.879958,12.136992,16283.91,0.6374
2025-08-14,W05,6.05648,21.044998,25868.34,0.8038
2025-08-14,W06,1.980148,8.380975,11203.86,6.8514
2025-08-14,W07,18.246582,33.438998,54903.93,32.6265
2025-08-14,W08,0.808252,3.504448,4567.58,0.0817
2025-08-15,W01,15.401241,42.931603,59314.25,60.6702
2025-08-15,W02,15.419617,45.984627,55971.79,43.9632
2025-08-15,W03,15.551025,38.198333,49217.07,152.185
2025-08-15,W04,3.057876,13.13005,16778.23,0.6583
2025-08-15,W05,6.458356,22.926001,27793.89,0.975
2025-08-15,W06,2.09108,8.870739,11831.26,7.4974
2025-08-15,W07,19.091283,35.184881,58601.67,34.0814
2025-08-15,W08,0.878011,3.802184,4814.81,0.0876
2025-08-16,W01,16.82339,45.896588,63320.53,58.4352
2025-08-16,W02,15.627199,45.492475,55220.55,48.2258
2025-08-16,W03,16.115361,41.650478,54312.11,150.306
2025-08-16,W04,2.266289,9.767047,13084.82,0.7712
2025-08-16,W05,4.512814,15.933631,18975.91,0.9406
2025-08-16,W06,1.270348,5.361145,7219.87,6.9517
2025-08-16,W07,19.453804,35.384047,59042.04,36.2861
2025-08-16,W08,0.600724,2.622428,3346.69,0.1008
2025-08-17,W01,15.274005,42.375082,58579.64,58.6071
2025-08-17,W02,14.087382,42.120881,52068.39,46.0077
2025-08-17,W03,15.262252,38.856671,49878.1,166.9904
2025-08-17,W04,0.951957,3.997719,5629.16,1.105
2025-08-17,W05,2.384577,8.400251,10179.23,1.6319
2025-08-17,W06,0.641822,2.7246,3670.21,10.7271
2025-08-17,W07,18.722768,34.355426,55015.65,41.1762
2025-08-17,W08,0.262286,1.141679,1480.44,0.1191
2025-08-18,W01,16.488168,46.128568,63705.68,58.1628
2025-08-18,W02,15.839312,46.055456,55987.38,46.0816
2025-08-18,W03,14.950818,38.229619,48135.75,125.8666
2025-08-18,W04,2.937155,12.592191,16877.17,0.6577
2025-08-18,W05,6.069046,21.273568,25799.42,0.81
2025-08-18,W06,1.997133,8.519055,11349.98,7.183
2025-08-18,W07,19.007615,34.507021,55328.14,34.7123
2025-08-18,W08,0.868248,3.757375,4809.33,0.0781
2025-08-19,W01,16.252027,44.90452,62225.73,57.6738
2025-08-19,W02,16.064304,46.967044,58209.15,47.9245
2025-08-19,W03,15.349171,39.922403,50932.54,157.3354
2025-08-19,W04,3.114132,13.29614,17581.71,0.64
2025-08-19,W05,6.254973,21.649505,25738.61,0.8914
2025-08-19,W06,1.975507,8.368841,11049.43,6.9767
2025-08-19,W07,19.621578,35.532937,59040.97,30.9355
2025-08-19,W08,0.87268,3.783171,4980.89,0.0754
2025-08-20,W01,16.585663,46.459673,64624.54,60.9521
2025-08-20,W02,15.510179,45.924305,57163.67,48.5535
2025-08-20,W03,14.888047,38.99286,49458.46,149.4229
2025-08-20,W04,3.316924,14.233543,18934.41,0.7472
2025-08-20,W05,6.475405,22.699859,27314.85,0.855
2025-08-20,W06,1.835267,7.697324,10286.61,6.6262
2025-08-20,W07,18.256077,33.484019,55261.85,31.085
2025-08-20,W08,0.868395,3.732739,4891.71,0.0782
2025-08-21,W01,15.711497,43.554532,60086.34,55.4702
2025-08-21,W02,15.694161,47.522448,57347.1,43.4398
2025-08-21,W03,14.739289,39.146277,49890.03,143.8611
2025-08-21,W04,3.022599,12.935911,17619.55,0.66
2025-08-21,W05,6.296068,22.033476,26136.9,0.8265
2025-08-21,W06,1.900835,8.021707,10607.58,7.0229
2025-08-21,W07,18.366965,33.669441,55189.96,33.4962
2025-08-21,W08,0.910048,3.954948,5085.38,0.0834
2025-08-22,W01,16.339832,43.711653,60166.71,64.0785
2025-08-22,W02,15.060203,45.587853,55816.84,44.771
2025-08-22,W03,15.655059,39.759305,50787.51,169.178
2025-08-22,W04,3.16581,13.510914,18084.37,0.7038
2025-08-22,W05,6.355064,22.470686,27587.73,0.8649
2025-08-22,W06,2.028628,8.588524,11262.91,6.9048
2025-08-22,W07,17.553957,32.475448,54553.43,32.278
2025-08-22,W08,0.895698,3.894924,5016.12,0.078
2025-08-23,W01,16.861946,45.609101,62789.44,60.4059
2025-08-23,W02,15.551342,46.363,56485.22,50.3185
2025-08-23,W03,15.091161,38.401095,48832.8,152.5392
2025-08-23,W04,2.191701,9.365191,12390.67,0.7993
2025-08-23,W05,4.579339,16.055776,19034.9,1.0445
2025-08-23,W06,1.341576,5.685038,7514.34,7.6806
2025-08-23,W07,18.246842,33.375976,55335.01,34.8583
2025-08-23,W08,0.594979,2.58393,3375.04,0.0836
2025-08-24,W01,15.075583,42.185843,58023.02,57.8917
2025-08-24,W02,15.357064,45.679666,56147.07,44.1649
2025-08-24,W03,14.140878,36.506574,46897.97,148.2925
2025-08-24,W04,0.960755,4.118798,5439.54,1.0986
2025-08-24,W05,2.529065,8.982078,10735.63,1.8506
2025-08-24,W06,0.638156,2.708179,3630.1,12.1976
2025-08-24,W07,18.273379,33.924332,56037.28,31.3113
2025-08-24,W08,0.275125,1.202708,1584.09,0.1228
2025-08-25,W01,16.610426,44.943667,62963.76,63.279
2025-08-25,W02,15.934198,47.200284,59018.64,45.7315
2025-08-25,W03,16.329862,41.682283,53453.23,163.4261
2025-08-25,W04,3.201264,13.748886,17903.99,0.7498
2025-08-25,W05,6.506794,23.076308,28273.96,0.9794
2025-08-25,W06,1.863257,7.872963,10400.03,7.4229
2025-08-25,W07,18.958911,34.877886,56760.01,35.9844
2025-08-25,W08,0.9236,4.03217,5279.23,0.0913
2025-08-26,W01,15.719129,45.234842,61090.22,58.3903
2025-08-26,W02,15.998882,47.966668,57554.72,47.5208
2025-08-26,W03,15.88173,40.785375,52934.52,166.1008
2025-08-26,W04,2.820927,11.928501,16032.13,0.5852
2025-08-26,W05,6.353706,22.192376,26376.81,0.8213
2025-08-26,W06,1.873122,7.948467,10539.58,6.5304
2025-08-26,W07,18.975291,34.806301,57093.81,31.2873
2025-08-26,W08,0.835604,3.610528,4683.82,0.0762
2025-08-27,W01,16.385151,45.72346,63666.92,61.9908
2025-08-27,W02,15.770667,47.220064,57339.04,47.7364
2025-08-27,W03,15.451284,39.285236,50718.97,157.8901
2025-08-27,W04,3.051731,13.081875,17244.13,0.6653
2025-08-27,W05,6.384407,22.190497,26217.82,0.8247
2025-08-27,W06,1.936649,8.20406,10910.32,7.3738
2025-08-27,W07,18.181575,33.38983,54992.69,34.9447
2025-08-27,W08,0.873942,3.784048,4871.97,0.0812
2025-08-28,W01,15.714875,44.387851,60551.5,56.237
2025-08-28,W02,14.86467,43.272017,53058.14,41.7493
2025-08-28,W03,15.763472,40.510177,52370.07,152.2173
2025-08-28,W04,2.797261,11.934376,15771.7,0.6401
2025-08-28,W05,6.335689,21.904827,26275.8,0.8949
2025-08-28,W06,1.949254,8.275358,10966.43,6.206
2025-08-28,W07,18.378149,33.586925,54693.07,36.7885
2025-08-28,W08,0.906211,3.918865,5108.7,0.0801
2025-08-29,W01,15.455233,42.89281,58708.53,52.1242
2025-08-29,W02,15.710417,45.397281,55414.2,45.927
2025-08-29,W03,15.132974,39.041548,49342.64,134.9063
2025-08-29,W04,3.119076,13.448572,17423.93,0.7138
2025-08-29,W05,6.277448,21.940156,26343.68,0.8884
2025-08-29,W06,2.076767,8.875903,11531.58,7.5
2025-08-29,W07,19.575927,35.949804,59504.23,34.9364
2025-08-29,W08,0.865279,3.775638,4977.63,0.0813
2025-08-30,W01,16.715653,45.30467,62912.49,62.5895
2025-08-30,W02,15.213157,45.004637,54861.37,43.2546
2025-08-30,W03,15.167302,39.266252,50133.33,142.2477
2025-08-30,W04,2.083999,8.878988,12270.95,0.727
2025-08-30,W05,4.581158,16.154217,19454.02,0.9311
2025-08-30,W06,1.235109,5.149621,6801.66,6.9856
2025-08-30,W07,19.263187,35.108631,56339.86,35.2414
2025-08-30,W08,0.584609,2.533228,3251.74,0.078
2025-08-31,W01,15.682605,42.715814,58576.23,60.2234
2025-08-31,W02,14.533541,42.596137,52574.98,50.9163
2025-08-31,W03,14.89158,38.193232,49042.88,154.8641
2025-08-31,W04,1.032501,4.408068,5717.74,1.0155
2025-08-31,W05,2.368744,8.20018,9605.1,1.5589
2025-08-31,W06,0.618993,2.612814,3588.06,12.0146
2025-08-31,W07,19.201069,34.811104,58288.97,36.5217
2025-08-31,W08,0.241492,1.042928,1368.11,0.1264
2025-09-01,W01,16.83577,44.308127,60869.39,59.9006
2025-09-01,W02,15.583202,44.123788,55011.82,43.1214
2025-09-01,W03,15.593512,38.672733,50772.7,171.1635
2025-09-01,W04,2.643855,11.109946,14955.85,0.5672
2025-09-01,W05,6.359305,21.445259,26109.92,0.9487
2025-09-01,W06,1.731446,7.205985,9927.66,5.9039
2025-09-01,W07,20.119425,36.072373,59339.78,36.2378
2025-09-01,W08,0.755692,3.239954,4180.96,0.0663
2025-09-02,W01,15.942766,41.76087,59153.17,55.2062
2025-09-02,W02,15.440573,43.670485,54390.56,44.3111
2025-09-02,W03,15.821224,38.8272,50837.57,142.1711
2025-09-02,W04,2.579566,10.816208,14931.04,0.5307
2025-09-02,W05,6.309621,21.439806,25456.54,0.8629
2025-09-02,W06,1.822642,7.664825,10271.58,6.2035
2025-09-02,W07,19.634399,35.47663,57913.21,35.9071
2025-09-02,W08,0.720841,3.093221,3990.57,0.0659
2025-09-03,W01,16.62534,45.689671,63346.69,52.9048
2025-09-03,W02,15.218786,43.584633,53292.02,44.8437
2025-09-03,W03,15.891127,39.023404,50876.51,156.1705
2025-09-03,W04,2.799914,11.922077,16110.24,0.6058
2025-09-03,W05,6.063377,20.54309,24654.02,0.7559
2025-09-03,W06,1.756046,7.341534,10288.18,6.562
2025-09-03,W07,20.513045,36.788536,61334.35,36.8425
2025-09-03,W08,0.812975,3.490129,4521.27,0.0685
2025-09-04,W01,16.295731,42.29258,58325.88,56.5571
2025-09-04,W02,15.302413,44.116342,54202.84,45.0633
2025-09-04,W03,15.295216,37.693983,48826.21,151.4948
2025-09-04,W04,2.810993,11.910015,16167.11,0.5291
2025-09-04,W05,6.427293,21.957033,26586.43,0.8656
2025-09-04,W06,1.840015,7.735755,10516.41,6.3811
2025-09-04,W07,19.122626,34.594627,56007.84,33.7358
2025-09-04,W08,0.676906,2.885409,3859.12,0.0689
2025-09-05,W01,15.71727,42.093281,58527.42,58.5783
2025-09-05,W02,15.031493,42.388208,51757.57,42.6036
2025-09-05,W03,15.328266,37.044499,47837.41,137.8268
2025-09-05,W04,2.673839,11.23842,15518.57,0.5698
2025-09-05,W05,5.951811,20.090522,24105.78,0.8301
2025-09-05,W06,1.690548,7.098467,9652.55,5.8866
2025-09-05,W07,21.34158,38.45185,61875.49,35.4166
2025-09-05,W08,0.78846,3.384535,4502.76,0.072
2025-09-06,W01,16.543606,43.703183,61051.41,63.5701
2025-09-06,W02,16.036442,44.412225,54056.2,45.983
2025-09-06,W03,15.982422,39.298362,50133.42,156.1393
2025-09-06,W04,1.903884,8.024674,10699.56,0.7011
2025-09-06,W05,4.656883,15.921691,19289.81,0.9614
2025-09-06,W06,1.187207,4.950355,6746.94,6.6926
2025-09-06,W07,20.303346,36.614888,59010.74,36.9953
2025-09-06,W08,0.512792,2.197608,2863.69,0.0812
2025-09-07,W01,15.373331,41.033497,57916.3,61.5993
2025-09-07,W02,15.190971,42.258334,52378.49,48.1399
2025-09-07,W03,16.307468,40.45163,52832.28,165.5093
2025-09-07,W04,0.891985,3.736886,5056.64,1.0493
2025-09-07,W05,2.35947,8.135804,9833.72,1.5697
2025-09-07,W06,0.578866,2.439092,3264.34,9.6875
2025-09-07,W07,18.584773,33.654038,54212.11,34.279
2025-09-07,W08,0.233289,1.005778,1310.59,0.1112
2025-09-08,W01,16.904444,43.505665,61234.08,57.7643
2025-09-08,W02,15.665281,45.270377,54805.41,47.7233
2025-09-08,W03,15.66184,38.215036,49824.71,144.5553
2025-09-08,W04,2.693668,11.405833,15569.88,0.5838
2025-09-08,W05,6.553881,22.490766,26700.35,0.8448
2025-09-08,W06,1.780042,7.478514,10056.83,6.2869
2025-09-08,W07,19.539508,35.04975,58426.03,36.167
2025-09-08,W08,0.733312,3.131572,4052.21,0.0664
2025-09-09,W01,16.404667,42.996718,58951.78,59.3656
2025-09-09,W02,16.295795,44.709334,55223.98,49.052
2025-09-09,W03,17.426064,42.253439,55753.75,185.5791
2025-09-09,W04,2.597823,10.976954,14786.62,0.5672
2025-09-09,W05,6.502534,21.947842,26324.69,0.8861
2025-09-09,W06,1.739266,7.261983,9771.75,6.1438
2025-09-09,W07,19.953119,35.836912,58686.5,35.9244
2025-09-09,W08,0.803731,3.446042,4603.12,0.0753
2025-09-10,W01,16.201521,42.629381,59269.92,51.2246
2025-09-10,W02,15.285893,42.871198,52357.03,44.5502
2025-09-10,W03,15.838309,38.417897,49101.75,146.0156
2025-09-10,W04,2.636794,11.141262,15106.58,0.638
2025-09-10,W05,6.133556,20.694766,25262.61,0.8293
2025-09-10,W06,1.706907,7.138872,9739.89,6.4669
2025-09-10,W07,20.198487,36.066982,58812.34,34.5473
2025-09-10,W08,0.762533,3.266635,4244.48,0.0747
2025-09-11,W01,16.371448,42.611674,59312.06,56.3586
2025-09-11,W02,15.122216,42.583099,52862.56,43.6327
2025-09-11,W03,14.728295,36.206541,46219.09,154.5531
2025-09-11,W04,2.607925,11.030718,15030.78,0.5942
2025-09-11,W05,6.411065,21.891222,25873.15,0.8001
2025-09-11,W06,1.736062,7.186125,10040.47,6.0451
2025-09-11,W07,20.066227,36.220492,58852.9,37.826
2025-09-11,W08,0.775579,3.334046,4393.22,0.0745
2025-09-12,W01,16.227064,43.600722,60585.26,59.6191
2025-09-12,W02,15.768708,45.269822,54240.49,44.7475
2025-09-12,W03,16.099478,39.68485,50128.52,162.5241
2025-09-12,W04,2.577098,10.809318,14827.44,0.5535
2025-09-12,W05,6.651558,22.394383,26557.7,0.9004
2025-09-12,W06,1.579883,6.443947,9032.73,5.8404
2025-09-12,W07,19.711523,35.393029,58607.81,36.4399
2025-09-12,W08,0.756127,3.231655,4306.37,0.0726
2025-09-13,W01,15.872576,41.921699,58310.01,62.553
2025-09-13,W02,15.354338,43.150371,53308.96,43.4295
2025-09-13,W03,15.80296,38.381433,49304.85,153.2735
2025-09-13,W04,1.856449,7.784318,10528.3,0.6836
2025-09-13,W05,4.086273,13.73927,16543.24,0.8707
2025-09-13,W06,1.083667,4.450894,6097.21,6.9077
2025-09-13,W07,18.397402,33.21345,55127.45,30.4363
2025-09-13,W08,0.521528,2.247101,2968.55,0.0857
2025-09-14,W01,15.418434,40.477111,56850.83,59.1983
2025-09-14,W02,14.57285,41.751636,51495.05,45.1496
2025-09-14,W03,14.19753,34.377165,44557.82,165.9365
2025-09-14,W04,0.924313,3.904182,5183.63,1.0502
2025-09-14,W05,2.250965,7.671798,9378.4,1.6057
2025-09-14,W06,0.531614,2.222144,3035.02,8.6616
2025-09-14,W07,18.923697,33.611886,55940.91,35.0261
2025-09-14,W08,0.220228,0.9424,1243.58,0.1062
2025-09-15,W01,17.227733,43.282086,61583.07,62.2558
2025-09-15,W02,15.740447,45.401558,56066.02,44.4327
2025-09-15,W03,16.565537,39.949479,52694.19,158.9036
2025-09-15,W04,2.510669,10.469947,14322.68,0.5644
2025-09-15,W05,6.25667,21.005117,25438.05,0.8871
2025-09-15,W06,1.703558,7.098467,9646.01,5.5501
2025-09-15,W07,20.830892,37.448572,60880.24,35.1096
2025-09-15,W08,0.773854,3.296958,4404.81,0.0727
2025-09-16,W01,17.001756,43.837073,60583.82,64.2138
2025-09-16,W02,15.60233,44.109351,54340.73,47.7704
2025-09-16,W03,15.471628,37.46903,47869.91,156.104
2025-09-16,W04,2.63302,11.056168,15279.41,0.5025
2025-09-16,W05,6.142633,20.745987,24919.78,0.7824
2025-09-16,W06,1.808193,7.611098,10198.62,5.9995
2025-09-16,W07,17.744095,32.158102,52988.19,30.868
2025-09-16,W08,0.732451,3.126977,4156.14,0.0729
2025-09-17,W01,16.600401,43.828817,61308.64,64.1812
2025-09-17,W02,15.750618,45.044435,54993.32,46.2025
2025-09-17,W03,16.295976,40.065454,50843.06,154.6856
2025-09-17,W04,2.860024,12.148393,16679.44,0.599
2025-09-17,W05,6.063055,20.663295,24412.97,0.8541
2025-09-17,W06,1.630588,6.734932,9212.33,5.6645
2025-09-17,W07,20.723305,37.14035,61299.13,35.8155
2025-09-17,W08,0.730688,3.152827,4227.88,0.0673
2025-09-18,W01,16.294198,42.702792,60180.96,57.8882
2025-09-18,W02,15.096493,42.810316,53266.34,42.7871
2025-09-18,W03,16.329611,40.007612,51620.74,153.3066
2025-09-18,W04,2.626604,11.179089,14915.81,0.6038
2025-09-18,W05,6.110041,20.722287,24741.41,0.8306
2025-09-18,W06,1.788192,7.467388,10223.26,6.5217
2025-09-18,W07,20.34732,36.596242,57947.21,35.1461
2025-09-18,W08,0.795683,3.428065,4512.63,0.0757
2025-09-19,W01,16.801433,44.675236,62300.25,60.4995
2025-09-19,W02,16.396553,46.834783,58294.01,45.6923
2025-09-19,W03,16.542934,41.241116,52312.02,149.0046
2025-09-19,W04,2.839425,11.992599,16013.43,0.7487
2025-09-19,W05,6.09131,20.971774,25376.86,0.7754
2025-09-19,W06,1.710199,7.146833,9684.7,6.2569
2025-09-19,W07,20.60582,36.995241,61295.02,37.796
2025-09-19,W08,0.761896,3.274038,4312.18,0.0717
2025-09-20,W01,17.393056,44.939836,62587.81,59.3822
2025-09-20,W02,16.52085,46.144963,57437.13,51.6235
2025-09-20,W03,16.472796,39.559744,52723.55,174.3577
2025-09-20,W04,1.854646,7.811973,10505.28,0.6778
2025-09-20,W05,4.388782,14.825768,17767.95,0.9457
2025-09-20,W06,1.227839,5.184148,6740.68,6.7955
2025-09-20,W07,19.656514,35.342394,58715.99,36.1008
2025-09-20,W08,0.502199,2.145558,2805.71,0.079
2025-09-21,W01,15.514715,41.123943,57661.16,59.2355
2025-09-21,W02,15.114235,42.085814,52335.96,45.0703
2025-09-21,W03,14.880738,36.853161,47915.05,143.7114
2025-09-21,W04,0.896268,3.77239,5154.87,1.0144
2025-09-21,W05,2.873873,8.552595,10663.98,2.0575
2025-09-21,W06,0.530567,2.196617,3051.99,8.9892
2025-09-21,W07,19.39822,34.638657,57472.74,37.5921
2025-09-21,W08,0.213041,0.908527,1204.85,0.1
2025-09-22,W01,16.097334,43.050399,59446.2,63.5849
2025-09-22,W02,15.072555,42.912315,51737.41,45.2889
2025-09-22,W03,16.309732,39.474269,51505.47,153.0884
2025-09-22,W04,2.671741,11.313687,15387.98,0.61
2025-09-22,W05,6.289562,21.34352,25610.57,0.8591
2025-09-22,W06,1.889157,7.969413,10615.37,6.0716
2025-09-22,W07,17.51613,31.954134,53194.27,34.3297
2025-09-22,W08,0.793008,3.422338,4541.8,0.0708
2025-09-23,W01,16.467225,43.270216,60321.58,54.3464
2025-09-23,W02,15.566426,43.555414,53863.26,45.4684
2025-09-23,W03,15.689975,38.508623,50848.27,156.1627
2025-09-23,W04,2.629333,11.109965,14943.5,0.5632
2025-09-23,W05,6.330472,21.390098,25945.84,0.8823
2025-09-23,W06,1.613962,6.664132,9032.06,5.9785
2025-09-23,W07,19.342647,35.205581,57777.19,33.9313
2025-09-23,W08,0.783033,3.355562,4450.53,0.0716
2025-09-24,W01,16.575375,42.669878,59516.71,55.9344
2025-09-24,W02,15.3855,43.826421,53077.13,43.5334
2025-09-24,W03,16.356783,40.899009,52540.87,146.6726
2025-09-24,W04,2.78105,11.783616,15709.35,0.5571
2025-09-24,W05,6.52083,22.002728,26830.81,0.9291
2025-09-24,W06,1.704488,7.098467,9672.75,5.8193
2025-09-24,W07,21.845762,39.117067,63345.39,41.2327
2025-09-24,W08,0.747426,3.171678,4245.77,0.0684
2025-09-25,W01,16.129349,42.305847,58831.45,52.5465
2025-09-25,W02,16.05758,45.469192,56096.0,45.4563
2025-09-25,W03,15.365978,37.818529,49204.23,141.3054
2025-09-25,W04,2.694851,11.393907,15035.7,0.5725
2025-09-25,W05,6.491658,21.749341,25700.76,0.8499
2025-09-25,W06,1.70782,7.110274,9583.77,6.3696
2025-09-25,W07,20.235604,36.339344,59973.89,33.3174
2025-09-25,W08,0.782328,3.358391,4257.14,0.0742
2025-09-26,W01,15.456004,42.137138,58479.17,55.4692
2025-09-26,W02,15.471911,44.404121,53803.48,44.0584
2025-09-26,W03,15.096553,37.45164,48161.55,150.6777
2025-09-26,W04,2.653153,11.316885,14947.17,0.585
2025-09-26,W05,6.521256,22.26974,26173.46,0.8746
2025-09-26,W06,1.701603,7.095853,9466.71,6.4721
2025-09-26,W07,21.029737,37.519607,60937.33,35.6469
2025-09-26,W08,0.74505,3.17833,4260.05,0.0786
2025-09-27,W01,16.788462,44.771486,61796.46,62.0324
2025-09-27,W02,16.240537,45.581781,56154.53,52.5461
2025-09-27,W03,14.953071,36.317923,47347.06,140.3148
2025-09-27,W04,1.89816,8.048009,11001.17,0.6663
2025-09-27,W05,4.492588,15.273099,18316.15,1.0032
2025-09-27,W06,1.265521,5.369695,7312.86,7.6193
2025-09-27,W07,19.401413,35.07006,57943.14,36.3338
2025-09-27,W08,0.510256,2.186577,2835.25,0.0761
2025-09-28,W01,15.618329,40.327038,56526.16,60.089
2025-09-28,W02,15.247168,43.751155,53796.25,50.0616
2025-09-28,W03,13.846637,34.098239,44443.85,140.7966
2025-09-28,W04,0.973901,4.116538,5519.87,1.0968
2025-09-28,W05,2.221807,7.468136,8984.79,1.5807
2025-09-28,W06,0.535979,2.222953,3072.07,8.8314
2025-09-28,W07,18.200508,32.844371,53931.93,32.4821
2025-09-28,W08,0.23298,1.000496,1294.31,0.1086
2025-09-29,W01,15.932907,42.058115,60252.01,58.5375
2025-09-29,W02,15.691578,44.712861,56386.86,46.0743
2025-09-29,W03,15.841674,38.00634,48845.38,154.7824
2025-09-29,W04,2.824547,11.97999,16154.74,0.6361
2025-09-29,W05,6.364389,21.708133,25715.07,0.8492
2025-09-29,W06,1.631849,6.71645,9406.58,5.5898
2025-09-29,W07,20.249036,36.340938,59001.39,37.2489
2025-09-29,W08,0.722933,3.101561,4125.46,0.0656
2025-09-30,W01,15.939084,40.878336,57298.46,57.8999
2025-09-30,W02,15.73652,44.466782,54727.81,43.8435
2025-09-30,W03,15.16819,37.584608,48837.02,146.5342
2025-09-30,W04,2.821922,11.957296,16064.05,0.6613
2025-09-30,W05,6.659131,22.490474,27308.51,0.9086
2025-09-30,W06,1.693133,7.098467,9052.3,6.0017
2025-09-30,W07,20.03509,36.048088,59702.74,34.2036
2025-09-30,W08,0.74689,3.178192,4172.16,0.0669
2025-10-01,W01,16.198051,39.326859,55330.91,60.4843
2025-10-01,W02,16.41957,44.056497,54460.98,53.1333
2025-10-01,W03,15.568021,36.697091,48166.69,178.8133
2025-10-01,W04,0.549264,2.27252,3108.78,1.9552
2025-10-01,W05,1.690284,5.607523,6538.78,4.1894
2025-10-01,W06,0.321434,1.336282,1807.92,19.8343
2025-10-01,W07,21.673749,38.114194,62653.73,43.2379
2025-10-01,W08,0.127924,0.546427,720.4,0.1931
2025-10-02,W01,15.888427,39.806815,56469.72,58.1989
2025-10-02,W02,15.726749,42.447804,52246.84,49.1591
2025-10-02,W03,16.450102,37.871927,50086.09,168.2909
2025-10-02,W04,0.563553,2.345877,3241.67,2.023
2025-10-02,W05,1.659092,5.496885,6600.66,3.7783
2025-10-02,W06,0.449803,1.306807,2689.51,27.9989
2025-10-02,W07,22.529375,39.591558,64874.46,43.7802
2025-10-02,W08,0.113802,0.483897,659.21,0.1674
2025-10-03,W01,15.653381,38.10973,54369.49,60.2965
2025-10-03,W02,15.126604,41.463763,50797.84,49.1042
2025-10-03,W03,15.509199,35.601367,47302.93,163.8515
2025-10-03,W04,0.561037,2.379499,3206.41,2.1913
2025-10-03,W05,1.758461,5.860016,6946.41,4.0578
2025-10-03,W06,0.334078,1.393001,1864.97,19.124
2025-10-03,W07,21.499244,37.820411,62938.56,39.7996
2025-10-03,W08,0.123205,0.525318,673.03,0.1926
2025-10-04,W01,15.989003,39.601535,55820.5,66.2337
2025-10-04,W02,15.784301,43.645101,54053.4,48.9445
2025-10-04,W03,16.349452,38.597379,50062.84,185.0365
2025-10-04,W04,0.556395,2.314252,3195.19,2.061
2025-10-04,W05,1.633143,5.29702,6361.47,3.6333
2025-10-04,W06,0.347484,1.442444,1960.57,19.7087
2025-10-04,W07,20.848524,36.771969,60860.51,39.9598
2025-10-04,W08,0.115313,0.490268,671.65,0.1712
2025-10-05,W01,16.413578,39.749076,56851.5,64.4597
2025-10-05,W02,15.949199,43.379905,53734.39,48.291
2025-10-05,W03,15.758224,36.921108,48677.81,186.773
2025-10-05,W04,0.581095,2.418734,3389.88,2.5156
2025-10-05,W05,1.690872,5.572338,6702.33,4.0236
2025-10-05,W06,0.32206,1.305728,1831.22,18.6593
2025-10-05,W07,20.349666,36.142734,59175.06,42.3612
2025-10-05,W08,0.125026,0.532326,700.92,0.1902
2025-10-06,W01,16.58578,40.475014,58133.3,65.4811
2025-10-06,W02,14.468694,39.157061,48601.57,45.0901
2025-10-06,W03,15.957462,37.170494,48288.47,175.0317
2025-10-06,W04,0.529679,2.199451,3069.34,2.1145
2025-10-06,W05,1.679305,5.546991,6571.2,3.6406
2025-10-06,W06,0.319099,1.313394,1802.48,18.9658
2025-10-06,W07,20.609692,36.367308,60207.07,39.954
2025-10-06,W08,0.12873,0.548383,727.03,0.1918
2025-10-07,W01,15.555013,38.873068,55205.38,70.1495
2025-10-07,W02,15.439253,40.726432,50370.8,47.0898
2025-10-07,W03,15.492899,36.444349,47679.74,168.0613
2025-10-07,W04,0.536969,2.228039,3156.34,2.1053
2025-10-07,W05,1.723446,5.707235,6689.3,4.2402
2025-10-07,W06,0.323038,1.342043,1875.93,19.6854
2025-10-07,W07,21.077944,37.325239,61278.82,44.3238
2025-10-07,W08,0.127207,0.54039,730.17,0.2069
2025-10-08,W01,16.760504,41.018892,57786.34,66.1273
2025-10-08,W02,16.052774,43.794203,54757.19,47.8174
2025-10-08,W03,16.420718,38.360091,50780.13,167.3449
2025-10-08,W04,0.757695,2.484648,4561.46,2.8063
2025-10-08,W05,1.68955,5.487719,6624.23,3.9623
2025-10-08,W06,0.317547,1.323873,1805.58,18.6891
2025-10-08,W07,21.317192,37.780818,61709.09,39.1736
2025-10-08,W08,0.121558,0.52145,682.46,0.1907
2025-10-09,W01,17.688614,43.561891,62180.01,59.2008
2025-10-09,W02,17.104739,47.098316,57777.07,51.3926
2025-10-09,W03,16.659086,40.125422,52902.25,181.4577
2025-10-09,W04,2.245008,9.351238,13285.26,0.4756
2025-10-09,W05,6.396268,20.971193,24866.33,0.8179
2025-10-09,W06,1.703206,7.080654,9588.46,5.5782
2025-10-09,W07,24.132541,42.486048,71118.81,46.1489
2025-10-09,W08,0.744387,3.185759,4198.02,0.0681
2025-10-10,W01,17.25652,43.012512,61680.63,61.3306
2025-10-10,W02,16.451731,45.477768,56117.29,46.1728
2025-10-10,W03,16.052081,38.863943,51047.62,161.6833
2025-10-10,W04,2.262775,9.350113,12935.8,0.5596
2025-10-10,W05,6.472838,21.3721,25030.14,0.879
2025-10-10,W06,1.61073,6.647574,9296.9,5.9993
2025-10-10,W07,22.982966,40.621946,65696.21,38.8701
2025-10-10,W08,0.700548,2.985663,3909.0,0.0582
2025-10-11,W01,15.67172,39.431097,55213.75,52.9321
2025-10-11,W02,16.00085,43.75155,53620.39,49.0069
2025-10-11,W03,17.279764,40.136856,53312.66,169.2701
2025-10-11,W04,1.81311,7.631562,10405.41,0.6354
2025-10-11,W05,4.492548,15.096571,17928.4,0.9666
2025-10-11,W06,1.123659,4.630961,6445.71,6.3348
2025-10-11,W07,21.165421,37.551619,61714.81,37.2018
2025-10-11,W08,0.469313,1.998444,2691.68,0.0766
2025-10-12,W01,15.630364,38.087123,54297.65,60.2454
2025-10-12,W02,16.371248,44.355834,55073.88,60.159
2025-10-12,W03,15.925881,37.065846,48373.06,162.1813
2025-10-12,W04,0.908297,3.827852,5316.5,0.9038
2025-10-12,W05,2.394536,7.894052,9358.55,1.4426
2025-10-12,W06,0.528244,2.199215,2983.45,9.3029
2025-10-12,W07,22.19881,39.10361,64125.82,42.3386
2025-10-12,W08,0.20759,0.885991,1149.19,0.0892
2025-10-13,W01,17.604378,43.492473,61517.12,64.7194
2025-10-13,W02,17.017998,45.909695,57960.43,46.2614
2025-10-13,W03,17.387628,40.885258,54337.97,177.3632
2025-10-13,W04,2.357754,9.8491,13717.06,0.5397
2025-10-13,W05,6.319023,21.014829,25232.6,0.8151
2025-10-13,W06,1.774258,7.458475,9811.08,6.3845
2025-10-13,W07,21.638589,38.2927,63049.49,36.3783
2025-10-13,W08,0.761566,3.247284,4302.93,0.0738
2025-10-14,W01,17.632428,44.455111,62878.01,59.408
2025-10-14,W02,16.147288,44.46717,54724.25,49.2258
2025-10-14,W03,17.705304,42.338561,54914.14,168.5465
2025-10-14,W04,2.493441,10.529176,14218.85,0.5298
2025-10-14,W05,6.354735,21.069095,25073.26,0.846
2025-10-14,W06,1.720623,7.139204,9694.29,5.6196
2025-10-14,W07,25.804846,45.347314,74226.89,47.0484
2025-10-14,W08,0.68341,2.88791,3857.11,0.0622
2025-10-15,W01,17.118543,41.88896,58886.58,57.1788
2025-10-15,W02,15.962497,43.804579,53371.77,44.6725
2025-10-15,W03,17.452026,41.114548,52936.89,154.7563
2025-10-15,W04,2.608314,10.988552,15134.71,0.5825
2025-10-15,W05,6.123981,20.124393,24105.75,0.8734
2025-10-15,W06,1.650726,6.87225,9327.26,5.2328
2025-10-15,W07,21.931231,38.786903,63086.64,37.1648
2025-10-15,W08,0.690764,2.923993,3793.98,0.0656
2025-10-16,W01,17.245942,44.242901,61565.15,62.1348
2025-10-16,W02,16.858568,45.865727,56353.2,45.3904
2025-10-16,W03,18.718374,43.075089,56216.25,182.4047
2025-10-16,W04,2.379686,9.943187,13747.5,0.5114
2025-10-16,W05,6.165213,20.053146,23657.47,0.774
2025-10-16,W06,1.580956,6.50487,8707.89,5.5128
2025-10-16,W07,23.229535,41.165234,68151.19,42.2385
2025-10-16,W08,0.708181,3.024575,4018.72,0.0728
2025-10-17,W01,17.021537,41.768242,59531.74,61.2451
2025-10-17,W02,16.676023,46.85519,56110.98,47.1734
2025-10-17,W03,16.966968,40.287178,51851.77,170.0625
2025-10-17,W04,2.553941,10.717411,14533.7,0.6226
2025-10-17,W05,6.340758,20.912791,25344.79,0.83
2025-10-17,W06,1.614993,6.781899,9292.9,5.448
2025-10-17,W07,22.683679,40.082779,66092.33,40.8243
2025-10-17,W08,0.687401,2.912913,3829.07,0.0636
2025-10-18,W01,17.095899,43.818001,62392.0,57.6132
2025-10-18,W02,16.955182,46.500614,56851.35,51.0211
2025-10-18,W03,15.850589,38.282683,49868.3,156.0789
2025-10-18,W04,1.734737,7.287603,10042.64,0.659
2025-10-18,W05,4.46747,14.47615,17260.57,0.9238
2025-10-18,W06,1.060874,4.369539,6033.37,5.6086
2025-10-18,W07,21.895878,38.739412,63668.94,39.6598
2025-10-18,W08,0.493616,2.086493,2767.78,0.0704
2025-10-19,W01,15.953949,39.717863,55942.26,59.8084
2025-10-19,W02,15.733953,42.669063,52547.47,51.9725
2025-10-19,W03,16.158967,37.812988,49813.19,156.1404
2025-10-19,W04,0.791643,3.321025,4547.91,0.7975
2025-10-19,W05,2.424751,7.920714,9423.66,1.6946
2025-10-19,W06,0.508887,2.110656,2934.41,8.9311
2025-10-19,W07,22.624637,39.97607,64519.26,40.9713
2025-10-19,W08,0.208599,0.881854,1168.49,0.0997
2025-10-20,W01,17.244477,43.414701,60710.75,60.8784
2025-10-20,W02,16.366012,43.728945,54033.6,49.8412
2025-10-20,W03,17.818673,42.707288,56084.83,162.9017
2025-10-20,W04,2.367189,9.851045,13874.08,0.4956
2025-10-20,W05,6.422841,20.986302,24584.89,0.8314
2025-10-20,W06,1.55916,6.419524,8978.39,5.1861
2025-10-20,W07,23.798548,41.710644,69084.41,40.8536
2025-10-20,W08,0.745873,3.202507,4277.53,0.0726
2025-10-21,W01,18.523501,44.607334,62622.69,63.4627
2025-10-21,W02,17.372843,46.647565,58297.96,47.6204
2025-10-21,W03,15.927033,37.755516,49592.09,145.2786
2025-10-21,W04,2.469605,10.353096,14230.09,0.5717
2025-10-21,W05,6.419366,21.090713,25015.08,0.8852
2025-10-21,W06,1.823073,7.541215,10477.44,6.1351
2025-10-21,W07,23.832691,41.705259,69678.47,42.9579
2025-10-21,W08,0.724175,3.102332,4039.98,0.0672
2025-10-22,W01,17.125097,42.46946,60454.62,59.6249
2025-10-22,W02,16.383116,43.442381,54512.84,53.1269
2025-10-22,W03,17.588569,41.526576,55050.87,174.003
2025-10-22,W04,2.701662,11.461184,15208.08,0.5571
2025-10-22,W05,6.361436,21.441855,25545.54,0.8996
2025-10-22,W06,1.61957,6.667137,9151.67,5.3932
2025-10-22,W07,24.430092,43.12568,70759.03,42.0977
2025-10-22,W08,0.65486,2.787426,3691.63,0.0634
2025-10-23,W01,18.425969,44.046558,63995.54,72.3217
2025-10-23,W02,18.308515,49.671822,62400.97,50.5012
2025-10-23,W03,17.22115,40.474393,53456.67,164.8983
2025-10-23,W04,2.602371,10.927777,14897.58,0.5118
2025-10-23,W05,6.540561,21.394939,25521.87,0.8717
2025-10-23,W06,1.610234,6.649459,9159.34,5.929
2025-10-23,W07,23.608304,41.461101,70062.8,36.2444
2025-10-23,W08,0.666214,2.833914,3816.21,0.0625
2025-10-24,W01,16.515426,41.382428,59111.98,66.5953
2025-10-24,W02,16.948001,47.126135,58018.84,42.2236
2025-10-24,W03,17.06141,39.774653,51419.18,175.9924
2025-10-24,W04,2.415318,10.097028,13692.8,0.5019
2025-10-24,W05,6.632348,21.971283,25995.03,1.0196
2025-10-24,W06,1.567833,6.489149,8796.17,5.4338
2025-10-24,W07,22.661559,40.038049,64652.0,40.9603
2025-10-24,W08,0.714872,3.053573,4048.27,0.067
2025-10-25,W01,18.601377,45.371711,65048.95,70.6836
2025-10-25,W02,16.593915,46.280241,57267.28,50.8883
2025-10-25,W03,16.418203,39.698582,50373.58,171.4713
2025-10-25,W04,1.541409,6.341372,8917.27,0.5979
2025-10-25,W05,4.476137,14.687337,17406.68,1.0191
2025-10-25,W06,1.062281,4.35696,6100.82,6.0609
2025-10-25,W07,23.658029,41.584549,68235.77,41.6967
2025-10-25,W08,0.469144,1.994461,2660.73,0.071
2025-10-26,W01,17.706764,42.889277,61281.69,64.316
2025-10-26,W02,15.96152,42.696542,52784.93,48.4172
2025-10-26,W03,16.196078,38.158725,49902.83,164.2954
2025-10-26,W04,0.895752,3.772636,5210.93,0.9397
2025-10-26,W05,2.362141,7.773805,9312.14,1.6751
2025-10-26,W06,0.521828,2.153792,2938.31,10.0435
2025-10-26,W07,23.6229,41.269063,66941.19,46.3987
2025-10-26,W08,0.208807,0.896571,1175.68,0.099
2025-10-27,W01,18.079271,45.333426,64685.76,62.1995
2025-10-27,W02,15.484028,42.512347,52203.38,46.8536
2025-10-27,W03,17.605218,41.297269,53210.22,168.1106
2025-10-27,W04,2.457698,10.324955,14334.05,0.4958
2025-10-27,W05,6.051972,19.81783,23742.51,0.7269
2025-10-27,W06,1.590833,6.577645,8972.95,5.5644
2025-10-27,W07,22.878202,40.026025,66413.76,41.15
2025-10-27,W08,0.698696,2.994605,3953.25,0.0648
2025-10-28,W01,17.576753,43.992466,62738.59,61.515
2025-10-28,W02,17.052919,45.968888,57180.8,46.8574
2025-10-28,W03,17.429339,41.23493,54783.79,164.5814
2025-10-28,W04,2.28731,9.47179,13207.58,0.4711
2025-10-28,W05,6.482674,21.183243,25636.33,0.8986
2025-10-28,W06,1.687612,7.008376,9558.63,5.3934
2025-10-28,W07,22.835749,40.377782,66022.74,38.687
2025-10-28,W08,0.705307,2.975832,4026.73,0.0637
2025-10-29,W01,17.304145,43.22496,61885.09,64.9319
2025-10-29,W02,16.488583,44.611129,55087.48,44.8717
2025-10-29,W03,17.205876,40.213928,52367.48,160.1172
2025-10-29,W04,2.362229,9.789983,13677.44,0.5175
2025-10-29,W05,6.44134,21.58814,25816.22,0.8236
2025-10-29,W06,1.6126,6.651182,9157.74,5.693
2025-10-29,W07,22.126191,39.017426,63806.3,37.8771
2025-10-29,W08,0.69418,2.957044,4059.5,0.0607
2025-10-30,W01,16.877773,42.402772,60928.1,66.7742
2025-10-30,W02,16.846225,45.87559,57506.73,46.787
2025-10-30,W03,16.9607,40.140674,52321.58,165.3315
2025-10-30,W04,2.255452,9.350975,12931.39,0.4844
2025-10-30,W05,6.256109,20.364678,24439.11,0.9178
2025-10-30,W06,1.703567,7.115026,9656.59,5.7665
2025-10-30,W07,22.721423,40.230011,66706.62,39.8142
2025-10-30,W08,0.650117,2.774929,3671.25,0.0635
2025-10-31,W01,16.518988,41.478992,59184.78,52.4258
2025-10-31,W02,17.096276,45.988046,56104.65,45.8899
2025-10-31,W03,18.343739,42.346228,55608.79,169.3211
2025-10-31,W04,2.559441,10.750616,14844.99,0.569
2025-10-31,W05,6.45324,21.362282,25676.24,0.8354
2025-10-31,W06,1.811376,7.586125,10499.81,6.2975
2025-10-31,W07,22.939708,40.50049,68032.68,41.7643
2025-10-31,W08,0.667463,2.852543,3774.4,0.063
2025-11-01,W01,19.337483,45.803054,65081.75,68.4474
2025-11-01,W02,18.222309,48.857472,60264.09,51.9116
2025-11-01,W03,21.592354,48.931938,65052.89,232.6537
2025-11-01,W04,1.809369,7.649117,10561.37,0.7122
2025-11-01,W05,5.082069,16.457826,19675.52,1.0303
2025-11-01,W06,1.275229,5.394539,7099.75,7.7668
2025-11-01,W07,28.326103,49.289071,78444.86,50.6722
2025-11-01,W08,0.535248,2.318868,3014.07,0.0813
2025-11-02,W01,18.63231,45.112628,62246.77,67.5407
2025-11-02,W02,17.322975,46.154704,56848.92,52.3851
2025-11-02,W03,19.038522,43.60635,57064.92,191.1076
2025-11-02,W04,0.858219,3.592267,4944.0,1.0492
2025-11-02,W05,2.575483,8.21448,9837.61,1.8514
2025-11-02,W06,0.553632,2.315468,3176.28,9.286
2025-11-02,W07,28.59232,49.685658,78077.48,49.0153
2025-11-02,W08,0.227345,0.967119,1298.22,0.1005
2025-11-03,W01,20.289265,49.64806,69781.53,67.782
2025-11-03,W02,19.788521,52.631682,65114.18,55.5862
2025-11-03,W03,20.641705,46.967718,62418.68,185.3668
2025-11-03,W04,2.703677,11.386754,15326.66,0.5744
2025-11-03,W05,7.267986,23.739163,28216.36,1.019
2025-11-03,W06,1.658733,6.89335,9524.33,5.9199
2025-11-03,W07,28.106975,49.097934,80622.83,50.6725
2025-11-03,W08,0.747004,3.190485,4271.76,0.0717
2025-11-04,W01,21.280184,51.048009,73467.05,73.974
2025-11-04,W02,20.162836,52.629076,65100.5,59.8439
2025-11-04,W03,20.455972,47.3275,62612.64,193.3457
2025-11-04,W04,2.478493,10.373826,14056.21,0.5543
2025-11-04,W05,7.719056,25.265294,30024.52,1.087
2025-11-04,W06,1.687087,7.140745,9581.36,6.2615
2025-11-04,W07,28.493447,49.327642,79428.99,48.146
2025-11-04,W08,0.811307,3.464922,4527.9,0.076
2025-11-05,W01,19.355564,45.790247,65358.44,65.9117
2025-11-05,W02,20.305039,54.887876,67972.75,53.5456
2025-11-05,W03,20.33743,46.888722,62708.37,206.6329
2025-11-05,W04,2.5876,10.811753,14852.82,0.5358
2025-11-05,W05,7.642248,24.953363,28661.19,0.9815
2025-11-05,W06,1.770234,7.430446,9989.55,6.6656
2025-11-05,W07,27.492969,48.098547,80348.58,50.6534
2025-11-05,W08,0.82441,3.586675,4535.02,0.0714
2025-11-06,W01,21.579217,52.339101,75090.79,80.3899
2025-11-06,W02,20.469592,53.879172,66072.38,62.5626
2025-11-06,W03,19.694142,44.954839,59602.15,187.2814
2025-11-06,W04,2.736163,11.690055,15806.07,0.6244
2025-11-06,W05,7.315805,23.899021,29127.44,0.8981
2025-11-06,W06,1.826654,7.709082,10172.37,6.3177
2025-11-06,W07,27.615806,48.020396,79388.96,47.4486
2025-11-06,W08,0.68546,2.917249,3841.37,0.0606
2025-11-07,W01,20.305725,49.869455,70951.81,72.651
2025-11-07,W02,18.551351,50.254103,62074.82,54.886
2025-11-07,W03,21.864584,48.776466,66869.85,203.399
2025-11-07,W04,2.52971,10.575179,14626.04,0.5839
2025-11-07,W05,7.080146,22.88198,27221.67,0.9363
2025-11-07,W06,1.747186,7.311985,9907.83,5.8784
2025-11-07,W07,29.668212,51.64318,84396.41,50.1393
2025-11-07,W08,0.766234,3.291681,4353.91,0.0728
2025-11-08,W01,19.827208,48.720546,69490.6,70.5564
2025-11-08,W02,18.520434,49.194649,60994.9,56.542
2025-11-08,W03,21.46124,49.957628,64343.75,220.7742
2025-11-08,W04,1.742415,7.29288,9920.25,0.598
2025-11-08,W05,5.09375,16.754471,19778.01,1.1109
2025-11-08,W06,1.140791,4.742749,6577.82,6.8417
2025-11-08,W07,29.162671,50.380586,83765.9,54.5137
2025-11-08,W08,0.505809,2.185324,2876.51,0.0728
2025-11-09,W01,18.979979,46.57979,67851.51,83.2634
2025-11-09,W02,19.026146,49.529198,62224.61,61.1337
2025-11-09,W03,19.118775,44.198238,58367.61,191.9344
2025-11-09,W04,0.876,3.675512,5034.86,0.88
2025-11-09,W05,2.760482,9.088638,10779.13,1.774
2025-11-09,W06,0.595836,2.514031,3374.61,11.2001
2025-11-09,W07,25.459171,44.855241,70723.82,48.8891
2025-11-09,W08,0.227466,0.981556,1290.94,0.1109
2025-11-10,W01,21.708489,51.104466,74109.54,77.9521
2025-11-10,W02,20.007316,52.341367,65417.23,66.3773
2025-11-10,W03,20.669576,46.966071,62759.03,204.8095
2025-11-10,W04,2.746014,11.650744,15615.97,0.6227
2025-11-10,W05,7.552182,24.633506,29534.92,1.0381
2025-11-10,W06,1.745498,7.289522,10153.27,6.2895
2025-11-10,W07,26.381987,46.364968,75022.82,47.4535
2025-11-10,W08,0.767815,3.290679,4312.38,0.0696
2025-11-11,W01,20.640291,49.5111,70420.78,72.4663
2025-11-11,W02,19.460398,52.343519,64393.71,53.6356
2025-11-11,W03,21.135094,48.124901,64341.14,202.1955
2025-11-11,W04,2.636301,10.985468,14956.64,0.5535
2025-11-11,W05,7.392823,23.994438,28066.23,1.0144
2025-11-11,W06,1.753061,7.348228,9994.3,6.365
2025-11-11,W07,26.968464,47.316322,75911.76,47.2578
2025-11-11,W08,0.758875,3.242861,4314.79,0.0655
2025-11-12,W01,21.468875,49.893486,70975.98,70.4852
2025-11-12,W02,18.994106,50.547603,63225.51,57.5016
2025-11-12,W03,19.466705,45.344671,59401.0,180.1689
2025-11-12,W04,2.751999,11.644628,16048.05,0.6508
2025-11-12,W05,7.012136,22.73586,26939.25,0.9435
2025-11-12,W06,1.564022,6.398938,8979.3,5.6005
2025-11-12,W07,28.983254,50.27232,82216.95,49.2275
2025-11-12,W08,0.806327,3.48342,4640.48,0.0859
2025-11-13,W01,20.976059,49.851564,71680.05,63.8082
2025-11-13,W02,19.047417,50.314333,61765.38,52.4964
2025-11-13,W03,19.539541,45.152844,58638.02,192.468
2025-11-13,W04,2.977367,12.769658,17176.16,0.6146
2025-11-13,W05,6.76229,21.63288,25474.68,0.8718
2025-11-13,W06,1.791366,7.514868,10318.85,5.938
2025-11-13,W07,27.10553,47.845276,78735.53,47.1675
2025-11-13,W08,0.703138,2.989352,3981.53,0.0723
2025-11-14,W01,20.203036,49.006178,69604.01,68.3852
2025-11-14,W02,19.853116,52.088435,64013.32,53.8207
2025-11-14,W03,21.302444,48.183442,64024.15,224.3331
2025-11-14,W04,2.851745,11.996824,16144.75,0.6545
2025-11-14,W05,7.246154,23.581914,28123.67,0.9683
2025-11-14,W06,1.660883,6.923019,9388.18,5.6133
2025-11-14,W07,28.685877,50.171133,81356.67,49.9794
2025-11-14,W08,0.724058,3.080584,4030.99,0.0674
2025-11-15,W01,21.167128,49.659618,72220.78,76.4587
2025-11-15,W02,19.118083,49.651684,62827.6,54.043
2025-11-15,W03,18.920914,43.5595,57567.9,181.8252
2025-11-15,W04,1.810834,7.626755,10266.2,0.6735
2025-11-15,W05,4.717199,15.018237,17760.14,1.0099
2025-11-15,W06,1.18441,4.9656,6654.07,6.2616
2025-11-15,W07,28.883023,50.34341,82368.04,52.9064
2025-11-15,W08,0.502125,2.151947,2811.25,0.0768
2025-11-16,W01,18.937954,44.419047,65242.15,70.3221
2025-11-16,W02,18.637075,50.682962,63470.11,55.8346
2025-11-16,W03,18.208009,41.040774,54647.69,206.4728
2025-11-16,W04,0.939365,3.942624,5307.04,1.0008
2025-11-16,W05,2.775831,8.907306,10666.28,1.8594
2025-11-16,W06,0.553324,2.284273,3194.41,10.6425
2025-11-16,W07,27.603561,48.272925,77741.85,49.0953
2025-11-16,W08,0.219651,0.939435,1256.25,0.103
2025-11-17,W01,20.318557,48.428039,68931.74,66.9305
2025-11-17,W02,18.963219,51.076592,64031.88,50.6102
2025-11-17,W03,19.919629,46.344904,60290.24,186.5518
2025-11-17,W04,2.664864,11.238434,15055.73,0.5955
2025-11-17,W05,7.337316,23.933709,28672.82,0.8769
2025-11-17,W06,1.809778,7.521804,10013.32,5.9498
2025-11-17,W07,26.96564,47.581075,77304.26,45.0342
2025-11-17,W08,0.745224,3.184661,4215.37,0.0691
2025-11-18,W01,19.300254,47.811514,68152.26,71.0938
2025-11-18,W02,19.594141,52.986815,65084.15,54.306
2025-11-18,W03,20.469224,46.690435,60879.03,210.1693
2025-11-18,W04,2.657989,11.241013,15222.44,0.6072
2025-11-18,W05,7.09977,22.939231,27800.07,0.9754
2025-11-18,W06,1.813032,7.618757,10420.03,6.2529
2025-11-18,W07,25.775802,45.350919,74433.13,43.1132
2025-11-18,W08,0.724573,3.106806,4142.19,0.0624
2025-11-19,W01,20.336082,50.204778,71637.69,70.6428
2025-11-19,W02,19.240308,50.790062,62194.02,56.4196
2025-11-19,W03,20.165323,46.011754,61071.13,197.7535
2025-11-19,W04,2.572571,10.7818,15113.02,0.568
2025-11-19,W05,7.211314,23.464985,28118.75,1.0121
2025-11-19,W06,1.685868,7.009362,9559.24,6.2771
2025-11-19,W07,29.627928,51.955085,84277.74,55.9311
2025-11-19,W08,0.719385,3.062825,4083.5,0.0637
2025-11-20,W01,21.026216,49.977691,72013.82,71.1191
2025-11-20,W02,19.997138,53.297813,65304.68,58.3366
2025-11-20,W03,20.889033,48.678716,64088.07,194.2353
2025-11-20,W04,2.682879,11.282335,15493.8,0.6304
2025-11-20,W05,7.130045,22.938645,27356.24,0.9386
2025-11-20,W06,1.631974,6.723572,9394.33,5.761
2025-11-20,W07,28.547578,49.867434,81209.63,46.2078
2025-11-20,W08,0.832755,3.571379,4609.73,0.0746
2025-11-21,W01,20.001599,47.782273,67441.46,68.4801
2025-11-21,W02,19.417562,51.78001,64851.05,52.5784
2025-11-21,W03,20.706029,47.751613,64010.65,185.6144
2025-11-21,W04,2.521918,10.58234,14588.67,0.5667
2025-11-21,W05,7.234333,23.662115,27734.42,0.8475
2025-11-21,W06,1.656675,6.863681,9712.47,5.2132
2025-11-21,W07,24.776512,43.854993,72417.19,40.3252
2025-11-21,W08,0.827887,3.587026,4718.04,0.0796
2025-11-22,W01,19.270078,47.154488,68346.03,67.7067
2025-11-22,W02,17.9951,49.014627,60587.07,46.9552
2025-11-22,W03,19.876981,46.25977,60257.09,210.2383
2025-11-22,W04,1.897213,8.069344,10713.89,0.6075
2025-11-22,W05,5.239342,16.858724,20009.05,1.0963
2025-11-22,W06,1.15728,4.803765,6534.56,5.814
2025-11-22,W07,26.902269,46.974183,77112.34,45.5783
2025-11-22,W08,0.519154,2.230823,2925.89,0.0832
2025-11-23,W01,19.778517,47.122753,67411.57,74.2337
2025-11-23,W02,19.736492,52.784085,66058.23,63.6228
2025-11-23,W03,19.387686,44.459458,57681.14,196.9813
2025-11-23,W04,0.990412,4.195448,5711.94,1.1644
2025-11-23,W05,2.767325,9.065229,10918.67,1.763
2025-11-23,W06,0.571035,2.38992,3254.67,9.6306
2025-11-23,W07,28.002448,48.755034,81767.79,54.5572
2025-11-23,W08,0.194184,0.822689,1089.63,0.0954
2025-11-24,W01,19.531158,47.845032,67773.68,66.4063
2025-11-24,W02,19.656607,52.062261,64451.68,62.0603
2025-11-24,W03,20.803439,46.843617,62606.26,187.5248
2025-11-24,W04,2.548501,10.716636,14727.07,0.5658
2025-11-24,W05,6.88579,21.910909,25991.56,0.9119
2025-11-24,W06,1.538945,6.344604,8870.6,5.8814
2025-11-24,W07,27.106535,47.614194,78569.48,50.6772
2025-11-24,W08,0.773158,3.324685,4248.97,0.0695
2025-11-25,W01,20.876287,49.96678,72685.23,78.0807
2025-11-25,W02,18.863035,50.102986,62994.86,53.1332
2025-11-25,W03,20.457318,46.381543,61172.07,198.8445
2025-11-25,W04,2.679732,11.362065,15555.76,0.6189
2025-11-25,W05,7.259402,23.548795,27618.05,0.9804
2025-11-25,W06,1.653088,6.89335,9591.67,5.3102
2025-11-25,W07,26.563912,46.537452,75944.72,46.9106
2025-11-25,W08,0.734287,3.133469,4173.49,0.0656
2025-11-26,W01,21.702283,52.815104,74762.61,72.8299
2025-11-26,W02,19.410485,51.166405,63683.22,58.9161
2025-11-26,W03,21.507434,49.19999,65173.12,207.2127
2025-11-26,W04,2.668788,11.199707,15125.77,0.5926
2025-11-26,W05,7.397204,23.688675,28297.59,1.0917
2025-11-26,W06,1.683615,7.007582,9656.6,5.3728
2025-11-26,W07,27.080447,47.523438,77445.57,46.794
2025-11-26,W08,0.630898,2.686324,3579.47,0.0664
2025-11-27,W01,21.229691,50.935806,71972.59,81.2897
2025-11-27,W02,20.656174,54.671242,69167.36,69.2565
2025-11-27,W03,20.726514,46.676734,61106.08,216.4265
2025-11-27,W04,2.663183,11.257782,14945.19,0.6177
2025-11-27,W05,7.477515,24.24278,28067.24,1.1069
2025-11-27,W06,1.737219,7.359399,9927.7,6.0529
2025-11-27,W07,27.488361,48.243963,78043.81,45.9783
2025-11-27,W08,0.709358,3.048864,4066.98,0.0634
2025-11-28,W01,19.95609,47.608767,68512.44,80.3479
2025-11-28,W02,19.212296,51.522087,61914.98,59.8878
2025-11-28,W03,20.57764,47.601594,61591.6,205.253
2025-11-28,W04,2.801181,11.89407,15666.56,0.5669
2025-11-28,W05,7.578757,24.829525,29434.8,1.1826
2025-11-28,W06,1.708674,7.051234,9572.43,5.6516
2025-11-28,W07,26.3743,46.286812,74864.37,42.6851
2025-11-28,W08,0.748491,3.20309,4230.51,0.0674
2025-11-29,W01,22.007743,52.141386,75091.09,84.0686
2025-11-29,W02,19.704915,52.49946,65206.24,59.789
2025-11-29,W03,20.521942,45.897162,61781.0,192.9443
2025-11-29,W04,1.87761,7.974493,10617.15,0.6131
2025-11-29,W05,4.969524,16.273036,19153.19,1.1445
2025-11-29,W06,1.159839,4.886486,6585.13,5.9514
2025-11-29,W07,26.832759,46.68113,77361.48,47.0764
2025-11-29,W08,0.514729,2.198488,2871.19,0.0815
2025-11-30,W01,19.696595,47.789421,69319.47,69.2859
2025-11-30,W02,19.102568,52.01007,63694.73,59.4222
2025-11-30,W03,18.955774,44.132452,57813.1,183.9598
2025-11-30,W04,0.882865,3.734934,5012.42,0.9718
2025-11-30,W05,2.712553,8.827805,10478.03,1.6844
2025-11-30,W06,0.57513,2.404697,3274.51,9.8081
2025-11-30,W07,25.201615,44.334846,72210.57,45.1483
2025-11-30,W08,0.222938,0.950979,1243.37,0.1046
2025-12-01,W01,22.291217,55.813874,79352.2,79.5652
2025-12-01,W02,21.792112,57.106965,71015.38,62.3455
2025-12-01,W03,22.733965,51.066102,67711.53,224.1898
2025-12-01,W04,2.901887,12.370355,16414.91,0.665
2025-12-01,W05,7.770701,24.891768,29459.65,1.1097
2025-12-01,W06,1.907481,8.045331,10539.06,6.8738
2025-12-01,W07,32.124991,56.127613,92864.38,57.6273
2025-12-01,W08,0.861865,3.708461,4791.68,0.0777
2025-12-02,W01,24.688602,57.135506,85050.4,90.4928
2025-12-02,W02,21.101181,54.985545,68992.58,57.8224
2025-12-02,W03,22.943813,52.994575,69487.91,233.9606
2025-12-02,W04,3.261543,13.981492,18230.72,0.7765
2025-12-02,W05,7.555947,24.264466,28730.49,0.9432
2025-12-02,W06,1.909467,8.07443,10650.75,6.4075
2025-12-02,W07,33.154941,57.617341,92970.3,58.666
2025-12-02,W08,0.866872,3.752958,4963.54,0.0786
2025-12-03,W01,25.875233,59.949559,86710.63,89.4857
2025-12-03,W02,22.771459,59.410714,73695.38,71.463
2025-12-03,W03,22.43881,50.758789,68899.13,220.0013
2025-12-03,W04,2.848097,12.119522,16144.63,0.5952
2025-12-03,W05,8.109903,26.617927,32095.89,1.054
2025-12-03,W06,2.046958,8.737018,11532.96,7.1
2025-12-03,W07,33.133304,57.476499,92402.12,57.6671
2025-12-03,W08,0.80935,3.479461,4677.44,0.0731
2025-12-04,W01,22.890023,53.568501,76915.53,80.0625
2025-12-04,W02,21.814906,58.316472,73166.12,60.3532
2025-12-04,W03,24.257072,54.430443,72537.42,246.6829
2025-12-04,W04,3.001372,12.813768,17348.17,0.6435
2025-12-04,W05,8.354112,27.39005,32733.29,1.0991
2025-12-04,W06,2.042998,8.694335,11932.78,7.0945
2025-12-04,W07,29.80059,51.866976,86190.43,56.7751
2025-12-04,W08,0.765666,3.283548,4277.47,0.0736
2025-12-05,W01,23.918214,55.342511,78757.39,80.4079
2025-12-05,W02,22.093131,58.42268,72734.96,68.4878
2025-12-05,W03,23.678363,53.835999,70987.46,239.6426
2025-12-05,W04,2.824888,11.947563,16418.91,0.644
2025-12-05,W05,8.025249,26.215237,31585.61,1.0343
2025-12-05,W06,2.098083,8.911057,11737.78,7.891
2025-12-05,W07,33.518555,58.140585,94662.38,62.2769
2025-12-05,W08,0.862612,3.738301,4782.14,0.0793
2025-12-06,W01,22.976129,56.156454,79884.63,84.4273
2025-12-06,W02,22.675666,58.297156,72781.52,63.5146
2025-12-06,W03,24.605092,55.197418,74430.54,228.974
2025-12-06,W04,1.920828,8.144934,10904.27,0.7165
2025-12-06,W05,5.651753,18.069346,21378.33,1.2207
2025-12-06,W06,1.20327,5.006007,6759.76,6.7591
2025-12-06,W07,32.074804,55.481001,90600.57,52.5598
2025-12-06,W08,0.556419,2.411161,3173.44,0.0857
2025-12-07,W01,23.749177,54.930401,79214.15,87.1664
2025-12-07,W02,21.18491,54.997825,69043.06,62.2278
2025-12-07,W03,22.146949,49.755221,65404.97,225.7244
2025-12-07,W04,0.986537,4.187706,5536.11,1.1261
2025-12-07,W05,3.050453,9.856757,11613.56,1.9575
2025-12-07,W06,0.641827,2.713599,3652.18,12.4363
2025-12-07,W07,30.572364,53.062699,85348.68,55.3635
2025-12-07,W08,0.233126,1.003633,1312.35,0.1082
2025-12-08,W01,23.997223,55.687928,80614.04,92.6974
2025-12-08,W02,21.347673,55.171468,68953.28,69.7046
2025-12-08,W03,22.647661,50.693065,66918.66,212.3729
2025-12-08,W04,2.822743,12.001088,16271.37,0.5969
2025-12-08,W05,7.786025,25.06418,29405.29,1.0651
2025-12-08,W06,1.942461,8.180639,10878.94,7.234
2025-12-08,W07,34.673046,60.276647,97144.41,63.4623
2025-12-08,W08,0.846885,3.669566,4758.17,0.0761
2025-12-09,W01,25.128738,57.755506,85222.32,84.5991
2025-12-09,W02,22.80287,60.997748,75866.76,68.8958
2025-12-09,W03,24.14407,54.54628,71929.73,221.3367
2025-12-09,W04,3.023596,12.885604,17096.81,0.6648
2025-12-09,W05,7.637272,24.39174,28978.32,1.0958
2025-12-09,W06,1.978511,8.372599,11311.1,6.2913
2025-12-09,W07,33.086643,57.615842,91238.66,55.9018
2025-12-09,W08,0.882638,3.845794,4929.31,0.0872
2025-12-10,W01,23.79358,55.472236,78165.47,94.5142
2025-12-10,W02,22.584722,60.115206,75287.81,66.9568
2025-12-10,W03,23.085185,52.378167,68670.06,204.0878
2025-12-10,W04,3.177098,13.530768,18102.89,0.6965
2025-12-10,W05,7.901929,25.546231,30698.86,1.0249
2025-12-10,W06,1.903929,8.013105,10838.39,7.4883
2025-12-10,W07,30.219365,52.764308,83553.42,58.5617
2025-12-10,W08,0.868322,3.761739,4889.74,0.0912
2025-12-11,W01,23.853064,55.694597,78929.02,80.8225
2025-12-11,W02,22.194476,57.667538,71413.44,70.6448
2025-12-11,W03,24.363674,54.642144,73020.67,237.4095
2025-12-11,W04,2.838657,12.101983,16408.7,0.6265
2025-12-11,W05,8.387507,27.250003,32223.94,1.142
2025-12-11,W06,1.92193,8.024676,11029.39,6.0974
2025-12-11,W07,30.834897,53.696517,85489.33,48.9019
2025-12-11,W08,0.846097,3.68261,4785.85,0.0755
2025-12-12,W01,22.540304,54.322915,76848.43,75.0988
2025-12-12,W02,21.041802,54.787468,68190.5,59.9669
2025-12-12,W03,23.772504,53.170725,71137.42,223.7686
2025-12-12,W04,2.740025,11.586768,15475.88,0.6175
2025-12-12,W05,7.923403,25.394253,29969.97,1.091
2025-12-12,W06,1.826371,7.721177,10188.11,6.6908
2025-12-12,W07,31.106815,54.016616,87408.18,58.4348
2025-12-12,W08,0.833476,3.607155,4611.96,0.078
2025-12-13,W01,21.145997,51.629343,72136.77,79.0321
2025-12-13,W02,21.539124,56.168116,70009.9,68.3021
2025-12-13,W03,21.827659,49.690233,66067.99,209.9338
2025-12-13,W04,1.804237,7.624753,10181.22,0.6857
2025-12-13,W05,6.508454,22.174671,26213.28,1.4336
2025-12-13,W06,1.83035,7.994566,10763.93,9.8636
2025-12-13,W07,29.85112,52.235906,84308.66,51.6055
2025-12-13,W08,0.542159,2.339692,3087.14,0.0906
2025-12-14,W01,23.561912,55.575166,79909.95,90.6273
2025-12-14,W02,21.001158,55.323193,68840.13,69.8154
2025-12-14,W03,21.579574,48.943144,65648.3,213.5872
2025-12-14,W04,0.968629,4.10891,5471.32,1.046
2025-12-14,W05,2.92251,9.367414,11213.16,1.8267
2025-12-14,W06,0.647072,2.72697,3650.76,11.0161
2025-12-14,W07,27.334044,48.066701,80341.2,48.7122
2025-12-14,W08,0.243624,1.053261,1368.01,0.103
2025-12-15,W01,23.096963,55.452082,79427.83,77.3086
2025-12-15,W02,21.453488,56.963086,70344.36,63.7296
2025-12-15,W03,22.371866,51.337978,68657.25,197.5371
2025-12-15,W04,2.921916,12.509301,16264.96,0.6255
2025-12-15,W05,7.997529,25.725782,30370.06,1.1692
2025-12-15,W06,1.954889,8.294577,10947.61,7.3086
2025-12-15,W07,34.387098,59.771661,97212.89,62.561
2025-12-15,W08,0.797738,3.431849,4527.15,0.0712
2025-12-16,W01,23.852417,56.597178,80270.25,81.1144
2025-12-16,W02,22.091442,58.005858,72746.38,56.6707
2025-12-16,W03,24.83438,55.955227,73435.66,221.3916
2025-12-16,W04,3.079257,13.21201,17498.26,0.708
2025-12-16,W05,7.773026,24.617916,29203.04,1.1019
2025-12-16,W06,1.876224,7.871202,10667.44,6.2596
2025-12-16,W07,30.292331,52.96757,86022.37,54.4488
2025-12-16,W08,0.792975,3.393736,4505.47,0.0774
2025-12-17,W01,23.766048,56.004158,79549.19,84.1345
2025-12-17,W02,21.625202,57.014817,71766.19,63.5361
2025-12-17,W03,22.934342,52.273088,69024.41,248.1508
2025-12-17,W04,2.713833,11.474397,15457.47,0.5821
2025-12-17,W05,8.27197,26.740232,31818.08,1.1154
2025-12-17,W06,1.847987,7.743687,10585.44,6.7928
2025-12-17,W07,33.161292,57.888629,92806.45,60.4502
2025-12-17,W08,0.81315,3.497899,4520.33,0.0744
2025-12-18,W01,24.297009,57.437005,80693.22,89.8767
2025-12-18,W02,21.823364,57.149875,70929.51,66.7069
2025-12-18,W03,23.738138,53.614788,71798.07,222.4088
2025-12-18,W04,2.642168,11.176807,15268.61,0.5955
2025-12-18,W05,8.078168,26.316721,31237.56,1.1146
2025-12-18,W06,1.876838,7.922748,10344.0,6.1931
2025-12-18,W07,31.888498,55.538776,90825.3,50.7174
2025-12-18,W08,0.858218,3.71055,4744.44,0.0862
2025-12-19,W01,24.731486,58.117579,83182.28,94.5357
2025-12-19,W02,22.119172,58.624161,73037.95,56.5599
2025-12-19,W03,24.082083,54.689598,72544.47,224.3115
2025-12-19,W04,2.87469,12.163032,16388.19,0.5822
2025-12-19,W05,8.022593,26.181737,30304.99,1.1581
2025-12-19,W06,1.907014,7.994566,10719.44,6.9184
2025-12-19,W07,33.442915,58.021968,93455.06,62.5379
2025-12-19,W08,0.828097,3.577328,4587.21,0.0772
2025-12-20,W01,24.024331,56.516055,82012.01,93.9438
2025-12-20,W02,21.664024,56.926113,70643.32,60.345
2025-12-20,W03,23.535726,51.98974,68699.39,225.9314
2025-12-20,W04,1.822256,7.699961,10204.28,0.6065
2025-12-20,W05,5.647754,18.122417,21449.36,1.2711
2025-12-20,W06,1.325982,5.613251,7554.23,7.9946
2025-12-20,W07,33.556474,58.135683,96456.81,56.6605
2025-12-20,W08,0.549734,2.363669,3062.08,0.0832
2025-12-21,W01,22.822451,53.79992,76682.91,80.5795
2025-12-21,W02,21.764895,56.111574,69529.89,66.6915
2025-12-21,W03,22.424427,50.034755,67954.38,237.7459
2025-12-21,W04,0.997031,4.238368,5677.27,1.1263
2025-12-21,W05,3.055077,10.106248,11870.32,2.0753
2025-12-21,W06,0.618119,2.632009,3540.52,11.1675
2025-12-21,W07,30.105338,52.66224,85886.01,52.7677
2025-12-21,W08,0.229213,0.98261,1286.54,0.1096
2025-12-22,W01,24.134497,57.311665,81619.74,78.7461
2025-12-22,W02,22.352808,57.462009,72507.24,61.0251
2025-12-22,W03,24.490756,54.654161,73166.02,224.0343
2025-12-22,W04,2.842941,12.081689,16384.57,0.5897
2025-12-22,W05,8.110251,26.317484,31802.2,1.1616
2025-12-22,W06,1.998317,8.520471,11101.98,6.8062
2025-12-22,W07,29.215085,50.711531,83260.81,53.2178
2025-12-22,W08,0.85633,3.693945,4875.81,0.08
2025-12-23,W01,23.820782,55.256416,80622.06,78.2806
2025-12-23,W02,22.745878,58.961122,74313.98,70.4757
2025-12-23,W03,24.070453,53.882204,73684.29,208.7655
2025-12-23,W04,2.958408,12.564915,16801.46,0.665
2025-12-23,W05,8.318942,26.848044,31766.28,1.2073
2025-12-23,W06,1.961826,8.303724,11094.06,7.0904
2025-12-23,W07,31.31749,54.407867,89486.54,54.3905
2025-12-23,W08,0.916604,3.989797,5333.14,0.0901
2025-12-24,W01,24.310381,58.110951,83111.68,73.4493
2025-12-24,W02,21.782535,56.987859,72129.02,60.2483
2025-12-24,W03,22.258051,50.93987,67009.2,207.017
2025-12-24,W04,2.960063,12.57241,16545.57,0.6368
2025-12-24,W05,7.917303,25.597999,30136.07,1.1172
2025-12-24,W06,1.789224,7.455495,9859.43,6.8519
2025-12-24,W07,34.391772,59.342655,96903.96,62.2684
2025-12-24,W08,0.82488,3.546648,4683.72,0.0777
2025-12-25,W01,26.00934,61.033354,88654.06,89.7381
2025-12-25,W02,22.221784,58.572256,72385.66,68.3844
2025-12-25,W03,23.456286,54.004008,72180.73,217.1476
2025-12-25,W04,3.113008,13.271899,17680.44,0.7509
2025-12-25,W05,7.590373,24.269567,28621.66,1.0176
2025-12-25,W06,1.885127,7.994566,10269.53,7.3858
2025-12-25,W07,31.312717,54.766008,88297.3,53.0486
2025-12-25,W08,0.785011,3.393024,4316.9,0.075
2025-12-26,W01,24.282446,56.304845,82878.44,79.861
2025-12-26,W02,21.855661,58.363226,72779.01,63.2555
2025-12-26,W03,23.900044,54.055682,71282.66,222.6512
2025-12-26,W04,2.82093,11.979554,16277.06,0.6183
2025-12-26,W05,8.335307,27.133243,31885.2,1.0961
2025-12-26,W06,1.941602,8.199659,10921.62,6.5751
2025-12-26,W07,30.716663,53.657516,86766.52,52.7367
2025-12-26,W08,0.918566,3.982962,5203.81,0.083
2025-12-27,W01,22.544842,54.608224,77254.25,77.5958
2025-12-27,W02,20.169598,54.406306,67193.84,56.9995
2025-12-27,W03,24.084652,54.23989,73440.34,249.732
2025-12-27,W04,2.053876,8.75686,11580.5,0.7474
2025-12-27,W05,5.686883,18.40032,21601.88,1.1431
2025-12-27,W06,1.339464,5.699043,7448.86,7.5266
2025-12-27,W07,31.258384,54.672847,88181.13,54.8833
2025-12-27,W08,0.565305,2.436216,3233.92,0.0746
2025-12-28,W01,21.685973,52.025507,75701.39,81.0012
2025-12-28,W02,20.182526,53.626598,65047.79,63.1887
2025-12-28,W03,22.491306,52.087461,69849.37,231.7067
2025-12-28,W04,1.042989,4.433617,5867.36,1.0979
2025-12-28,W05,3.110302,10.146811,12147.18,1.9677
2025-12-28,W06,0.595898,2.520413,3390.95,10.5611
2025-12-28,W07,28.176875,49.302237,80630.15,51.4489
2025-12-28,W08,0.221835,0.952336,1235.96,0.1082
2025-12-29,W01,24.250568,57.648376,80530.28,87.0269
2025-12-29,W02,22.166077,58.441074,71484.46,63.6199
2025-12-29,W03,23.628002,53.438477,71849.03,263.4554
2025-12-29,W04,2.793798,11.79265,16242.84,0.6557
2025-12-29,W05,8.275559,26.798456,31553.92,1.1662
2025-12-29,W06,1.757833,7.330383,9895.89,6.3083
2025-12-29,W07,30.776636,53.799781,86896.4,49.3771
2025-12-29,W08,0.843922,3.657923,4754.66,0.0793
2025-12-30,W01,24.849279,58.545913,84283.33,88.2269
2025-12-30,W02,23.557361,62.334297,78304.67,74.576
2025-12-30,W03,23.726119,54.056799,72979.93,217.0337
2025-12-30,W04,2.873639,12.161114,16301.41,0.6055
2025-12-30,W05,7.791995,25.005837,29355.14,1.0094
2025-12-30,W06,1.86402,7.864935,10769.96,6.6882
2025-12-30,W07,30.97018,53.90676,87786.01,52.8308
2025-12-30,W08,0.781577,3.371753,4410.29,0.0644
2025-12-31,W01,24.438296,57.24886,81849.63,82.8959
2025-12-31,W02,21.089866,57.019141,70432.76,55.516
2025-12-31,W03,22.66411,52.175489,69685.79,195.9326
2025-12-31,W04,2.97632,12.687248,17040.67,0.5973
2025-12-31,W05,8.689365,27.826699,32037.26,1.1208
2025-12-31,W06,1.999023,8.416409,11207.88,7.2484
2025-12-31,W07,32.111593,55.857991,90736.6,59.9989
2025-12-31,W08,0.791219,3.40585,4475.44,0.0675
