record_date,workshop_code,tce,co2_t,cost_yuan,unit_energy_kgce
2024-01-01,W01,21.472402252900004,49.982016307600006,72798.46,94.99297587572222
2024-01-01,W02,20.0475099939,52.260673720999996,64599.13,71.02548021278405
2024-01-01,W03,20.352374156699998,46.006196219900005,61493.22,250.71910609909332
2024-01-01,W04,0.6102853611,2.5805776845999997,3449.9500000000003,2.6169928992585794
2024-01-01,W05,2.0566249310000004,6.4311092617,7679.85,5.177142237527408
2024-01-01,W06,0.38466376249999995,1.6272512475,2191.24,22.140195838609415
2024-01-01,W07,29.5289453961,51.332639794799995,82403.81999999999,66.53570568243782
2024-01-01,W08,0.1374263481,0.5929916667,775.0799999999999,0.23343085741366074
2024-01-02,W01,23.3008117634,55.162233162700005,80691.87,93.00310437298931
2024-01-02,W02,22.5969242925,56.912301324599994,72238.65,77.15578812902476
2024-01-02,W03,23.5799190462,53.4437193806,71772.66,252.5211403778192
2024-01-02,W04,2.9632791465999997,12.629827987499999,16960.45,0.6912229824103472
2024-01-02,W05,8.1353624918,26.2187341931,30962.57,1.212612650466824
2024-01-02,W06,1.8168177988,7.6540943916,10184.09,6.222234471279641
2024-01-02,W07,33.3444284031,57.7934253339,92987.37000000001,60.08070069784538
2024-01-02,W08,0.7367859501999999,3.1540087914,4181.070000000001,0.07253698617055199
2024-01-03,W01,23.041176193,53.0687865619,76446.02,91.31655659435165
2024-01-03,W02,23.4978144207,60.050732216899995,75291.18000000001,69.13684018400936
2024-01-03,W03,23.6710022848,54.186406708199996,71177.31,222.0106947486893
2024-01-03,W04,2.6480046233,11.2466206669,14916.64,0.6810201765505719
2024-01-03,W05,7.8612991301,25.1106886685,29109.08,1.2143571891041038
2024-01-03,W06,1.8514406942,7.841737919400001,10710.25,6.6315196004126244
2024-01-03,W07,29.413064376500003,51.3249824962,82676.14,51.952592901729574
2024-01-03,W08,0.7556452382,3.2595827274,4249.45,0.07721413430674268
2024-01-04,W01,24.047857046700003,55.0549239638,79134.38,83.97536403054812
2024-01-04,W02,21.437701997,55.0484435044,69885.11,61.722311947023684
2024-01-04,W03,24.1272395417,54.084151526899994,70877.82,237.28365714046873
2024-01-04,W04,2.6989170848,11.419431632600002,15634.8,0.6623718955241281
2024-01-04,W05,7.7694834965,25.0581135215,30074.54,1.0703634403051552
2024-01-04,W06,1.8368694347999999,7.7430840036,10340.640000000001,7.247262592076762
2024-01-04,W07,35.436902731,61.3638851825,98005.95,65.47620871996128
2024-01-04,W08,0.7522180456,3.2205205992000008,4166.5199999999995,0.07959506801765526
2024-01-05,W01,24.0972145704,54.9874380081,79968.58,87.66608302100954
2024-01-05,W02,21.1831829575,54.3250219022,68065.65,70.08659574415289
2024-01-05,W03,22.9569263813,52.7650197139,69243.2,248.01674965212507
2024-01-05,W04,2.7111338374,11.5369378961,15607.72,0.6418648621313454
2024-01-05,W05,7.738986933800001,24.916733685700006,29670.34,1.2309806384344968
2024-01-05,W06,1.8509708672,7.9043397504,10399.51,6.474121877699779
2024-01-05,W07,29.7888651305,52.092024496,85141.47,55.434964494404184
2024-01-05,W08,0.8023608690999999,3.4603973337,4467.5,0.07983552811478965
2024-01-06,W01,23.2864221378,54.456013135,77969.84,94.49814601699524
2024-01-06,W02,21.482359363900002,55.67579835560001,69724.89,64.41120105271365
2024-01-06,W03,22.141349824700004,51.436424247299996,68552.61,224.35024292691332
2024-01-06,W04,1.9058032664999998,8.0731880941,10859.789999999999,0.7705165203100173
2024-01-06,W05,5.3538536458,16.858586146399997,20270.36,1.2860010006293265
2024-01-06,W06,1.2174138061999997,5.1116433834,6974.58,8.202657419298326
2024-01-06,W07,31.5147272817,54.5099482292,88897.34,62.85020577652536
2024-01-06,W08,0.5360148985,2.3058169995,2998.66,0.08877423063367801
2024-01-07,W01,22.922630165200005,53.8827100404,77512.90000000001,87.6807065871562
2024-01-07,W02,19.438990096599998,51.1601585138,63448.91,63.32166109619919
2024-01-07,W03,23.2949879419,52.192488595499995,69687.16,273.9201103194854
2024-01-07,W04,0.8783361814,3.7196711146,5006.12,1.005774901894324
2024-01-07,W05,2.9536736338000003,9.537732706499998,11269.869999999999,2.1630204446325685
2024-01-07,W06,0.6054516245,2.5693754415000005,3478.11,11.77715233713941
2024-01-07,W07,33.4870202978,57.858246355199995,94245.65999999999,67.75196870021588
2024-01-07,W08,0.24539147309999998,1.0562178417,1350.0700000000002,0.1279625470229162
2024-01-08,W01,22.873944333300003,53.8181163065,77068.69,87.73072551691604
2024-01-08,W02,21.685677605,56.8693596061,71384.83,65.143086832706
2024-01-08,W03,23.8283659603,52.9849806229,70766.85,259.97322583436073
2024-01-08,W04,2.810232856,11.917926680699999,16027.45,0.681953500449057
2024-01-08,W05,7.4910192696,23.728350877999997,28477.3,1.1310102819757948
2024-01-08,W06,1.8064321857,7.5750285699,10090.9,7.5919970484031625
2024-01-08,W07,31.3706021602,54.33893039629999,87579.20999999999,59.42358553971757
2024-01-08,W08,0.8390424304,3.6178554527999998,4747.5,0.08277811303465397
2024-01-09,W01,23.217662609100003,53.9558001635,77743.66,93.47750640800075
2024-01-09,W02,21.721907797800004,56.958105573,70513.54000000001,71.66321181943249
2024-01-09,W03,22.945901046,51.9595133276,70509.14,253.65517787775946
2024-01-09,W04,3.0142762841999997,12.892470159,16939.42,0.6742896357044573
2024-01-09,W05,7.600246256,24.42197764,28782.45,1.0116498697409888
2024-01-09,W06,1.8064802859000002,7.615370451300001,10457.27,7.052706667837902
2024-01-09,W07,31.4011074841,54.55093657939999,87027.69,66.81442094600776
2024-01-09,W08,0.8006620994,3.4542991158,4625.4,0.0820231426851245
2024-01-10,W01,24.4125329842,57.4227717835,83374.26,95.5219039175177
2024-01-10,W02,22.074017772600005,57.0718804674,71719.4,76.62886640677073
2024-01-10,W03,22.3751316419,49.6121256535,66256.63,228.47853735691456
2024-01-10,W04,2.8457537423000003,12.100817287100002,16348.08,0.6649193481404013
2024-01-10,W05,8.4683229177,27.419359225100003,31661.6,1.1937924199468508
2024-01-10,W06,1.8817035273999998,7.9474190718,10756.480000000001,7.350117289949611
2024-01-10,W07,33.995487388300006,58.762804328099996,95499.62,59.822668037432855
2024-01-10,W08,0.8085910888,3.5046486216000003,4442.9800000000005,0.0825929749436955
2024-01-11,W01,23.590478531000002,55.16546790840001,79061.2,97.16532817243097
2024-01-11,W02,22.632491542100002,57.8838693858,71789.02,68.08525375615949
2024-01-11,W03,23.9916139798,53.712604845399994,70924.41,232.53095661587966
2024-01-11,W04,2.7237857759999997,11.573188263200002,15619.22,0.6009081786858489
2024-01-11,W05,7.8072853563,24.6305820834,29011.19,1.2994058861917166
2024-01-11,W06,1.7643686430999999,7.4057669517,9933.49,7.38448929640186
2024-01-11,W07,31.9665308718,55.5826108959,90285.54000000001,63.0809640807966
2024-01-11,W08,0.7337579903999999,3.1565968128,4156.47,0.07887857340502542
2024-01-12,W01,25.6423234283,59.3119476476,84681.01999999999,99.4516823741356
2024-01-12,W02,22.0513156274,57.1713356374,70951.68000000001,70.03352397639645
2024-01-12,W03,22.7751336993,51.4801392659,68732.53000000001,248.38464985658666
2024-01-12,W04,2.8106983803000003,11.987115153600001,15679.49,0.6497787094532489
2024-01-12,W05,7.7572890307,24.956576471,29386.36,1.2726733611516208
2024-01-12,W06,1.6579310102,6.9110311314,9343.57,6.446352721928231
2024-01-12,W07,33.730282341800006,58.2636501135,95172.31999999999,66.28871281839639
2024-01-12,W08,0.7285786682000001,3.1155819774,4175.25,0.07412927280371101
2024-01-13,W01,21.603782802,50.7941617265,74290.93,80.35148662158846
2024-01-13,W02,22.827370548799998,58.0825980821,72794.6,69.97002421125227
2024-01-13,W03,21.943133082600003,50.148001410199996,65062.56,218.96275053984473
2024-01-13,W04,1.8425107625,7.7590929886,10418.12,0.6898895406242405
2024-01-13,W05,5.3937537867,17.5123492732,20887.48,1.2864118481936104
2024-01-13,W06,1.2117537338999997,5.0861583873,6774.3,7.3683893507567495
2024-01-13,W07,34.523633797500004,59.499852342299995,97219.18999999999,65.69160883261249
2024-01-13,W08,0.5023892652999999,2.1460714071,2885.49,0.08336381254555945
2024-01-14,W01,20.632535824,49.0922686789,70461.98,79.09580350769585
2024-01-14,W02,19.3089375431,51.9311403426,64520.14,65.33642001380566
2024-01-14,W03,22.4644633537,50.292048628100005,67973.48000000001,221.14392520106713
2024-01-14,W04,0.9911504651999999,4.2061973393,5667.61,1.193876697884232
2024-01-14,W05,2.8061969473,9.0224808514,10846.65,2.15071824602306
2024-01-14,W06,0.5920696465999999,2.4829459062,3343.04,10.599739452530569
2024-01-14,W07,31.1485280774,54.1854632885,88893.9,61.33616381251317
2024-01-14,W08,0.2576712012,1.1168914884,1450.59,0.13604352675636933
2024-01-15,W01,22.9506209826,55.1086661374,79014.93000000001,90.86296091454362
2024-01-15,W02,21.0426649508,53.9565528574,67844.25,67.1521548861047
2024-01-15,W03,22.032030054400003,49.9502701368,66151.78,226.48522846275623
2024-01-15,W04,2.8816810854,12.269912408900002,16434.13,0.7039494383781868
2024-01-15,W05,7.6210873394,24.4905493119,29130.46,1.013636026693395
2024-01-15,W06,1.8718257738,7.9310035566,10660.71,6.6699179858678646
2024-01-15,W07,31.407778881600002,54.42900049039999,89153.87000000001,60.81510567705883
2024-01-15,W08,0.7939618423,3.4288643061,4429.34,0.07886578031109574
2024-01-16,W01,23.9471105477,56.84234075,81932.26,96.38991526203509
2024-01-16,W02,21.769133568100003,56.2972337035,72008.61,60.884336323413024
2024-01-16,W03,23.3158778821,52.3913040951,69492.72,250.7191479429223
2024-01-16,W04,2.7310304302,11.5548619528,14942.54,0.6694374753835557
2024-01-16,W05,8.0850453021,26.0803101765,30932.21,1.1646950708680925
2024-01-16,W06,1.7998301605,7.609823713500001,10029.470000000001,6.884374287113147
2024-01-16,W07,32.0109946696,55.6811624236,90276.34000000001,63.327790104079085
2024-01-16,W08,0.7481788691,3.2003405337000004,4268.39,0.0736835580078917
2024-01-17,W01,23.6645371117,54.491477410499996,80460.43,80.45632056580615
2024-01-17,W02,22.0574884797,56.784459455900006,70636.62,67.94027129828127
2024-01-17,W03,22.7271207995,51.7883204515,69510.12,240.31299418967362
2024-01-17,W04,2.8624067680000005,12.154017007,16432.870000000003,0.6819306826151923
2024-01-17,W05,7.6839430053,24.5822526053,29427.030000000002,1.0623466927646796
2024-01-17,W06,1.9028827457000002,7.9961380899000005,10699.95,7.400843762567236
2024-01-17,W07,31.505201530500003,54.72828715899999,89891.57,61.53383710580901
2024-01-17,W08,0.7497130473,3.2116085211,4252.43,0.07641592486479143
2024-01-18,W01,24.8866294748,56.780118979,82905.02,94.81632126398245
2024-01-18,W02,21.5783074376,55.77013720750001,68716.6,61.91535878891175
2024-01-18,W03,22.7824447465,51.6831182659,68171.49,234.693939061325
2024-01-18,W04,2.8046562917,11.977572403500002,16199.189999999999,0.6401177987793591
2024-01-18,W05,8.0348063084,25.3761191348,29762.82,1.2211109578771155
2024-01-18,W06,1.7564675847000002,7.410388662900001,9944.04,7.14037336609876
2024-01-18,W07,31.107283235300006,53.7310694361,88737.14,53.60237938032238
2024-01-18,W08,0.7810298133,3.3713723631000003,4336.2699999999995,0.0776134962929294
2024-01-19,W01,22.3082354936,53.485482712199996,75944.63,85.7494560709728
2024-01-19,W02,21.047383558099998,53.4926359889,67230.86,63.76024246475332
2024-01-19,W03,24.4751452121,54.325540647299995,73744.79000000001,261.1183503189946
2024-01-19,W04,2.8638588820999997,12.287824522300001,16496.78,0.6661890716579341
2024-01-19,W05,7.879241287799999,25.3011035967,30075.78,1.1583663180206962
2024-01-19,W06,1.7814359921,7.4561871747,10141.04,7.116606245980162
2024-01-19,W07,31.5862065052,54.647022276899996,88799.43000000001,55.02324964497989
2024-01-19,W08,0.7544027702999999,3.2549912421,4362.93,0.07626147585429421
2024-01-20,W01,21.770420018600003,52.128937591299994,74893.48999999999,85.97704697486692
2024-01-20,W02,21.5441570287,55.8981215848,69527.56999999999,64.363944708775
2024-01-20,W03,23.976684662100002,53.4581733583,72376.75,250.19758389352089
2024-01-20,W04,1.9238007816999998,8.1187040248,11142.74,0.679694834066978
2024-01-20,W05,5.633499618600001,18.0432408395,21188.629999999997,1.2755260016451537
2024-01-20,W06,1.3002326739,5.2644341673,7471.11,7.342089602073488
2024-01-20,W07,29.7189630195,51.79090989349999,84484.25,57.95124480477822
2024-01-20,W08,0.523522823,2.256488901,2920.4700000000003,0.09475335843931462
2024-01-21,W01,23.722028669500002,54.44187187400001,79914.76000000001,92.92843974074714
2024-01-21,W02,21.4223855153,55.118980487,69277.56,73.17713081705364
2024-01-21,W03,21.8466597319,49.4814584997,64085.509999999995,243.91688511153785
2024-01-21,W04,0.9491891128,4.0010961514,5466.070000000001,1.0607041189361102
2024-01-21,W05,2.7632919679000003,8.777284931599999,10421.14,2.044216372494842
2024-01-21,W06,0.5521867483,2.3254136481,3124.5,10.294885028991182
2024-01-21,W07,28.1469214913,49.197875902199996,79294.9,57.47284083958321
2024-01-21,W08,0.22547757759999998,0.9723295632000001,1243.69,0.11087727030878579
2024-01-22,W01,23.3254537872,54.3752100761,78855.41,90.61736628983007
2024-01-22,W02,21.542027187900004,56.333914560800004,70268.42,64.45463224193645
2024-01-22,W03,21.508562296700003,48.798830857300004,64327.21,213.49932299713134
2024-01-22,W04,2.8103827138,11.9669674754,16535.14,0.6630381588545771
2024-01-22,W05,7.8064871557,25.333448772799997,29652.25,1.1385542773555746
2024-01-22,W06,1.799758976,7.530149952,9962.09,7.424043824224598
2024-01-22,W07,32.415295370500004,55.8991947452,90579.33,68.10894678557698
2024-01-22,W08,0.8126056636000001,3.5264409252000006,4596.009999999999,0.08074289138616673
2024-01-23,W01,23.1292792645,55.0597897515,78290.68000000001,88.25644873869095
2024-01-23,W02,21.5179402378,56.89560775500001,71228.04,73.09678858942306
2024-01-23,W03,23.8225309383,53.328068127899996,70531.11,233.25008506848917
2024-01-23,W04,2.8348493509,12.1022112787,16382.220000000001,0.6325889550793344
2024-01-23,W05,7.707090678400001,24.631783899600002,29780.69,1.1428122932356304
2024-01-23,W06,1.8601469288999997,7.756388532300001,10819.11,6.9054691038077305
2024-01-23,W07,31.510492262899998,54.7332480825,91683.65000000001,58.97174839406961
2024-01-23,W08,0.8006813923,3.4520755161000007,4528.21,0.07603267461190337
2024-01-24,W01,23.3987598897,53.7358999251,77503.8,90.27682459402212
2024-01-24,W02,20.8093840366,54.5607804934,67703.6,60.13334345680155
2024-01-24,W03,24.255683647899996,54.069202092699996,72615.39,272.6797707542185
2024-01-24,W04,2.6922615188999997,11.486683835300001,15280.490000000002,0.5877215926100969
2024-01-24,W05,7.6149047016,24.5207236641,28989.64,0.9952295952965502
2024-01-24,W06,2.0193992866,8.5958775462,11204.85,6.939874174270152
2024-01-24,W07,31.136035549900004,54.2350617204,87883.35,55.40495887677679
2024-01-24,W08,0.8369999910999999,3.5971438677000003,4751.04,0.09416880124577336
2024-01-25,W01,23.9430691858,55.6716055367,78970.66,91.42100269875027
2024-01-25,W02,21.3883649658,55.5979592034,70325.44,57.9391821412318
2024-01-25,W03,22.6215171133,50.877917527099996,66778.65,248.06743114232765
2024-01-25,W04,2.8062423204,11.932388038500001,16119.240000000002,0.7030605598043426
2024-01-25,W05,7.8763742262,25.3103754282,30212.059999999998,1.0724657801770194
2024-01-25,W06,1.639335179,6.886435233000001,9500.03,6.125722321245072
2024-01-25,W07,32.670117498500005,56.4171750179,94146.87,67.36259481864538
2024-01-25,W08,0.783985258,3.384627846,4564.79,0.08152169531712483
2024-01-26,W01,23.455540100399997,53.9937215423,77961.20999999999,92.56731784094809
2024-01-26,W02,21.6034406961,55.6633736391,69665.62,75.12881390531105
2024-01-26,W03,22.0853532771,49.2730926963,65255.13,218.30806078227866
2024-01-26,W04,2.8449060815000005,12.146269204800001,15840.49,0.6463894563696571
2024-01-26,W05,7.971427295600001,25.6693842242,30361.38,1.2466892869134982
2024-01-26,W06,1.8766364792999999,7.9373880651,10620.05,8.19409613575929
2024-01-26,W07,33.2728335099,57.602496407100006,93477.58,58.54316730782428
2024-01-26,W08,0.7860075493,3.4125708351000004,4374.45,0.07442397009245622
2024-01-27,W01,23.9244363082,56.148987094800006,78917.69,99.91453841193741
2024-01-27,W02,21.3798466208,55.573722851199996,70031.98,70.54401978678263
2024-01-27,W03,23.1723476299,51.48898769589999,68019.90000000001,249.8905168758762
2024-01-27,W04,1.7545608515,7.3740844789,10156.789999999999,0.6970487204067491
2024-01-27,W05,5.3380057065,16.8781080881,20110.769999999997,1.117943009366166
2024-01-27,W06,1.1302816356999998,4.7178825999,6332.62,7.053195522648844
2024-01-27,W07,32.410383362400005,56.3647330621,90469.54000000001,63.68663512646787
2024-01-27,W08,0.5418041151999999,2.3502564864,3036.77,0.09477547849183235
2024-01-28,W01,24.0718441903,56.4601308064,80793.31,104.74626623747339
2024-01-28,W02,20.5261475727,52.7191183486,66020.69,68.45494756594152
2024-01-28,W03,23.043064528000002,51.380511556600005,68030.14,259.6401636957747
2024-01-28,W04,0.9284240078,3.9448450844000003,5412.86,1.1975986829850962
2024-01-28,W05,3.0571584245,10.0446486128,11719.35,2.4147980067298045
2024-01-28,W06,0.5491208222,2.3125197354,3113.4100000000003,10.595061013351856
2024-01-28,W07,30.865712647900004,53.4484925602,87852.31,59.21388764853489
2024-01-28,W08,0.22220667489999998,0.9572377143,1268.97,0.10138280481567544
2024-01-29,W01,23.488581218,55.6944930582,80260.94,87.17231849322694
2024-01-29,W02,21.4355611428,55.2992442745,67826.55,65.42173141870033
2024-01-29,W03,23.1647078812,52.2489531286,69957.1,221.76734365229046
2024-01-29,W04,2.8145422569,11.9775169246,16114.67,0.6936918385650886
2024-01-29,W05,7.8975843253999995,25.592760497900002,30655.98,1.2324477478008904
2024-01-29,W06,1.7285720672999998,7.1625328611,9880.21,6.520428317131961
2024-01-29,W07,31.1337803182,53.99765112549999,86389.65999999999,59.239250167821
2024-01-29,W08,0.7745319616999999,3.3036184419000003,4407.71,0.07577468090343563
2024-01-30,W01,23.4506817119,55.232898368499995,78355.1,95.22926118007757
2024-01-30,W02,20.860780783,53.6827452725,68693.34,69.30376831946313
2024-01-30,W03,23.1054189812,51.9102075308,70713.43,229.44121804911472
2024-01-30,W04,2.6442357503999996,11.2079194142,15160.38,0.7182193199525756
2024-01-30,W05,8.0380131329,26.1878495437,30182.17,1.1731659143899702
2024-01-30,W06,1.7879531233000003,7.458313253100001,10231.99,7.393429778356698
2024-01-30,W07,33.2923018879,57.793552614499994,94890.62,64.21246682630273
2024-01-30,W08,0.7820011533000001,3.3666959031000006,4393.139999999999,0.07594645737006353
2024-01-31,W01,22.9399509858,53.58903661939999,78256.06000000001,96.64990240529848
2024-01-31,W02,22.309558076200002,58.8913201807,73686.69,67.89440423443055
2024-01-31,W03,23.834010023100003,53.048636684899996,70272.44,259.9922552480583
2024-01-31,W04,2.5296879932,10.643796891800001,14294.82,0.5928587550024234
2024-01-31,W05,8.165276009500001,26.1156328106,31148.300000000003,1.2412974927702376
2024-01-31,W06,1.9837867525,8.4253983375,10998.17,7.499656931312543
2024-01-31,W07,31.121069991600002,54.39848880820001,87933.95999999999,64.19839342772978
2024-01-31,W08,0.7682657670999999,3.3096214197,4377.83,0.0776974407043911
2024-02-01,W01,21.723815692600002,50.360365703899994,70806.33,81.98285037587742
2024-02-01,W02,21.4944823936,55.267818652299994,69069.23999999999,69.38202639001418
2024-02-01,W03,21.471895497200002,48.7814068376,64233.17,223.00353634730232
2024-02-01,W04,2.6016841660999996,10.933035115900003,15284.79,0.6894367863416645
2024-02-01,W05,7.0478368849,22.702627359599997,26868.059999999998,0.9785620643055671
2024-02-01,W06,1.8429667409,7.738298616300001,10726.49,6.989194581854313
2024-02-01,W07,29.4926382244,51.597964692199994,84242.83,55.061176520534545
2024-02-01,W08,0.7273170142,3.1109853594000003,4090.85,0.06461703015598166
2024-02-02,W01,21.042890123900005,50.6452505692,71850.39,79.522665472101
2024-02-02,W02,19.3134029631,51.3479334775,62573.31999999999,58.074593498655894
2024-02-02,W03,23.136428562699997,51.4961921709,69400.35,249.43322871512353
2024-02-02,W04,2.5034219254,10.499698079099998,14292.439999999999,0.6304629042542903
2024-02-02,W05,7.5988896426000005,24.3339657594,28677.46,1.1247399979870132
2024-02-02,W06,1.6788309858,6.9958712406000005,9633.61,6.5055334989266145
2024-02-02,W07,30.591364491100002,53.08125293619999,87655.06,60.546386460500145
2024-02-02,W08,0.70927378,3.0208791,4056.5099999999998,0.08431557897569844
2024-02-03,W01,21.6515434164,50.8906445599,75442.61,83.97181004099393
2024-02-03,W02,19.916162028400002,51.541810027,63469.04,60.51852378179963
2024-02-03,W03,22.3261880499,50.7138884901,66551.03,249.07057330484838
2024-02-03,W04,1.8730560251999997,7.9210851231,10648.44,0.7302194706632478
2024-02-03,W05,5.180012388,16.625703820800002,19597.67,1.311849208612396
2024-02-03,W06,1.1326056993,4.6890733251,6354.39,6.974989064607312
2024-02-03,W07,29.8211476004,51.8843901641,83740.77,65.49017487619496
2024-02-03,W08,0.5108448988000001,2.1927875316000005,2852.23,0.08475945542356424
2024-02-04,W01,22.495083777699996,51.9305489061,75864.82,88.31610640176513
2024-02-04,W02,19.0259404023,50.4366890315,63725.03999999999,68.79174902213883
2024-02-04,W03,21.1931202579,47.7246457263,63800.3,248.95007938329613
2024-02-04,W04,0.9960286839,4.241090531000001,5760.32,1.3344972117046505
2024-02-04,W05,2.7573711980999995,8.8358010447,10561.71,2.10942534358655
2024-02-04,W06,0.5912666083,2.4822461481,3472.02,12.118105597229054
2024-02-04,W07,29.5919590493,51.401802515,85203.59,64.36448692197601
2024-02-04,W08,0.2230958959,0.9645888813000001,1271.29,0.10549072336002883
2024-02-05,W01,22.007576791400002,52.2363625295,75367.2,87.56864526774844
2024-02-05,W02,19.8634133397,51.8323439123,63119.479999999996,63.46848158643939
2024-02-05,W03,20.806199389699998,48.4305286549,63161.78,204.59613536393493
2024-02-05,W04,2.6734252229999997,11.2594613743,15175.74,0.6016184682570151
2024-02-05,W05,7.501408802600001,23.852636539,28400.420000000002,1.1523453662602572
2024-02-05,W06,1.8195798299,7.669754259299999,10559.679999999998,6.590603070408965
2024-02-05,W07,30.835966838300003,53.4370763212,88416.77,65.90670296918181
2024-02-05,W08,0.7935736277000001,3.4406843439000006,4488.61,0.08147870150298087
2024-02-06,W01,21.6180747213,51.5702054774,74361.88,91.10287585938059
2024-02-06,W02,20.5944925809,54.3024179805,68249.59,59.6136597549397
2024-02-06,W03,21.3610835191,48.2914483147,63034.57000000001,231.79516596060984
2024-02-06,W04,2.6054773301,11.023497624900001,15351.68,0.626776050547625
2024-02-06,W05,7.0269446773,22.516352415500002,26668.72,0.9480036961642446
2024-02-06,W06,1.5954727185000002,6.6272082195,8948.27,6.1367639738293605
2024-02-06,W07,30.201644690000006,52.35178272510001,84177.28,53.87119187980601
2024-02-06,W08,0.8193789279,3.5683961853000006,4670.39,0.08316634284009097
2024-02-07,W01,21.759760564700002,51.5013064488,74609.39,81.65227816377917
2024-02-07,W02,20.9682179445,54.057630179200004,66367.18,63.67821681132396
2024-02-07,W03,21.473811668200003,47.532768922200006,63229.85,228.15596923256732
2024-02-07,W04,2.6887802077999994,11.4227601109,15267.71,0.6316318147168383
2024-02-07,W05,7.146994884,22.895595376000003,26879.370000000003,1.0899735755566349
2024-02-07,W06,1.7579351542999997,7.388160650100001,9852.92,6.819543695568684
2024-02-07,W07,30.4989280934,52.82763206480001,87581.99,61.30265297740365
2024-02-07,W08,0.7611386338000001,3.2678885766000003,4194.25,0.0816642825039481
2024-02-08,W01,21.7097704259,49.691007106600004,71888.55,88.54228102132623
2024-02-08,W02,20.6498593152,53.2310460433,65145.67,67.07766547084618
2024-02-08,W03,21.8612193719,49.860089613899994,66316.93,213.76402561798412
2024-02-08,W04,2.6318874748,11.220608742200001,15045.29,0.700134306717693
2024-02-08,W05,7.258580702200001,22.7774794914,26931.42,0.9895559218234294
2024-02-08,W06,1.6994618321000001,7.0414650147,9543.47,6.571295349916285
2024-02-08,W07,28.961951405100002,50.51045361960001,82645.61,53.109037472906316
2024-02-08,W08,0.7448757625,3.2188444875,4167.42,0.07764942188442274
2024-02-09,W01,22.820650645500002,53.140021692999994,76699.15999999999,93.69621713540812
2024-02-09,W02,21.0830009486,53.6363165889,66389.55,62.56807449111321
2024-02-09,W03,22.1036691222,50.4068733224,67317.54000000001,222.3463109937532
2024-02-09,W04,2.5274852925,10.7193883478,14643.07,0.6150663271675465
2024-02-09,W05,7.3054545723,23.2441451826,27999.66,1.1362743830476234
2024-02-09,W06,1.7624816621,7.383359864700001,10061.439999999999,6.923829859007751
2024-02-09,W07,30.515499017899998,53.26710838969999,87117.17000000001,60.913313514090774
2024-02-09,W08,0.7248427506,3.0946268742000003,4096.02,0.06981166126929532
2024-02-10,W01,20.130540160099997,46.0161564633,68071.09,91.38158236196666
2024-02-10,W02,18.6545368122,48.118242084600006,60492.619999999995,60.61647006209646
2024-02-10,W03,21.0982938928,47.995080923399996,61878.19,246.01842247227697
2024-02-10,W04,0.6163923535,2.6389644368000003,3557.7999999999997,2.369172522408253
2024-02-10,W05,2.0027096118,6.3844419233,7713.25,4.511420102270679
2024-02-10,W06,0.33612694089999995,1.3951938963,1886.3999999999999,21.643718023180938
2024-02-10,W07,30.649746168600004,53.18651579409999,86440.56,67.30660701312105
2024-02-10,W08,0.123582051,0.526723377,694.42,0.201123674848403
2024-02-11,W01,20.129722942100003,47.7149990024,68331.63,85.45149379629748
2024-02-11,W02,18.7803679362,48.2178800494,59991.77,68.87909694671328
2024-02-11,W03,20.265746389300002,44.364880674700004,60256.07000000001,251.10582099596067
2024-02-11,W04,0.6182495835999999,2.6216238944000003,3458.97,2.7223791544656732
2024-02-11,W05,1.9822902792,6.356784686799999,7583.46,4.625154353471507
2024-02-11,W06,0.36297933060000004,1.5296096142000002,2042.33,23.847272229157088
2024-02-11,W07,30.807561400100003,53.4097100567,86656.07,65.71200336179444
2024-02-11,W08,0.1366180384,0.5922542688000001,767.57,0.2219147420622351
2024-02-12,W01,19.1355858292,44.8650035287,64569.369999999995,82.57315636507998
2024-02-12,W02,18.471275556400002,47.7459887434,59993.02,68.2841621124855
2024-02-12,W03,20.2665779402,45.932972183400004,60790.880000000005,242.23194535653673
2024-02-12,W04,0.5799353034999999,2.4558709640000003,3316.2999999999997,2.4520229479986297
2024-02-12,W05,2.0706469926,6.5658066289,7849.55,4.964092280731196
2024-02-12,W06,0.3450290356,1.4472868092000002,1949.2800000000002,22.115828190500608
2024-02-12,W07,28.977674041800004,50.2755653684,82402.65000000001,65.76732214230759
2024-02-12,W08,0.1391245257,0.5980924299,787.12,0.22679587193427178
2024-02-13,W01,20.8522723014,47.6882233834,68733.3,90.85601131720325
2024-02-13,W02,19.6368044013,50.718308130100006,64476.009999999995,71.78716395032573
2024-02-13,W03,21.183383752599998,46.728599455,62681.04,250.28810142965168
2024-02-13,W04,0.5961533347999999,2.5141659214,3480.3700000000003,2.41244328493501
2024-02-13,W05,1.9686253961,6.3183074328,7402.65,4.932785577438673
2024-02-13,W06,0.34650586349999996,1.4502814545,1995.34,21.81752068379297
2024-02-13,W07,28.298782984300004,49.1613739455,80571.21,59.524755337055026
2024-02-13,W08,0.1214628244,0.5180810508000001,679.9399999999999,0.19200026619539753
2024-02-14,W01,20.6438416822,48.3206646053,69708.27,84.33596431994313
2024-02-14,W02,18.8402607781,49.1603995044,61357.329999999994,69.35643996591126
2024-02-14,W03,20.7065422464,45.5339133254,61566.07,245.50689154158073
2024-02-14,W04,0.5791777773,2.4553310955000005,3280.4399999999996,2.318139082875051
2024-02-14,W05,1.903897983,6.1449437388999995,7423.51,4.692166036164146
2024-02-14,W06,0.3497349813,1.4658403791,2009.83,22.46210541425819
2024-02-14,W07,27.7789688191,48.2341482954,78827.54,59.18326789646592
2024-02-14,W08,0.1301676285,0.5582467095000001,736.2900000000001,0.2131753311835811
2024-02-15,W01,20.547522014000002,47.9776919975,70008.26000000001,95.96937023423088
2024-02-15,W02,19.4160182382,50.4532995962,62744.729999999996,66.6298957045446
2024-02-15,W03,20.3631359577,45.8567512661,60757.3,236.5028972683244
2024-02-15,W04,0.627011813,2.6587605537999996,3632.17,2.3532504381767345
2024-02-15,W05,2.0439475225,6.6531269227,7967.580000000001,4.926884322511908
2024-02-15,W06,0.35418704069999996,1.4810023748999999,1981.38,21.461979076531538
2024-02-15,W07,27.650774008200003,48.1003444801,78530.54000000001,58.96617804984156
2024-02-15,W08,0.1246827622,0.5335259154,703.91,0.2253283927725911
2024-02-16,W01,19.8003284573,47.23006408010001,67509.15000000001,88.73261657076534
2024-02-16,W02,19.150071619800002,49.334332860299995,62707.4,62.58991054350064
2024-02-16,W03,19.9357700815,45.0653998473,58764.85,235.92627315384615
2024-02-16,W04,0.5913885587,2.4952130268,3277.9700000000003,2.2011953782935754
2024-02-16,W05,2.0825734926,6.6779529292,7932.889999999999,4.914882879111127
2024-02-16,W06,0.337578654,1.4084470980000001,1882.71,20.968920678302997
2024-02-16,W07,28.628964172,49.65267675269999,81639.62,60.901157380836395
2024-02-16,W08,0.1231900049,0.5291135043,684.18,0.22125635112927125
2024-02-17,W01,21.506660295200003,51.1186339295,74050.26,95.02850102598998
2024-02-17,W02,18.2369632065,47.2844386079,58813.579999999994,65.35163964072113
2024-02-17,W03,20.8894425968,47.2359170274,62883.76,225.52461076587565
2024-02-17,W04,0.5741679076,2.4328632525,3212.6600000000003,2.2797920500613458
2024-02-17,W05,2.0398019798,6.507956158200001,7830.58,5.180331064940738
2024-02-17,W06,0.3299186186,1.3753548702,1866.85,22.65146711980776
2024-02-17,W07,26.395007140300002,45.8464309955,74975.15000000001,57.22060578666118
2024-02-17,W08,0.1300874983,0.5571984981000001,733.14,0.20077245140330435
2024-02-18,W01,20.766262880499998,49.147172281799996,71210.94,82.2478370134345
2024-02-18,W02,19.8002048325,51.7022023433,65308.89,60.0220831463978
2024-02-18,W03,18.8243235475,42.9164676189,57087.03,196.90303076818475
2024-02-18,W04,0.9019628838999999,3.8286027173000003,5046.43,1.0277057676947565
2024-02-18,W05,2.7372548524,8.6323709798,10141.57,2.0335023816581344
2024-02-18,W06,0.5501118873,2.3287841211,3132.04,10.237877790184804
2024-02-18,W07,29.9320109414,51.84139142630001,83056.55,63.58339622858745
2024-02-18,W08,0.21400142739999997,0.9157341318,1217.3799999999999,0.11509351414726493
2024-02-19,W01,23.832603885700003,56.3496215692,80631.07,107.27965233891805
2024-02-19,W02,20.8426992238,53.10190406499999,66149.47,71.13112240135419
2024-02-19,W03,22.7664705813,52.05106655390001,69686.13,237.74758071095144
2024-02-19,W04,2.6850426277999997,11.385300903100001,15176.7,0.6404549347044495
2024-02-19,W05,7.767521677,25.218296572400003,29950.34,1.165013031761159
2024-02-19,W06,1.8088545967999998,7.6396201775999995,10508.52,6.424744168072599
2024-02-19,W07,28.7623258728,50.4187794905,83847.17000000001,55.014136634424666
2024-02-19,W08,0.7273962245,3.1214258415000002,4125.76,0.07049058508749105
2024-02-20,W01,23.840989771800004,54.93761935260001,80331.09,85.87077335163056
2024-02-20,W02,20.972863248200003,54.911138948899996,67424.34,72.811823443109
2024-02-20,W03,21.3535504024,48.0597270948,63747.44,221.73987956801662
2024-02-20,W04,2.6051708112000003,11.0019485798,14799.82,0.6168267377924259
2024-02-20,W05,7.4233961835,24.0557471444,28548.670000000002,1.1746344686894261
2024-02-20,W06,1.595571201,6.591008427,9051.26,5.851441986944404
2024-02-20,W07,30.491851550899998,53.1349713785,86766.86,60.580479430709204
2024-02-20,W08,0.7244388417999998,3.1006309925999997,3999.0600000000004,0.06942550616137497
2024-02-21,W01,22.0253773645,52.0319403236,75272.01000000001,82.59661055755977
2024-02-21,W02,19.5887895703,50.532743755700004,62448.17,64.39084459546969
2024-02-21,W03,22.5164897414,50.284415488,66926.38,247.4910665252421
2024-02-21,W04,2.6784358953,11.3239307147,15181.960000000001,0.5776168481615234
2024-02-21,W05,7.435844265199999,23.7721297278,28193.15,1.0875766577993282
2024-02-21,W06,1.8598961951,7.8063912957,10499.53,7.5089676414065964
2024-02-21,W07,29.002860848900003,50.4369838045,81005.62000000001,53.69070696077634
2024-02-21,W08,0.7640192806,3.2666863842000002,4358.41,0.08001728503595136
2024-02-22,W01,22.094020056,52.164292156900004,73178.40000000001,85.76904435188025
2024-02-22,W02,20.2898602565,53.138795576999996,66554.45,62.430531344711824
2024-02-22,W03,21.5396355936,49.9761483666,66892.06,221.74034727143578
2024-02-22,W04,2.617728704,11.0070341239,14849.67,0.6787654067582274
2024-02-22,W05,7.4882367511,23.6626420998,27969.73,1.0570532003786524
2024-02-22,W06,1.7401981936,7.3365581952,9859.300000000001,6.059080425480058
2024-02-22,W07,31.560425802700003,54.5779119693,91481.0,60.20913770594072
2024-02-22,W08,0.7297852941,3.1285112487,4087.38,0.07340443663222751
2024-02-23,W01,22.1210310441,51.4799910905,73147.4,89.5700717260061
2024-02-23,W02,21.6918927159,56.2414137564,68700.33,64.43704261830993
2024-02-23,W03,22.759840632899998,51.6222845701,68926.2,223.4994268407408
2024-02-23,W04,2.4797890506000004,10.4375816728,14072.699999999999,0.598359499053281
2024-02-23,W05,7.101532654500001,22.822542771700004,27276.14,0.9756751629403692
2024-02-23,W06,1.7724906736999997,7.446323265899999,9958.77,6.16546373818642
2024-02-23,W07,30.719060253500004,53.4369198829,86350.43,61.7943028687354
2024-02-23,W08,0.7794223611000001,3.3592717377000003,4457.360000000001,0.0806847762008892
2024-02-24,W01,20.3842367256,48.255858397100006,68911.47,75.19416840878237
2024-02-24,W02,21.9813266971,56.3908238291,70501.7,75.09668951237927
2024-02-24,W03,22.6587631434,50.36536762880001,68414.19,246.94853842733372
2024-02-24,W04,1.6685620616999999,7.033914474900001,9756.95,0.7029620889394071
2024-02-24,W05,4.9011909889,15.519613106500001,18478.29,1.203938671258208
2024-02-24,W06,1.1699810478,4.9277239146000005,6574.04,7.796599080386238
2024-02-24,W07,30.906909966300002,53.6161315213,86018.87,62.81317758802549
2024-02-24,W08,0.48774635709999997,2.0827350297,2765.38,0.08861192575545977
2024-02-25,W01,20.3448960564,48.6785703034,70037.62,90.48489860213571
2024-02-25,W02,19.0913568031,50.4339528851,62265.91,60.98851492211659
2024-02-25,W03,19.156832211,44.1145440902,57465.369999999995,221.74056012639915
2024-02-25,W04,0.9539443231,4.0514227641,5544.6,1.1990114781255616
2024-02-25,W05,2.9029076556000004,9.3228057021,11064.75,2.0199971856918695
2024-02-25,W06,0.548332399,2.303618493,3142.0,10.40281538607475
2024-02-25,W07,31.521061016300003,54.3815030874,89699.69,66.58919528715624
2024-02-25,W08,0.2272659001,0.9771913707000001,1264.22,0.1069602860828636
2024-02-26,W01,22.0976884021,51.54234048109999,72468.7,87.32710941571658
2024-02-26,W02,22.034988277300002,58.283144675100004,72861.24,70.02169856270339
2024-02-26,W03,20.5938122278,47.40924251559999,62848.33,211.7550330354848
2024-02-26,W04,2.6048039163,10.873738779099998,14975.12,0.6410755119022598
2024-02-26,W05,7.825491567799999,24.895898172600003,28894.38,1.1502316219304893
2024-02-26,W06,1.7087923351999998,7.1100943464,9833.76,6.944983418615142
2024-02-26,W07,30.4753602887,53.013883891499994,85235.07,54.59596825624599
2024-02-26,W08,0.7598264632,3.2618924424,4331.91,0.07774846956066175
2024-02-27,W01,21.712419974,51.6755500373,74946.54000000001,85.29358375399217
2024-02-27,W02,21.3224007823,55.8596474179,69785.67,63.31988318113921
2024-02-27,W03,22.3826083977,50.4429602825,67427.03,227.7710790664306
2024-02-27,W04,2.6526157874000003,11.109867136599998,15288.169999999998,0.6556432258759777
2024-02-27,W05,7.1837471618999995,22.5765436385,26501.96,0.9894571941951087
2024-02-27,W06,1.6970039353999997,7.0426495278,9854.72,6.484167645721491
2024-02-27,W07,32.5617800162,56.4450426422,92244.6,66.80860671086134
2024-02-27,W08,0.7785948050999999,3.3829734057,4364.7,0.07741592596219957
2024-02-28,W01,20.554698587300003,48.3940692142,69663.33,81.37864125686414
2024-02-28,W02,20.1159230542,52.0185016516,64745.89,70.60076530385189
2024-02-28,W03,22.4959933002,49.2894425346,66180.34,245.2574386223889
2024-02-28,W04,2.6558842517,11.1677040854,15316.380000000001,0.6422818472260243
2024-02-28,W05,7.5980711868999995,23.9192366566,28636.9,1.1714564448156368
2024-02-28,W06,1.5969538406,6.5548080642,9297.27,6.120355813356328
2024-02-28,W07,30.5443461791,53.0602997399,85862.44,59.69225181914297
2024-02-28,W08,0.7301827827999999,3.1278285996000004,4039.5,0.06814378311437123
2024-02-29,W01,21.9580808823,52.0586134769,74147.56,83.85555756713615
2024-02-29,W02,21.1273099325,54.873281372099996,68599.63,67.23132663533261
2024-02-29,W03,21.4240069119,48.853503840100004,64264.770000000004,218.59893181948044
2024-02-29,W04,2.7745950079000004,11.7422013778,16155.75,0.7029320237466097
2024-02-29,W05,7.6414228373999995,24.660896243899998,28877.17,1.151311721741803
2024-02-29,W06,1.8519596968,7.7740969176000005,10604.490000000002,6.959088898658882
2024-02-29,W07,30.3767618229,52.772492230000005,87313.02,55.9969211736274
2024-02-29,W08,0.7704456796,3.3002827572,4332.0,0.07994664724429744
2024-03-01,W01,18.721819473,46.0280849839,65453.299999999996,76.35948883677298
2024-03-01,W02,18.2525818903,48.075861166399996,60384.09,58.32408872411335
2024-03-01,W03,18.985748737100003,43.4267921395,56904.14,213.10751753395445
2024-03-01,W04,2.3358281283999998,9.742694600100002,13361.1,0.5140202129555828
2024-03-01,W05,6.783367301599999,22.2285764115,26646.690000000002,1.102783569203197
2024-03-01,W06,1.6039650993999999,6.6518571558,9150.52,6.121723811886478
2024-03-01,W07,24.443077642600006,42.6861723827,71266.65,46.01803522195635
2024-03-01,W08,0.6679876162,2.8478375334000003,3745.26,0.0682485728785156
2024-03-02,W01,18.5262258055,44.5579286157,64581.79,70.44406600010647
2024-03-02,W02,17.5264277946,45.9294021267,56878.96,55.81771560794155
2024-03-02,W03,17.5437623217,40.7105538813,53336.26,184.29870495104632
2024-03-02,W04,1.6424802863,6.9075901838,9459.4,0.6095804129905836
2024-03-02,W05,4.781851852000001,15.570438795300003,18271.53,1.0592849919343872
2024-03-02,W06,1.0542866940000002,4.321311378000001,5970.120000000001,7.229064001645639
2024-03-02,W07,24.071195140700002,42.489437839900006,69669.27,45.39285431012699
2024-03-02,W08,0.5101999966999999,2.1167956269,2916.33,0.07658448170528513
2024-03-03,W01,18.1801697891,44.5811504189,63736.38,74.43110597162801
2024-03-03,W02,16.6693138272,43.736523429100004,54333.9,57.24981394658754
2024-03-03,W03,18.319904954800002,42.481648171,56612.03,201.99910637866208
2024-03-03,W04,0.8471156206,3.5230512718000004,5033.67,0.9800019210968971
2024-03-03,W05,4.1120469305,15.5018343654,18538.89,3.008921974172739
2024-03-03,W06,0.5131291568,2.1305221776,2925.89,10.93392620498615
2024-03-03,W07,25.4952014315,44.257537927499996,74052.62,51.63449151009696
2024-03-03,W08,0.20905250150000002,0.8933378805,1180.77,0.10503540989948777
2024-03-04,W01,17.2575976539,42.6046149235,59990.81,70.72380131426885
2024-03-04,W02,17.7432382998,47.660521629,59808.06,53.146222184348396
2024-03-04,W03,19.5070713884,44.6572042818,59410.119999999995,193.39590534372334
2024-03-04,W04,2.5003823583,10.4604750844,14117.130000000001,0.6022534705089058
2024-03-04,W05,6.686371713000001,21.4401455215,25048.67,1.0337000109919212
2024-03-04,W06,1.5832666331,6.5244823617000005,9128.48,5.983396822115566
2024-03-04,W07,25.218252411899996,44.1050524496,72817.89,49.51191924384052
2024-03-04,W08,0.6593402980999999,2.8228076367000003,3708.19,0.060390319280672795
2024-03-05,W01,18.814825632700003,46.5244175693,66598.34000000001,70.86776864349962
2024-03-05,W02,18.2758373509,48.038765942000005,59214.73,55.49113048213587
2024-03-05,W03,18.6033000249,42.4071544031,56153.88,182.75079595367203
2024-03-05,W04,2.4395221417000004,10.2262250321,14012.07,0.6106531643411828
2024-03-05,W05,7.011821815899999,22.9207765208,26934.89,1.15765487633234
2024-03-05,W06,1.6311179237999998,6.7901184066,9187.17,6.562507991518842
2024-03-05,W07,27.6061925224,47.9757389838,79077.45999999999,51.61483130298215
2024-03-05,W08,0.7226956979,3.1040008953,4118.610000000001,0.07473298572515988
2024-03-06,W01,19.687020410000002,46.0790813348,67349.01,72.79302948397498
2024-03-06,W02,17.8599185153,47.8977517437,58855.69,56.723364401003614
2024-03-06,W03,19.2051146646,44.3314755212,59146.21,227.0752301433031
2024-03-06,W04,2.3319456535,9.749069946699999,13285.85,0.6048202740636285
2024-03-06,W05,6.5243732984,21.255232675699997,25497.96,1.0287841722632383
2024-03-06,W06,1.7141509421999999,7.162579055399999,9727.24,6.4454122489650265
2024-03-06,W07,28.3134654187,49.0547902455,80134.36,52.72427965717585
2024-03-06,W08,0.7136713616,3.0661061712,3987.86,0.07628488718319712
2024-03-07,W01,19.165183539900003,47.5347582914,67102.91,73.1425762423433
2024-03-07,W02,18.250201883000003,47.6118512341,59288.84,59.08087964143969
2024-03-07,W03,19.330669805600003,44.2979149386,58000.19,214.89744428312565
2024-03-07,W04,2.2921435436,9.5154657461,13155.52,0.6495135028007808
2024-03-07,W05,6.8665805421,22.5571188763,26875.56,1.0000009527458673
2024-03-07,W06,1.5053852703,6.1697945421,8737.57,5.715878749207385
2024-03-07,W07,26.427938615600002,45.9838147482,74323.22,49.318921459789735
2024-03-07,W08,0.7003705728999999,2.9900264403000003,3834.1800000000003,0.07043084317728854
2024-03-08,W01,19.5878214504,47.2100279301,68462.89,76.07009576965945
2024-03-08,W02,18.1638482784,48.2925578058,59109.759999999995,58.8504823628517
2024-03-08,W03,19.7984075523,45.305081935100006,59192.68000000001,205.5546534080173
2024-03-08,W04,2.4388634296,10.355311902300002,14005.68,0.5581996149374251
2024-03-08,W05,6.5814886249999995,21.6801551119,25523.03,0.9140023379557781
2024-03-08,W06,1.5105069689999997,6.1639221630000005,8642.869999999999,5.702113486823477
2024-03-08,W07,26.787766286900005,46.7921948012,75475.5,48.84383491066431
2024-03-08,W08,0.6992704955000001,2.9766779985000005,3808.8999999999996,0.07035804180669528
2024-03-09,W01,18.009868827400002,43.5269720001,62761.61,73.50576837718815
2024-03-09,W02,18.013819355400003,46.6895311461,58622.3,56.42242811001451
2024-03-09,W03,17.970554650600004,40.883024548200005,54621.509999999995,190.48307912276613
2024-03-09,W04,1.5830096445,6.618427275399999,9093.810000000001,0.6183264292510757
2024-03-09,W05,4.7534743685,15.250166773300002,18063.08,1.059447829017326
2024-03-09,W06,1.1185464032,4.4322621024,6620.08,7.102964281541314
2024-03-09,W07,23.9146828292,41.781114026699996,67749.69,44.940415958898186
2024-03-09,W08,0.46002311769999993,1.9581894939000002,2617.6200000000003,0.06960045862884302
2024-03-10,W01,17.852677414400002,43.39020731680001,61462.020000000004,69.49081735569682
2024-03-10,W02,17.1987948714,44.4362645442,56178.12,51.74421784458198
2024-03-10,W03,17.6199051797,40.5524371153,53589.16,193.9236757616113
2024-03-10,W04,0.8754945999999999,3.6715001668,4980.849999999999,0.9476352269197171
2024-03-10,W05,2.4520153812,7.887260512600001,9306.630000000001,1.785711182108626
2024-03-10,W06,0.5121816397,2.1601783479,2902.38,10.506290045128205
2024-03-10,W07,24.8481032861,43.323846678799995,71059.1,49.306977293445534
2024-03-10,W08,0.2189381338,0.9311413566,1250.5800000000002,0.11594586064877066
2024-03-11,W01,19.479318363399997,46.9424793247,67890.95999999999,74.66344070756435
2024-03-11,W02,17.897759323100004,46.344978614,58612.53,57.48086457900433
2024-03-11,W03,19.6667719268,44.6506083584,58589.83,202.70425188926222
2024-03-11,W04,2.4157709515,10.154259942500001,13738.13,0.6045783008137303
2024-03-11,W05,6.2928727153,20.278058988199998,24013.66,0.8756885023099831
2024-03-11,W06,1.6940591253,7.069471307100001,9715.65,7.133210907873628
2024-03-11,W07,25.7504129757,44.9405035171,73911.38,48.96102190129236
2024-03-11,W08,0.7397470700000001,3.18997305,4166.98,0.075788313769677
2024-03-12,W01,19.5339410996,47.265204979800004,67447.93,81.42365144369647
2024-03-12,W02,18.6462554147,49.555758275500004,61940.92,55.86206762525053
2024-03-12,W03,19.1319039922,42.983745948999996,56885.43,200.29003038284776
2024-03-12,W04,2.2937881258000004,9.588734167900002,12819.5,0.519819819745913
2024-03-12,W05,6.444865221700001,20.7597327027,24754.9,0.9309464813314966
2024-03-12,W06,1.6512248077999998,6.876553074599999,9376.97,6.009654929720994
2024-03-12,W07,25.128440271500004,43.9129179877,71538.24,46.037708692195096
2024-03-12,W08,0.6892406251,2.9190913857000007,3803.73,0.07274109318184264
2024-03-13,W01,18.8920084766,45.238091467900006,64026.83,72.46730294786668
2024-03-13,W02,17.2307822459,46.185746090500004,58577.3,53.81642730708326
2024-03-13,W03,19.248539786000002,44.8280928516,59287.22,209.7042105916831
2024-03-13,W04,2.3081630635000003,9.6998141043,13200.29,0.5227505115028696
2024-03-13,W05,6.855693581100001,22.3567004867,26296.12,0.9018378241453403
2024-03-13,W06,1.6435107875000001,6.8236252425,9337.33,5.843136847962115
2024-03-13,W07,25.576088074900007,44.8738987572,73918.35,52.187045257251306
2024-03-13,W08,0.7004106431,2.9971198317000005,3879.81,0.06239682325352796
2024-03-14,W01,18.887737722500002,46.440425225700004,65598.62000000001,67.54208108344896
2024-03-14,W02,18.203712925,48.14993352770001,60293.32,61.495913805043664
2024-03-14,W03,19.2401073332,44.341850178200005,58184.439999999995,182.06350738280437
2024-03-14,W04,2.530005482,10.6574975544,14264.109999999999,0.544156360948241
2024-03-14,W05,6.7841922665,21.940399884999998,25866.53,1.0605931503163712
2024-03-14,W06,1.6462570331,6.834953681700001,9344.58,5.738686628437968
2024-03-14,W07,23.280253138699997,41.038001296999994,67658.56999999999,45.23406262498494
2024-03-14,W08,0.6246311051,2.6419255857,3572.94,0.06330473429145808
2024-03-15,W01,19.558752366,46.564072507000006,67085.05,71.69762043292582
2024-03-15,W02,18.9287150934,49.9349124196,62622.87,59.42167482365351
2024-03-15,W03,18.678043967999997,42.0123060776,56589.81999999999,200.71184912797256
2024-03-15,W04,2.6755136750000004,11.3562129106,15749.66,0.6328806424669612
2024-03-15,W05,6.509822010100001,21.161467591100003,25426.07,0.8944896570397162
2024-03-15,W06,1.5046982531,6.224846741700001,8493.939999999999,5.9834666254433815
2024-03-15,W07,27.755119018400002,48.25531050299999,79316.31999999999,50.91430550726977
2024-03-15,W08,0.6395852259,2.7318915513000004,3501.3900000000003,0.06389243225807226
2024-03-16,W01,20.2039679158,47.9885358015,70429.84,80.27928492277617
2024-03-16,W02,18.504401724700003,47.952104749600004,59112.28999999999,56.841651409184045
2024-03-16,W03,18.6431184182,42.4384653006,55981.53,188.09962788130719
2024-03-16,W04,1.7227746731999998,7.252845666100001,9966.53,0.6692000957124028
2024-03-16,W05,4.6441698645,15.132735581600002,17797.17,1.2468450428849072
2024-03-16,W06,1.1137815607,4.6509578949,6244.18,7.238787497319044
2024-03-16,W07,24.595831087400004,43.2740524061,70426.79,44.705793448582355
2024-03-16,W08,0.47369778619999997,2.0316812034000002,2691.39,0.08740772715966552
2024-03-17,W01,18.3915744525,44.754962903099994,63128.45999999999,80.62766906687709
2024-03-17,W02,17.046664827100003,45.88813397330001,57843.86,53.68859194072628
2024-03-17,W03,18.108927799999996,41.4222424876,54570.2,203.91099675704888
2024-03-17,W04,0.8847721108,3.6990769085000004,5079.93,1.0725290455063397
2024-03-17,W05,2.484162005,7.944645403500001,9524.380000000001,1.7379552687603326
2024-03-17,W06,0.5356411191,2.2523308437000003,3001.5699999999997,11.14502651006013
2024-03-17,W07,24.0074847868,42.1614302328,69171.5,48.351203845139096
2024-03-17,W08,0.210426213,0.900942831,1200.03,0.10561057188729785
2024-03-18,W01,19.2489486021,46.3823599362,67288.86,73.80363939719263
2024-03-18,W02,18.6046852282,49.8850096467,63613.67,54.85324622374488
2024-03-18,W03,18.437752286000002,42.1699033598,55481.759999999995,179.2335208126762
2024-03-18,W04,2.388791395,9.925375513800002,13799.880000000001,0.5645144385580253
2024-03-18,W05,6.5228465676,21.2692357598,25291.16,0.8975754116071079
2024-03-18,W06,1.5963098590999998,6.659723303700001,9068.85,6.1790327552904465
2024-03-18,W07,25.573264087200005,44.6762759086,73025.48,46.453768482316406
2024-03-18,W08,0.691913197,2.948639199,3924.67,0.06660489830745539
2024-03-19,W01,18.9844266968,47.241541468200005,67937.29000000001,71.5424262858995
2024-03-19,W02,16.8274893275,45.212147302999995,56010.659999999996,52.289488112698635
2024-03-19,W03,19.5700330304,45.2226619746,60664.78,198.69667618080658
2024-03-19,W04,2.4317690655000006,10.192465149000002,13960.05,0.5452183076897208
2024-03-19,W05,7.1175877522999995,23.4587895277,27724.48,0.9942468845289548
2024-03-19,W06,1.6869929068999998,6.967104738300001,9591.57,6.952428649319177
2024-03-19,W07,24.3104373389,42.7564856005,70191.52,43.16276978713734
2024-03-19,W08,0.6846482028,2.8979976996,3883.81,0.06615673101693498
2024-03-20,W01,19.267565899199997,46.52973634079999,66563.81,71.18181881698384
2024-03-20,W02,18.393182355,49.4869673417,60739.840000000004,53.19669351106844
2024-03-20,W03,19.1743551655,44.3879233399,58439.479999999996,188.9061808190972
2024-03-20,W04,2.3091148643999997,9.607621476900002,13360.539999999999,0.5363943374070793
2024-03-20,W05,6.6345192192,21.361112244799997,26193.57,0.9708486108615323
2024-03-20,W06,1.6034291322999998,6.7042682961,9170.16,5.869754628287353
2024-03-20,W07,25.568243981200006,44.58030621899999,72548.87000000001,47.498395832040686
2024-03-20,W08,0.7023438957999999,3.0034860906000005,3907.43,0.072939057353538
2024-03-21,W01,19.127149526,44.9371535134,65177.34,70.02383114895737
2024-03-21,W02,17.084547574600002,45.478992881699995,56181.880000000005,52.83673703896136
2024-03-21,W03,18.9705013028,43.75922687999999,57017.33,215.3731897867896
2024-03-21,W04,2.5797170221999997,10.910811854699999,14572.16,0.6564006778970991
2024-03-21,W05,6.8007614396,21.848955951400004,25817.29,1.07274721721882
2024-03-21,W06,1.7264923069,7.1555318583,9908.32,6.379106096849043
2024-03-21,W07,27.217216193300004,47.5451931496,78258.87000000001,52.98167486188706
2024-03-21,W08,0.7206370937999999,3.0994219566,4060.41,0.07696476397832878
2024-03-22,W01,18.1637457266,44.0098374109,63076.97,66.68825165437936
2024-03-22,W02,18.290929657499998,49.4345392602,60687.95,55.54572543615905
2024-03-22,W03,19.078647409000002,44.517692651000004,58288.2,196.75605272982284
2024-03-22,W04,2.2972682052999995,9.5820443819,12928.279999999999,0.5732086091770038
2024-03-22,W05,6.363897614600001,20.6366246885,24763.81,0.8727659341797178
2024-03-22,W06,1.6186062826999998,6.7166871489,9128.82,5.534112933964264
2024-03-22,W07,26.8078959973,46.672083406800006,76951.84,51.86312939966763
2024-03-22,W08,0.6932067503,2.9560399821,3921.94,0.07034950131193642
2024-03-23,W01,17.937104761600004,42.9314927638,60666.22,61.945858598360985
2024-03-23,W02,18.1184003463,47.99906874289999,59425.4,56.50258165468635
2024-03-23,W03,18.6266466255,43.11330348610001,57226.09,202.20420141014787
2024-03-23,W04,1.7132984127999997,7.1901466987000004,9802.55,0.6828050039733684
2024-03-23,W05,4.8092941322,15.517836467699999,18420.489999999998,1.207044889133847
2024-03-23,W06,1.1239138263,4.656013034100001,6544.48,7.261363395141491
2024-03-23,W07,24.8054491989,43.59228376,69666.25,46.87968778731125
2024-03-23,W08,0.4845056734,2.0805946938,2669.55,0.08972543290857002
2024-03-24,W01,18.801742798000003,45.621126552700005,64657.89,84.04929301427366
2024-03-24,W02,17.4819907577,45.5225655494,57117.67,54.653594933238296
2024-03-24,W03,17.536318030500002,39.4948235719,53576.92,201.10687084140875
2024-03-24,W04,0.8124923205999999,3.3982208340000004,4673.6,1.0109033276141584
2024-03-24,W05,2.4684862256,8.0679740459,9620.74,1.7564821387859892
2024-03-24,W06,0.45338040169999994,1.8666905618999998,2602.25,8.786441893410851
2024-03-24,W07,25.79369239,45.0490651678,73503.57,49.684565298209186
2024-03-24,W08,0.2146059932,0.9180164724000001,1210.69,0.10276189699101841
2024-03-25,W01,18.858956541100003,44.2481405357,63569.479999999996,74.49480775286582
2024-03-25,W02,17.548916853900003,47.393338551300005,59295.01,51.52565535253945
2024-03-25,W03,18.7183869404,43.556679506600005,57773.89,192.407739532302
2024-03-25,W04,2.5218589008,10.5277084764,14500.69,0.6590028433304239
2024-03-25,W05,6.4839616115,21.203492661,26049.739999999998,0.930280703031809
2024-03-25,W06,1.5841388697999998,6.5920760286,8798.85,5.7294617157944225
2024-03-25,W07,26.286287323000003,46.2258195586,75190.74,45.97184517244938
2024-03-25,W08,0.7168887469,3.0589528983000003,3921.63,0.07802032553346379
2024-03-26,W01,19.426614624600003,47.0637193433,66709.73000000001,70.3055353981116
2024-03-26,W02,18.341569018599998,48.277135436500004,60823.24,52.30614735326158
2024-03-26,W03,19.005220086100003,43.3029959617,57197.42,184.71037676495746
2024-03-26,W04,2.5168423520000003,10.588631346100001,14427.960000000001,0.6107668047226855
2024-03-26,W05,6.8932931678000005,22.277789306499997,26728.93,0.9739728954856942
2024-03-26,W06,1.5712134627999998,6.504232719600001,8879.15,6.249730366540044
2024-03-26,W07,24.981076447600003,43.801424833800006,71786.16,47.45383792990129
2024-03-26,W08,0.724601237,3.096917199,4116.49,0.06890446060052331
2024-03-27,W01,19.4929435543,46.774895471899995,67120.62,70.89322726158524
2024-03-27,W02,19.215655626400004,51.188554716300004,63997.86,62.282329232315064
2024-03-27,W03,19.018736688500002,43.5905832937,57741.719999999994,191.92815525314603
2024-03-27,W04,2.4158834567000005,10.0420830598,13976.630000000001,0.575406533060796
2024-03-27,W05,6.5431563953000005,21.0421678676,25763.16,1.0485704887266543
2024-03-27,W06,1.4756967166,6.136002556200001,8483.35,5.1495875875016575
2024-03-27,W07,27.097241112200003,47.5004748414,78649.88,49.82960789153326
2024-03-27,W08,0.6963757731,2.9713993017,3919.81,0.0772560686342651
2024-03-28,W01,18.557102287000003,44.468586957099994,63161.53,77.63568404956743
2024-03-28,W02,17.722168383,46.753947479800004,60301.240000000005,62.76110981142099
2024-03-28,W03,18.7863626229,42.8617237733,57414.63,195.4896785908282
2024-03-28,W04,2.3990504554,10.016679048000002,13716.470000000001,0.5188322983722546
2024-03-28,W05,6.9876408679,22.808198022299997,27313.97,1.0774009046901418
2024-03-28,W06,1.5545743168,6.4762081776,8954.52,6.141552428058975
2024-03-28,W07,26.160449396100002,45.63818270419999,75893.2,49.91280557445485
2024-03-28,W08,0.6747504838999999,2.8790403573000005,3794.49,0.0691639135809948
2024-03-29,W01,18.509197699,44.1181949545,63183.07,73.6031212058551
2024-03-29,W02,17.8427508025,46.761554997400005,58507.8,60.231337754905695
2024-03-29,W03,19.1443790811,44.067205872500004,57171.630000000005,212.17075152774547
2024-03-29,W04,2.4325225443,10.278350886999998,14060.53,0.624941243042214
2024-03-29,W05,6.723880840800001,21.365207715700002,24890.989999999998,0.969338272298347
2024-03-29,W06,1.6329429288,6.8748935016,9523.460000000001,6.476077449137418
2024-03-29,W07,23.7698103315,41.7935239204,68437.15999999999,45.83263018441178
2024-03-29,W08,0.6939771323999999,2.9480837268,3922.6,0.07330851737828271
2024-03-30,W01,18.684768622800004,45.0131291716,64162.93,64.78903383149442
2024-03-30,W02,17.1342317865,45.309333613099994,56130.55,53.83992089874435
2024-03-30,W03,18.6752587944,42.297535305400004,55870.740000000005,192.0532578609626
2024-03-30,W04,1.6887953009,7.059697463000001,9995.77,0.6326116170036946
2024-03-30,W05,4.749576621,15.4864857017,18092.850000000002,1.2138537390538968
2024-03-30,W06,1.0701737246,4.410913492200001,6166.36,6.281873717267652
2024-03-30,W07,23.649617439600004,41.3438370804,68050.09,43.279915670693995
2024-03-30,W08,0.47127794430000003,2.0154213801000003,2671.7,0.07625450753511666
2024-03-31,W01,18.237262157999997,44.188186101199996,63225.869999999995,85.51977077823419
2024-03-31,W02,17.1585782728,45.471655711,57130.46,53.92947185848942
2024-03-31,W03,17.5674266794,40.7247673244,54203.14,187.16428207029543
2024-03-31,W04,0.858333889,3.6228375622000004,4968.97,1.0922779885978977
2024-03-31,W05,2.4167460057000003,7.738453150300002,9095.33,1.6620687370319913
2024-03-31,W06,0.5363356298,2.2181031486,3030.6600000000003,11.208686098223614
2024-03-31,W07,26.9383570854,46.9203517868,76389.87999999999,55.315469533362766
2024-03-31,W08,0.217796522,0.9278666940000001,1242.31,0.11073170114165291
2024-04-01,W01,16.961602547000002,41.7598419325,60197.729999999996,62.227057947141354
2024-04-01,W02,16.2429627832,44.554473925500005,55331.44,49.61819526330421
2024-04-01,W03,16.557429404300006,38.7187430829,51322.11,164.51972262099943
2024-04-01,W04,2.2458756997,9.375458824699999,12905.93,0.5302996358061319
2024-04-01,W05,5.8600507483,19.6094595543,23342.99,0.8222086955673794
2024-04-01,W06,1.5246931589000001,6.3424437422999995,8659.35,5.9865840504937475
2024-04-01,W07,21.1704082712,37.550801568299995,62375.100000000006,40.71655185576963
2024-04-01,W08,0.676571869,2.863596063,3757.79,0.07127773217821944
2024-04-02,W01,16.0518736265,39.94946062520001,54598.64,58.79419535158855
2024-04-02,W02,15.4864992743,42.4342110918,51657.520000000004,49.155999321690665
2024-04-02,W03,16.9541049394,39.946259691,51802.44,190.89450919224447
2024-04-02,W04,2.2795080551,9.552760024900003,13191.330000000002,0.538155568338197
2024-04-02,W05,6.3509947617,21.0232910938,25234.73,0.8598611659109648
2024-04-02,W06,1.4778367927,6.0874751589,8320.09,5.403405445318299
2024-04-02,W07,21.7033316344,38.3656875881,63109.2,41.25975326728984
2024-04-02,W08,0.7081261905999999,3.0293845542,4027.89,0.06308617172149567
2024-04-03,W01,17.072523204,42.9146847553,60340.16,66.1351452433894
2024-04-03,W02,16.1334656693,43.892596822,54460.69,49.04892185263555
2024-04-03,W03,15.963832504300001,37.4464371133,48427.840000000004,164.26399926222425
2024-04-03,W04,2.2307095427999997,9.3382078748,12856.87,0.5011933916539872
2024-04-03,W05,6.094153948,20.1081349145,24020.9,0.8677441213387186
2024-04-03,W06,1.5575040656999999,6.5051457699,8736.35,5.614711282746389
2024-04-03,W07,20.344903935399998,35.95503804289999,58693.649999999994,35.56813823719663
2024-04-03,W08,0.7124621139999999,3.045322158,3962.37,0.07356625569252398
2024-04-04,W01,16.0814439301,39.8865092251,56256.98,66.87032534024708
2024-04-04,W02,14.357663794399999,38.3866469556,48779.79,50.311039373742894
2024-04-04,W03,15.4807611473,35.8673359091,47106.33,177.43806188593177
2024-04-04,W04,0.5585437687,2.3396442508,3269.29,2.112000093397161
2024-04-04,W05,1.5831707692,5.1927774201000005,6296.43,3.7781259109002567
2024-04-04,W06,0.3184213661,1.3104404727,1837.23,18.749418012129777
2024-04-04,W07,20.424781258100005,36.1171079794,59532.12,43.133024851857336
2024-04-04,W08,0.1112492898,0.4683086886,636.21,0.17626358394874142
2024-04-05,W01,15.2931604375,37.6943144829,53905.28,61.1127512537713
2024-04-05,W02,14.6276431118,39.8207238548,49821.8,53.26095925881423
2024-04-05,W03,15.174559908300001,35.5684999255,46376.1,174.14599892468183
2024-04-05,W04,0.5592942016999999,2.3600443296,3244.0399999999995,2.121874164690707
2024-04-05,W05,1.5788109153999998,5.2636679169,6375.86,3.576501711217832
2024-04-05,W06,0.3081890022,1.2717222354,1776.8899999999999,18.783994770524775
2024-04-05,W07,21.6803549498,38.168634141199995,59852.3,43.86799944518411
2024-04-05,W08,0.11024098059999998,0.4675399242,619.18,0.19029507315523822
2024-04-06,W01,15.601258161499999,37.51300490119999,54345.149999999994,64.62985062387631
2024-04-06,W02,14.2008690751,38.6138487465,48032.14,48.720710438631095
2024-04-06,W03,14.9389612716,35.276001953800005,46185.36,175.4676087246588
2024-04-06,W04,0.5505190332,2.3079325313000005,3156.55,2.259355308583201
2024-04-06,W05,2.3583841817000004,6.5050408209,8294.48,5.564037780456847
2024-04-06,W06,0.32939588350000004,1.3666754745,1891.3000000000002,21.548860624100488
2024-04-06,W07,20.9636820224,36.8566188204,61912.78,40.269160551605964
2024-04-06,W08,0.1208720905,0.5162612235,693.37,0.2103487836457389
2024-04-07,W01,16.5131858765,40.491499786700004,57358.8,65.6762870287512
2024-04-07,W02,15.8365523938,42.8917718574,54013.509999999995,51.957874754918045
2024-04-07,W03,15.5166723372,36.0321659516,47975.13,167.2938549147718
2024-04-07,W04,0.7529365298999999,3.0949022232,4360.81,0.9161327542026417
2024-04-07,W05,2.2348866172000004,7.3279940197,8651.36,1.5461902755955905
2024-04-07,W06,0.6230026524,2.1320984868,3710.1099999999997,12.36508916322642
2024-04-07,W07,20.129553909000002,35.727398391799994,58619.280000000006,41.78848270815298
2024-04-07,W08,0.20597091629999997,0.8836496241,1171.48,0.11350179688795844
2024-04-08,W01,16.5876052497,41.784602841,60169.25,67.33540327794987
2024-04-08,W02,15.547562866,42.069259367,51841.09,48.947118958569455
2024-04-08,W03,17.0509098124,39.658563224800005,51403.380000000005,181.77554649581032
2024-04-08,W04,2.4251812940999997,10.1387242968,13982.7,0.5280051028912487
2024-04-08,W05,6.2834209622,20.906311523,25174.71,0.8691269341308717
2024-04-08,W06,1.7099302372,7.1235420204,9598.609999999999,6.248785775575387
2024-04-08,W07,21.844775611400003,38.7258867073,64527.23,44.1470916809817
2024-04-08,W08,0.6910859962999999,2.9301141441,3856.85,0.08065253391915651
2024-04-09,W01,17.018013989099998,41.7624815656,59115.310000000005,61.08469936539159
2024-04-09,W02,15.7448552269,44.0327645596,53415.51,49.25808793298712
2024-04-09,W03,16.0648371008,38.33649238179999,49544.66,160.2541458093091
2024-04-09,W04,2.4247205274,10.167763242600001,13620.81,0.6088812814347649
2024-04-09,W05,6.0364118596,19.9093205129,24154.09,0.9163149800901802
2024-04-09,W06,1.4455238375,5.892268312500001,8158.24,5.4713241389099165
2024-04-09,W07,21.7476367073,38.2363163704,62666.64,38.97963824273242
2024-04-09,W08,0.6282518734999999,2.6479684845,3555.3,0.06243849947887735
2024-04-10,W01,16.6261463224,39.8967580726,57123.880000000005,59.59448550618664
2024-04-10,W02,16.8437639974,45.18740834330001,56761.69,51.413757729875584
2024-04-10,W03,15.9415617083,38.0396402199,49643.04,157.67800546279994
2024-04-10,W04,2.5100167399999997,10.547985128799999,14339.34,0.5837947428587377
2024-04-10,W05,5.7345013175,18.744178138100004,22822.76,0.7690040052701806
2024-04-10,W06,1.4460330419,5.8460945433000004,8359.72,5.36647050141581
2024-04-10,W07,22.928422004399998,40.0661469222,66096.77,50.42150264307784
2024-04-10,W08,0.6809011611,2.9044004577,3802.3,0.06392871477870882
2024-04-11,W01,16.5190294293,40.0380104036,57252.380000000005,65.56861662452617
2024-04-11,W02,15.8441975834,43.4719530073,52809.19,49.38394756028762
2024-04-11,W03,16.143830343700003,38.114964458900005,49601.509999999995,166.9803823264137
2024-04-11,W04,2.4752627229999993,10.422377523600002,14326.71,0.627023099612376
2024-04-11,W05,6.028754199400001,20.004331698200005,24335.85,0.9145941744848012
2024-04-11,W06,1.5254339924,6.293805706800001,8782.15,5.9675846663015415
2024-04-11,W07,23.5580070691,41.177310827099994,68458.1,45.95662051582672
2024-04-11,W08,0.6502512223,2.7416528061,3680.02,0.061282761693393376
2024-04-12,W01,17.1323736107,42.5239035267,61130.56,66.8009529834015
2024-04-12,W02,15.761953653600001,42.871411468599995,52716.130000000005,47.55181828044252
2024-04-12,W03,15.357251191000001,36.8502486266,47936.19,162.3714191116609
2024-04-12,W04,2.2713217637,9.4629204949,13067.25,0.5197918023441555
2024-04-12,W05,5.9084915087,19.1986692407,23152.04,0.9203951682182894
2024-04-12,W06,1.4900809752,6.1572371064,8453.47,5.313368189987163
2024-04-12,W07,21.5067205708,37.6511098911,63102.049999999996,39.611961967454675
2024-04-12,W08,0.6740527432,2.8859506824000003,3866.58,0.07669091000525304
2024-04-13,W01,15.294512626100001,37.8134418327,53353.46000000001,61.875010624069525
2024-04-13,W02,14.6718377491,40.0115782151,49803.36,43.23728534831566
2024-04-13,W03,15.397643868200001,36.800314479,47936.6,160.6682722199614
2024-04-13,W04,1.6948124457999998,7.1533708524,9782.119999999999,0.5953047720977348
2024-04-13,W05,4.3223376692,14.021348208,17080.940000000002,0.9742165335206183
2024-04-13,W06,1.0609209567,4.4018736669,6022.76,6.527659753148709
2024-04-13,W07,21.498230007000004,37.7502747206,61629.99,44.718758270011215
2024-04-13,W08,0.46656461639999997,2.0029597548,2678.7000000000003,0.07273532799557506
2024-04-14,W01,15.038562232700002,38.8183925532,53176.119999999995,58.37180741943998
2024-04-14,W02,15.0896798694,41.359281337599995,51659.73,50.41589778085158
2024-04-14,W03,15.0110321065,35.2502075871,46496.26,163.71861210300148
2024-04-14,W04,2.1368772831,9.538490904900002,12127.56,2.5173939683923447
2024-04-14,W05,2.2742246535,7.490055109000001,8991.67,1.6722990174559298
2024-04-14,W06,0.48425812539999996,1.9942968978000002,2735.9900000000002,9.736963151968471
2024-04-14,W07,20.281248128799998,35.742688195999996,57726.229999999996,41.28010968435279
2024-04-14,W08,0.20242521739999997,0.8670875418,1138.98,0.10883608681930136
2024-04-15,W01,17.523105563999998,43.244535963100006,61215.19,70.58965579139458
2024-04-15,W02,15.596200638800001,42.78344560160001,51969.020000000004,46.91969554575484
2024-04-15,W03,16.463187443400003,38.898505323799995,50983.53,174.39817206991526
2024-04-15,W04,2.3177265943999994,9.647932866,13131.43,0.5380099904316703
2024-04-15,W05,6.1139233004,20.1809265932,23604.79,0.869821894889654
2024-04-15,W06,1.5534129396999998,6.4393673679,8967.42,6.0157341066899015
2024-04-15,W07,21.885927541000004,38.5834228345,64193.100000000006,46.17332997394488
2024-04-15,W08,0.7042992771,3.0162020697000003,4017.02,0.0756969763094983
2024-04-16,W01,17.315706872499998,42.9653992568,61185.44,67.94123459466458
2024-04-16,W02,15.8801024215,43.5472008205,54209.95,47.47471545698603
2024-04-16,W03,15.9982071926,37.786566993600005,48623.6,170.96485415704885
2024-04-16,W04,2.4555670042,10.3383929168,14093.7,0.592822398394269
2024-04-16,W05,6.1735832333,20.2274894471,24300.95,0.8751514123082039
2024-04-16,W06,1.4528766254,5.978298637800001,8184.3,5.444972718107851
2024-04-16,W07,22.484750033,39.709317254400005,65850.88,38.73822426381911
2024-04-16,W08,0.6840148901999998,2.9057001714,3861.46,0.06634658275493918
2024-04-17,W01,16.0093637468,40.0310369972,55378.840000000004,57.503452667497584
2024-04-17,W02,15.3522751527,41.5552519933,51134.9,48.76912007083975
2024-04-17,W03,17.1946106965,40.463330026099996,52781.94,193.6351839153594
2024-04-17,W04,2.4433405501,10.287808997600001,13750.41,0.5746070264197728
2024-04-17,W05,6.3031094333999995,20.6555813747,24636.84,0.8347316269064705
2024-04-17,W06,1.6844843751,6.987326435700001,9447.5,6.651494675595956
2024-04-17,W07,21.944647269700003,38.510753313900004,64602.130000000005,39.63817910657775
2024-04-17,W08,0.7172164906,3.0698758542,4103.92,0.07572030190717445
2024-04-18,W01,15.5102031505,39.3956419165,55835.590000000004,67.45032898673625
2024-04-18,W02,15.390385094600003,41.304098077,51276.130000000005,47.28272486259474
2024-04-18,W03,16.045676891,38.0667924086,50171.19,155.64877815285823
2024-04-18,W04,2.2790737339000002,9.4947888365,13032.78,0.5389661157360954
2024-04-18,W05,6.1080873299,20.1218717519,23979.07,0.892276315077136
2024-04-18,W06,1.5284688130999997,6.2380777017,8861.58,5.258722787575604
2024-04-18,W07,21.811494912,38.222627389799996,63986.84,42.56001098952561
2024-04-18,W08,0.731516446,3.125551962,4230.37,0.0690289851051727
2024-04-19,W01,17.7870429635,43.7270110803,62248.28,65.43660336581794
2024-04-19,W02,15.6167354318,42.3781611364,52241.44,50.08301481894829
2024-04-19,W03,16.7094653799,39.0171126755,51507.83,187.80588701951177
2024-04-19,W04,2.2906296364,9.561483022800001,13075.24,0.5451647507211332
2024-04-19,W05,5.7549594798,18.8920144537,22718.829999999998,0.8887625157020964
2024-04-19,W06,1.5171883265000001,6.2500802355000005,8758.17,5.651597585052133
2024-04-19,W07,21.7477038329,38.394212853199996,62905.19,38.426152743563605
2024-04-19,W08,0.7096511025,3.0241440675000004,3971.34,0.08018959161848595
2024-04-20,W01,17.053442308899996,41.368377084399995,58986.53,66.68925291398627
2024-04-20,W02,14.9595294229,39.6577302696,49964.8,44.15901708529512
2024-04-20,W03,16.025289774300003,38.17390444110001,49218.75,164.18344952461942
2024-04-20,W04,1.6164241397,6.735690662900001,9227.28,0.6749228968056464
2024-04-20,W05,4.259293596699999,14.22327833,17275.91,0.9604455395013782
2024-04-20,W06,1.0066528807,4.1700809349000005,5752.92,6.430519925515672
2024-04-20,W07,22.843338195400005,40.0956741268,65662.67,43.678095491526655
2024-04-20,W08,0.42086069389999997,1.7905087473,2404.68,0.0722237208523298
2024-04-21,W01,15.825042253400001,38.363617665999996,53564.96000000001,60.06392474816867
2024-04-21,W02,15.182736964399998,41.34264139,50800.12,47.38918599056132
2024-04-21,W03,16.1277172345,38.0827143073,49902.91,188.99520981672018
2024-04-21,W04,0.8301965734999999,3.4747344185,4857.58,0.8917122336506217
2024-04-21,W05,2.3672436176000002,7.7731430582,10213.369999999999,1.6926208165929841
2024-04-21,W06,0.46860706969999993,1.9130673579000002,2648.64,8.804431641740567
2024-04-21,W07,21.710163604100003,38.128608794499996,62305.850000000006,46.99830842889151
2024-04-21,W08,0.2034028377,0.8702852139,1171.72,0.09968616337128608
2024-04-22,W01,16.5953849932,40.870517895700004,58515.270000000004,60.2226862911742
2024-04-22,W02,15.6681368298,42.717490469800005,53280.86,50.09587716513782
2024-04-22,W03,16.709926994299998,39.064867343699994,51754.55,167.9693511821234
2024-04-22,W04,2.1553159253,8.889935769800001,12332.359999999999,0.4839445840729901
2024-04-22,W05,6.245772755,20.7368777061,24839.58,0.9620388626395419
2024-04-22,W06,1.4741806457,6.0818691099,8623.79,5.450380059007738
2024-04-22,W07,22.000315246000003,38.874021663,63790.15,39.81698069628043
2024-04-22,W08,0.6778599926000001,2.9085836082000003,3834.9900000000002,0.06836487887184736
2024-04-23,W01,16.3498509528,40.70188100359999,58013.67,63.82870698959993
2024-04-23,W02,14.8850344368,39.9588924545,49692.530000000006,47.48668696759045
2024-04-23,W03,16.3049927048,38.298219236799994,50516.32000000001,170.16983285463806
2024-04-23,W04,2.5745166246999998,10.8950163605,14634.18,0.640322530626843
2024-04-23,W05,6.0964783707,19.9273405532,24109.99,0.9275477675025909
2024-04-23,W06,1.5523976038,6.3690088866000005,8729.779999999999,5.6576112328757135
2024-04-23,W07,21.487897020300004,38.089731084200004,63881.74,40.083153206313206
2024-04-23,W08,0.6901072372000001,2.9409618204,3817.94,0.07107547332771753
2024-04-24,W01,18.9984897175,46.6460762705,65568.15,68.67436983545758
2024-04-24,W02,16.6381089015,45.5412826718,56076.97,51.564653437776016
2024-04-24,W03,17.0846696568,38.9902003702,52696.95,182.64560248877484
2024-04-24,W04,2.3885024680999996,9.9904952243,13670.199999999999,0.5637604418546082
2024-04-24,W05,6.1655228352,20.456615437200004,24413.14,0.9397767491969135
2024-04-24,W06,1.5922114782,6.534473447400001,9111.98,6.252990504728393
2024-04-24,W07,23.045075321400002,40.7551204583,65634.73999999999,41.85926708177652
2024-04-24,W08,0.6886260532999999,2.9256258831,3929.27,0.0672750815921297
2024-04-25,W01,17.022869316,43.0648373319,61994.85,64.50793259261505
2024-04-25,W02,15.5710033968,42.4600285908,52606.909999999996,45.12065708134235
2024-04-25,W03,16.028688561000003,37.71708056260001,49333.0,166.84037556207846
2024-04-25,W04,2.438415724,10.188583451699998,14040.429999999998,0.6429625987714072
2024-04-25,W05,6.178580162099999,20.2836353972,24463.879999999997,0.8842408896677466
2024-04-25,W06,1.54179094,6.34321878,8655.14,6.355122874125125
2024-04-25,W07,21.9904780965,38.865088196900004,63342.979999999996,41.192472930446364
2024-04-25,W08,0.7329060582,3.1346870274,4184.96,0.07394242306782751
2024-04-26,W01,17.1892365291,43.1729525828,60457.84,71.94045513712818
2024-04-26,W02,15.308150534000001,42.1214552146,52113.58,48.822973917536295
2024-04-26,W03,15.371607344,36.180869319,47529.08,167.28087999912938
2024-04-26,W04,2.4044530425999997,10.0487277497,14012.679999999998,0.5416961046006431
2024-04-26,W05,6.1555603655,20.313559339300003,24400.32,0.8895061364555938
2024-04-26,W06,1.6272874451000001,6.7726084857,9414.91,6.269383478642786
2024-04-26,W07,21.594985268800002,38.262157269099994,63502.060000000005,44.841109885815506
2024-04-26,W08,0.6545140689,2.7670619523,3733.8700000000003,0.07428860894647168
2024-04-27,W01,17.059046037699996,42.909439847399995,60876.28,65.44131640957966
2024-04-27,W02,16.196563314000002,43.682864288299996,54831.83,48.310887808457394
2024-04-27,W03,16.495153190299998,38.484661147699995,50514.03999999999,171.2803404838793
2024-04-27,W04,1.6136235478999998,6.7451957229,9561.25,0.6432418132569023
2024-04-27,W05,4.4514296615,14.9691589681,17700.129999999997,1.0019038300047423
2024-04-27,W06,1.0620349885,4.4171246295,6144.15,7.129043440757721
2024-04-27,W07,21.7632930375,38.592508452299995,63919.64,40.94569690752489
2024-04-27,W08,0.4663376224,1.9907211168,2559.83,0.0767461125461789
2024-04-28,W01,15.262515685200002,37.9154687953,53466.86,57.46861843964155
2024-04-28,W02,16.6470697084,45.377529317500006,56191.7,56.267283547119035
2024-04-28,W03,15.467449660900002,36.433421779099994,47864.28999999999,162.33679325041982
2024-04-28,W04,0.8225128901,3.4325476263000003,4764.1,0.9290571658835222
2024-04-28,W05,2.3765481286,7.820241821600001,9151.67,1.7075614221798143
2024-04-28,W06,0.48999963439999994,2.0104991208,2786.81,9.367405884264658
2024-04-28,W07,22.1266196022,39.099839723799995,63261.920000000006,43.7760799331289
2024-04-28,W08,0.1838754602,0.7721508414000001,1041.06,0.09398524566953363
2024-04-29,W01,17.4463027316,42.342418288400005,60424.81,69.83018156332679
2024-04-29,W02,16.3186863776,43.9298788629,54556.990000000005,48.226488810081094
2024-04-29,W03,17.3041068801,40.8236175463,52769.1,178.73558452393252
2024-04-29,W04,2.4104643799,10.0715886449,13526.09,0.5925157748195388
2024-04-29,W05,6.0342621562,19.9413573458,23610.24,0.8648568843286255
2024-04-29,W06,1.4965285673,6.1922244411000005,8483.25,5.319326103476955
2024-04-29,W07,19.3175089061,34.081630927,54752.56999999999,36.99254865204902
2024-04-29,W08,0.7282133276,3.1312002132,4081.69,0.076092893448806
2024-04-30,W01,16.5164066954,41.3813207141,58770.78999999999,67.57774643584855
2024-04-30,W02,16.4815957675,45.357925626800004,56380.19,54.21042583791073
2024-04-30,W03,15.6432298215,36.7231066455,48632.82,163.2734560223359
2024-04-30,W04,2.4869396461999993,10.3866725187,14235.42,0.5813779778402417
2024-04-30,W05,6.183027478900001,20.2198962183,24329.22,0.8995296190815238
2024-04-30,W06,1.5256254512999998,6.333636029100001,8613.8,5.834912708393093
2024-04-30,W07,20.896644719500003,37.281909067,60020.75,41.0444740543524
2024-04-30,W08,0.6824784043,2.9166094401000007,3873.83,0.06728974879966572
2024-05-01,W01,13.495780240500002,36.465319589900005,51356.28,57.47605582670024
2024-05-01,W02,13.1169269909,36.2788638944,45178.58,42.97588262378119
2024-05-01,W03,13.7574534708,33.3934828332,43067.77,157.84679911883154
2024-05-01,W04,0.5496352116000001,2.2861316671000003,3151.0,2.052508940314504
2024-05-01,W05,1.7296537703000001,5.7665956542000005,8024.21,4.332669785226898
2024-05-01,W06,0.3308839564,1.3764281748,1885.97,20.09742203595724
2024-05-01,W07,19.530967366099997,34.733588411899994,55221.66,38.12490091745089
2024-05-01,W08,0.1252520345,0.5361989115,712.91,0.21512873076969316
2024-05-02,W01,14.005317956099999,35.8980955995,51287.33,69.05226235861987
2024-05-02,W02,14.1856620642,39.1956032101,47960.420000000006,47.654545242662344
2024-05-02,W03,13.737414457500002,34.007301217300004,42963.47,151.86511372681247
2024-05-02,W04,0.5658560587,2.3815965892,3252.5299999999997,2.055371327540991
2024-05-02,W05,1.6600076148999998,5.6168025678,6543.47,3.910141623973298
2024-05-02,W06,0.3005930671,1.2420557997000001,1690.72,18.25094517911354
2024-05-02,W07,18.0135004435,32.2017311229,53208.5,37.235055011802935
2024-05-02,W08,0.12108817720000001,0.5143353204,698.98,0.2205167574497688
2024-05-03,W01,13.349438483500002,35.463552480800004,49558.119999999995,55.66858693213569
2024-05-03,W02,13.887440849099999,38.82078617729999,47935.03,47.142069572316494
2024-05-03,W03,14.757837823400001,35.0036253414,46434.42,170.05643824064902
2024-05-03,W04,0.5678152611,2.3828447198,3227.7200000000003,2.2057331247305063
2024-05-03,W05,1.5561708226000002,5.237932207700001,6290.02,4.0232964207968145
2024-05-03,W06,0.3131854286,1.2816545802000001,1801.24,18.501029572306237
2024-05-03,W07,17.846042110000003,31.876053848399998,52699.62,35.30569865393138
2024-05-03,W08,0.1230322254,0.5234931978,704.74,0.2043609254626815
2024-05-04,W01,14.506302246300002,36.1318602804,51647.770000000004,64.23407463989196
2024-05-04,W02,13.297372982999999,37.6248907925,46398.42,48.76280453620345
2024-05-04,W03,13.897355041099999,34.661508495300005,45422.96,164.33543865928792
2024-05-04,W04,0.5678953977,2.3737986868,3173.1000000000004,2.4105855987673186
2024-05-04,W05,1.5930634018,5.3531047282,6535.2300000000005,3.7115398008941822
2024-05-04,W06,0.33301849440000003,1.3839675408,1883.2,20.916933257961183
2024-05-04,W07,19.950930360100003,35.2969131661,59127.21,44.739648378683846
2024-05-04,W08,0.1159137426,0.4922795382,661.85,0.18570890672237805
2024-05-05,W01,14.088632152200002,35.9521344061,50520.69,55.34829657702961
2024-05-05,W02,13.397172628100002,37.7253432667,46091.009999999995,41.5977291171037
2024-05-05,W03,14.268926781400001,34.396519710599996,45237.33,152.72318079203683
2024-05-05,W04,0.5389868872,2.2672826369,3017.37,2.018057702128934
2024-05-05,W05,1.601301892,5.364233262,6267.43,4.020169593564924
2024-05-05,W06,0.3095092513,1.2844279491000001,1781.67,18.117968231575254
2024-05-05,W07,18.8873894334,33.90672504919999,56431.159999999996,36.992317369794115
2024-05-05,W08,0.12196074019999999,0.5203063614,679.91,0.19494972066860505
2024-05-06,W01,15.654550731000002,39.947186759999994,56890.62,63.708899279667925
2024-05-06,W02,14.431389341000003,39.261501854100004,48677.55,41.201110412913586
2024-05-06,W03,15.2176380812,36.1540497158,46261.18,154.7168311799752
2024-05-06,W04,2.3090734351999997,9.568127539299999,13289.98,0.5422313991543901
2024-05-06,W05,5.7478361097,19.1868032055,22764.9,0.835261495265336
2024-05-06,W06,1.5454568236,6.3936812052,8776.21,6.018040309340977
2024-05-06,W07,18.579399131000002,33.251063005,56033.76,32.77078954228768
2024-05-06,W08,0.7068290816999999,3.0198371619,3922.0,0.0688537330133929
2024-05-07,W01,14.9036823837,38.532131593600006,53766.59,60.01394227883883
2024-05-07,W02,14.671930681,40.7334879489,51063.42,47.32773995748483
2024-05-07,W03,14.6086735704,35.3651343022,46529.35,163.7596804143126
2024-05-07,W04,2.6172841122,11.058707881900002,14883.25,0.5450207879224677
2024-05-07,W05,5.7847998991,19.5024869927,23510.35,0.9011236004412154
2024-05-07,W06,1.6544692061,6.8583188727,9542.92,6.7210039083700295
2024-05-07,W07,19.1032524817,34.243769318,55765.92,31.801387505847295
2024-05-07,W08,0.7313238729999999,3.142107771,4136.76,0.07190164681152708
2024-05-08,W01,15.9668517413,40.1537572229,56230.880000000005,55.858230450312405
2024-05-08,W02,15.5836255778,43.5825053148,54295.35,46.022207127943275
2024-05-08,W03,15.9071000973,38.681120419699994,50970.78999999999,159.1091871779227
2024-05-08,W04,2.5404423020999998,10.557217112100002,14623.99,0.5804672729665648
2024-05-08,W05,5.7274166883,19.211054714399996,23234.64,0.8103026279653051
2024-05-08,W06,1.5483480236,6.3936812052,8689.45,5.733687930855713
2024-05-08,W07,18.548617504600003,33.480479305100005,55101.96,37.193715507225754
2024-05-08,W08,0.682799735,2.892304965,3931.63,0.06152348304864295
2024-05-09,W01,15.646269420600001,39.66630478450001,56394.579999999994,63.61694452255586
2024-05-09,W02,14.9343128625,42.1145501561,51401.38,41.361038414776004
2024-05-09,W03,15.666020276900001,38.4392478249,49658.189999999995,158.07018885357388
2024-05-09,W04,2.6018467040999997,10.980957172300002,14601.25,0.6493402653866772
2024-05-09,W05,5.9514505253,20.0065974351,23899.9,0.7822268955671426
2024-05-09,W06,1.5803416653999998,6.554757877800001,8902.65,5.944083776159597
2024-05-09,W07,20.113183526700002,35.513431089799994,58052.6,41.75545169445079
2024-05-09,W08,0.6747373175999999,2.8911609432,3763.04,0.07559061410756306
2024-05-10,W01,16.1460513492,41.7663234062,58585.299999999996,64.1918647196336
2024-05-10,W02,15.5413039002,43.0564768388,53368.619999999995,54.409090877964424
2024-05-10,W03,14.7134830572,36.0850989788,46919.48,164.20931516260796
2024-05-10,W04,2.3003222765,9.631464154500001,13074.18,0.5306018111054625
2024-05-10,W05,5.700589041,18.7646608509,22599.2,0.8111429047697105
2024-05-10,W06,1.5905139979,6.5849980353,8993.32,5.9109115764398075
2024-05-10,W07,19.258347872999998,34.4720648943,54901.74999999999,36.46551076544378
2024-05-10,W08,0.6558917903999999,2.7699334128,3689.7400000000002,0.05974530549872286
2024-05-11,W01,15.462155418,39.1367257663,54762.06,62.025767263304
2024-05-11,W02,14.546833698099999,41.861994586,51479.47,47.91384072047799
2024-05-11,W03,14.9424636935,35.9359947799,46686.13,160.97976442545948
2024-05-11,W04,1.676626543,7.074990217000001,9542.79,0.6265542316218402
2024-05-11,W05,4.0758450222,13.9684869714,16690.68,1.022404201699222
2024-05-11,W06,1.1424438026,4.766678038199999,6529.2300000000005,7.328196197489367
2024-05-11,W07,18.6601260496,33.3280526081,54778.06,34.298171602923226
2024-05-11,W08,0.4781985977,2.0453313339,2812.1400000000003,0.07815220926091687
2024-05-12,W01,15.384493817800001,38.3970939472,53648.11,60.24912596848223
2024-05-12,W02,14.531944695499998,40.6000834699,50655.65,48.69530367829881
2024-05-12,W03,14.397835310300001,34.404463547300004,45050.39,147.61711498744043
2024-05-12,W04,0.8247005627999999,3.4586575610000003,4738.01,0.91679643153324
2024-05-12,W05,2.1217778878,7.1205085717,8556.99,1.5237009038316256
2024-05-12,W06,0.5055736607,2.0737721949,2864.9700000000003,9.120939215226413
2024-05-12,W07,20.016151587900005,35.340712567299995,58841.619999999995,46.92403640218959
2024-05-12,W08,0.2070417974,0.8822575218,1166.08,0.10699911906339374
2024-05-13,W01,16.6581144113,42.33344565710001,59256.23,61.725067850790744
2024-05-13,W02,15.296513836599999,43.352488795,53940.24,44.013931819254296
2024-05-13,W03,14.6864600409,35.931076149300004,47077.18,155.2988827300701
2024-05-13,W04,2.4679492083,10.4140241578,14382.26,0.5778668706647385
2024-05-13,W05,5.8521461474,19.7428028466,23619.149999999998,0.7771428691286643
2024-05-13,W06,1.720275737,7.223037699000001,9624.3,6.672157658758324
2024-05-13,W07,20.5031268537,36.2970669133,61072.06,36.78073567061685
2024-05-13,W08,0.7401505071,3.1523326796999998,4145.21,0.07465980532278706
2024-05-14,W01,15.076741980799998,38.827619823300004,55865.95,56.8136125167689
2024-05-14,W02,15.434224030400001,43.3846763077,53151.8,43.992201660015965
2024-05-14,W03,15.783456316399999,38.217261259599994,48922.84,165.29083262365296
2024-05-14,W04,2.5229105291000002,10.6633346638,14557.08,0.6198602425034299
2024-05-14,W05,6.1640908021000005,20.449026344,24103.2,0.8226477847625294
2024-05-14,W06,1.5273053388,6.267466971600001,8869.960000000001,6.455575914145748
2024-05-14,W07,20.0390820912,35.5155091449,58486.07,38.504337876054166
2024-05-14,W08,0.7328865659999999,3.118252122,4069.24,0.07725676491354863
2024-05-15,W01,16.702348555700002,42.9441236592,60486.32,60.94079560594729
2024-05-15,W02,14.871668550700003,41.7368722415,50358.3,45.375591313700255
2024-05-15,W03,15.335643300900001,36.6135172225,47713.229999999996,157.53100463174115
2024-05-15,W04,2.4357736631,10.1676111484,14019.419999999998,0.6241111900262069
2024-05-15,W05,6.169892074400001,20.9577579683,25225.93,0.9280612227879267
2024-05-15,W06,1.5320570714000001,6.3082399998000005,8552.83,5.693432251423306
2024-05-15,W07,19.7312208381,35.2428353319,57668.25,36.571467194476625
2024-05-15,W08,0.7037978787,2.9924228409,3963.15,0.0699312349428297
2024-05-16,W01,16.1948022895,41.4336113433,58828.87,60.96040551492316
2024-05-16,W02,15.147616860300001,43.4200471984,52072.909999999996,45.33409408918006
2024-05-16,W03,15.112176695,36.1402089442,47514.82,155.51346726557998
2024-05-16,W04,2.4217076268,10.189593879700002,13830.99,0.5178496055036396
2024-05-16,W05,5.7199165810000006,19.190158300000004,22774.09,0.7742781823094349
2024-05-16,W06,1.6039112188,6.6333714516,9109.22,5.822411057385143
2024-05-16,W07,19.1354128491,34.289059845999994,56635.8,34.38584424384222
2024-05-16,W08,0.7235555041,3.0870504387000004,4147.73,0.0703658641262081
2024-05-17,W01,15.831823379600001,39.4815721728,56545.11,59.05942334947365
2024-05-17,W02,15.054540269699999,42.7142140737,52291.69,45.41325748549778
2024-05-17,W03,14.8747076676,35.886500819,46870.66,150.52325103825137
2024-05-17,W04,2.6195774640999994,11.0804726615,15258.27,0.6175801720308932
2024-05-17,W05,6.0291187514,19.944476370100002,23125.14,0.8474082105758791
2024-05-17,W06,1.6545311464999999,6.9172171755,9425.82,6.093790478102176
2024-05-17,W07,20.498406306699998,36.3949312272,60377.83,35.06908515042385
2024-05-17,W08,0.7413388845000001,3.1653389415,4235.93,0.07743597525563083
2024-05-18,W01,15.5178354171,40.8041906127,57179.07,60.334903155582346
2024-05-18,W02,14.801393804899998,40.7068742517,49969.630000000005,47.645760747131064
2024-05-18,W03,15.574565078,37.7028224158,50646.4,161.14730856303285
2024-05-18,W04,1.7123552275999996,7.205920785599999,9940.689999999999,0.6220403732339823
2024-05-18,W05,4.3159810306,14.4390656714,17232.16,0.9822350384532142
2024-05-18,W06,1.0538847368,4.323553797600001,6143.34,6.870219080958806
2024-05-18,W07,18.5777004945,33.1855474141,54824.61,33.868589821210776
2024-05-18,W08,0.4509048233,1.9176206331,2578.13,0.07273833985750601
2024-05-19,W01,15.632848173600003,39.757462324,56064.869999999995,60.607234222310105
2024-05-19,W02,13.599980487900002,38.575438238400004,46943.56,43.14974724967559
2024-05-19,W03,14.750458642900002,35.0134196969,45502.47,163.398343279829
2024-05-19,W04,0.7938413561,3.3192873526000004,4561.5,0.9266486390484195
2024-05-19,W05,2.1916438036000003,7.4579988771,8848.529999999999,1.5223787168540548
2024-05-19,W06,0.5102787827999999,2.1231881196,2870.0899999999997,9.215465990031062
2024-05-19,W07,18.959245002100005,33.947669876300004,55007.520000000004,37.78706658661177
2024-05-19,W08,0.202602091,0.8693596170000001,1096.25,0.09934621012340182
2024-05-20,W01,15.3880973692,39.6174458286,55938.229999999996,62.161823999289034
2024-05-20,W02,15.2933449048,42.7959320423,53128.7,51.16610762539479
2024-05-20,W03,14.295309932200002,35.5136800254,44865.880000000005,142.60229766973248
2024-05-20,W04,2.3203748132,9.717525853700002,13427.609999999999,0.5308439886939345
2024-05-20,W05,5.7744150436,19.4437465922,23246.19,0.78849236779501
2024-05-20,W06,1.4909190529999998,6.113484831000001,8602.15,5.556434047770783
2024-05-20,W07,19.497931709699998,34.902512932899995,56855.850000000006,36.7583114828179
2024-05-20,W08,0.6983787780999999,2.9678919567000004,3898.84,0.07301952851831724
2024-05-21,W01,14.453295773899999,38.2545514321,52984.76,54.43638524601895
2024-05-21,W02,14.614548317600002,41.109215723400006,50238.74,49.07553910079685
2024-05-21,W03,14.5915609869,35.526997482300004,46472.56,170.73142206634293
2024-05-21,W04,2.3481025677000003,9.8579777806,13313.46,0.5597665502841741
2024-05-21,W05,5.8296091002,19.500671620099997,23112.66,0.8586670502499729
2024-05-21,W06,1.6102415168,6.6796912176,9244.85,5.551044773320371
2024-05-21,W07,22.0491925614,39.1281204599,63078.06999999999,41.16358608899875
2024-05-21,W08,0.7128224509000001,3.0533411463,4102.95,0.07359799876122197
2024-05-22,W01,16.2936204596,41.5195079869,58050.58,61.64214061272821
2024-05-22,W02,14.1822930083,39.7524547339,48919.340000000004,44.71821675779132
2024-05-22,W03,14.9157189587,35.9551529939,46407.020000000004,143.36110030179827
2024-05-22,W04,2.4241250026000003,10.1271718082,13955.08,0.5506130143304185
2024-05-22,W05,5.737321478,19.4159257555,23502.82,0.892219553333607
2024-05-22,W06,1.5324473134,6.361494613800001,8799.47,5.889633555731492
2024-05-22,W07,19.850583924600002,35.466807111200005,57855.009999999995,37.11666054231736
2024-05-22,W08,0.684912416,2.913229272,3815.89,0.07327408278804917
2024-05-23,W01,14.804871479800001,38.961377306299994,56142.91,57.95059959056499
2024-05-23,W02,14.882144410299999,41.2556708849,50268.52,48.6069784412734
2024-05-23,W03,15.075423393100001,36.7549993095,47086.86,162.45068311530176
2024-05-23,W04,2.6584792729,11.208922879400003,15151.880000000001,0.5876377976397046
2024-05-23,W05,5.6795216799,18.8622632597,22418.17,0.8451954671534291
2024-05-23,W06,1.5595524209,6.453526776300001,8743.41,6.9808304241176335
2024-05-23,W07,20.3095773326,36.0140113841,58799.92,39.757218175162485
2024-05-23,W08,0.644189413,2.7309214710000003,3661.3599999999997,0.06437669731122438
2024-05-24,W01,15.240951989600001,39.666106533699995,55637.950000000004,71.0371616255494
2024-05-24,W02,14.975826612799999,41.8615860618,52534.409999999996,50.335529083086854
2024-05-24,W03,15.3063933689,37.189813024100005,47838.46,152.54223923083057
2024-05-24,W04,2.402613432,10.135730546600001,13838.39,0.576297857928237
2024-05-24,W05,6.0122130894,20.1885540725,24391.84,0.8261616681992898
2024-05-24,W06,1.5593152697000001,6.4264215579,9004.130000000001,5.458201116972309
2024-05-24,W07,20.070907289,35.931788239599996,59136.600000000006,35.90855502598646
2024-05-24,W08,0.6953284708999999,2.9615228463000003,3938.05,0.06824228984973571
2024-05-25,W01,14.852691441400003,38.737089048,54438.25,54.64948411184005
2024-05-25,W02,14.1483161436,40.15685538260001,49499.68,41.89735006544464
2024-05-25,W03,14.614007242,35.5560954808,46172.55,151.74870453979065
2024-05-25,W04,1.6163389916,6.6981019292,9276.16,0.5907196759032534
2024-05-25,W05,4.0717362552,13.5374978198,16543.55,0.9785955031681437
2024-05-25,W06,1.5006117436000002,6.3936812052,8634.85,9.19593915750512
2024-05-25,W07,19.9483393107,35.6003330391,59204.92,35.787295099692514
2024-05-25,W08,0.5029453912,2.1413213784,2848.6,0.07704323317697834
2024-05-26,W01,14.3068458412,36.203414885499996,50524.880000000005,57.31656794452168
2024-05-26,W02,14.1303580078,39.716938124100004,49291.91,40.99820113793964
2024-05-26,W03,14.951738410699999,35.5836976345,46650.49,168.95001481050417
2024-05-26,W04,0.8445504736,3.5548284768000005,4768.84,0.9839117312083508
2024-05-26,W05,2.1885362034,7.2919818350000005,8893.85,1.5854236190525863
2024-05-26,W06,0.48255268360000003,1.9874293452000003,2757.41,9.251216111654301
2024-05-26,W07,17.597730876900002,31.7239759843,51088.34,34.13038883966929
2024-05-26,W08,0.19119424889999997,0.8124157323000001,1081.74,0.08872234079034863
2024-05-27,W01,16.5292323041,42.3172863215,58772.0,55.36911882335994
2024-05-27,W02,14.3828856646,39.7087436866,49798.41,43.148441251593745
2024-05-27,W03,15.3454610031,37.1850701195,48097.43,162.4408371416776
2024-05-27,W04,2.3753494392,9.8287661817,13797.16,0.5122850394444584
2024-05-27,W05,5.7355263859,19.4200186436,23772.41,0.8764159673529487
2024-05-27,W06,1.6164308367999998,6.6726194975999995,9395.45,5.992618130994264
2024-05-27,W07,18.8008352447,33.86761501509999,55631.259999999995,35.085414716744516
2024-05-27,W08,0.6992027116,2.9921382612,3990.1600000000003,0.072768965114223
2024-05-28,W01,15.9986521806,41.07650245720001,57403.1,58.33346282241069
2024-05-28,W02,15.0237040601,41.736969639499996,51489.1,47.758279536712685
2024-05-28,W03,15.582200421000001,37.628295056999995,48502.76,173.18751648827984
2024-05-28,W04,2.4530039640999997,10.353940573800001,14085.519999999999,0.5826162978154893
2024-05-28,W05,6.0249713667,19.870803098800003,23649.73,0.8708241962651943
2024-05-28,W06,1.5970750119999997,6.599899404,9044.01,5.807123161951858
2024-05-28,W07,20.0844123795,35.5952962596,58946.11,34.12767945295561
2024-05-28,W08,0.7415793373999999,3.1644840617999996,4207.400000000001,0.07353096461709586
2024-05-29,W01,16.057963304,40.335065965400005,57210.94,59.53876926727622
2024-05-29,W02,14.9822929776,42.072389246700006,53160.58,43.15934820806651
2024-05-29,W03,15.1852791785,36.218542904500005,46831.6,147.43562059206184
2024-05-29,W04,2.419210487,10.142246246300001,13455.59,0.5336588288807177
2024-05-29,W05,5.524765118200001,18.151500044600002,21692.18,0.8480865920482478
2024-05-29,W06,1.5619928909,6.425867226300001,9077.619999999999,6.059144387895621
2024-05-29,W07,18.608614854400003,33.587422027399995,54670.86,38.47004520080957
2024-05-29,W08,0.6999676691,2.9859077337000004,3963.99,0.07769719616717569
2024-05-30,W01,15.094698758700002,39.1302905686,55371.33,52.981143877475816
2024-05-30,W02,14.658857929400002,40.285500956199996,49587.0,47.48684916535199
2024-05-30,W03,15.645421015500002,37.6404181113,48589.86,163.39182713515885
2024-05-30,W04,2.5371548763000003,10.6691773812,14945.91,0.5927047051386487
2024-05-30,W05,5.8532097274,19.450449628600005,23698.69,0.9047361817667801
2024-05-30,W06,1.576632824,6.499001928,8959.19,5.7826678501217685
2024-05-30,W07,21.3408484369,37.87979946869999,62289.78999999999,40.211807248954706
2024-05-30,W08,0.6902060083999999,2.9510720987999997,4003.7700000000004,0.06276150856184282
2024-05-31,W01,16.6414136271,42.6106827927,59558.22,70.07501106240525
2024-05-31,W02,15.194991451499998,42.3445264371,52525.89,45.079631683329865
2024-05-31,W03,14.3381775902,34.8657506314,44546.76,152.55490216944898
2024-05-31,W04,2.1366260118000002,8.9670659874,11999.59,0.4724790834026218
2024-05-31,W05,5.8037490469,19.661440300800002,23376.67,0.9054582187849518
2024-05-31,W06,1.6002274871,6.714312419700001,9026.24,6.214837707439268
2024-05-31,W07,20.473799376800002,36.5003890283,60149.25,36.49180357043554
2024-05-31,W08,0.7202609166999999,3.0778651869,4062.1400000000003,0.07214756652776279
2024-06-01,W01,15.568311417800002,41.4647117372,58815.78,57.460153383208905
2024-06-01,W02,14.9260317899,42.918248865799995,53058.14,44.85942550814627
2024-06-01,W03,14.7245377767,37.6764435975,48568.53999999999,145.9392217324942
2024-06-01,W04,1.9370125160999998,8.2488790311,10983.619999999999,0.668743376859488
2024-06-01,W05,4.1505281612,14.484503178400002,17951.920000000002,1.0443196019509935
2024-06-01,W06,1.2440150607999998,5.2501544256,7238.25,7.915092325507413
2024-06-01,W07,16.187423677,29.821110167999997,49113.77,31.159022303709268
2024-06-01,W08,0.5572463896,2.4041703672,3125.37,0.08894368054447133
2024-06-02,W01,14.7991339242,40.2070408319,55023.56,56.11343890936391
2024-06-02,W02,13.724227703,40.00699951799999,48877.2,47.4099340299848
2024-06-02,W03,14.237853349100002,35.7324446579,45186.740000000005,177.14060601547726
2024-06-02,W04,0.9531258391999998,4.0226648744,5346.53,1.037386522068491
2024-06-02,W05,2.3049078859,8.0052337219,9580.81,1.6332535824244971
2024-06-02,W06,0.6362848676999999,2.7047692238999996,3598.31,11.723998888929835
2024-06-02,W07,16.1928463473,29.8226241018,47999.91999999999,33.99330402872654
2024-06-02,W08,0.22616814369999996,0.9722206359000001,1295.8300000000002,0.11150394938328939
2024-06-03,W01,15.3844327453,43.8463606356,59756.99,54.96756756525965
2024-06-03,W02,14.814060388900002,43.1926539756,52527.02,41.50201258698747
2024-06-03,W03,14.672912451400002,36.490601208399994,46512.380000000005,152.55679404657934
2024-06-03,W04,2.9608735601,12.700552839200002,17047.03,0.696852886473322
2024-06-03,W05,5.956109753800001,20.7926397508,24763.93,1.002332577076457
2024-06-03,W06,1.7878687249999998,7.502096895,10040.08,6.250349510388298
2024-06-03,W07,19.4823585132,35.1185074748,58153.01,33.38026538758741
2024-06-03,W08,0.7714516895,3.3096533565,4370.7,0.07411654458848091
2024-06-04,W01,16.628782969699998,45.7534202525,62812.27,64.66066403429637
2024-06-04,W02,15.337135294600001,44.635752335999996,54934.36,45.28329577109654
2024-06-04,W03,13.944692426200001,34.7852460894,45145.869999999995,132.21728321576214
2024-06-04,W04,2.6642127749,11.2165731479,15054.58,0.6357947670680795
2024-06-04,W05,5.9851435908,20.4684479055,24605.03,0.7917354054388339
2024-06-04,W06,1.7769677914999997,7.5339681105,9972.76,6.953312926274764
2024-06-04,W07,18.5158340601,34.0127181767,55356.84,33.52732505119862
2024-06-04,W08,0.7753306613,3.3352837790999996,4384.13,0.07424301654884456
2024-06-05,W01,16.579383754400002,44.3778258106,61344.5,63.08073627771776
2024-06-05,W02,14.5412490369,41.72957093109999,52249.68,44.83846599291404
2024-06-05,W03,15.102032620300001,38.5944745141,50624.7,158.2508055065964
2024-06-05,W04,2.7739889648,11.716139735,15962.3,0.6132998525996256
2024-06-05,W05,5.9448673968,20.6886810606,24865.73,0.8356093332827319
2024-06-05,W06,1.8213172350999998,7.708527815700001,10116.82,7.196123364164727
2024-06-05,W07,17.2488874734,31.5087511132,53294.12,34.95116141264482
2024-06-05,W08,0.7667151687999999,3.2890752216,4319.81,0.07780172700789832
2024-06-06,W01,15.6339348031,42.300965025800004,58065.69,60.55439926833992
2024-06-06,W02,14.9595786378,43.9148953699,53199.48,43.1034761448963
2024-06-06,W03,14.2537453073,36.3866214245,47210.37,148.64373782275894
2024-06-06,W04,2.9214717852999996,12.458059419000001,16381.86,0.6722955600679965
2024-06-06,W05,5.9323028242,20.5655218039,24561.77,0.8105285209907563
2024-06-06,W06,1.8481314143999998,7.775205580800001,10616.689999999999,7.086909761063881
2024-06-06,W07,19.164838144100003,34.59858935079999,56768.97,39.352607980032985
2024-06-06,W08,0.7472356477,3.2030973639,4192.46,0.07235326458680964
2024-06-07,W01,15.384743590200001,42.0160887132,57363.6,63.946163748966086
2024-06-07,W02,15.4177719492,44.61288770070001,55326.36,46.67130404664172
2024-06-07,W03,14.881355039000002,37.232755407800006,48138.71,148.09823591055203
2024-06-07,W04,2.8400358044,12.139141321000002,16142.759999999998,0.6703327911101774
2024-06-07,W05,6.053367933600001,21.096621653300005,25612.69,0.8501126065455114
2024-06-07,W06,1.8439022413,7.787843999100001,10494.75,7.0149560450137525
2024-06-07,W07,18.730257067599997,33.9549793427,55352.43,34.30217561740321
2024-06-07,W08,0.7875776467999999,3.3998388876000005,4446.35,0.07796327215873913
2024-06-08,W01,14.5463075786,39.1792231056,54333.149999999994,57.95249310210196
2024-06-08,W02,13.405590066600002,39.543909434300005,48671.87,45.33801653335859
2024-06-08,W03,14.0645157144,36.0571919682,45660.520000000004,155.31462331621665
2024-06-08,W04,0.635759857,2.7214816042,3619.46,2.3390723215599705
2024-06-08,W05,1.6490963571,5.722483094100001,6879.27,3.63968226282753
2024-06-08,W06,0.35730297369999997,1.4963833659,2053.2,25.78315584499928
2024-06-08,W07,16.2395623693,29.7398621021,48806.35,32.62456504959108
2024-06-08,W08,0.13098470220000002,0.5651205354,740.6,0.23580877851189086
2024-06-09,W01,14.820607298699999,40.3701278927,56783.259999999995,62.662176337753046
2024-06-09,W02,13.3753543862,37.7599381231,47269.79,45.60033815360173
2024-06-09,W03,13.9881159685,35.7844365455,45935.89,168.7572050392694
2024-06-09,W04,0.573562645,2.4177690958999998,3282.2400000000002,2.3569937537241366
2024-06-09,W05,1.6065827363999998,5.6142512527,6852.650000000001,3.863621628433252
2024-06-09,W06,0.3558414902,1.4778970914,2012.5700000000002,24.251447570367343
2024-06-09,W07,16.323465194,29.685694147899998,49132.95,34.64225499096988
2024-06-09,W08,0.14199319509999997,0.6153645357,801.6800000000001,0.25736739524463753
2024-06-10,W01,14.38458432,39.8720291895,55464.03,60.70162010701686
2024-06-10,W02,13.724289780400001,39.573281615,48305.11,49.805810000145165
2024-06-10,W03,13.848909218,34.51598377999999,45229.76,145.68904477266508
2024-06-10,W04,0.643831811,2.7342880481000003,3619.35,2.2767537563873614
2024-06-10,W05,1.6770981145000001,5.8737843842,6989.23,3.891756814236917
2024-06-10,W06,0.3684905666,1.5522163062,2071.35,23.12750684742359
2024-06-10,W07,17.7504382139,32.6081679731,52819.98,39.82651373790089
2024-06-10,W08,0.1296487099,0.5551476993,734.84,0.2320729428717187
2024-06-11,W01,15.0551586505,40.10077432,56771.26,57.64240510640089
2024-06-11,W02,14.8493436048,43.521082654800004,52121.97,51.354091233797675
2024-06-11,W03,15.339342574800002,37.3979890726,48617.840000000004,159.94142780222302
2024-06-11,W04,2.7216758328,11.583247270000001,15734.05,0.5940581938174356
2024-06-11,W05,6.0570060206,21.3350259336,25487.72,0.9217197902492278
2024-06-11,W06,1.9407913076999999,8.2620005439,10911.02,7.996569089380848
2024-06-11,W07,19.076833403000002,34.361527034400005,58189.740000000005,35.462819024090095
2024-06-11,W08,0.8304912852,3.6088515564000003,4647.34,0.08278054703514448
2024-06-12,W01,16.397450102100002,44.743092215100006,61815.5,56.295425635911094
2024-06-12,W02,15.275647694800002,44.4046653612,54950.69,46.857527545229786
2024-06-12,W03,14.2934209749,36.049959768499996,46274.85,136.9941436790753
2024-06-12,W04,2.8128672882,11.9764531398,16192.630000000001,0.6670253600636656
2024-06-12,W05,5.734798026500001,19.921532279900003,24040.34,0.8274271126465904
2024-06-12,W06,1.6714038104,6.9946017528,9356.48,6.7011350704231
2024-06-12,W07,19.095457778700002,34.5359620669,56650.5,35.759953891833185
2024-06-12,W08,0.7789279283,3.3486459081000004,4372.05,0.07725448537007826
2024-06-13,W01,14.089518073399999,38.522365654699996,53511.75,54.66159503024142
2024-06-13,W02,14.9918201014,44.346527895200005,53996.64,42.181406142712845
2024-06-13,W03,15.0938104876,38.2130617096,48848.89,151.56863037837405
2024-06-13,W04,2.6020132915,10.999123711500001,14865.31,0.5514043768611392
2024-06-13,W05,5.872392941299999,20.2047314123,24828.469999999998,0.8610915513244849
2024-06-13,W06,1.8098031733,7.594329803100001,10337.84,6.967159065991177
2024-06-13,W07,18.1740688808,32.894182131799994,55580.85,32.7799131009132
2024-06-13,W08,0.753244024,3.2382546480000003,4260.03,0.06921703712892895
2024-06-14,W01,16.3404376785,45.5021844958,62204.219999999994,61.874972276286684
2024-06-14,W02,14.8028747381,44.0239958669,53513.49,43.708845596303185
2024-06-14,W03,14.7827351976,37.076778624,48826.52,153.87622643724822
2024-06-14,W04,2.7385734327,11.6524173935,15863.4,0.5978298023427052
2024-06-14,W05,6.4915713657000005,22.7620086249,27132.300000000003,0.885887793469708
2024-06-14,W06,1.8873718951999998,7.9331513064,10460.17,6.739434510389254
2024-06-14,W07,18.6843639692,34.2774016683,57242.979999999996,36.181048829522105
2024-06-14,W08,0.7660833996,3.3030201972000004,4339.01,0.07449031946158892
2024-06-15,W01,15.1923856668,41.9662770163,58415.86,60.72315018046213
2024-06-15,W02,14.6725344917,43.668259364099995,53767.05,48.112664829388585
2024-06-15,W03,14.760665506600002,37.317599004600005,47890.8,142.7516707439967
2024-06-15,W04,1.9145877985,8.1064004922,11146.19,0.7111145688789381
2024-06-15,W05,4.3065127562,14.988859257100001,17876.04,1.0387316238512239
2024-06-15,W06,1.2018169078999998,5.0731897653,6770.78,6.599582152604267
2024-06-15,W07,17.9601187332,32.804121445899995,54733.43,33.29110568595722
2024-06-15,W08,0.5056615936,2.1744307152,2863.03,0.08214291411977759
2024-06-16,W01,14.524063017600001,39.260101590800005,54679.88,63.95814387261271
2024-06-16,W02,14.096157893300001,40.85226171429999,49877.15,40.270939863669994
2024-06-16,W03,14.178987708700003,35.148713329699994,46234.92,161.1413406905252
2024-06-16,W04,0.9235500642,3.910994247,5261.830000000001,1.069682615327773
2024-06-16,W05,3.5650997154,11.5406865413,12705.789999999999,2.577112208158338
2024-06-16,W06,0.6092712495999999,2.5765150272,3409.5600000000004,10.67230551594878
2024-06-16,W07,17.625023298,32.205386085899995,52736.53999999999,34.4094915367405
2024-06-16,W08,0.22097756699999999,0.9464869890000001,1224.28,0.11046022953066632
2024-06-17,W01,15.6221255603,42.636726941499994,59786.78,59.87782890111155
2024-06-17,W02,14.6452093262,44.37692606539999,52980.880000000005,46.01259029178069
2024-06-17,W03,14.8671798483,36.479782086499995,46769.62,153.89658763314526
2024-06-17,W04,3.0360951609,12.9794245205,16973.03,0.655102434418987
2024-06-17,W05,6.426685229500001,22.241606244400003,27092.199999999997,0.8993276373826283
2024-06-17,W06,1.6720548886,6.9642378402,9718.650000000001,6.09622713023695
2024-06-17,W07,18.336013472299996,33.4398607963,55127.759999999995,32.03485372804987
2024-06-17,W08,0.7739359076,3.3238475532,4312.5,0.07743870655043628
2024-06-18,W01,17.1823610486,45.554702787100005,63716.15,60.729648991983936
2024-06-18,W02,16.146521935,47.882390188,58012.92999999999,52.878908838738624
2024-06-18,W03,14.8532659177,37.8721489399,48923.4,140.31841893268086
2024-06-18,W04,2.6782690279,11.306262006699999,15161.289999999999,0.64874167606093
2024-06-18,W05,6.257301825199999,21.8851680099,26711.1,0.829826180581996
2024-06-18,W06,1.7838308069999997,7.592763189,10001.65,6.462663373438977
2024-06-18,W07,19.9804268583,35.8827281317,57923.7,36.38646564994346
2024-06-18,W08,0.8425460382,3.6524053674,4768.81,0.08264291815865357
2024-06-19,W01,15.3185368057,41.12680818170001,57319.58,59.25726688703295
2024-06-19,W02,15.3087794141,46.2513893787,55977.25,46.47262393667562
2024-06-19,W03,14.2902088838,36.1450795296,46307.17,147.39771927591542
2024-06-19,W04,2.7082772365,11.415290648700001,15423.31,0.6512446894003463
2024-06-19,W05,6.2066806110999995,21.8890773834,26478.69,0.8014571609111023
2024-06-19,W06,1.8852769985999998,7.9679088102,10665.7,6.916950086403309
2024-06-19,W07,17.758360263500002,32.5209935063,53965.87,33.66035210823106
2024-06-19,W08,0.7983480783999999,3.4309795488,4441.91,0.08328643073152023
2024-06-20,W01,15.16692006,41.0531345478,55848.68,58.78081604495689
2024-06-20,W02,15.071830613300001,43.704241682,53819.49,46.43415627123866
2024-06-20,W03,14.9563795852,38.0488454276,49400.33,164.31248445684653
2024-06-20,W04,2.8286996986,11.9776094716,16312.5,0.6306790716952442
2024-06-20,W05,6.1716603351999995,21.472683901899998,25419.010000000002,0.8805738505966886
2024-06-20,W06,1.8140537214999999,7.634397940500001,10358.18,7.168642746212271
2024-06-20,W07,19.1775100485,34.811565476199995,55391.55,35.38246818024155
2024-06-20,W08,0.8010677928999999,3.4422743403,4564.129999999999,0.0840313720889029
2024-06-21,W01,15.303487842900001,41.39165022580001,56717.8,56.19175690633905
2024-06-21,W02,14.5322190661,42.521804478899995,51376.990000000005,44.9321299651234
2024-06-21,W03,14.3181029562,36.619784121799995,46895.07,149.4302005489574
2024-06-21,W04,2.5415382081,10.755135158000002,14361.24,0.587415334672631
2024-06-21,W05,6.1818777406,21.401876936,25680.050000000003,0.9238155053140615
2024-06-21,W06,1.7617978727999999,7.3688645496,9918.470000000001,7.12001500466774
2024-06-21,W07,17.8281017162,32.5622319018,54270.229999999996,35.3895080993632
2024-06-21,W08,0.7763050576999999,3.3254267139,4308.83,0.07439029512430036
2024-06-22,W01,14.959066795999998,40.826245801,56730.03,56.84918367688191
2024-06-22,W02,14.3396204165,41.4173223259,51376.32,46.89951469328083
2024-06-22,W03,15.3725518625,38.265466472499995,49434.09,155.90981513504192
2024-06-22,W04,1.9760920289000001,8.417435214000001,11212.73,0.7132026682137921
2024-06-22,W05,4.1772864455,14.534994477200001,17415.78,0.8824949773909178
2024-06-22,W06,1.2273757032000001,5.1676069224,7048.79,6.664869475879146
2024-06-22,W07,17.425567643399997,31.7992530776,51677.170000000006,29.54998599859589
2024-06-22,W08,0.5937127580000001,2.5623693060000003,3396.15,0.09638253580135724
2024-06-23,W01,14.0431094367,38.7261397553,53665.21,54.91767862556314
2024-06-23,W02,14.4808016342,41.715583070399994,51312.66,47.738172052957424
2024-06-23,W03,14.3964050187,36.1641911097,46966.61,151.50761430315404
2024-06-23,W04,0.9934144038,4.2256904246000015,5565.87,1.1243061225921818
2024-06-23,W05,2.3015010537999996,7.975419874900001,9509.560000000001,1.6551250629616043
2024-06-23,W06,0.5349219861000001,2.2202970927,3060.5899999999997,9.415982856891393
2024-06-23,W07,18.2858333591,33.497050566,53966.060000000005,38.413840871010166
2024-06-23,W08,0.2359275174,1.0200420018,1307.64,0.11270090804649863
2024-06-24,W01,15.303268991100001,43.169092787500006,59007.600000000006,61.74581888978104
2024-06-24,W02,15.1626340658,43.7040162948,54001.73,45.137499786556965
2024-06-24,W03,15.127994876,39.126348508,50145.58,146.085160454247
2024-06-24,W04,2.8940644248,12.2805887204,16964.48,0.6347253316442792
2024-06-24,W05,6.165478682300001,21.4759719282,25856.11,0.8928702183633143
2024-06-24,W06,1.7194967268,7.1353038876,10001.7,6.818583408544758
2024-06-24,W07,18.7432840046,34.0975367609,55583.340000000004,38.16172525236484
2024-06-24,W08,0.8216034459,3.5457096513,4598.64,0.08778525503454232
2024-06-25,W01,15.6235590218,42.088223517699994,58636.72,55.26433475695598
2024-06-25,W02,15.3683788635,44.32434031,54348.82,45.78118889785875
2024-06-25,W03,14.7374098414,35.910395879000006,46494.76,148.0387925927414
2024-06-25,W04,2.8382962253999997,12.0400217849,16393.53,0.6642866463765985
2024-06-25,W05,6.1439508373,21.3777011732,26145.8,0.8238290762635299
2024-06-25,W06,1.8395368244,7.792143490800001,10522.03,6.7571898601938045
2024-06-25,W07,18.6194561544,34.00437615159999,54794.33,31.340187565897118
2024-06-25,W08,0.7914333812,3.4082428284,4449.78,0.07540237016791135
2024-06-26,W01,15.6097026249,42.457423880200004,59031.09,60.184538428232145
2024-06-26,W02,14.9060671073,43.930029330100005,53607.19,48.1588112758829
2024-06-26,W03,15.1656572122,38.7386666148,49370.03,167.9679386436886
2024-06-26,W04,2.6885034152,11.3406145033,15688.95,0.6686936166391951
2024-06-26,W05,6.2772477507,21.9781826306,26463.61,0.9434082234988198
2024-06-26,W06,1.7551297065999998,7.3839900462,9930.29,6.644795509131658
2024-06-26,W07,18.8849338521,34.3499131987,56350.44,34.07098526039092
2024-06-26,W08,0.7858214061,3.3680828727,4492.110000000001,0.07637359198894139
2024-06-27,W01,15.678532307600001,43.1849510896,58904.14,61.04444166205935
2024-06-27,W02,15.4668673716,43.6422486047,53246.8,46.694121361679514
2024-06-27,W03,14.7695036893,37.697296153900005,47574.92,165.1441698828186
2024-06-27,W04,2.8526777978999998,12.1298816085,16322.75,0.7595039365011748
2024-06-27,W05,5.9480147231,20.7141362917,25402.690000000002,0.8029823569903842
2024-06-27,W06,1.9021244105,8.0565397035,10615.369999999999,8.022490227710787
2024-06-27,W07,17.5343525516,31.7800108384,51459.89,35.78344360578189
2024-06-27,W08,0.7554112018999999,3.2594418633,4223.47,0.07894551115101872
2024-06-28,W01,15.279147960900001,42.729665204300005,59900.65,63.989462763845616
2024-06-28,W02,14.7359914107,43.76853033410001,52991.55,45.384522595875474
2024-06-28,W03,14.946225342200002,38.204453751399996,48783.9,170.51195416348185
2024-06-28,W04,2.9014175222999996,12.473759754000003,16656.82,0.6716399736799463
2024-06-28,W05,6.1475090018000005,21.4059521493,25606.63,0.9966962751581335
2024-06-28,W06,1.8152574172999998,7.5888321110999994,10290.92,7.169149844789181
2024-06-28,W07,17.548068628300005,31.926814379999996,53612.66,32.406944211999836
2024-06-28,W08,0.7458409603999999,3.2408301228000003,4253.53,0.07259208219409538
2024-06-29,W01,15.936857522799999,43.741534116100006,60672.24,64.95984055532458
2024-06-29,W02,15.142465742399999,43.3390777361,53254.83,45.68910441730231
2024-06-29,W03,13.800265259900002,35.1950882861,45303.729999999996,154.9686167621165
2024-06-29,W04,1.9297276666999998,8.196755940200001,10997.789999999999,0.7442614040216613
2024-06-29,W05,4.2140369348,14.4692534792,17431.72,0.9888027249793925
2024-06-29,W06,1.1883503467999998,4.9837901076,6594.07,6.712706020448511
2024-06-29,W07,18.625637739899997,33.7194965046,56324.01,35.06154193950985
2024-06-29,W08,0.5170292128,2.2266975695999998,2912.5699999999997,0.07856753383911554
2024-06-30,W01,15.0259347649,40.303241121599996,56802.12,56.81054536583337
2024-06-30,W02,14.7272433781,43.5318839726,53094.44,48.595621873442944
2024-06-30,W03,13.8899444255,35.3681889833,45596.58,139.8419791947728
2024-06-30,W04,0.91585896,3.8888177377000006,5165.97,1.0560227471888866
2024-06-30,W05,2.1424234834,7.3655809592,8820.34,1.5107224461532494
2024-06-30,W06,0.6013184667999999,2.5559089476,3463.8900000000003,11.87461179723138
2024-06-30,W07,16.587261101299998,30.506658365499995,51174.2,32.30279887223389
2024-06-30,W08,0.237291788,1.0202210760000001,1332.52,0.11031798900966071
2024-07-01,W01,15.3083110803,43.652374134,59960.29,54.63137093226176
2024-07-01,W02,15.568285271,45.985243940100005,56968.479999999996,47.76485344055275
2024-07-01,W03,15.267780245900001,39.9529501079,51367.93,160.0580805533133
2024-07-01,W04,3.1195686668000002,13.359782450300001,17645.6,0.7408965581546465
2024-07-01,W05,6.1226197331000005,21.900488611800004,26558.920000000002,0.78402408909003
2024-07-01,W06,2.0447061345999997,8.7057857622,11652.769999999999,7.876705617726483
2024-07-01,W07,17.862659617400002,33.062613205299996,54803.38,31.468344524248685
2024-07-01,W08,0.8120838191999998,3.5274469344,4629.38,0.06842393141192027
2024-07-02,W01,16.1682023988,45.86360918,61967.16,58.968653777951225
2024-07-02,W02,16.0652378316,47.0819619468,58359.42,48.54103441361849
2024-07-02,W03,15.0161340215,39.207305804300006,50412.68,163.72604286648857
2024-07-02,W04,3.1063403366,13.371321120300003,17634.06,0.7886654674476291
2024-07-02,W05,6.149634787799999,21.3094023331,25572.33,0.8653945579069886
2024-07-02,W06,1.9135130608,8.1089542656,10784.11,6.9164789300947005
2024-07-02,W07,19.9399287177,36.2964042023,58920.56,38.081860474936356
2024-07-02,W08,0.9000915738999999,3.9074623473000005,5092.860000000001,0.08899906252981782
2024-07-03,W01,16.208882411700003,47.0298784637,64133.16,55.3784422985859
2024-07-03,W02,16.0476449792,46.78561641230001,57438.9,50.753973082847075
2024-07-03,W03,15.383306938799999,39.1206185586,51137.149999999994,168.87845054725494
2024-07-03,W04,2.9448529570999997,12.567785530000002,16633.59,0.7849006250466433
2024-07-03,W05,5.918109799300001,20.8311805264,25076.3,0.880479544375911
2024-07-03,W06,2.0141046268,8.5481651076,11426.79,6.7383669736802485
2024-07-03,W07,17.3283441204,31.955454898400003,52259.68000000001,31.932583414846295
2024-07-03,W08,0.8189083512,3.5207630184000003,4653.3,0.08670255832934799
2024-07-04,W01,16.1676859974,45.5038380021,62274.97,61.29974823467856
2024-07-04,W02,15.244461404,45.93133979870001,56388.479999999996,43.16734458074235
2024-07-04,W03,15.122744250700002,37.9006397127,49710.43,159.63712632162313
2024-07-04,W04,3.0010724849,12.8354921598,17189.72,0.7368276480960794
2024-07-04,W05,6.102949668400001,21.7357205201,26528.620000000003,0.7576455945270301
2024-07-04,W06,1.9775214835,8.4705603945,11300.42,6.718676472486852
2024-07-04,W07,19.2466849033,35.1897084183,57444.01,38.92378906609285
2024-07-04,W08,0.8689860701999998,3.7617204714,4956.45,0.0883719979937506
2024-07-05,W01,15.0735244255,41.8522158639,57913.26,57.043529232230576
2024-07-05,W02,15.6325281852,47.3656301122,57614.55,50.853366206035055
2024-07-05,W03,15.623360190800001,39.7168673596,51172.19,164.4356522418221
2024-07-05,W04,2.8217945830999995,11.9429998894,16385.38,0.6506809895544493
2024-07-05,W05,6.271163989200001,22.3035549838,26566.0,0.9216962278609829
2024-07-05,W06,1.7591194913999997,7.3862210598,10019.369999999999,6.546218564841862
2024-07-05,W07,17.993352874299998,33.165131761999994,54483.36000000001,34.703575739218145
2024-07-05,W08,0.8018654935999999,3.4627384152,4409.530000000001,0.07869105729257747
2024-07-06,W01,15.548827100500002,44.038903699600006,59945.14,57.09197127377942
2024-07-06,W02,14.7183478956,43.5582012866,52245.82,44.788350969508855
2024-07-06,W03,14.654003377300002,38.029194007700006,48726.28999999999,142.7973161175588
2024-07-06,W04,1.9731863442999997,8.374306178700001,11183.460000000001,0.7381173927128171
2024-07-06,W05,4.349740606399999,15.5468569933,18586.61,1.0533875589205695
2024-07-06,W06,1.1865053749999999,4.988271525,6820.5599999999995,7.969167052865596
2024-07-06,W07,17.121946667900005,31.283187045800002,51796.47,30.866037640566926
2024-07-06,W08,0.6050979489,2.6279087522999998,3372.51,0.09826625469186012
2024-07-07,W01,15.825500496100002,44.1591622042,60761.68,61.824157327640094
2024-07-07,W02,14.7406746545,44.6724624311,54241.13,48.7117896120419
2024-07-07,W03,14.2459766987,36.655557399500005,47977.86,150.28828368410504
2024-07-07,W04,1.0994765535,4.7409081133,6264.88,1.3195465721661548
2024-07-07,W05,2.3695233205,8.525396195,10128.85,1.6597263915963123
2024-07-07,W06,0.6088789723,2.5736994561,3495.58,11.158169115598886
2024-07-07,W07,16.988407865699998,31.673289652,52275.08,32.22958544524251
2024-07-07,W08,0.24625108899999998,1.068177603,1390.59,0.12636834580589804
2024-07-08,W01,15.119626581,41.8813385626,57538.42999999999,61.52417113663831
2024-07-08,W02,15.5793312609,45.4613541159,56101.689999999995,49.277198546608176
2024-07-08,W03,14.8852848347,37.9603513865,48510.71,163.5781537473351
2024-07-08,W04,3.1050095746,13.360123696,17801.14,0.6563637758916743
2024-07-08,W05,6.0651503111,21.4340172225,25766.5,0.8716799999166427
2024-07-08,W06,1.7823189289999999,7.532642162999999,10007.26,6.543213196422802
2024-07-08,W07,17.910016059100002,33.072527139099996,53683.009999999995,31.104091910859335
2024-07-08,W08,0.9093164744000001,3.9465535608000004,5173.5199999999995,0.10308665702138582
2024-07-09,W01,15.4283755125,43.5553841036,59791.24999999999,52.86260959953128
2024-07-09,W02,15.4258469799,45.9658465948,57511.04,46.803992244465746
2024-07-09,W03,15.287306097100002,40.3145954213,51455.17,160.14190189815739
2024-07-09,W04,3.0882204946000003,13.2084075448,18227.11,0.7124233316285301
2024-07-09,W05,6.0478274270000005,21.348872594,25703.11,0.850914178748009
2024-07-09,W06,1.9514164593,8.3093377251,11064.57,7.115232168497661
2024-07-09,W07,17.610535936399998,32.1618592497,52493.490000000005,37.820635428330895
2024-07-09,W08,0.8879658808999998,3.8460011163,5014.62,0.087118998518822
2024-07-10,W01,15.723912518800002,43.6253244139,59268.79,57.91730979450366
2024-07-10,W02,14.591082291800001,43.924579901200005,53322.299999999996,44.02210382834162
2024-07-10,W03,14.795275999700001,37.7718523029,49087.270000000004,160.17057116550473
2024-07-10,W04,2.9533811369,12.6598261076,16874.77,0.7102459993155776
2024-07-10,W05,6.1505285532,21.9123076131,27072.370000000003,0.8404479753708414
2024-07-10,W06,1.8633942691,7.8218236137,10512.86,7.3566749539071346
2024-07-10,W07,18.2158720495,33.536879954,55183.590000000004,34.17887756329309
2024-07-10,W08,0.8677040579,3.7758142953,4852.51,0.08535552696831512
2024-07-11,W01,16.3892450361,47.603424045699995,64406.14,60.858237354717005
2024-07-11,W02,15.3731806946,45.702973471199996,55692.72,43.3642227354145
2024-07-11,W03,14.6790801827,37.5438048617,47901.01,154.0706395455261
2024-07-11,W04,3.1278645225,13.476658236699999,17424.65,0.7417516917793373
2024-07-11,W05,6.349146428299999,22.2710417539,26483.4,0.8248421323515656
2024-07-11,W06,2.0421211628,8.706845379599999,11398.72,7.676483472481702
2024-07-11,W07,18.863010117600002,34.607927114999995,57805.369999999995,34.79964821730997
2024-07-11,W08,0.8968745404999999,3.9175874535000004,5047.87,0.08294515739681133
2024-07-12,W01,15.3540537745,44.8257842533,60267.25,57.240412523579806
2024-07-12,W02,15.0362723986,44.731320369200006,55577.42,44.0859784106935
2024-07-12,W03,14.884313950500001,38.094956568099995,49766.81,141.60971525002856
2024-07-12,W04,2.8900299185000002,12.281995139000003,16719.19,0.678775182474723
2024-07-12,W05,6.472867471,23.1727667892,27946.61,0.898029770164601
2024-07-12,W06,2.0890544519,8.9554271733,11890.02,7.594352377126654
2024-07-12,W07,17.656792380800002,32.600572087799996,53691.86,31.846345717908438
2024-07-12,W08,0.877996456,3.840080832,4947.62,0.09442062774269909
2024-07-13,W01,15.160913735100001,42.9419069241,59615.54,58.0004580654417
2024-07-13,W02,14.7039982202,44.1590603021,53901.59,45.0966806833203
2024-07-13,W03,14.6027083726,38.160327594,49039.53,153.68845311371888
2024-07-13,W04,2.0584882461999996,8.7485444555,11733.720000000001,0.7889567070518222
2024-07-13,W05,4.394963614500001,15.5897706911,18373.73,1.0546393150474882
2024-07-13,W06,1.3069364809,5.499186756299999,7544.67,7.062002101412468
2024-07-13,W07,18.020755958400002,33.130774994,53968.380000000005,35.008481640550634
2024-07-13,W08,0.574559977,2.487494619,3274.4,0.09881744072174434
2024-07-14,W01,15.8448346237,44.4335535111,60756.73,62.590695728619394
2024-07-14,W02,14.6565961067,44.1727221572,54122.05,46.888503911588565
2024-07-14,W03,13.902260616200001,35.7733635952,45982.8,166.3089088344718
2024-07-14,W04,1.0409955746,4.4574904288,6007.58,1.1858926866222532
2024-07-14,W05,2.3777268758,8.2975641603,10134.15,1.592617441097197
2024-07-14,W06,0.6063079506,2.5423483542,3450.33,10.66823765417979
2024-07-14,W07,18.601858772800007,33.68825628810001,55119.01,35.63513037667934
2024-07-14,W08,0.2623533386,1.1324070702000002,1481.3,0.13766972417079118
2024-07-15,W01,16.1837095962,46.655358818799996,63423.49,59.582391497649276
2024-07-15,W02,15.097980403200001,45.3988303665,54896.6,46.58073398596221
2024-07-15,W03,14.873114116700002,38.1577855547,49471.369999999995,155.77530024403532
2024-07-15,W04,2.8997739742000004,12.342890514400002,16537.96,0.6818094975001506
2024-07-15,W05,6.2434380779000005,22.1317313889,26814.34,0.8924294301087964
2024-07-15,W06,2.0726566352,8.7964714464,11654.369999999999,7.750740930542156
2024-07-15,W07,17.7894428817,32.740493565,54397.530000000006,31.63045594747651
2024-07-15,W08,0.8292556029,3.5985935703000003,4630.139999999999,0.07705241702298232
2024-07-16,W01,16.1603166399,45.248420904599996,62467.79,66.55457755515562
2024-07-16,W02,14.8748819041,45.539145052100004,56138.01,43.6946488070899
2024-07-16,W03,15.3822161959,38.1977872099,48809.17,160.28150667812858
2024-07-16,W04,2.747433907199999,11.630476620500001,15810.93,0.6320980817115993
2024-07-16,W05,5.9359353654,20.9975772449,25824.93,0.8832727166050531
2024-07-16,W06,1.9084371617,8.1548183619,10723.509999999998,6.917860745420867
2024-07-16,W07,17.2344778301,31.8565750193,52739.26,32.86169038354101
2024-07-16,W08,0.9096446811,3.9658428177,5144.92,0.08588620571568416
2024-07-17,W01,16.5234878946,45.0807229775,61806.76,66.75779105262733
2024-07-17,W02,15.0280553067,44.5919090782,54535.99,46.963993695760195
2024-07-17,W03,15.072707192,38.43026929,49802.34,157.96006321459635
2024-07-17,W04,3.1247001613,13.383226718900001,18247.24,0.7051356769026838
2024-07-17,W05,6.416087666,22.4242120532,27147.82,0.8220611320175496
2024-07-17,W06,2.0911077135,8.8635541245,12007.99,7.301685179494879
2024-07-17,W07,17.5252203887,32.3053454738,52933.53,33.56151761014359
2024-07-17,W08,0.8932130609,3.9088481763,5003.18,0.08332690207758206
2024-07-18,W01,14.988671343799998,41.4083419878,56349.380000000005,58.821085417042745
2024-07-18,W02,15.3317699443,45.0155679395,55554.25,47.63194340841307
2024-07-18,W03,15.1180181204,39.226821089599994,49503.64,172.77340084112365
2024-07-18,W04,3.0271223155,13.022845509200002,17114.01,0.7194926903256981
2024-07-18,W05,6.463133146400001,22.944387554000002,28014.86,0.9156803878562569
2024-07-18,W06,1.8541585503999998,7.8268975728,10528.52,6.350401748094869
2024-07-18,W07,19.032373174299998,34.967973203499994,56608.85,35.955251729623015
2024-07-18,W08,0.8437287058999999,3.6678679112999997,4840.02,0.09073773234150768
2024-07-19,W01,16.0213044822,44.88288343,62195.54,57.8424030521839
2024-07-19,W02,15.4077618559,45.670052262700004,55533.18000000001,51.26368485355621
2024-07-19,W03,15.110597292500001,38.7245704157,50624.57,167.02883142471842
2024-07-19,W04,3.0649033973,13.059747290499999,17472.870000000003,0.780182137491517
2024-07-19,W05,6.0780397338,21.1765164354,25810.180000000004,0.9196158055172049
2024-07-19,W06,1.9425035628,8.1648322596,10921.7,8.27452882256972
2024-07-19,W07,17.468951514500006,32.406283941,52729.689999999995,32.064182717157486
2024-07-19,W08,0.8238624529999999,3.5690343510000004,4580.1,0.08123976535931968
2024-07-20,W01,15.500694681199999,43.1988756723,59590.51,56.64133638768709
2024-07-20,W02,14.695484809200002,43.7284044298,52991.87,44.962595564775214
2024-07-20,W03,14.5509888108,37.6243404158,47739.7,163.77396014316585
2024-07-20,W04,2.1274124549,9.1436282528,12023.13,0.7834598846139823
2024-07-20,W05,4.5697929293,16.1145192705,19595.04,0.9747841415058217
2024-07-20,W06,1.3365487762000001,5.703443693400001,7670.629999999999,8.207389612335504
2024-07-20,W07,18.3556653095,33.4495980686,55464.2,38.24981466443282
2024-07-20,W08,0.5855288566,2.5477890162,3299.06,0.10160702225231623
2024-07-21,W01,15.169443402299999,43.1601103883,58297.27,57.18405649366316
2024-07-21,W02,14.9348096229,44.214683980500006,54161.52,54.75961788005896
2024-07-21,W03,13.6110951964,35.498744837400004,45694.35,145.40525592257072
2024-07-21,W04,0.9972429086,4.2254026136,5650.7300000000005,1.1145703898257917
2024-07-21,W05,2.4003770147999997,8.5782002204,10437.59,1.8194943470367744
2024-07-21,W06,0.6341441406,2.6454015641999997,3585.6099999999997,12.786195269779823
2024-07-21,W07,18.730414018300003,34.0874924045,55981.94,35.04582054298304
2024-07-21,W08,0.26677195919999996,1.1564817144000001,1559.7099999999998,0.13733808912160794
2024-07-22,W01,16.2249550621,45.008502209,61996.17,60.42926334605859
2024-07-22,W02,15.6314102548,46.578865324999995,56924.33,48.35493669199169
2024-07-22,W03,15.3115087881,38.1731522729,49105.68,156.64268105843598
2024-07-22,W04,3.1633408267,13.6394311571,17474.71,0.7291833051150052
2024-07-22,W05,6.3844777557,22.6767376071,27181.08,0.889778535824564
2024-07-22,W06,1.9458899961,8.2523031627,11037.96,7.179558118967503
2024-07-22,W07,17.7358936022,32.8510350954,54572.3,32.77784193171612
2024-07-22,W08,0.8554329044,3.7108485708,4765.219999999999,0.08273972117960599
2024-07-23,W01,15.481165086199999,43.354369451500006,60221.44,56.79348276403497
2024-07-23,W02,15.6057322811,47.313719503499996,57099.299999999996,44.541483374718865
2024-07-23,W03,15.8614072032,40.3348289764,51542.18,160.75533306847205
2024-07-23,W04,2.8393148615999997,12.0056189904,15875.92,0.6411919974382263
2024-07-23,W05,6.593772166,23.756724260500004,28753.04,0.9692682780046847
2024-07-23,W06,1.9413049302999998,8.2234448421,10814.07,7.276119001892767
2024-07-23,W07,18.410109775000002,34.096258799800005,54057.04,35.661022357255064
2024-07-23,W08,0.8429872789,3.6526808223000002,4775.29,0.07836723710137619
2024-07-24,W01,15.603561324600003,43.9239816716,60969.030000000006,58.92405563502614
2024-07-24,W02,14.043323887800002,41.8896339257,51504.92,41.36716121067515
2024-07-24,W03,14.4650945286,36.99203792,48167.78,149.54247980026673
2024-07-24,W04,3.0137456180999997,12.937717552799999,17043.39,0.6326146061295327
2024-07-24,W05,6.095839858600001,21.4125133833,25741.09,0.8396836803409955
2024-07-24,W06,1.9514046522,8.291487905399999,11057.78,6.628435056504947
2024-07-24,W07,16.7768094447,30.9170249128,50779.53,32.209453956871826
2024-07-24,W08,0.8175735668999999,3.5419969983000006,4633.06,0.07870154112148893
2024-07-25,W01,15.042087454,43.1957930188,58418.53,58.80869283759481
2024-07-25,W02,15.899187043800001,47.6272176276,58219.21,49.269402891858974
2024-07-25,W03,15.375036744700003,40.0575367435,51421.95,159.4805018795316
2024-07-25,W04,3.0127826962,12.8773100188,17199.07,0.7562856682189254
2024-07-25,W05,6.0839502005,21.2150339744,26064.55,0.8968675274984872
2024-07-25,W06,2.1030233924,8.9155888668,11992.96,7.5536106158835965
2024-07-25,W07,18.402318244600004,34.0081682702,55580.64,36.457849425464985
2024-07-25,W08,0.8433617607000001,3.6586358949000006,4790.1,0.07711262049964734
2024-07-26,W01,16.568899222699997,46.8044548046,64101.98,58.48720652156263
2024-07-26,W02,16.102485146699998,48.5392120985,60591.579999999994,57.87888697997915
2024-07-26,W03,14.568146662500002,37.9208418485,47645.52,140.51745032553654
2024-07-26,W04,3.0636262654000004,13.0895093674,17372.91,0.7375986370576818
2024-07-26,W05,6.762885644800001,24.256515491200002,28807.719999999998,1.043753929931952
2024-07-26,W06,1.85616645,7.88091867,10571.57,7.224349049553967
2024-07-26,W07,17.880931884000002,32.7502561368,54165.17,32.05421663792455
2024-07-26,W08,0.8725969075000001,3.8010352425000007,4991.88,0.08803081427379415
2024-07-27,W01,15.5786240791,42.5506847245,58708.67,64.67218551140374
2024-07-27,W02,14.8877109286,45.660537282599996,56008.42,42.831979977789544
2024-07-27,W03,14.0363751573,36.6580410111,46455.06,140.0542317208968
2024-07-27,W04,2.0246744422,8.6561722639,11598.94,0.7432520918844011
2024-07-27,W05,4.6066135429,16.4752112915,19884.559999999998,1.0305316514967227
2024-07-27,W06,1.2457443122999998,5.2519423161,7188.79,8.152830269177153
2024-07-27,W07,17.643127161200002,32.6216366669,53695.619999999995,36.66492898198043
2024-07-27,W08,0.5430895986999998,2.3413683609,3084.7,0.08663049395959664
2024-07-28,W01,14.986953177500002,42.90170315820001,58610.8,59.49422871031258
2024-07-28,W02,14.5342026887,43.7566914045,54186.19,47.88438158285754
2024-07-28,W03,13.747187639900002,35.6085361253,45364.46,143.05681443452383
2024-07-28,W04,1.1955143376000001,4.5122875517,6966.380000000001,1.3669941897440647
2024-07-28,W05,2.2832897358,8.2442605104,9939.939999999999,1.5742938886812774
2024-07-28,W06,0.6440086026999999,2.7521896689000003,3637.4,12.24630339050734
2024-07-28,W07,16.6797847325,30.6294735533,50501.13,31.718275576992923
2024-07-28,W08,0.2466147543,1.0621649301000002,1399.68,0.1326404214442957
2024-07-29,W01,14.442614795300003,41.3077069747,55621.530000000006,50.99325201535171
2024-07-29,W02,15.6371429424,46.612591324200004,56441.28,43.53591517966022
2024-07-29,W03,15.7948571214,40.659419680000006,52607.119999999995,157.84123917136347
2024-07-29,W04,3.0980554337000004,13.2937484686,18022.48,0.6366468655566851
2024-07-29,W05,6.039855889300001,21.4022873502,26333.86,0.8466533809890943
2024-07-29,W06,2.0009702219000003,8.5291279233,11299.460000000001,7.408970215200278
2024-07-29,W07,18.738286460900003,34.2847732931,56085.65,36.75723385525271
2024-07-29,W08,0.8770919915,3.8023811505000005,4865.3,0.09134737319486788
2024-07-30,W01,17.2052525613,46.9386081745,64685.590000000004,62.28438826551113
2024-07-30,W02,14.6941124594,43.0525117082,53232.869999999995,45.09194605026544
2024-07-30,W03,14.813554499299999,37.4833695607,48183.57000000001,137.45016886540353
2024-07-30,W04,2.9749202384999998,12.8344651376,17043.78,0.702127098206731
2024-07-30,W05,5.847790381599999,20.4905390961,24211.66,0.8342136849900206
2024-07-30,W06,1.7895637533,7.4730840231,10253.61,6.523183919530216
2024-07-30,W07,18.8863554928,34.5973628152,57071.380000000005,35.92966299272517
2024-07-30,W08,0.8743256538,3.7862912766000005,4960.89,0.08696457422029093
2024-07-31,W01,16.7392861112,46.408270541,63249.66,64.34301637549633
2024-07-31,W02,15.3916531092,46.211517729200004,56593.65,43.215921936674
2024-07-31,W03,15.1276400918,38.023651967599996,49081.14,147.8376961065614
2024-07-31,W04,3.1944200499,13.600171490100001,18163.01,0.7087555409785
2024-07-31,W05,6.3388866791,22.680321246800002,27048.93,0.8691198724198613
2024-07-31,W06,1.9155227527,8.131886598900001,10971.68,7.568454096715437
2024-07-31,W07,18.8833762555,34.573208548299995,56857.380000000005,33.67287207042221
2024-07-31,W08,0.8014167918999999,3.4587617133,4568.99,0.07753408389410694
2024-08-01,W01,16.232099186800003,44.7843159385,61340.57000000001,65.28485203933478
2024-08-01,W02,14.562602810199998,44.357318585200005,54316.55,44.064871536336426
2024-08-01,W03,14.8736506253,38.619007420100004,49903.0,148.40556185007435
2024-08-01,W04,2.8651946388999994,12.1691350963,16240.96,0.6574421384440078
2024-08-01,W05,6.2735270841,21.866387380600006,26344.280000000002,0.8335794244360557
2024-08-01,W06,1.9644730179,8.2994338953,11083.16,7.249004674925
2024-08-01,W07,19.500938619,35.63621357019999,58849.630000000005,32.5691997364527
2024-08-01,W08,0.8791143072,3.8193949104,5094.179999999999,0.08841908002606164
2024-08-02,W01,16.0805798689,45.3581693737,61286.8,62.44764128424691
2024-08-02,W02,16.4007970261,48.613544362300004,59798.01,48.92751629177282
2024-08-02,W03,14.6230541476,38.0922404776,48575.14,154.97090025010598
2024-08-02,W04,2.9058294405,12.500378722999999,16215.289999999999,0.6899151422232194
2024-08-02,W05,6.6262539815,23.6171104509,28521.17,1.0198347613191778
2024-08-02,W06,1.7953815588,7.518591111600001,10326.66,6.33910931951148
2024-08-02,W07,18.4003092103,33.401529466099994,56369.65,38.809310725110265
2024-08-02,W08,0.8665823491999999,3.7494647244,4907.25,0.08956493038835858
2024-08-03,W01,16.267099531899998,44.5469101597,62015.049999999996,64.45274550255955
2024-08-03,W02,15.118092156000001,45.456761138400005,54572.61,47.85236112834407
2024-08-03,W03,15.0574399529,39.268976342900004,49689.61,170.96544858129053
2024-08-03,W04,2.0332631727,8.649188223200001,11536.869999999999,0.6937042707273194
2024-08-03,W05,4.3730022454999995,15.3789776749,18776.23,1.0036294613636134
2024-08-03,W06,1.3939126775000001,5.8975150725,7946.12,8.596386562525055
2024-08-03,W07,18.5637453062,33.9361642895,55745.049999999996,36.29715685224798
2024-08-03,W08,0.5315406526,2.2863863082000004,2998.89,0.09175678846455938
2024-08-04,W01,15.783270945699998,44.8243301459,61796.15,56.962249382675935
2024-08-04,W02,15.0370100628,44.5391794096,54516.33,47.00710893437704
2024-08-04,W03,14.3474486073,37.0290803339,47226.5,163.44408429176826
2024-08-04,W04,1.0041063549,4.2955539067999995,5820.120000000001,1.2007021149969028
2024-08-04,W05,2.4450969307999997,8.6027483894,10296.07,1.7854864551575873
2024-08-04,W06,0.6364056056,2.7163753992000004,3636.1600000000003,13.13259607098638
2024-08-04,W07,17.141694668200003,31.4251531115,51655.39,36.317380551571304
2024-08-04,W08,0.2573444264,1.1211048648000002,1422.26,0.11188542718898677
2024-08-05,W01,17.1675044964,46.7734989008,64157.19,61.589227659986655
2024-08-05,W02,16.1313173059,47.835574889099995,58278.2,53.16077202350351
2024-08-05,W03,15.008828160599998,38.6620669104,49943.61,154.9858339591078
2024-08-05,W04,2.75682831,11.635986994500001,15714.23,0.5735082417039477
2024-08-05,W05,6.547676619100001,23.3335220172,27673.32,0.953837355575293
2024-08-05,W06,1.8266265827,7.737410088900001,10573.32,6.888901143482115
2024-08-05,W07,18.7975496183,34.419147994499994,55510.56,32.26443398282553
2024-08-05,W08,0.8511678348,3.6992007636000004,4758.38,0.08553694952978526
2024-08-06,W01,16.8342593672,45.956565726,63624.43000000001,59.71183601028642
2024-08-06,W02,16.076411895600003,47.917146408600004,58045.68,47.33591234895061
2024-08-06,W03,15.1260773055,38.093325971700004,50804.55,150.2660120551946
2024-08-06,W04,2.8195596005,11.886589733200001,16231.019999999999,0.6400329601494551
2024-08-06,W05,6.0419605905,20.690521205,25099.75,0.8947223315087809
2024-08-06,W06,1.8972291794000002,7.9322947158,10566.18,6.587692813094628
2024-08-06,W07,18.8052635337,34.5519953772,56392.66,35.29562800881393
2024-08-06,W08,0.8130390846,3.5073301722,4605.63,0.08233623190196362
2024-08-07,W01,16.5982409057,46.282492866300004,62999.630000000005,62.47361868121527
2024-08-07,W02,14.9073806857,45.108440776900004,54480.509999999995,41.21453761853681
2024-08-07,W03,15.1404099015,39.2133924621,50701.34,162.78785361854483
2024-08-07,W04,2.848392552,12.1703869123,16433.44,0.6865285536513922
2024-08-07,W05,6.1694031298,21.8255904895,26406.79,0.865609127152885
2024-08-07,W06,1.9512829588,8.1951950316,11343.68,7.338823020478778
2024-08-07,W07,19.3738983929,35.3725201978,58104.2,34.07454155993767
2024-08-07,W08,0.8752951238999999,3.7887829173,4974.55,0.08769484347840983
2024-08-08,W01,15.5837590612,43.2194900473,59190.96,58.18091865297741
2024-08-08,W02,15.2551447109,45.828786177999994,55281.43,50.34568298823794
2024-08-08,W03,14.8468767774,38.5823434022,49518.729999999996,146.91441328148193
2024-08-08,W04,2.9490871817,12.603144873700002,16798.260000000002,0.6611616735078847
2024-08-08,W05,6.517588165199999,22.7976966515,27115.1,0.953498038197924
2024-08-08,W06,1.7572063592999998,7.308004985099999,10083.189999999999,6.849852491307127
2024-08-08,W07,17.9784164836,32.913476346399996,53599.64,33.09650096757804
2024-08-08,W08,0.8557610366999999,3.6885424269000002,4824.45,0.08849478559150775
2024-08-09,W01,15.271645610399998,43.1482183497,59407.60999999999,64.16091693758113
2024-08-09,W02,15.5580613622,45.7724687846,55859.81,47.529622227449636
2024-08-09,W03,14.8585265795,37.6681894709,48966.45999999999,158.81450827285457
2024-08-09,W04,3.0793443516,13.1337930011,17584.63,0.7376044337548874
2024-08-09,W05,6.500279773499999,22.9455574431,27441.739999999998,0.9019416265608988
2024-08-09,W06,1.8527540527,7.846850658900001,10143.220000000001,7.30134993477961
2024-08-09,W07,18.9467044688,34.968271501299995,56615.53,34.25101861410194
2024-08-09,W08,0.8288255115,3.5890889505,4727.610000000001,0.08180303736738134
2024-08-10,W01,16.338608230800002,44.7221728964,62017.259999999995,68.14596420071823
2024-08-10,W02,15.3842807983,45.932133272799994,56092.700000000004,47.46213279004622
2024-08-10,W03,15.001062823100002,38.09447707769999,49586.94,160.8917363611013
2024-08-10,W04,1.8627947663,7.858369243700001,10375.279999999999,0.732239857694751
2024-08-10,W05,4.285265159100001,14.963458451300001,17945.22,0.977452057426374
2024-08-10,W06,1.7999138126999998,7.846850658900001,10145.67,11.529705227049984
2024-08-10,W07,17.4280468989,32.4292515586,52204.09,31.875073201819443
2024-08-10,W08,0.6595144188,2.8821661716,3662.76,0.10341301247514692
2024-08-11,W01,15.432468484599998,42.8076107489,59678.22,56.54472285279838
2024-08-11,W02,15.0880664991,45.4414144917,56159.99,51.954899500012054
2024-08-11,W03,13.7829688648,35.803047822799996,45620.049999999996,155.52185485647232
2024-08-11,W04,1.0255434571,4.380212535600001,5889.929999999999,1.174469744055465
2024-08-11,W05,2.3682076597,8.2696555973,10093.32,1.5910583773836908
2024-08-11,W06,0.6009076973999999,2.5508412617999996,3415.51,11.30779807305094
2024-08-11,W07,16.710410141700002,30.810475877,49833.85,32.9094080818087
2024-08-11,W08,0.2664450985,1.1590577595,1490.3700000000001,0.14129943701917136
2024-08-12,W01,16.8467969912,46.0626346159,62699.56,65.98280984016199
2024-08-12,W02,15.502841801899999,45.8401759018,56810.67,46.77138056447233
2024-08-12,W03,15.1823346089,38.2199346295,49235.27,143.9452239805448
2024-08-12,W04,2.8720630348,12.1939846004,16486.18,0.646031388248695
2024-08-12,W05,6.2511655295,21.877263346800003,26639.97,0.8959564966663733
2024-08-12,W06,1.7915921269000001,7.513566198300001,10277.58,6.473824642630011
2024-08-12,W07,19.3539544744,35.101101956399994,57855.61,39.20804679370044
2024-08-12,W08,0.8789173135999999,3.8230539552,4942.06,0.08106688837487379
2024-08-13,W01,16.4686724274,46.0477895528,63310.579999999994,63.34786987598665
2024-08-13,W02,15.636788998200002,46.565332792599996,57229.77,44.089892482595864
2024-08-13,W03,14.751899716399999,38.635604390199994,49582.28,147.43201227675672
2024-08-13,W04,3.0352934110999996,13.004632198900001,17495.329999999998,0.6934608533153362
2024-08-13,W05,6.111197476900001,21.5454569269,25950.760000000002,0.8387577668573061
2024-08-13,W06,1.9664381074000001,8.2956442518,11134.670000000002,7.801746898048411
2024-08-13,W07,18.5585997758,33.677797860800005,55714.43,32.70952556294239
2024-08-13,W08,0.8589436639,3.7177235373,4994.59,0.08083745795164773
2024-08-14,W01,16.1569671247,42.8921697645,60509.71,62.24776303152654
2024-08-14,W02,15.659597265,46.12176691650001,55861.29,48.163814281584095
2024-08-14,W03,15.219809072900002,37.7038650377,49220.18,144.21711555422897
2024-08-14,W04,2.8993722950000005,12.3866739524,16326.03,0.6649539924224703
2024-08-14,W05,6.0685214146,21.5581051731,26248.6,0.8230847311912545
2024-08-14,W06,1.9514798302999998,8.309788262100001,10982.58,6.60490907469395
2024-08-14,W07,18.337996241200003,33.6420333027,55180.25,34.901130397181724
2024-08-14,W08,0.8544447139,3.6881249673000003,4841.339999999999,0.08866119714991581
2024-08-15,W01,16.6361070146,45.513720203,63401.12,60.79804046574011
2024-08-15,W02,15.2749942202,45.099107828499996,55352.21,48.19233471900151
2024-08-15,W03,15.4536608684,39.1983874768,50633.32,164.25212168145828
2024-08-15,W04,2.781718561,11.7737129764,15831.68,0.6936016530932727
2024-08-15,W05,6.2811232830999995,22.1888866944,27060.649999999998,0.952711531724095
2024-08-15,W06,1.9773884106000001,8.406287014200002,11211.789999999999,6.652811027971981
2024-08-15,W07,19.169149088999998,34.835903843,57818.79,35.20504883195592
2024-08-15,W08,0.8211417120000001,3.5436617040000007,4650.98,0.0826941965641204
2024-08-16,W01,15.8761331712,43.571265051199994,59632.11,61.88681143391739
2024-08-16,W02,14.9831222382,44.068511312300004,53521.93,42.670789239974596
2024-08-16,W03,16.2379479497,41.5245305865,54241.119999999995,167.77859467359633
2024-08-16,W04,2.9687148771999996,12.5827291893,16598.19,0.7843884253415877
2024-08-16,W05,6.6109838096,23.6300865666,28451.04,0.9348121165295437
2024-08-16,W06,1.8629380507,7.8426418449,10434.82,6.947502473288706
2024-08-16,W07,18.643712517199997,34.1080194562,56358.68,36.07194478299229
2024-08-16,W08,0.7686008334,3.2795934138000002,4491.97,0.07298061623261477
2024-08-17,W01,15.7482432005,43.2237126076,59442.57,59.86855277003728
2024-08-17,W02,16.3391622595,47.299839669300006,57810.18,48.998720268637115
2024-08-17,W03,15.3229382796,38.934718733000004,49851.99,146.79253034056617
2024-08-17,W04,2.0556149221,8.836295485900001,11464.109999999999,0.7697528286413676
2024-08-17,W05,4.443191668000001,15.672130650100002,18902.52,0.9960774373644968
2024-08-17,W06,1.3436667695000002,5.7035446365,7567.22,7.6816952486307875
2024-08-17,W07,17.6921747751,32.5767508522,54594.21000000001,31.64436530368775
2024-08-17,W08,0.5884566719,2.5576877133,3284.0499999999997,0.0968471060661693
2024-08-18,W01,15.3138194682,43.1402981823,59474.84,59.76404541168757
2024-08-18,W02,14.108037159,41.084344537099994,50589.06,41.84535872779529
2024-08-18,W03,13.638248419800002,35.122897655,44161.15,159.9982217245425
2024-08-18,W04,1.0012927704999999,4.2750172855,5588.64,1.1217445819670386
2024-08-18,W05,2.3445766217,8.3365174773,9947.16,1.7882120078954857
2024-08-18,W06,0.6162023947999999,2.6126652036000007,3536.4900000000002,12.526475744023418
2024-08-18,W07,17.649059457400003,32.617100880600006,53478.74,34.30792362318756
2024-08-18,W08,0.2549237476,1.1037837132,1435.1499999999999,0.1206118446925323
2024-08-19,W01,15.411014519300002,42.930701609399996,59442.909999999996,58.49337113441583
2024-08-19,W02,15.313586021499999,43.9213139771,54662.399999999994,49.096326240986954
2024-08-19,W03,15.051611497,39.011475661199995,49307.11,139.7718526563095
2024-08-19,W04,2.9778774485999997,12.6976791181,17047.97,0.6871238917363837
2024-08-19,W05,6.2719433725,22.232834454200002,26601.92,0.827512311203908
2024-08-19,W06,1.9387018398999998,8.2214054493,11134.83,6.927918695750056
2024-08-19,W07,20.1361817469,36.876392968,60000.3,33.32629676438607
2024-08-19,W08,0.8037052097,3.4689598179000005,4476.87,0.0752717482337899
2024-08-20,W01,16.6689566387,44.262312333100006,61683.26,63.140704775811834
2024-08-20,W02,15.6833215256,47.1866931665,57483.97,45.49134027625495
2024-08-20,W03,15.041294362600002,38.6373734788,49459.82,142.8477279535785
2024-08-20,W04,2.9864407571999996,12.785251104399999,16703.79,0.6935109994907417
2024-08-20,W05,6.4763909623,23.132568449300003,27686.68,0.9997954467747582
2024-08-20,W06,1.894361097,8.060009979,10988.77,6.988070520316506
2024-08-20,W07,17.343383555,31.833266285800004,52274.16,31.469284521910797
2024-08-20,W08,0.8065720601,3.4709992107,4557.92,0.08028301490582544
2024-08-21,W01,16.846265302099997,45.7417777058,62186.74,61.01950631012749
2024-08-21,W02,15.5824323722,45.8694152001,56216.8,46.091098152207024
2024-08-21,W03,15.608363658899998,40.2798319617,51762.76,161.36011225989867
2024-08-21,W04,2.9606722957000002,12.616961833500001,16671.16,0.6857208128069121
2024-08-21,W05,6.0334482158,21.412346422,25856.16,0.8879594426801697
2024-08-21,W06,2.0489038654,8.6482151178,11373.12,7.934138009363418
2024-08-21,W07,18.733625578999998,34.2045150473,55525.77,34.427255631249416
2024-08-21,W08,0.8279203565000001,3.5684726055000007,4720.780000000001,0.07633947229043953
2024-08-22,W01,15.5823958093,43.296553912200004,59366.85,61.61972401652958
2024-08-22,W02,15.3780845806,46.3404970433,56067.38,46.048235637628906
2024-08-22,W03,15.309144457599999,39.5126302494,50348.55,169.32646615051098
2024-08-22,W04,2.9645856185999997,12.647796651,16918.44,0.783177794743865
2024-08-22,W05,6.387787550900001,22.7272090621,27646.79,0.9569476893993246
2024-08-22,W06,1.9056368938000001,8.0639975166,10799.289999999999,7.431846396661661
2024-08-22,W07,18.9718677982,34.4974776881,56422.82,33.42430202270233
2024-08-22,W08,0.8852153391,3.8752905837000005,4893.88,0.08903281374621903
2024-08-23,W01,16.2116129236,44.260836602000005,60132.5,59.5956023615303
2024-08-23,W02,15.381543555299999,45.518867518200004,55848.340000000004,46.399549792459766
2024-08-23,W03,15.251126470600001,38.601151743399996,49915.72,153.26995096326817
2024-08-23,W04,2.8656974911999997,12.170265824300001,16522.28,0.663620734570926
2024-08-23,W05,6.130664564700001,21.222624675899997,25747.780000000002,0.8620407093193233
2024-08-23,W06,1.9416326680999998,8.2354679067,10924.32,6.859293126338027
2024-08-23,W07,19.4377186968,35.5645200385,58150.6,35.83570919669919
2024-08-23,W08,0.7643735139,3.2907399273,4374.03,0.07926437887404593
2024-08-24,W01,15.8207088171,44.7682720059,61228.77,56.37910152808316
2024-08-24,W02,15.290563155100001,45.4766397697,56464.729999999996,49.095075759356305
2024-08-24,W03,14.3763105318,36.276678539,47542.72,158.43934152330363
2024-08-24,W04,2.1468408661,9.1716464086,12324.99,0.8621951284171582
2024-08-24,W05,4.5524384396,16.211202260800004,19427.01,1.0785468595797107
2024-08-24,W06,1.2858075795,5.381268106499999,7427.28,8.418276676050805
2024-08-24,W07,18.447055424400002,33.842079390799995,55012.42999999999,37.364984381981735
2024-08-24,W08,0.5526437192,2.3890140744,3123.4500000000003,0.08553987694128892
2024-08-25,W01,14.850006730100002,40.6499338212,56129.94,65.52735922699816
2024-08-25,W02,14.566289137399998,42.6246669596,52094.28,46.318061133157805
2024-08-25,W03,14.1771579891,36.5328482781,46443.83,150.1308665399441
2024-08-25,W04,1.0175248563000001,4.3537635212,5682.66,1.1167601645191738
2024-08-25,W05,2.4888793575,8.8883382254,10736.57,1.6749020733722078
2024-08-25,W06,0.7071137675,3.0250850625,3898.94,13.038200529188332
2024-08-25,W07,17.983086114300004,33.111490807100004,54715.719999999994,36.15199347506182
2024-08-25,W08,0.2689868135,1.1666712645,1528.6499999999999,0.127235270731142
2024-08-26,W01,16.3136430421,45.589341076,62975.17999999999,67.92313634929094
2024-08-26,W02,15.4331740477,46.1451739562,56376.93,45.46684239154131
2024-08-26,W03,14.5110974962,37.0202991452,47030.299999999996,143.65858665095882
2024-08-26,W04,3.1048586115999997,13.3034174103,18153.81,0.6960197762906262
2024-08-26,W05,6.568800175,23.198892263500003,27897.57,0.9905103500095676
2024-08-26,W06,1.9335368954999996,8.1969760785,10905.53,6.402291653835837
2024-08-26,W07,18.415840941,33.896469299799996,54908.020000000004,36.71302538395904
2024-08-26,W08,0.877818456,3.7981067520000003,4858.44,0.08270856819384416
2024-08-27,W01,16.3043302792,44.5623884033,62312.54,57.048041564730575
2024-08-27,W02,15.9385962837,46.6555399145,56845.36,48.426446339440346
2024-08-27,W03,15.036207168100002,37.892944186099996,48978.45,157.10830217645707
2024-08-27,W04,2.7325176936,11.5792125903,15661.879999999997,0.672463149159605
2024-08-27,W05,6.222231571,21.870880372200002,26454.489999999998,0.9094751551655668
2024-08-27,W06,2.0266145627000003,8.5306973889,11535.58,6.900240933667459
2024-08-27,W07,18.6729125208,34.2041172926,55094.06,38.440851126797966
2024-08-27,W08,0.7746128318,3.3446623626000007,4381.09,0.07644604906993167
2024-08-28,W01,15.8908427519,44.5901308529,61416.12,67.2025219777385
2024-08-28,W02,15.8142115291,46.8919277576,56110.14,48.18218291282901
2024-08-28,W03,15.697761272800001,39.7373191904,51364.229999999996,147.6491400590681
2024-08-28,W04,2.7078525642,11.5328556659,15539.880000000001,0.5552518062967916
2024-08-28,W05,6.2494791432,21.8055128229,26200.39,0.925377436381292
2024-08-28,W06,1.772903353,7.417989051,10198.47,6.622081355565018
2024-08-28,W07,19.237513131800004,35.2234980021,57801.53,36.93611976952261
2024-08-28,W08,0.8412755637,3.6397418559,4742.63,0.08532295658869458
2024-08-29,W01,16.456300939700004,44.7223472925,60506.06,62.90298279029411
2024-08-29,W02,15.1078026595,44.9952908474,55127.85,49.695248033775314
2024-08-29,W03,15.8160327168,39.811719947200004,51372.71,162.87222050727547
2024-08-29,W04,3.0252868943999998,12.8613585977,16991.649999999998,0.7602375169906395
2024-08-29,W05,6.5170616746,22.953375896599997,27350.059999999998,0.9505675528287831
2024-08-29,W06,1.8627824926999998,7.846850658900001,10506.400000000001,6.94915109248337
2024-08-29,W07,18.312355000900002,33.53338136799999,55869.81,34.480245606546454
2024-08-29,W08,0.8038154912,3.4677251184,4546.01,0.07948543037791934
2024-08-30,W01,15.1286313948,41.1675492518,57048.37,53.19247500922953
2024-08-30,W02,16.1727089657,47.595790660300004,58654.88,51.16245856819727
2024-08-30,W03,14.865050671700002,38.3129326597,49421.03999999999,142.32283353790478
2024-08-30,W04,2.9635135147,12.6894010413,16783.88,0.7162729696225268
2024-08-30,W05,6.5474338683,23.210035740400002,27876.8,0.9142960293946174
2024-08-30,W06,1.9090220644,8.067028090800001,10891.050000000001,6.888419233947355
2024-08-30,W07,19.428469262399997,35.6605665982,57802.42,40.52122633273822
2024-08-30,W08,0.8509362438000001,3.6742273266,4843.55,0.08069602203289743
2024-08-31,W01,15.3884652322,43.8738333508,59991.18000000001,54.32130508461414
2024-08-31,W02,15.2374811482,45.8060569866,56501.17,54.13478787734525
2024-08-31,W03,15.650969787800001,40.7611539128,52070.57,166.05627301354892
2024-08-31,W04,2.1027492658,8.9696536882,11893.02,0.8549064454134269
2024-08-31,W05,4.3857021041,15.593324262500001,18549.46,0.9327633372523682
2024-08-31,W06,1.3905472945,5.9407038915,7869.32,8.553792602958817
2024-08-31,W07,18.6490661244,33.7962771002,55326.57,38.46088162199619
2024-08-31,W08,0.5819210922,2.5255267854,3187.53,0.09404481345249446
2024-09-01,W01,15.432299627,39.91126862990001,56981.619999999995,62.16535060786478
2024-09-01,W02,14.124407987300001,39.456400680899996,49380.85,42.09242539210924
2024-09-01,W03,14.376738541,35.30420930299999,46888.78,159.61562035505324
2024-09-01,W04,0.9288374281,3.9400232729,5314.63,1.1447004625202115
2024-09-01,W05,2.1785497169,7.401304512300001,8910.35,1.5606528995889455
2024-09-01,W06,0.5387953297,2.2498865378999997,3077.0299999999997,10.463670661461975
2024-09-01,W07,18.739413019599997,33.8441733864,54647.049999999996,38.65749300079421
2024-09-01,W08,0.218511279,0.9396890130000001,1224.3200000000002,0.10666470059031104
2024-09-02,W01,15.7346259005,41.3767775956,57726.08,57.047545829466024
2024-09-02,W02,15.550828752900001,44.5336536903,54010.729999999996,46.81094129498352
2024-09-02,W03,16.4748884378,40.986654924599996,53508.350000000006,171.00954377562567
2024-09-02,W04,2.6911088962,11.35413012,15191.42,0.6216767906327656
2024-09-02,W05,5.925924707300001,20.2682152421,24308.170000000002,0.8470024447465386
2024-09-02,W06,1.6839346654,7.0128228378,9695.25,6.517783965784177
2024-09-02,W07,19.3386312127,34.651854976799996,57440.61,35.37183517222584
2024-09-02,W08,0.7574770675,3.2603908425000006,4250.31,0.07424375108428563
2024-09-03,W01,16.0922721822,41.4746017164,58492.96,54.90425416227393
2024-09-03,W02,15.3464779276,43.6249433634,53712.57,46.79988511605072
2024-09-03,W03,15.9185305078,38.34525379040001,49863.82,153.24403388430548
2024-09-03,W04,2.5940531876999997,10.9334102843,14674.880000000001,0.6285957685516156
2024-09-03,W05,6.319789684199999,21.739842523700002,26353.729999999996,0.8842611506243482
2024-09-03,W06,1.8035741016999998,7.5312523419,10314.46,6.9685572055050695
2024-09-03,W07,20.2926195633,36.3204935346,58861.27,37.69277124667282
2024-09-03,W08,0.7957493138999999,3.4374210873,4425.24,0.07467325918019717
2024-09-04,W01,17.212599266900003,44.730213384,62893.17,61.25894372537647
2024-09-04,W02,15.660859490000002,44.3224169578,55543.31,48.8359516719003
2024-09-04,W03,15.4056030556,37.773770277800004,48812.22,153.54013570004784
2024-09-04,W04,2.6110954759999996,10.948539085,15012.710000000001,0.6179379273164961
2024-09-04,W05,6.3876176471,21.657250928999996,25697.76,0.9306192116332616
2024-09-04,W06,1.7110127642,7.1716924494,9748.03,6.542544438878713
2024-09-04,W07,18.913738509599998,34.475022508900004,56439.869999999995,38.08431765748206
2024-09-04,W08,0.7393630122999999,3.1439994561,4178.49,0.06685525955859214
2024-09-05,W01,16.5765092621,43.188479037600004,60816.03,64.67947754704687
2024-09-05,W02,15.451228618500002,42.7064542303,52313.42,45.201102931840985
2024-09-05,W03,15.69367915,37.1309985642,48588.61,139.67318574225703
2024-09-05,W04,2.4714164127999996,10.473095319799999,14280.33,0.6208760622138101
2024-09-05,W05,5.7799865475,19.6323379556,23740.54,0.8409015689688558
2024-09-05,W06,1.6918860639,7.083634137300001,9671.18,6.919552995811998
2024-09-05,W07,19.601772644400004,35.3846004564,57540.35,37.35997972908841
2024-09-05,W08,0.7705473484,3.3047721588000005,4260.679999999999,0.07497188832998293
2024-09-06,W01,15.4128240857,40.118200205200004,55835.25,54.03742338750109
2024-09-06,W02,15.1624522992,42.804745862100006,52849.93,45.90078527053168
2024-09-06,W03,15.3772926116,38.88989655819999,49478.630000000005,141.5956962394107
2024-09-06,W04,2.6702629875,11.302842894000001,15413.76,0.565878750166886
2024-09-06,W05,6.0111514924,20.141337734,24223.0,0.92680527317479
2024-09-06,W06,1.615521011,6.649007937000001,9130.67,5.922019549191896
2024-09-06,W07,20.401190090300002,36.240411032800004,60370.82,39.88752002138941
2024-09-06,W08,0.7848634232,3.3839366424000006,4545.59,0.07834783901019778
2024-09-07,W01,16.0777327336,42.3227815522,58810.03,60.21397226171305
2024-09-07,W02,15.7281696083,44.980048793,55257.76,48.168199801240945
2024-09-07,W03,15.4644826523,37.2332028533,48195.42,148.35601504523257
2024-09-07,W04,1.7096193542999998,7.153220742999999,9564.589999999998,0.6197609851898521
2024-09-07,W05,4.39566385,15.212976537500001,18553.45,1.0222628597874153
2024-09-07,W06,1.0098989355999999,4.1882626692,5748.24,6.01767906233986
2024-09-07,W07,18.8997534818,33.95901970760001,56001.77,32.10710915336356
2024-09-07,W08,0.49501991879999996,2.1465932316000003,2800.71,0.08263254332567078
2024-09-08,W01,15.0861106051,39.9701636432,56218.5,58.90871911805477
2024-09-08,W02,14.557688807399998,41.803099190299996,50356.47,49.08751781188673
2024-09-08,W03,14.641428177500002,35.9624161853,46169.47,151.93562228898162
2024-09-08,W04,0.9117665514000001,3.8381450642000003,5105.79,1.0371402083456565
2024-09-08,W05,2.2616265641999997,7.5897653575,9000.54,1.5955442707539662
2024-09-08,W06,0.4899467475999999,2.0260728732,2803.76,9.133981126025352
2024-09-08,W07,19.0653319701,34.25667478610001,56192.79,38.90137804196746
2024-09-08,W08,0.22172272899999998,0.949555203,1278.73,0.10378678986242286
2024-09-09,W01,15.1152800278,40.2893199209,56652.270000000004,54.72268090117879
2024-09-09,W02,15.465144364000002,43.8580880611,54236.67,46.10914143284348
2024-09-09,W03,15.3005499316,37.1754299376,48777.770000000004,163.10669706525098
2024-09-09,W04,2.4772844012,10.455020934599998,14150.18,0.6197974146131302
2024-09-09,W05,6.0225254553,20.153625268,24292.68,0.8611801307100756
2024-09-09,W06,1.6920171357,7.029080379900001,9398.81,6.239806522596942
2024-09-09,W07,20.223603151000002,36.2544998902,59325.659999999996,34.078483071639695
2024-09-09,W08,0.7348327473999999,3.1476602118,4175.2,0.07561186207521027
2024-09-10,W01,15.460434084700003,40.070594679600006,57989.79,56.29078904909104
2024-09-10,W02,15.483215031300002,43.4855545648,54128.200000000004,45.746476011132884
2024-09-10,W03,16.4092829762,40.772448017399995,52566.96000000001,164.60805296778918
2024-09-10,W04,2.7573642776,11.6539140429,15708.279999999999,0.6550806775067363
2024-09-10,W05,6.0212780375,20.315828764000003,24550.16,0.8450872658626194
2024-09-10,W06,1.6357858361,6.7699794027,9355.869999999999,6.571664367756061
2024-09-10,W07,19.983211279,36.0259698668,59398.25,35.713514408212426
2024-09-10,W08,0.7660104726999999,3.2781773589,4401.4800000000005,0.07407842503104771
2024-09-11,W01,16.983219341,44.25205223089999,62083.19,62.96260900884201
2024-09-11,W02,15.7705610572,45.4640416274,57126.18,51.06567406946886
2024-09-11,W03,16.135658935400002,39.6593933794,52072.28,183.04567089879868
2024-09-11,W04,2.4925206388000003,10.4968411309,14128.789999999999,0.584898969671157
2024-09-11,W05,6.2348516624000005,21.5671012021,26327.760000000002,0.8548995496416398
2024-09-11,W06,1.7360587581,7.298864216700001,9839.51,6.853521817621956
2024-09-11,W07,20.370680179399997,36.355207638,58707.79,36.85340033071068
2024-09-11,W08,0.7193549277,3.0653128839,3998.63,0.07078682087037229
2024-09-12,W01,16.3435288447,43.220932970199996,60207.11,58.27401000035656
2024-09-12,W02,15.159111874399999,43.5780515095,52786.89,44.176213603923635
2024-09-12,W03,14.992959089800001,37.551365708800006,48717.31,172.0895640623027
2024-09-12,W04,2.5605449386,10.723564102400001,15116.88,0.592309329384828
2024-09-12,W05,6.1070846686,20.6517875336,24963.43,0.8938942568053654
2024-09-12,W06,1.662288964,6.970640028000001,9475.869999999999,5.7506710163979795
2024-09-12,W07,20.639829803799998,37.39423991860001,60496.06,39.84161630855887
2024-09-12,W08,0.7877397937999999,3.3892484166,4515.03,0.07248135806843671
2024-09-13,W01,16.2338995242,42.792232074699996,59478.98,60.10351583752625
2024-09-13,W02,16.5150098203,46.6368066439,57628.57000000001,48.73754580205161
2024-09-13,W03,15.1929842632,38.227641968,48780.57,149.4695734529642
2024-09-13,W04,2.519030966,10.519514701599999,14688.34,0.5685623777938832
2024-09-13,W05,6.0128576271,20.511128035499997,24559.59,0.807765591581736
2024-09-13,W06,1.6500182688,6.9014694816,9357.98,6.145067683633072
2024-09-13,W07,20.267954171,36.4046775739,57920.02,33.690755418991074
2024-09-13,W08,0.7548447212999999,3.2455185590999998,4325.77,0.07862186998975414
2024-09-14,W01,15.6190118632,40.9362359913,57187.03,56.227790465150605
2024-09-14,W02,15.3208745887,42.6496222531,53912.130000000005,48.68468168867732
2024-09-14,W03,15.1793296347,37.4461540801,48497.0,161.78859579522924
2024-09-14,W04,1.6748104270999997,7.0370870034,9575.6,0.659579588407256
2024-09-14,W05,4.4644214884,15.1370299504,18133.25,1.0210698100632667
2024-09-14,W06,1.2568750573999998,5.3318521817999995,7077.54,7.225288479204391
2024-09-14,W07,19.104603727500002,34.408945118000005,57253.55,38.39233891160838
2024-09-14,W08,0.5003057176,2.1461210231999996,2788.8,0.07211041221807103
2024-09-15,W01,14.789335675599999,39.07428167729999,54842.25,61.63558635871105
2024-09-15,W02,14.518931313900001,39.7108052536,49012.56,50.80190805962316
2024-09-15,W03,13.874872636000003,33.40697068,43244.4,174.21333495724673
2024-09-15,W04,0.5856920371,2.4688997796999996,3361.85,2.1917971600179627
2024-09-15,W05,3.6186812946,14.709789974400001,17189.02,8.875625553947659
2024-09-15,W06,0.3579819323999999,1.5043122467999999,2014.31,22.263942558616826
2024-09-15,W07,18.676927294200002,33.535670406600005,55172.159999999996,38.041570092532815
2024-09-15,W08,0.11881473699999999,0.507413019,657.2800000000001,0.18794863532679704
2024-09-16,W01,14.7917879205,39.0425339332,53774.990000000005,63.0231607492842
2024-09-16,W02,14.850842845499999,41.9083043533,51407.32,51.57473865246503
2024-09-16,W03,14.706554006600001,36.1215709088,47053.71,158.96571336878745
2024-09-16,W04,0.5702977512,2.3772849446,3279.86,2.19672262637079
2024-09-16,W05,1.6535786684999998,5.6666114675,6742.23,4.065084145819812
2024-09-16,W06,0.3499173326,1.4631012282000002,1988.98,21.444955114297972
2024-09-16,W07,20.293243888,36.1850276128,59766.700000000004,44.428874563773384
2024-09-16,W08,0.13554865389999998,0.5826133473,774.92,0.24392020625903124
2024-09-17,W01,15.308720034799999,40.8275092232,57087.57,65.62211206330427
2024-09-17,W02,14.127796213000002,40.4973709315,49350.11,49.666015879433026
2024-09-17,W03,14.757554336500002,35.676197967300006,45523.33,172.03555916742442
2024-09-17,W04,0.6144651129,2.5787377512,3504.62,2.541369865376264
2024-09-17,W05,1.6460384650000002,5.6312840443,6746.4800000000005,4.097273024841938
2024-09-17,W06,0.3641973117,1.5363157719,2059.81,23.62309863786729
2024-09-17,W07,16.8482864792,30.8025362704,50454.97,35.239204368850814
2024-09-17,W08,0.6682528153999999,3.0573931278,3662.71,1.0464603175150018
2024-09-18,W01,16.3306814083,43.242704033100004,60447.93,59.825700929036415
2024-09-18,W02,15.7063546745,44.72765630060001,55206.87,47.12787693648712
2024-09-18,W03,14.689347095100002,36.70662624369999,47854.55,156.27630000319166
2024-09-18,W04,2.5745747339999996,10.811728137100001,14608.140000000001,0.6025607877133125
2024-09-18,W05,6.1545892938,20.8485090679,24845.1,0.7995400803256885
2024-09-18,W06,1.623420862,6.805264434000001,9155.0,5.664433099906141
2024-09-18,W07,20.0754738608,36.2085236317,59336.29,34.028937662491764
2024-09-18,W08,0.7579352457999999,3.2552735406000006,4340.08,0.07269476483919944
2024-09-19,W01,17.006700853999998,44.221973668699995,60834.37,60.02329699472356
2024-09-19,W02,16.7814166792,47.5736564404,58614.83,50.15201735507799
2024-09-19,W03,15.843219323300001,38.5264772849,51072.15,168.56102523965063
2024-09-19,W04,2.8476270732999995,12.096086643100001,15724.450000000003,0.6638605265746838
2024-09-19,W05,5.963824437,20.118082692300003,24153.13,0.8426747993395745
2024-09-19,W06,1.7508892124000002,7.367224366800001,10199.0,6.555525981893473
2024-09-19,W07,19.855822112400002,35.548841599300005,58207.54,36.76473048781843
2024-09-19,W08,0.7547949466999998,3.2555136369,4171.21,0.0784370580689598
2024-09-20,W01,16.206049946300002,42.241717515299996,59600.57,65.70384283304887
2024-09-20,W02,15.313393658199999,43.252631418899995,53389.19,47.16355646576549
2024-09-20,W03,15.327038576000001,38.153486643600004,48787.32,152.78605396891854
2024-09-20,W04,2.5599783995,10.8599520675,14631.16,0.5388760003233283
2024-09-20,W05,6.083918107000001,20.976932476400002,25265.78,0.7978916317693668
2024-09-20,W06,1.8169123329999999,7.674053751000001,10331.65,6.866092762857067
2024-09-20,W07,18.712016992600002,33.72208817749999,56302.24,32.34468875283267
2024-09-20,W08,0.7553810891,3.2565721137000003,4299.01,0.07283696464358556
2024-09-21,W01,14.6147786459,39.0007066345,54781.04,51.43440877125683
2024-09-21,W02,15.8353974991,45.2062788703,55183.630000000005,47.55103312153361
2024-09-21,W03,15.0474909574,36.074802439799996,46912.29,159.4976941309901
2024-09-21,W04,1.8199134654999998,7.658579575,10572.2,0.7591434058794698
2024-09-21,W05,4.344585787900001,14.8108129715,17861.87,1.0190451276906707
2024-09-21,W06,1.1065948599,4.6124329893,6178.61,6.206712995120309
2024-09-21,W07,19.3434805839,34.6450311399,58522.68,39.414875080792065
2024-09-21,W08,0.5157920288000001,2.2209033216000003,2902.26,0.07812082270161368
2024-09-22,W01,15.504059278600002,40.6636756124,57292.22,57.77874402742841
2024-09-22,W02,15.5989270039,44.6062898478,54417.61,49.72974171879085
2024-09-22,W03,15.345786223100001,37.5374733867,49380.06,153.38423779685752
2024-09-22,W04,0.9378786255999999,4.0008704256000005,5420.8,1.046932331958452
2024-09-22,W05,2.3044689556,7.9081258772,9549.369999999999,1.5594095720413619
2024-09-22,W06,0.5276244824,2.2027586568,3022.31,9.876724179629734
2024-09-22,W07,19.701353571400002,35.3501230982,56955.37,41.19803511713449
2024-09-22,W08,0.6742031354,3.0573931278,3698.9100000000003,0.31637103899857905
2024-09-23,W01,15.950030842799999,42.126728777000004,59491.240000000005,58.36110209989791
2024-09-23,W02,15.106210299399999,42.48093812399999,51721.380000000005,45.38825648364591
2024-09-23,W03,16.018266266999998,38.3115461622,49860.0,161.07987758816608
2024-09-23,W04,2.6792694191999997,11.273732352200001,15314.53,0.615919048743286
2024-09-23,W05,5.9676401783,20.4761581317,25114.92,0.8896357563157438
2024-09-23,W06,1.625890666,6.727452702000001,9503.79,5.907174342392094
2024-09-23,W07,21.202264506599995,37.9064268611,61073.44,38.76900439505784
2024-09-23,W08,0.7055257482,2.9958189774000004,3942.54,0.07164009292259284
2024-09-24,W01,15.5849298392,41.395239922200005,58391.58,57.73415068810824
2024-09-24,W02,16.3029897087,45.7236683973,55119.840000000004,52.834692444080034
2024-09-24,W03,14.8070717229,36.3111230051,46673.05,146.2715768339425
2024-09-24,W04,2.6216152765999996,11.068666794799999,14823.279999999999,0.5934007137245296
2024-09-24,W05,6.0985379341999995,20.7985469784,25125.28,0.8344759410390347
2024-09-24,W06,1.6363796917,6.7891209519,9268.98,5.904395848036774
2024-09-24,W07,18.7063912272,34.0018546687,56531.369999999995,35.41046244498583
2024-09-24,W08,0.7250632962,3.1083505734,4100.86,0.07301026839554657
2024-09-25,W01,16.555713017800002,43.925234950500005,60763.19,60.28721411799836
2024-09-25,W02,15.2433450555,42.830069046599995,52350.84,43.6106034494597
2024-09-25,W03,16.549729658700002,39.4740796073,51397.82,155.10379151741785
2024-09-25,W04,2.5057195048999996,10.5191848056,13548.150000000001,0.5908907519490257
2024-09-25,W05,6.138695512599999,20.950961114400002,25419.09,0.8761900858149364
2024-09-25,W06,1.7641258157999997,7.3995866106,10101.45,6.455685522950081
2024-09-25,W07,18.994726644000004,34.113600727599994,57167.84,38.10949820735316
2024-09-25,W08,0.7132361401999999,3.0494728014000003,4039.4900000000002,0.07184759131872835
2024-09-26,W01,15.4854599303,41.753844404700004,58088.579999999994,58.15698325121118
2024-09-26,W02,16.201766117600002,46.6682290487,57443.29,44.07408567829969
2024-09-26,W03,16.3633302882,38.753259684999996,49658.81999999999,163.07395920193736
2024-09-26,W04,2.5513609596999998,10.716909216,14563.470000000001,0.5822945778493707
2024-09-26,W05,6.368684402,21.7380234674,25883.29,0.940569763636353
2024-09-26,W06,1.7524748178999998,7.3705292553,9984.14,7.276540833918094
2024-09-26,W07,19.7037896695,35.3984958919,58624.28,36.806122594052376
2024-09-26,W08,0.6900703112000001,2.8984516584000004,3990.04,0.07094704252430589
2024-09-27,W01,15.648961485800003,42.0091203619,59672.55,51.62629152084983
2024-09-27,W02,15.7581102993,44.531085264,54966.77,48.85978196281126
2024-09-27,W03,15.3621992136,37.3873260948,48414.68000000001,167.6601789166949
2024-09-27,W04,2.5057827551,10.5424330826,14593.18,0.5740150139014849
2024-09-27,W05,6.2414081868,21.3005109951,25103.34,0.8574380512742171
2024-09-27,W06,1.7049816664,7.138454224799999,9452.16,6.487654930670766
2024-09-27,W07,16.8444872518,30.570463729000004,50313.35,31.59042272216648
2024-09-27,W08,0.7099615763,3.0299166441,4138.99,0.07183573054719732
2024-09-28,W01,15.7435600067,41.1066523765,56907.2,62.6754037019491
2024-09-28,W02,14.5536112401,41.235781060200004,50232.38,45.77629357529512
2024-09-28,W03,14.4695122515,35.5681850569,45733.53,153.53407947009327
2024-09-28,W04,1.7973094515,7.5967409235000005,10080.83,0.6807897511624842
2024-09-28,W05,4.3700256312,15.0057141673,18220.59,1.0132610354261342
2024-09-28,W06,1.5861949419999999,6.805264434000001,8850.4,9.725290876762722
2024-09-28,W07,18.586505063700002,33.05642355409999,54008.16,36.67742476398899
2024-09-28,W08,0.5086157042,2.1848751894,2868.67,0.084875449074217
2024-09-29,W01,15.070671758700001,39.975209560399996,55441.68,58.283560896064984
2024-09-29,W02,15.227647947400001,43.0712213245,52104.950000000004,43.470305302312305
2024-09-29,W03,15.837338262500001,37.900966489700004,49304.45,165.63827747505596
2024-09-29,W04,0.8497071621,3.5810848775000004,4943.14,0.8892131227160277
2024-09-29,W05,2.28177632,7.8038747955,9346.95,1.5683464832121674
2024-09-29,W06,0.5501421634000001,2.2966813638000003,3061.73,10.683201868106261
2024-09-29,W07,19.770974432200003,35.4086215313,56797.13,39.45113235771255
2024-09-29,W08,0.2170037601,0.9321376707000001,1220.34,0.11657931075422821
2024-09-30,W01,15.184802399200002,39.3212613042,55198.22,53.52056929285667
2024-09-30,W02,14.7628460949,42.730350468100006,52367.649999999994,45.96669021092028
2024-09-30,W03,15.6504676012,36.8954705312,48018.36,158.694662352464
2024-09-30,W04,2.6087871244999996,10.979625458700001,15035.77,0.5908209694693431
2024-09-30,W05,6.334318558400001,21.760446355299997,25977.46,0.9033478604824154
2024-09-30,W06,1.7172395707,7.1968341249000005,9880.029999999999,5.769402480463369
2024-09-30,W07,20.9015885511,37.2161481224,61563.759999999995,40.53051881151833
2024-09-30,W08,0.7061936816,3.0218508912,4008.32,0.06660606626165062
2024-10-01,W01,15.7362437264,39.15015413700001,55095.740000000005,66.07314172754909
2024-10-01,W02,14.385479811000002,39.246293534900005,47660.04,47.00968204084167
2024-10-01,W03,15.993669546900001,37.53533734449999,48849.43,200.80692991449772
2024-10-01,W04,0.5844793172000001,2.4677602857000003,3377.2599999999998,2.5067842854018076
2024-10-01,W05,1.7758904463999998,6.026431444,7188.9800000000005,4.313795636870653
2024-10-01,W06,0.306320431,1.2798615570000003,1730.21,22.26327720037793
2024-10-01,W07,23.2207745105,40.762024276800005,67769.05,48.98711549034003
2024-10-01,W08,0.1226778786,0.5225282502,694.99,0.18836947127269826
2024-10-02,W01,14.880678347599998,36.8065846798,52368.729999999996,65.039066887533
2024-10-02,W02,15.8049371251,43.0501071874,53503.92,53.69309078805668
2024-10-02,W03,15.509947436600001,36.3131071354,47305.28,173.1291433549885
2024-10-02,W04,0.5548994888000001,2.3021205076,3246.87,2.1247410172269214
2024-10-02,W05,1.6749795570000001,5.5032303597,6500.35,3.8321334765539206
2024-10-02,W06,0.33739534509999997,1.4280990657000001,1886.62,20.43457968021319
2024-10-02,W07,19.954328631200003,35.368306636599996,58607.57,38.98075926876629
2024-10-02,W08,0.1207192203,0.5139583521000001,685.9000000000001,0.1800672128482187
2024-10-03,W01,16.0161762203,40.7409986875,57656.22,77.9429071581519
2024-10-03,W02,15.187986423100002,41.346399697,50281.59,57.63438646000539
2024-10-03,W03,15.8243067737,36.94752124469999,49361.259999999995,179.3203858951114
2024-10-03,W04,0.5610662307000001,2.3363583661000003,3293.97,2.0210882715071
2024-10-03,W05,1.6749722171,5.5172180838000004,6635.22,4.219041712783027
2024-10-03,W06,0.34369364310000006,1.4212668717,2006.25,23.131891445685827
2024-10-03,W07,19.9351107787,35.5124989606,58231.91,41.89386270132479
2024-10-03,W08,0.11430189919999999,0.4866073344000001,653.0600000000001,0.19371561596474876
2024-10-04,W01,15.780760280399997,38.2174620758,55803.8,65.68419942560311
2024-10-04,W02,16.216360790400003,43.545567550200005,53569.32,53.136862355126965
2024-10-04,W03,16.910451285700002,38.966185867499995,51127.41,182.93039187490538
2024-10-04,W04,0.5644369941999999,2.3842874994000005,3299.09,2.1197998798207824
2024-10-04,W05,1.7147713890999998,5.6029812342,6730.85,4.092083897949151
2024-10-04,W06,0.3205611841,1.3398793587,1874.36,19.153990445745695
2024-10-04,W07,20.297476310399997,35.902698717499995,57093.04,42.36062833088807
2024-10-04,W08,0.1219689206,0.5203497042,696.6099999999999,0.20378215917103018
2024-10-05,W01,16.29227015,39.1846275914,56045.5,68.48282766505676
2024-10-05,W02,15.630055561999999,43.2203166602,53290.829999999994,44.65041268490005
2024-10-05,W03,16.718769679199998,39.3431831756,51800.01,199.09933881770112
2024-10-05,W04,0.5094589908,2.1011704677,2907.34,1.9995799986655314
2024-10-05,W05,1.6596070358,5.5321268478,6509.06,4.490060104756803
2024-10-05,W06,0.30291145029999994,1.2479914821,1736.3300000000002,16.626129332016024
2024-10-05,W07,20.2905680361,35.8368950378,57875.979999999996,39.66487740416382
2024-10-05,W08,0.1324766133,0.5664088431000001,736.67,0.23206944971437277
2024-10-06,W01,15.543992800100002,38.691945294,54661.69,79.05319615363099
2024-10-06,W02,15.590634868,42.258393931,51226.18,51.00062110273312
2024-10-06,W03,15.216074788599999,36.4505143916,47706.36,168.32127333930683
2024-10-06,W04,0.5620746625,2.3604161484,3237.1600000000003,2.255172415522513
2024-10-06,W05,1.6725043657,5.4459534526,6597.93,4.023383351535737
2024-10-06,W06,0.33175461340000006,1.3799241138000002,1920.54,19.72499039181878
2024-10-06,W07,20.838391468900003,36.84678470619999,60653.25,42.19613294205076
2024-10-06,W08,0.12141805709999999,0.5168052897,698.04,0.20107154383088652
2024-10-07,W01,15.199157580200001,37.923397357400006,53580.05,71.57260114993407
2024-10-07,W02,15.5004203522,41.72138178870001,51816.19,50.66473716239406
2024-10-07,W03,15.271000990200003,35.960700766200006,47322.81,178.9913029079785
2024-10-07,W04,0.5450202862,2.2800354345000002,3115.79,2.1811542727021695
2024-10-07,W05,1.6596696292,5.4865244651000005,6479.16,3.897264630449331
2024-10-07,W06,0.2994869767,1.2438944469,1680.4499999999998,17.736865661830027
2024-10-07,W07,21.754363996300004,38.35314958680001,62365.9,40.35820507186958
2024-10-07,W08,0.11394171299999999,0.481772331,648.52,0.1760628479599484
2024-10-08,W01,16.6141463001,41.2318126539,59246.68,64.52521642244342
2024-10-08,W02,16.477343571400002,46.1703944047,56821.69,51.22516770988451
2024-10-08,W03,16.8100965818,40.138158575400006,52824.75,185.48253408732305
2024-10-08,W04,2.3921410426,9.941452275800001,13489.220000000001,0.5245053764332054
2024-10-08,W05,6.299662252100001,20.6717136523,24431.27,0.8923636001662436
2024-10-08,W06,1.4699413513,5.9835858890999996,8402.75,6.363465115564271
2024-10-08,W07,23.1553144687,40.836043777499995,68559.47,45.78239170194298
2024-10-08,W08,0.7006005217,3.0020438019,3928.94,0.06861198927514905
2024-10-09,W01,17.241547026299997,42.8754947285,61150.130000000005,64.63051465976436
2024-10-09,W02,16.209976533000003,44.0150545092,54341.54,50.45687202114149
2024-10-09,W03,17.910020778600003,41.287253891599995,54607.56,187.23363697624825
2024-10-09,W04,2.4816371934,10.4013440261,14013.2,0.5328166403511521
2024-10-09,W05,6.1726143011,20.512346460800003,24941.940000000002,0.8758716412558626
2024-10-09,W06,1.6659087551999998,6.9208688064,9468.13,5.657984802078556
2024-10-09,W07,23.103511986700003,40.613845499099995,67201.20999999999,45.418647097088744
2024-10-09,W08,0.6472008385999999,2.7437326902,3573.59,0.06463541792605865
2024-10-10,W01,17.6311925774,44.090621025,63160.89,61.73257066518211
2024-10-10,W02,16.7116991737,44.904640039600004,57330.44,52.45189784909451
2024-10-10,W03,16.2901131633,38.6353262301,51235.94,152.08343677518133
2024-10-10,W04,2.4746276657,10.376445014300002,14372.31,0.5820126711345309
2024-10-10,W05,6.098771559,20.3584285107,24639.66,0.8734888369273182
2024-10-10,W06,1.5995015488,6.613582041600001,9165.26,5.89736692242177
2024-10-10,W07,20.505279360099998,36.475758021000004,61051.869999999995,36.15386536963539
2024-10-10,W08,0.6777499216000001,2.8856632512000004,3852.7,0.06248853692259296
2024-10-11,W01,16.4656477746,42.0072255354,59271.9,58.34620020339752
2024-10-11,W02,16.8171391278,45.0372405853,55218.03999999999,46.66696024253188
2024-10-11,W03,16.7069521351,39.3777313909,52313.24,167.5419897621292
2024-10-11,W04,2.3589764431,9.785161906299999,13389.56,0.5737640643770195
2024-10-11,W05,6.4779434271,21.8214775668,25656.3,0.913706124423375
2024-10-11,W06,1.5975212761,6.5669526027,9168.66,6.044920163087693
2024-10-11,W07,23.605180403800002,41.4733727651,68714.33,41.00691649419167
2024-10-11,W08,0.6871108503000001,2.9306046021000003,3829.16,0.06644634122495682
2024-10-12,W01,16.923778381,41.95418421150001,58680.490000000005,61.01341267512204
2024-10-12,W02,16.4447261228,45.578678684500005,56121.3,48.75400570056329
2024-10-12,W03,17.2704546611,41.38978129689999,52962.3,160.19938279038274
2024-10-12,W04,1.6713483648,6.930721471000001,9722.03,0.6225503094596004
2024-10-12,W05,4.290211602,14.326817085800004,16866.300000000003,1.0624045466690804
2024-10-12,W06,1.0760648079,4.4690139453,6163.05,6.2183743507506675
2024-10-12,W07,22.871312256100005,40.227693662899995,66152.44,44.27456837405316
2024-10-12,W08,0.4907728332,2.1110840724,2733.3599999999997,0.07789335276436718
2024-10-13,W01,16.8916824603,42.198640872000006,58922.85,66.57817706809296
2024-10-13,W02,15.3514994583,41.96420754020001,51472.59,49.0637237432444
2024-10-13,W03,15.622668542200001,37.3256544574,47912.26,177.84762066641622
2024-10-13,W04,0.8488189956,3.5627906491000005,4820.66,0.9710187983110508
2024-10-13,W05,2.4170655699,7.9908329674999985,9537.67,1.892287060771534
2024-10-13,W06,0.5236204411,2.1709946577,3006.25,9.508270221536227
2024-10-13,W07,24.836488970900003,43.515693633,71159.72,49.167243673375665
2024-10-13,W08,0.1890691427,0.8025620889,1075.23,0.09071310056259937
2024-10-14,W01,16.644943804399997,40.57663638100001,58094.130000000005,59.11812229412475
2024-10-14,W02,16.2435418148,43.8238160475,54272.59,50.56701724258159
2024-10-14,W03,17.4895693902,40.42458456200001,52936.67,178.28307227522936
2024-10-14,W04,2.5695688345999996,10.8085533181,14716.869999999999,0.5714421003331599
2024-10-14,W05,6.2934333268,20.6601515812,24331.079999999998,0.8495661782818698
2024-10-14,W06,1.6191847878999999,6.775193085300001,9198.02,5.918419161573776
2024-10-14,W07,23.736646332100005,41.416781687100006,69251.7,45.66083161410955
2024-10-14,W08,0.7203234411000001,3.0878089377000006,4012.23,0.07517880253238805
2024-10-15,W01,17.181411892299998,42.50077181129999,60551.89,63.79079190725477
2024-10-15,W02,16.418666021900002,43.9698925158,54311.24,49.946508546353336
2024-10-15,W03,17.361142075100002,41.1849617807,53449.67,166.33748263535588
2024-10-15,W04,2.5066697621999996,10.442107897400001,14561.55,0.63626728223758
2024-10-15,W05,6.0456014605,19.954673656700002,23857.91,0.8995231380607586
2024-10-15,W06,1.4868435148999999,6.1903105143,8551.6,4.9978437258190835
2024-10-15,W07,23.033317379800003,40.71155732009999,65887.17,42.53425033756584
2024-10-15,W08,0.6514099148,2.7677868036000004,3671.6800000000003,0.05971380662297988
2024-10-16,W01,17.335276931,43.9456576149,61787.28,66.3640178818215
2024-10-16,W02,16.1986264375,44.4756927478,54869.18,47.768904045661515
2024-10-16,W03,17.6054381659,40.651645670099995,53922.380000000005,181.68104357863015
2024-10-16,W04,2.4079438382000005,10.0908345088,13726.289999999999,0.5504832931282172
2024-10-16,W05,5.8141470176,18.9646510059,22520.81,0.7646741342954254
2024-10-16,W06,1.4458206675,5.981862442500001,8056.639999999999,5.507279833846928
2024-10-16,W07,21.949277213600002,38.6334302534,63730.39,39.14376169420493
2024-10-16,W08,0.6552195939000001,2.7822604473,3658.2,0.060018150908159595
2024-10-17,W01,16.2741764025,40.5699138006,57577.07,56.24410798896834
2024-10-17,W02,16.742026182900002,45.6587397439,56104.22,57.15991977719206
2024-10-17,W03,16.0736127876,38.04793017840001,49730.07,154.19221046391158
2024-10-17,W04,2.3787710034000003,9.9623918439,13693.88,0.522632220313214
2024-10-17,W05,6.3042328331999995,21.127817330099997,25337.29,0.8578083850394164
2024-10-17,W06,1.6246706485999998,6.7064622402000005,9227.67,5.966232170569679
2024-10-17,W07,21.625189538300003,38.4153847949,62869.28,39.90660467120014
2024-10-17,W08,0.6392611624,2.7196785768,3663.37,0.07156235638382726
2024-10-18,W01,16.221347378,40.2205015942,56508.92,57.74077675895406
2024-10-18,W02,17.5080918829,48.5561881731,59249.23,52.83228788708169
2024-10-18,W03,17.784152031599998,41.7358160776,54580.07,163.8895987724973
2024-10-18,W04,2.3507987855,9.766106437300001,13483.529999999999,0.5354280022293567
2024-10-18,W05,6.2011134118,20.063113819800005,24348.829999999998,0.8479650662558876
2024-10-18,W06,1.5921108305999998,6.5672976342,9136.9,6.295068009679179
2024-10-18,W07,23.920084028,42.239610288899996,69967.05,48.406622350748464
2024-10-18,W08,0.6667288702999999,2.8419799821000002,3731.9399999999996,0.06634006555511653
2024-10-19,W01,16.877633276700003,41.879451109499996,58673.42999999999,63.41541900888242
2024-10-19,W02,16.6822118595,44.29175753489999,55496.45,55.562737465902394
2024-10-19,W03,16.1491820492,38.081135729,49865.76,193.07272633932308
2024-10-19,W04,1.6807658388,7.075987373500001,9656.25,0.6746053906914765
2024-10-19,W05,4.6551469496,14.921988655500002,17834.03,1.06561093623384
2024-10-19,W06,1.0318602290999999,4.0525968537,5942.13,5.99828066164417
2024-10-19,W07,22.3502975,39.496179821300004,66166.34,39.56589182280381
2024-10-19,W08,0.4659604375,1.9884507525000001,2602.46,0.06893575862328633
2024-10-20,W01,16.4626118963,40.2884642966,58042.490000000005,63.412124571188656
2024-10-20,W02,15.147541212700002,42.082909421699995,51559.72,41.199413629563956
2024-10-20,W03,17.3115521959,39.5071368999,52635.67,193.46191115519147
2024-10-20,W04,0.8274780077,3.4837127645,4754.93,0.8873815892649175
2024-10-20,W05,2.3224666154999998,7.7146264946,9215.15,1.6525400852573515
2024-10-20,W06,0.4744036906,1.9575627342000002,2727.79,9.86737573526353
2024-10-20,W07,21.331747380200003,37.6400063981,61865.92,40.577410106808955
2024-10-20,W08,0.20636872059999997,0.8828323842,1153.71,0.10081254358702797
2024-10-21,W01,16.8190394577,41.9573850254,59865.38,63.93856475080783
2024-10-21,W02,16.6271983828,45.6243193959,56936.01,48.75625209382249
2024-10-21,W03,17.189494735700002,40.4367897623,53032.22,184.13238571137822
2024-10-21,W04,2.3590914590999996,9.871852171099999,13511.2,0.5750371076145465
2024-10-21,W05,5.9608574248,19.9470486596,24162.93,0.8425323536487287
2024-10-21,W06,1.4837695512,6.149617898400001,8556.57,5.582446240669396
2024-10-21,W07,22.121646492700002,39.09559034679999,63847.12,40.91244702343414
2024-10-21,W08,0.6323606144999999,2.6733411315,3690.4700000000003,0.058570515735137704
2024-10-22,W01,16.114652931000002,41.0268285396,57595.04,58.77806446212262
2024-10-22,W02,15.8986673264,43.3949854873,54068.12,48.594068967793795
2024-10-22,W03,16.8306374217,39.5608634011,51907.75,176.94854095735735
2024-10-22,W04,2.301368024,9.569733754100001,13227.5,0.5434183515215169
2024-10-22,W05,6.2497376562,20.3431348951,23809.09,0.857522448643569
2024-10-22,W06,1.7042738820999999,7.101745724700001,9700.630000000001,6.509060738033311
2024-10-22,W07,21.5836922175,38.0078878542,62154.81,39.86629568693872
2024-10-22,W08,0.6783112500999999,2.8940267007,3892.41,0.06423383741334067
2024-10-23,W01,16.4067038244,40.06376885579999,57956.27,58.42655977693022
2024-10-23,W02,16.319531833,42.93353043529999,53129.56,52.6507844062744
2024-10-23,W03,17.2247706661,39.4937118413,50675.58,175.57485006982316
2024-10-23,W04,2.6000765555,10.9515196164,14744.31,0.5632315009352618
2024-10-23,W05,6.123674199200001,20.2616840743,24420.53,0.9022777388105863
2024-10-23,W06,1.4839222498,6.0666016086,8591.51,5.293408041122375
2024-10-23,W07,21.429437582000002,37.639721245000004,61342.8,38.894089471458464
2024-10-23,W08,0.6739008134999999,2.8716401445,3825.39,0.0660577040647837
2024-10-24,W01,17.5881961545,43.3801132161,61406.78,67.76993678716747
2024-10-24,W02,17.2178696583,47.1039266326,58702.2,49.34858587716356
2024-10-24,W03,16.1994848901,38.2595712111,49901.38,160.69482774454661
2024-10-24,W04,2.4352154991000003,10.149761640900001,14149.0,0.531272954600144
2024-10-24,W05,6.4877168881,21.6375572657,25819.07,0.8486730647957719
2024-10-24,W06,1.5195716144,6.2869507008,8673.439999999999,5.922616407933866
2024-10-24,W07,22.6225834214,40.1768068843,66164.47,38.97468557877346
2024-10-24,W08,0.7087671861,3.0346854927,4073.69,0.06754960342315458
2024-10-25,W01,16.987142798,42.2490391061,59609.770000000004,65.79598959636532
2024-10-25,W02,16.0297344385,42.8843598277,52631.369999999995,46.21957527601012
2024-10-25,W03,16.944175483,39.5541203728,51458.880000000005,179.72946967414825
2024-10-25,W04,2.5090220648,10.6072182835,14466.36,0.5880860451619859
2024-10-25,W05,6.1783557313,20.509897403400004,24416.82,0.9131301877972159
2024-10-25,W06,1.6354714851999996,6.809375156400001,9283.31,6.336261580005655
2024-10-25,W07,22.8294591217,40.186872575,65639.52,39.352587406356555
2024-10-25,W08,0.6918470845,2.9335690215,3877.06,0.06642173051490619
2024-10-26,W01,16.793644086100002,41.74457557090001,60824.72,63.752834225831194
2024-10-26,W02,16.520142688500002,44.429258240900005,56468.850000000006,49.8962296913226
2024-10-26,W03,17.281390627500002,39.5455871543,52113.58,190.6449262248061
2024-10-26,W04,1.6173076388,6.7140079847,9372.119999999999,0.6626685913862095
2024-10-26,W05,4.1627849802,13.8271544763,16503.34,1.0417361581698932
2024-10-26,W06,1.0637936596,4.4113412171999995,5989.57,6.238307704396983
2024-10-26,W07,24.034607565100004,41.934048887100005,68552.47,45.491830009198836
2024-10-26,W08,0.4862103712,2.0759649984000004,2784.07,0.07368488414579717
2024-10-27,W01,16.640712999900003,41.1202264654,58669.88,61.251603000242945
2024-10-27,W02,15.6147028002,43.0142668838,53114.22,48.03711002814909
2024-10-27,W03,16.0449601848,36.9155166456,47474.03,165.29267729267542
2024-10-27,W04,0.8635469535999999,3.6278221245,4860.97,0.9273067082455473
2024-10-27,W05,3.7098863729,14.2116061576,17368.39,2.6375131064955193
2024-10-27,W06,0.5027581374,2.0795453418000003,2796.36,9.336616724855148
2024-10-27,W07,19.921460674200002,35.2099534853,57842.31,37.85385279921258
2024-10-27,W08,0.22048699360000001,0.9494263152000001,1269.63,0.11717797200530175
2024-10-28,W01,16.8839491855,41.9469632825,58878.91,60.76576169953177
2024-10-28,W02,15.9641718784,44.0991913294,55199.54,47.88882819542896
2024-10-28,W03,16.7046704039,39.339518050500004,51861.8,178.53927732009447
2024-10-28,W04,2.3919461548,9.9706926732,13814.750000000002,0.5309655454650593
2024-10-28,W05,6.5503955722,21.7789043016,25846.33,0.8649735739724965
2024-10-28,W06,1.6507522007,6.8600719749,9323.79,6.196121871727406
2024-10-28,W07,22.0922109553,39.1417536985,64051.88,38.95687655891263
2024-10-28,W08,0.7370237124,3.1539620268,4140.22,0.07481214203617889
2024-10-29,W01,17.3929092605,42.35497770639999,60156.130000000005,59.04868838269643
2024-10-29,W02,16.9140429769,44.9834767675,55976.17,54.489186842283296
2024-10-29,W03,17.367226912099998,40.3574440847,53553.53999999999,170.97092845146682
2024-10-29,W04,2.3678060511,9.8754563091,13636.05,0.5222871546539971
2024-10-29,W05,6.1009944363,19.8165058218,23603.77,0.8311407422266609
2024-10-29,W06,1.6072596653,6.665128607100001,9254.23,5.772083235651131
2024-10-29,W07,21.997394824200004,38.678795223499996,63709.34,38.82857066436493
2024-10-29,W08,0.6811177350999998,2.8797977157,3832.77,0.06461784158311201
2024-10-30,W01,16.9452114173,42.116646071,60275.71,70.49607239350837
2024-10-30,W02,16.1212941614,43.41390845640001,53215.21,46.49979855954496
2024-10-30,W03,16.4044453108,38.6990226922,50657.94,187.51366319326965
2024-10-30,W04,2.4280916483,10.1973586052,13983.41,0.604296778234191
2024-10-30,W05,6.123734326,19.858013745,23861.3,0.8658491162766759
2024-10-30,W06,1.568945743,6.509330061000001,8846.27,5.878116626016717
2024-10-30,W07,21.6262742019,38.4285448001,63086.86,38.43277140716967
2024-10-30,W08,0.691759572,2.9415389640000003,3919.47,0.06672633984732879
2024-10-31,W01,17.355347379799998,42.735646010399996,61298.13,67.53999540713873
2024-10-31,W02,16.7331281604,44.6354688411,55815.270000000004,49.799494540043455
2024-10-31,W03,17.5948565505,40.65542891489999,54062.009999999995,186.76803794304035
2024-10-31,W04,2.4422639173,10.2534232069,13844.46,0.5588520463627743
2024-10-31,W05,6.3107172317,20.5095238013,24317.67,0.823672883150025
2024-10-31,W06,1.5366761576999999,6.3951234939,8855.72,5.564320581461875
2024-10-31,W07,23.189723481199998,40.650375973900005,66140.15,41.87699948569591
2024-10-31,W08,0.7283792523,3.1163969361000006,4074.13,0.07035393871576257
2024-11-01,W01,20.0205845541,48.2680884515,69178.89,78.53242232930877
2024-11-01,W02,19.520474258399997,52.0346422593,63590.96,55.31336657646349
2024-11-01,W03,19.857168838600003,46.2234596654,60359.86,172.43711867900936
2024-11-01,W04,2.5201102461000002,10.673641827500001,14849.14,0.5282315343155215
2024-11-01,W05,6.9670486694000004,22.555092535700002,27187.1,1.0513882875529141
2024-11-01,W06,1.7414865998,7.356335058600001,9780.01,6.461629166048265
2024-11-01,W07,26.8834779644,46.970794892700006,75288.84,49.02568220295247
2024-11-01,W08,0.7660934021,3.2998978047,4398.08,0.06944874411004126
2024-11-02,W01,20.9039679612,49.426130887599996,71014.03,74.65569529544115
2024-11-02,W02,18.644720820400003,48.5356324548,59807.47,53.49224163075599
2024-11-02,W03,19.793260773900002,45.076848418299996,58676.53,211.4032209798351
2024-11-02,W04,1.7469561723,7.360957610400001,9951.47,0.5839977175379215
2024-11-02,W05,4.9709936401,15.717753765400001,18666.04,1.063664076031858
2024-11-02,W06,1.134185862,4.734162954,6435.67,6.727440148050608
2024-11-02,W07,25.245291305400006,44.222885178,72750.89,46.963265654055235
2024-11-02,W08,0.49676382769999994,2.1346973438999997,2846.24,0.08302507157004856
2024-11-03,W01,19.081174166100002,47.5205187309,67330.0,71.7650334961863
2024-11-03,W02,18.9946465014,50.1542672434,63860.48,60.0074762000139
2024-11-03,W03,18.904169741800004,43.010372101600005,56381.01,199.50788084724658
2024-11-03,W04,0.9351259315999999,3.9683832173000004,5381.8099999999995,1.0323996599612046
2024-11-03,W05,2.6650983075,8.696067014,10370.94,1.8103577906026538
2024-11-03,W06,0.5704329775,2.4270114525000004,3236.53,11.151505825660275
2024-11-03,W07,27.2659359999,47.5774059227,78009.64,52.051712025222216
2024-11-03,W08,0.2066283719,0.8776979733000001,1180.62,0.10148521932728369
2024-11-04,W01,20.898397808000002,49.84567281240001,71464.54,76.49206766955822
2024-11-04,W02,18.8300176907,50.0415195301,61643.5,59.20998201596749
2024-11-04,W03,21.7291916755,48.8286807539,63394.15,257.284167797433
2024-11-04,W04,2.4624398741,10.3277094966,14375.4,0.5598954701588323
2024-11-04,W05,7.3823013599000005,23.9147189338,28194.83,1.0702331568965608
2024-11-04,W06,1.764777933,7.393009911000001,10062.7,6.35749822760186
2024-11-04,W07,27.407440196700005,47.7638928951,77622.25,52.960930075187974
2024-11-04,W08,0.7383746581999999,3.1497429474,4225.68,0.06732986595115589
2024-11-05,W01,20.8503450424,48.9107346509,69769.01000000001,81.02381727546864
2024-11-05,W02,18.859904130000004,48.8856369448,60625.47,53.9762747309043
2024-11-05,W03,20.945940192300004,47.6680266173,63516.670000000006,199.2612130396317
2024-11-05,W04,2.6244037103999998,11.0207301936,14882.539999999999,0.5686194013254767
2024-11-05,W05,7.1972270864,22.8417475124,27219.19,1.0510067685212012
2024-11-05,W06,1.6321712662,6.8066890434000005,9240.529999999999,5.799934850681564
2024-11-05,W07,27.30165668580001,47.834804214600005,78493.19,47.78438593054008
2024-11-05,W08,0.7859363762,3.3761634534000002,4392.9,0.07636914197861841
2024-11-06,W01,19.7212930363,47.9083575956,67524.39,79.12761917033792
2024-11-06,W02,19.8644879383,52.3571141677,64538.94,58.820445519877765
2024-11-06,W03,20.7767515586,47.1653647128,63034.030000000006,213.84278922796653
2024-11-06,W04,2.5075103597,10.592522989299999,14536.12,0.572075607139109
2024-11-06,W05,6.9123672227,22.226670526000003,26313.6,1.0063228457362248
2024-11-06,W06,1.6388982621000001,6.744395744700001,9275.07,6.155625148735745
2024-11-06,W07,28.140513124700004,49.0277971235,80891.61,50.824048194731674
2024-11-06,W08,0.7708287603999999,3.2969476428,4440.43,0.07341599662306635
2024-11-07,W01,19.754373801099998,47.302748511400004,67326.98,78.54153351132139
2024-11-07,W02,19.243307420200004,51.18027630380001,62747.86,62.08800339489444
2024-11-07,W03,19.8986510725,46.980966738899994,61060.219999999994,205.704830488763
2024-11-07,W04,2.6773388479,11.3430391463,15313.74,0.6137914922576232
2024-11-07,W05,7.283492492600001,23.1763050473,27807.34,1.1301181000776583
2024-11-07,W06,1.6426476367,6.8215425069,9341.529999999999,5.7982415759210175
2024-11-07,W07,25.560546389,44.65481495899999,76004.31,51.56798090048359
2024-11-07,W08,0.7565439914000001,3.2391135198,4279.5199999999995,0.07807425605442775
2024-11-08,W01,20.372715288600002,49.272751152800005,70542.72,82.9163592017973
2024-11-08,W02,19.9904292248,53.6626363056,66033.47,60.00447014639095
2024-11-08,W03,19.9925598111,45.348624532900004,61406.38,211.11244665948618
2024-11-08,W04,2.6107144474,10.9511498758,15288.72,0.5903740742935087
2024-11-08,W05,7.0608322102,22.769429763799998,27006.2,1.0942369813466983
2024-11-08,W06,1.6704954111,6.9465157677,9484.49,6.798591078579801
2024-11-08,W07,28.167254103500003,49.4618609191,80786.44,47.10503105271696
2024-11-08,W08,0.7483627623,3.2178533061,4255.77,0.07219244452654873
2024-11-09,W01,19.227626065900004,46.292338714900005,66927.65,77.76907484994338
2024-11-09,W02,19.1747614956,50.8511613239,62860.979999999996,62.853232992867255
2024-11-09,W03,20.3575898171,45.9939764789,61416.69,218.49706257419155
2024-11-09,W04,1.7119387742,7.206201405000001,9607.9,0.5761719390191736
2024-11-09,W05,4.9287487714,15.815175621800002,18940.31,1.1366828182868354
2024-11-09,W06,1.1866099680000002,4.996466736,6688.969999999999,6.925793010062336
2024-11-09,W07,25.345030373500002,44.638002303499995,70999.91,43.608554757103484
2024-11-09,W08,0.4759572742,2.0304949794000002,2669.79,0.07007137236207657
2024-11-10,W01,18.769239650699998,45.479432541499996,65647.41,79.36287109332385
2024-11-10,W02,17.4456322724,46.2144654162,56708.240000000005,53.537036565897736
2024-11-10,W03,18.5388986261,42.644867910100004,56412.14,206.46492589651638
2024-11-10,W04,0.9372653308,3.9666390433000007,5296.389999999999,1.1367653817698442
2024-11-10,W05,2.6812622968,8.8008516155,10324.29,1.9000278469638667
2024-11-10,W06,0.5160476586,2.1479973102000005,2888.34,9.504865426482235
2024-11-10,W07,25.068970516,44.0728658849,72364.04000000001,49.60429799417863
2024-11-10,W08,0.21991546250000002,0.9354773475000001,1251.12,0.11112010308835575
2024-11-11,W01,20.5737532527,49.1253551649,70971.03,74.0281423034852
2024-11-11,W02,19.3238143983,51.2670532985,64873.48999999999,63.86327759608171
2024-11-11,W03,20.8523537822,47.840744754800006,63972.02,196.56825646386758
2024-11-11,W04,2.6021040553999994,10.9626381689,15139.369999999999,0.6572848742115169
2024-11-11,W05,7.216333703,23.1582377605,26861.36,1.0121478356171763
2024-11-11,W06,1.744169266,7.3207928220000005,9960.4,6.7430180041211925
2024-11-11,W07,26.2139692268,45.7977389666,74910.05,45.516843069325844
2024-11-11,W08,0.8049806668,3.4690733076,4547.16,0.07328399731291625
2024-11-12,W01,20.409077813000003,47.6560341539,70599.63,74.05782582017034
2024-11-12,W02,18.7964724885,50.440285976599995,62772.630000000005,53.07129402073557
2024-11-12,W03,21.084693586400004,47.8031485528,63195.350000000006,228.4415002101888
2024-11-12,W04,2.5067891658,10.427645737400002,14151.51,0.6084814854605114
2024-11-12,W05,6.8629770181000005,22.2603876107,26025.11,1.0445160468519448
2024-11-12,W06,1.6548688576,6.8804094432000005,9467.34,5.805172301345644
2024-11-12,W07,28.342802331900003,49.2349068305,80332.98000000001,54.24573977997623
2024-11-12,W08,0.7360323388,3.1725629316,4131.67,0.06856726323464707
2024-11-13,W01,20.9053033349,50.25015928559999,72092.81,85.27729847600399
2024-11-13,W02,19.772748108800002,53.2650899782,64691.57,55.774709695326806
2024-11-13,W03,19.6898369242,46.0282740174,60033.14,185.1488248189871
2024-11-13,W04,2.2640492228,9.3789750873,12925.199999999999,0.5058703871164943
2024-11-13,W05,6.778171011,21.8781940179,26192.37,0.9116777636670204
2024-11-13,W06,1.6285172509999999,6.774930177,9119.45,6.163093173930978
2024-11-13,W07,27.1457765465,47.37614949739999,76260.88,48.1458337114064
2024-11-13,W08,0.6790381966,2.8896268362000006,3805.2200000000003,0.06588263911588338
2024-11-14,W01,20.726923718100004,49.398192855,70437.28,78.25614935475346
2024-11-14,W02,18.805089953499998,49.246253244,61572.68,55.29363840544553
2024-11-14,W03,18.8733920866,43.976386168,57162.75,197.87993129023465
2024-11-14,W04,2.6259695342,11.0771140289,15110.53,0.5573188818262274
2024-11-14,W05,7.0982294288,23.4857431664,28201.83,1.012173412983207
2024-11-14,W06,1.5535450034,6.384591763800001,8946.75,5.644574692255149
2024-11-14,W07,28.0138980721,48.688140027399996,79013.36,47.552592659655005
2024-11-14,W08,0.7116022247000001,3.0446281029,4062.7599999999998,0.06414454152931431
2024-11-15,W01,21.1633923818,51.044763629900004,73803.02,78.73783826283656
2024-11-15,W02,19.1751334681,50.7671055891,63514.39,60.450287568291806
2024-11-15,W03,19.9199483932,45.5312376848,61095.100000000006,199.72275755679883
2024-11-15,W04,2.5544790629,10.805659935900001,14568.68,0.6107973362609763
2024-11-15,W05,6.9916469437,22.5426624152,27009.05,0.9731643809000723
2024-11-15,W06,1.760867552,7.363531104000001,10051.67,6.2134743097090634
2024-11-15,W07,26.706709685699998,46.7529536148,74661.65,52.4005173706258
2024-11-15,W08,0.7456764140000001,3.2245104180000004,4210.5199999999995,0.06994697238315757
2024-11-16,W01,19.6541455897,47.2441005222,67594.86,73.53419307053679
2024-11-16,W02,19.114110826700003,51.3746081027,63505.68,53.902541776624695
2024-11-16,W03,19.2138005454,44.4357575136,59080.090000000004,203.14651510768547
2024-11-16,W04,1.7348577212,7.2654872032,10177.07,0.6544264627253761
2024-11-16,W05,5.1371900089,16.624408424400002,19795.9,1.1881063342204292
2024-11-16,W06,1.1475618743999998,4.7910538008,6507.049999999999,7.624742529484069
2024-11-16,W07,26.619269210100004,46.6561694405,76907.52,50.66852927815351
2024-11-16,W08,0.4780826002,2.0378746614,2770.83,0.07550625862427043
2024-11-17,W01,20.3887896077,48.56067728200001,69240.93,79.3767430933462
2024-11-17,W02,18.1386212869,47.2570985297,58487.51,54.59148466687333
2024-11-17,W03,18.858644826800003,43.184350652999996,57771.91,211.68795477230125
2024-11-17,W04,0.8983610458999999,3.7927506779,5157.219999999999,1.0042535580779737
2024-11-17,W05,2.5409674409,8.178221721,9603.580000000002,1.702718917710916
2024-11-17,W06,0.5580494838,2.3429190066000003,3114.77,9.220605462476454
2024-11-17,W07,25.151217633300003,44.1060919661,71918.5,48.872238091102
2024-11-17,W08,0.2201410167,0.9404948469000001,1249.8,0.09908745649696356
2024-11-18,W01,19.8327361418,48.31820164660001,68341.55,75.95490112212383
2024-11-18,W02,19.6729247698,51.8451300005,64409.39,55.69626907405625
2024-11-18,W03,21.208344848499998,47.8910312193,64759.36,203.80489370279255
2024-11-18,W04,2.6421713029999996,11.1268795738,15289.349999999999,0.5842224834567631
2024-11-18,W05,7.5170553848,24.350081848800002,29366.32,1.0960679467883856
2024-11-18,W06,1.7283286841999999,7.2189132894000005,9670.5,6.580073494732753
2024-11-18,W07,27.793762405199995,48.64788055759999,79037.26,50.282608996094076
2024-11-18,W08,0.687046678,2.920745826,3933.1499999999996,0.07189405336352887
2024-11-19,W01,19.188316246000003,46.356807551699994,67172.70999999999,72.9907384009099
2024-11-19,W02,19.0819635509,49.554740294700004,61222.6,62.97740093433268
2024-11-19,W03,19.6897601954,45.4614230404,60352.03,187.6698742377308
2024-11-19,W04,2.8876506591,12.254834887300001,16280.95,0.6791827321595945
2024-11-19,W05,7.325218347399999,24.1682178397,28837.07,0.971489631484185
2024-11-19,W06,1.7046552793999998,7.1177922558,9881.740000000002,5.987591340297438
2024-11-19,W07,27.199604398900004,47.4969530265,78810.91,52.57028846220007
2024-11-19,W08,0.7498216802000001,3.2101833414,4254.610000000001,0.07607551775360301
2024-11-20,W01,21.5080825028,50.7400486137,72557.35,77.84463165384824
2024-11-20,W02,19.9533782125,53.5195001045,66459.11,58.53438925525767
2024-11-20,W03,19.483434839200005,44.7797447264,59647.26,205.30273484157178
2024-11-20,W04,2.7423607502,11.583543942999999,15754.480000000001,0.6500708062496252
2024-11-20,W05,6.944808195499999,22.7701186033,27204.789999999997,1.0794750599401104
2024-11-20,W06,1.9451636808,8.2356749256,10789.220000000001,6.531932183765232
2024-11-20,W07,26.337102386200005,45.954804439700006,74567.12999999999,48.763200999440855
2024-11-20,W08,0.7433125305,3.1927931835,4207.06,0.0805369731393732
2024-11-21,W01,19.579408761700005,47.5317149544,68735.70000000001,76.55084162216055
2024-11-21,W02,19.889731179,52.540940612,64932.05,59.64992661070475
2024-11-21,W03,19.6093004165,45.020869284700005,58581.159999999996,186.28509396760558
2024-11-21,W04,2.5586221648,10.6538265438,14680.37,0.632861770097998
2024-11-21,W05,7.012337731800001,22.3766452801,25996.62,1.0375150037092482
2024-11-21,W06,1.6718088858,7.0429780206000006,9321.869999999999,6.391195373499503
2024-11-21,W07,27.520447979,48.2163949709,79169.55,52.3252171860443
2024-11-21,W08,0.7167503365,3.0694601055,3953.04,0.07690660548834465
2024-11-22,W01,20.375081538399996,49.137222860499996,69742.95,77.39910250981016
2024-11-22,W02,19.336093706,51.3978261745,64714.28,58.48080603072829
2024-11-22,W03,20.5854194444,47.1087428936,62931.740000000005,225.5392611578578
2024-11-22,W04,2.4841765526999997,10.375084616,14001.93,0.5554623633243804
2024-11-22,W05,7.0682668049999995,23.0182092273,27107.39,0.9551886156031224
2024-11-22,W06,1.6205571325,6.7499709975,9192.869999999999,5.901476072643318
2024-11-22,W07,27.879258279000005,48.6862797461,79657.04999999999,53.971624029627115
2024-11-22,W08,0.7840430737,3.3771187059000005,4404.59,0.08386539548758364
2024-11-23,W01,20.473817185399998,48.988038581400005,70322.77,86.58616057702068
2024-11-23,W02,17.813344641,46.42884942519999,57079.97,51.84280882588336
2024-11-23,W03,19.8449600092,46.2097713726,61999.34,205.52798385600067
2024-11-23,W04,1.9658104791000002,8.3157961305,11135.0,0.7003191209114573
2024-11-23,W05,5.2177509446000006,16.6889441772,19659.55,1.1952197505632784
2024-11-23,W06,1.1356228133999997,4.6951920737999995,6571.33,6.887070406083981
2024-11-23,W07,25.9629516999,45.552142706800005,74135.06,49.27538067337895
2024-11-23,W08,0.46396397009999996,1.9765280607,2593.41,0.07397375291932025
2024-11-24,W01,18.9361232739,45.4236698276,64467.63,75.6878785624353
2024-11-24,W02,18.2601496243,48.8896266113,60314.69,54.7558634901929
2024-11-24,W03,20.0086638462,45.998870155800006,60482.880000000005,216.85847274402272
2024-11-24,W04,0.8812079854999999,3.6816536483000006,4989.55,1.081145259481099
2024-11-24,W05,2.7212576434000004,8.806330923400001,10507.61,2.005967681546476
2024-11-24,W06,0.5529433618,2.3070015126000003,3141.8399999999997,11.991311628209576
2024-11-24,W07,25.3927354676,44.592833131800006,73386.62,51.42988742463063
2024-11-24,W08,0.22808586,0.9814863,1272.27,0.11386541381985485
2024-11-25,W01,18.6742843295,46.4709789078,65770.03,65.74989201288643
2024-11-25,W02,18.896596724,50.3763264279,62608.15,60.265268273392074
2024-11-25,W03,20.527312750700002,46.88270806410001,62154.82000000001,201.95699367092348
2024-11-25,W04,2.7178853708999995,11.456638178999999,15514.320000000002,0.5575989022552318
2024-11-25,W05,7.0852348497,23.3054307528,27167.41,0.9504813420995618
2024-11-25,W06,1.7338918144000002,7.285660060800001,9942.880000000001,6.63578886005802
2024-11-25,W07,27.3520017228,47.70382390169999,78695.06,51.80676208287718
2024-11-25,W08,0.7543448755000001,3.2261272185000003,4222.17,0.07043236677515513
2024-11-26,W01,20.652241923800002,49.8729460926,71443.87,73.22399473766319
2024-11-26,W02,19.5216539639,51.8531227972,65484.09,56.40498923397419
2024-11-26,W03,20.5905607646,47.8203776532,62619.44,205.74923822494904
2024-11-26,W04,2.731850847,11.51826586,15431.42,0.5814109961633718
2024-11-26,W05,7.1261577686,22.98945547,27792.85,1.0923207943936337
2024-11-26,W06,1.7637036615999997,7.4071157112,10126.18,6.26001775247479
2024-11-26,W07,26.2099324742,45.96440728649999,76014.64,54.35456119974368
2024-11-26,W08,0.657879111,2.796175197,3705.3,0.0657578334669722
2024-11-27,W01,18.682627231299996,45.940276814099995,64465.619999999995,65.9315482252509
2024-11-27,W02,18.538318566900003,49.0064140096,60667.82,51.13243112603605
2024-11-27,W03,19.9251506351,46.6914315947,61214.92,180.96335018164314
2024-11-27,W04,2.6338372580000002,11.131030073000002,14856.669999999998,0.5812800069034024
2024-11-27,W05,7.414029709,23.6959427735,27870.37,1.0147142153857103
2024-11-27,W06,1.714447994,7.229727318,9780.060000000001,6.117500950926484
2024-11-27,W07,25.454748527000003,44.68577846,73449.32,46.60420096852744
2024-11-27,W08,0.7320928361,3.1271311227000003,4085.56,0.07354906558318118
2024-11-28,W01,20.173136884399998,47.9258067958,67760.56999999999,77.91443060012205
2024-11-28,W02,19.8528351605,52.4971517273,66778.7,54.228495150179185
2024-11-28,W03,20.235979260100002,46.3528276607,60971.72,206.86108991760713
2024-11-28,W04,2.5793514438,10.8657826109,14767.89,0.612880436357035
2024-11-28,W05,6.9963630737,22.907562732800006,27208.63,0.9478598559371141
2024-11-28,W06,1.8140898126000002,7.650856228200001,10320.93,6.773111305010138
2024-11-28,W07,28.0595907267,48.7712448713,79563.62999999999,51.19036805554035
2024-11-28,W08,0.7170802436,3.0655244652,4149.18,0.07160203187221956
2024-11-29,W01,20.585556918800002,49.343632815899994,70294.26000000001,84.88749430442385
2024-11-29,W02,19.3531502082,50.297974381,63539.18,62.74913254350385
2024-11-29,W03,19.9274300187,46.01725790529999,60590.22,186.79455590686254
2024-11-29,W04,2.7666105769,11.788402334,15709.37,0.6501935407445775
2024-11-29,W05,7.4221542255,24.2575797779,28377.75,0.9456231154181524
2024-11-29,W06,1.8022592135999997,7.5987821352000005,10173.82,6.238759951675603
2024-11-29,W07,26.7629525077,46.8170112966,77422.53,47.639136872113
2024-11-29,W08,0.7618468938,3.2787242766,4287.85,0.08042029779224086
2024-11-30,W01,19.0389342169,46.40253610880001,66533.25,75.17752688773678
2024-11-30,W02,17.863328285900003,47.6484219342,57218.56,58.475495560814984
2024-11-30,W03,19.3171267182,44.0196619492,58327.22,193.55062640976314
2024-11-30,W04,1.7620761292000002,7.400802949900001,10094.529999999999,0.5992310752842485
2024-11-30,W05,5.142588856500001,16.7787207518,19649.45,1.2341993074443554
2024-11-30,W06,1.1138853579,4.6455217953000005,6303.610000000001,6.411921171879048
2024-11-30,W07,26.467540472700005,46.6687826621,75691.12999999999,47.33277383436462
2024-11-30,W08,0.5019572459,2.1507558513000005,2816.69,0.07482766866467597
2024-12-01,W01,22.6092686217,53.4964609705,77272.77,91.86539769008546
2024-12-01,W02,19.4666207962,49.9221246097,61902.520000000004,59.493289557375
2024-12-01,W03,22.466623492300002,51.3473481169,70138.73,251.1331584969987
2024-12-01,W04,2.5989548567,11.6597314298,14513.26,3.0923335883948018
2024-12-01,W05,4.876896595300001,18.442293676200002,22089.3,3.2491632712845697
2024-12-01,W06,0.5939648495,2.5066709565000003,3315.58,11.587523156909029
2024-12-01,W07,29.645052282900004,51.526381010099996,82394.25,57.154250234535425
2024-12-01,W08,0.2407082921,1.0392856347,1348.8100000000002,0.11999075405135547
2024-12-02,W01,24.4291008853,56.1412804354,78681.64,92.58006171713343
2024-12-02,W02,21.305607870200003,55.465574512799996,69202.95,61.49833989585559
2024-12-02,W03,23.2375799888,53.590083348200004,71340.87,232.22717449632236
2024-12-02,W04,2.9109359589000006,12.5046277009,16526.54,0.6571835304739164
2024-12-02,W05,7.9523367032,25.8294871201,30760.65,1.1412500813637247
2024-12-02,W06,1.9429424475,8.2196055825,11035.51,6.623697542375192
2024-12-02,W07,30.388086062000006,52.96446994870001,86864.25,55.6077640977031
2024-12-02,W08,0.8986055618,3.9097726326,4958.740000000001,0.09277951092924722
2024-12-03,W01,23.569680527,56.0497350379,80314.16,84.7802787931326
2024-12-03,W02,21.5054425892,55.6302854145,69530.23999999999,63.33699295870884
2024-12-03,W03,23.6097582601,53.3894433295,70961.34,249.8545755296633
2024-12-03,W04,2.7489978273,11.5716431047,15781.79,0.622379890049906
2024-12-03,W05,7.6354464643,24.7364783121,29643.720000000005,0.9803047258966343
2024-12-03,W06,1.7335120026999997,7.272159348900001,9779.91,6.740252277322425
2024-12-03,W07,34.3907277993,59.614933147,99426.45,68.29966972833633
2024-12-03,W08,0.8277075583999999,3.5573580288000004,4654.1,0.07403147363414206
2024-12-04,W01,22.528156182300002,56.5001131825,78666.58,81.20390654947067
2024-12-04,W02,22.3688755053,57.2332094896,72752.75,65.24714804379974
2024-12-04,W03,21.6100008511,49.9965371469,65691.11,229.5590559620553
2024-12-04,W04,2.6645214993999997,11.266885335500001,15672.95,0.6135800082531544
2024-12-04,W05,7.8805563539,25.433288376500002,30415.29,1.1289493395253074
2024-12-04,W06,1.7519707348,7.3980525036,10271.81,6.13561882461713
2024-12-04,W07,29.935294188600004,52.30514042510001,85405.24,54.28075611271284
2024-12-04,W08,0.8041220223,3.4682150061000003,4592.15,0.07979283429166126
2024-12-05,W01,23.4023219186,56.485298094099996,80857.31,91.61501209119878
2024-12-05,W02,22.3812415193,58.350754034699996,72646.51000000001,64.3335082505016
2024-12-05,W03,22.1506922797,50.80806467989999,65757.31,223.49603753102613
2024-12-05,W04,2.802023952,11.864473475900002,15964.62,0.6015437670873358
2024-12-05,W05,8.1787685834,26.6795489918,31604.36,1.1709949534258979
2024-12-05,W06,1.7449655348,7.3980525036,9697.41,6.020277989842952
2024-12-05,W07,33.9352510398,59.15325333049999,96085.41,62.44755629126643
2024-12-05,W08,0.7883864753000001,3.4037539971,4468.55,0.07674138976329781
2024-12-06,W01,23.0313008277,53.84392012749999,78216.91,81.04790046662374
2024-12-06,W02,22.2141907205,57.967307997,73091.24,66.0949752912123
2024-12-06,W03,23.858555058999997,53.9376029824,71207.4,224.5574468832061
2024-12-06,W04,2.9897864059,12.7004016415,17134.72,0.6235067158764701
2024-12-06,W05,7.6677877663,25.042296872100003,29564.339999999997,1.0127064319864547
2024-12-06,W06,1.9356368168,8.153460477600001,10967.21,6.966330821720604
2024-12-06,W07,33.80928882460001,58.95340735970001,95625.01,68.80981313417892
2024-12-06,W08,0.8495860706,3.6724548342000003,4665.17,0.07982082023438354
2024-12-07,W01,22.515016790700003,52.6764648494,75404.13,83.09994792444056
2024-12-07,W02,21.114860601599997,55.980226280900006,69488.03,67.9677480254941
2024-12-07,W03,23.241190522700002,52.2571799129,68216.47,259.7971196045116
2024-12-07,W04,1.9833934267999997,8.3100426476,11200.23,0.7286655672599783
2024-12-07,W05,5.238291867199999,16.7225447928,19855.34,1.2141341321417958
2024-12-07,W06,1.7093537348,7.3980525036,9985.41,11.276089839106543
2024-12-07,W07,29.938235945600002,52.18306355,82912.99,59.28774458744666
2024-12-07,W08,0.5276781436,2.2679028852000003,2997.2200000000003,0.08295261013645225
2024-12-08,W01,21.0865202946,51.189784296700005,73799.82,77.39166606573322
2024-12-08,W02,20.3210716047,53.1395107385,67444.04000000001,70.83301650022483
2024-12-08,W03,21.7134296193,49.9388973167,65203.71,244.93158136174438
2024-12-08,W04,0.9750810816,4.133094671,5480.74,1.0529703514684745
2024-12-08,W05,2.8284943693,9.0073953879,10646.45,2.0642102158357383
2024-12-08,W06,0.5556106632,2.3113164024,3221.65,10.128530392299838
2024-12-08,W07,32.0298220211,55.5893139078,91059.70000000001,61.92664275900871
2024-12-08,W08,0.23916274600000004,1.032893142,1364.18,0.11840243990585739
2024-12-09,W01,22.981970305200004,55.5084734734,79253.56,86.11511121386418
2024-12-09,W02,22.849693431900004,60.4392617196,75464.9,65.25780300132803
2024-12-09,W03,21.838546676500002,49.9508031379,66866.8,231.60796551632714
2024-12-09,W04,2.765428293,11.853271160400002,16131.970000000001,0.6192285569059041
2024-12-09,W05,7.8491798982,25.217006572000003,29062.71,1.0913570918370752
2024-12-09,W06,1.8885264532000001,7.9460514924000005,10594.74,7.43195421334939
2024-12-09,W07,33.0391420353,57.3677958878,93887.25,56.22430068410278
2024-12-09,W08,0.8144482988,3.5138304516,4680.889999999999,0.08095427128231059
2024-12-10,W01,25.2397133648,58.970226419999996,85386.55,100.32559828283873
2024-12-10,W02,20.9426932551,55.5201054154,68613.45,63.85162125400164
2024-12-10,W03,22.4507433272,51.8708576298,67696.76,212.15773170920707
2024-12-10,W04,2.9242669824,12.452083788100001,16615.75,0.611904725339708
2024-12-10,W05,7.6927215572,24.8599126435,29665.89,1.1346804492924916
2024-12-10,W06,1.8253514784999998,7.6567137794999995,10311.47,6.378979903966786
2024-12-10,W07,31.882956866,55.2586391785,87778.04,58.13962585842819
2024-12-10,W08,0.8250808322000001,3.5521808454,4641.46,0.07049835679730256
2024-12-11,W01,23.757901962600005,57.934028567400006,81679.52,86.1883394676602
2024-12-11,W02,21.4954466719,55.6043198039,69911.84,68.58767735871935
2024-12-11,W03,23.3883579857,53.7673298009,70805.24,229.02369700652162
2024-12-11,W04,2.6954206654,11.4462500436,15336.16,0.5534883349028457
2024-12-11,W05,7.7906934797,25.4474210376,30679.88,1.0347760705758062
2024-12-11,W06,1.7996952133,7.5763083231,10276.73,6.718063128011975
2024-12-11,W07,34.4159247803,59.7446184076,97744.04,67.23606870593338
2024-12-11,W08,0.7932114684,3.4206571188000003,4294.14,0.0765991352882247
2024-12-12,W01,22.6628012736,54.133428902300004,77243.09000000001,89.34357256631935
2024-12-12,W02,21.9140917247,56.1159103592,71122.9,63.752125085311825
2024-12-12,W03,23.8139285532,54.23179090399999,71833.1,242.94721083441303
2024-12-12,W04,2.6791949605,11.2657240256,15023.22,0.6873722714602198
2024-12-12,W05,8.029377352800001,26.5062199691,31338.43,1.0909417844082954
2024-12-12,W06,1.7266275135,7.188240844500001,9913.65,6.402267468204235
2024-12-12,W07,32.8237287868,57.096469812100004,92367.34,69.4319134479965
2024-12-12,W08,0.8052842252000001,3.4871495364,4599.01,0.07961374025817385
2024-12-13,W01,23.557923443,55.28473769599999,81433.06999999999,81.79266524199708
2024-12-13,W02,22.321412286999998,58.163653775700006,71622.65,63.84660703927233
2024-12-13,W03,23.461939313100004,52.5641522259,70135.04999999999,251.76726129800733
2024-12-13,W04,2.748643402,11.7358438578,15611.61,0.6041885440310341
2024-12-13,W05,7.5450394558,24.567548531,29178.600000000002,1.0443250271010962
2024-12-13,W06,1.8773010959,7.8966994413,10513.5,7.316773247198675
2024-12-13,W07,31.027378603200006,54.1112374918,86195.35,53.05113139120951
2024-12-13,W08,0.6645676944,2.8318451808,3746.1,0.06449586927839433
2024-12-14,W01,22.241048621300003,53.267441762400004,75781.18000000001,77.32520467718946
2024-12-14,W02,21.250395002,55.709640674199996,69308.89,59.06365693686282
2024-12-14,W03,22.7630162546,52.29957999279999,69423.41,243.8406917323678
2024-12-14,W04,1.9700244988,8.3056553248,11228.109999999999,0.7466909112548041
2024-12-14,W05,5.5372363278,17.6280649442,20840.140000000003,1.2517474611318145
2024-12-14,W06,1.2153743772999999,5.1260485911,6964.35,7.587601229249776
2024-12-14,W07,30.5976037014,53.24663014669999,86302.19,57.93354861573417
2024-12-14,W08,0.5441000306,2.3614491942,3070.9100000000003,0.08144990563128537
2024-12-15,W01,21.476339685700005,51.204592206399994,73603.55,80.5775698259108
2024-12-15,W02,21.6130825951,55.8390243736,70387.8,69.42334037350277
2024-12-15,W03,22.197465457000003,49.68708646739999,65944.94,230.2283405797853
2024-12-15,W04,1.0474460159999999,4.4925225639,5872.709999999999,1.2266569106795502
2024-12-15,W05,2.9413588497000003,9.508057304100001,11251.900000000001,2.114278479759745
2024-12-15,W06,0.5672215884999999,2.3946127095,3228.48,10.347171391305933
2024-12-15,W07,31.1128840151,54.11982989909999,88446.67,62.738593291766904
2024-12-15,W08,0.22333042409999998,0.9500222787,1256.81,0.1114176420493663
2024-12-16,W01,23.1033191098,54.584907561200005,77256.12,84.66196552371112
2024-12-16,W02,21.850076663400003,58.3820874435,72395.5,70.4854825041775
2024-12-16,W03,23.5550617692,53.726254552,70442.73,263.8719993861114
2024-12-16,W04,2.6411894139,11.089823150399999,15267.76,0.6212784277772694
2024-12-16,W05,7.7160147828,25.1324690039,29645.329999999998,1.0179682104282437
2024-12-16,W06,1.772588895,7.422768165000001,9948.27,6.443434732824427
2024-12-16,W07,31.600907091800003,54.6160924015,89489.68000000001,57.39327081726763
2024-12-16,W08,0.8059863252,3.4361647164,4576.88,0.07184902367019776
2024-12-17,W01,22.6012695282,53.8351492017,76412.95,88.70478479779584
2024-12-17,W02,21.931628108,57.374853977899996,72872.81,65.43356020455047
2024-12-17,W03,23.1335950157,53.6691280375,71362.2,230.34087756591524
2024-12-17,W04,2.8602347665,12.211310474900001,16399.09,0.6991657794997465
2024-12-17,W05,7.7257945679999995,25.0449891901,29693.43,1.026009973783327
2024-12-17,W06,1.7620375706999998,7.3688366049,10098.1,6.077773039339116
2024-12-17,W07,31.8295531463,55.317069735699995,90734.94,59.53188010844194
2024-12-17,W08,0.7875226181999999,3.4079747874,4435.23,0.08156365497420952
2024-12-18,W01,23.387893536200004,55.5050759755,80473.81,86.61605350828466
2024-12-18,W02,22.1766886629,58.757785193900006,73453.24,68.75511915478722
2024-12-18,W03,24.9051264798,55.9441445002,75262.83,264.48390038549354
2024-12-18,W04,2.7988115312999997,11.9391082946,15977.42,0.6270862903970246
2024-12-18,W05,7.991230676699999,25.686589121500003,30839.42,1.1338979261235247
2024-12-18,W06,1.8200118493,7.6440827751,10497.22,7.552323773896517
2024-12-18,W07,31.770552757800004,55.1678336726,89741.34,56.08098814817693
2024-12-18,W08,0.7939614468,3.4276695276000004,4465.49,0.0737496228090236
2024-12-19,W01,24.0692060543,56.45958157129999,80237.69,86.60417690682996
2024-12-19,W02,20.592029141500003,54.6199897097,67323.01,62.19503316791911
2024-12-19,W03,23.5676931203,53.1331648097,71050.56,238.01903854225577
2024-12-19,W04,2.8966785895999996,12.3391176487,16683.039999999997,0.6894526061439257
2024-12-19,W05,7.9612876161,25.8424211056,30362.989999999998,1.1571526289060847
2024-12-19,W06,1.7475489346,7.3733368422000005,9535.99,6.570745620941573
2024-12-19,W07,34.229764311400004,59.445941839,95667.27,65.64556579924938
2024-12-19,W08,0.8089383420999999,3.4676800647,4695.78,0.07481930012447402
2024-12-20,W01,22.861664117500002,53.5104059537,76354.04000000001,86.07910763435233
2024-12-20,W02,21.8112832628,58.035309361,71009.16,64.1089737371481
2024-12-20,W03,23.4282800493,52.93105881369999,70681.59,231.59857303156414
2024-12-20,W04,2.9412180124,12.685453497199997,17280.99,0.6510031727467464
2024-12-20,W05,7.5577925963000006,24.159113572000003,28283.61,1.0191276546084564
2024-12-20,W06,1.8143911337,7.602471405900001,10237.52,6.512647871282685
2024-12-20,W07,33.2844192363,57.649159505200004,95322.26,58.765175727096015
2024-12-20,W08,0.7696644611000001,3.2971090377000003,4434.51,0.0784156456573943
2024-12-21,W01,24.550250674300003,57.30733742510001,83215.19,91.75091347958517
2024-12-21,W02,21.3354071196,56.6074082547,70446.63,65.00198679450503
2024-12-21,W03,22.1212137899,49.6799002071,66034.14,222.8725383094051
2024-12-21,W04,1.8434005989000002,7.830386269300001,10496.07,0.7384099631636335
2024-12-21,W05,6.1415721861,19.1835317538,21945.73,1.4315989048274724
2024-12-21,W06,1.2657111143,5.338502450100001,7174.45,7.09932980884646
2024-12-21,W07,34.0112653575,58.6448463021,98482.37999999999,64.93004264395377
2024-12-21,W08,0.5297486215,2.2609172805,2955.79,0.08930038240385961
2024-12-22,W01,21.6294528464,52.28816322069999,75330.13,85.17511093679241
2024-12-22,W02,20.1824309729,53.6298514806,65542.61,62.3536147854188
2024-12-22,W03,21.4068767525,48.4633873345,65177.96,226.211817910432
2024-12-22,W04,0.9441307650999999,4.00899035,5487.27,1.060294511152888
2024-12-22,W05,2.9138596539,9.2836973399,11045.73,2.0364977358421994
2024-12-22,W06,0.6235303001,2.6312894907,3457.26,11.099190076186408
2024-12-22,W07,31.179974313100004,54.1675268964,88185.01999999999,61.490109536693936
2024-12-22,W08,0.2353485704,1.0075923528000001,1338.76,0.12426105296504461
2024-12-23,W01,23.7548677362,57.16464154929999,81246.01999999999,84.53328589597598
2024-12-23,W02,20.699981019499997,53.492665775,66606.2,59.52717840771841
2024-12-23,W03,22.5808805726,52.0067704214,68842.79,269.62567400924195
2024-12-23,W04,2.7270226016,11.6090190475,15668.130000000001,0.5592154646504727
2024-12-23,W05,7.7158699524,24.8908855832,29363.62,1.1904790852473612
2024-12-23,W06,1.7182684589000001,7.2173980023,9878.41,6.083206031629145
2024-12-23,W07,30.141914351,52.5682534185,85547.99,54.13817172421101
2024-12-23,W08,0.8267379366000002,3.5499201762,4712.05,0.074378768449555
2024-12-24,W01,23.874138016299998,57.876837010799996,82760.13999999998,95.93362566372393
2024-12-24,W02,22.0461878035,57.0159642758,71615.65000000001,68.15148569189584
2024-12-24,W03,23.983050967,54.649332998999995,71302.87,239.37808508918147
2024-12-24,W04,2.6220307178999995,11.109792255699999,14923.09,0.5584402868628567
2024-12-24,W05,7.988956964900001,26.1044480255,30730.420000000002,1.234804353771421
2024-12-24,W06,1.9247106431,8.1765844317,10832.72,7.626029245167144
2024-12-24,W07,31.3483482725,54.8416094097,90434.0,59.319068769277344
2024-12-24,W08,0.8176138408000001,3.5318405256000003,4588.24,0.08459285934957719
2024-12-25,W01,22.1979966428,52.71813553250001,76058.05,103.26666903674206
2024-12-25,W02,21.7246597124,55.6253937741,70054.31,68.2577267147175
2024-12-25,W03,23.9680784516,54.4614480484,71975.62,254.20881849286735
2024-12-25,W04,2.8354486501,11.9696167303,16229.609999999999,0.6679890797179483
2024-12-25,W05,8.365961244900001,27.4221435433,32962.28,1.0633728197673866
2024-12-25,W06,1.6930035271999997,7.0058891304,9664.57,6.312089984191845
2024-12-25,W07,32.5745785622,56.75738353329999,91590.79,60.66176380843485
2024-12-25,W08,0.8619024295000001,3.7370361765,4799.549999999999,0.08309358597221488
2024-12-26,W01,24.2972555951,59.0181324673,83572.33,91.86594222416309
2024-12-26,W02,22.1529301432,58.7029523953,71713.41,66.96572093709379
2024-12-26,W03,24.3697493821,55.8720193095,73448.47,264.4631395374832
2024-12-26,W04,2.8864875773999996,12.269236309400002,16395.45,0.7192462240718904
2024-12-26,W05,7.9652837827,25.790917699700003,30702.629999999997,1.0283740807192605
2024-12-26,W06,1.8308021410000002,7.682904807000001,10168.47,6.852830292708489
2024-12-26,W07,33.765236126000005,58.615292674799996,95561.67,62.84535131171189
2024-12-26,W08,0.8431846598999999,3.6456604293,4722.76,0.07860268323232193
2024-12-27,W01,22.4421283746,53.9193200373,76129.89,87.53155702701754
2024-12-27,W02,21.924503889000004,57.396420474600006,70484.56,63.99988291186353
2024-12-27,W03,22.990057584000002,52.446773564000004,69304.46,227.9696727121283
2024-12-27,W04,2.8673617111,12.3477296654,16408.78,0.6377161191495759
2024-12-27,W05,7.6825889364,24.8863375488,29457.21,1.0828556354002095
2024-12-27,W06,1.8604495766999998,7.8126098469,10406.539999999999,6.653944645047764
2024-12-27,W07,32.887780210100004,57.201714471,93255.45000000001,60.66031840996159
2024-12-27,W08,0.8574932389999999,3.712715733,4781.57,0.08516065090064925
2024-12-28,W01,22.974407970000005,54.8359215195,78564.54000000001,87.3392231455856
2024-12-28,W02,20.4502215497,54.0428191486,67524.70000000001,65.03592535960183
2024-12-28,W03,22.124160078,50.0746594472,67140.01,221.2150549734032
2024-12-28,W04,2.0478221630999998,8.7600958517,11782.16,0.7058114082884206
2024-12-28,W05,5.4132796898,17.605113796500003,20805.53,1.1946411185570949
2024-12-28,W06,1.2746398141,5.3711589687000005,7293.97,6.832624759316437
2024-12-28,W07,31.835768414800004,55.4677718163,89664.70000000001,63.1068566760626
2024-12-28,W08,0.5230084142000001,2.2637476794,2936.34,0.07806990625194053
2024-12-29,W01,23.446025359799997,55.102545342999996,79320.87999999999,78.53325705261113
2024-12-29,W02,21.4559413437,56.012041179499995,69408.08,65.4525694648408
2024-12-29,W03,21.946089923800002,49.610681957000004,65623.22,221.384732563981
2024-12-29,W04,0.8959080268,3.78746294,5142.07,1.045844473965605
2024-12-29,W05,2.9966535144,9.9351030373,11731.859999999999,2.2165695447925304
2024-12-29,W06,0.6983505963,2.4608713041,4111.05,13.783688864107372
2024-12-29,W07,30.381229420900006,52.97724242150001,87518.62,57.22223368799137
2024-12-29,W08,0.2422495512,1.0518202584,1363.0700000000002,0.11419055419642227
2024-12-30,W01,22.3603310709,53.04598140069999,76639.67,73.73806579244163
2024-12-30,W02,22.268071020700003,58.2940624733,73979.82,68.09870127462943
2024-12-30,W03,24.916730678100006,55.2095844725,75430.93,238.54490228236628
2024-12-30,W04,2.7951536077,11.8718987423,16031.140000000001,0.6823217603031636
2024-12-30,W05,8.2058287541,26.639282295000005,30857.690000000002,1.1696485898213649
2024-12-30,W06,1.8017600828,7.5762826596,10233.59,6.437547413740742
2024-12-30,W07,32.6382614473,56.59058879089999,91730.09,60.048132038047235
2024-12-30,W08,0.8594933265,3.7156670355,4940.9,0.08876405870432592
2024-12-31,W01,23.6259249552,57.4258283852,81439.48,94.64073961175782
2024-12-31,W02,21.171641195,54.7840071021,68072.81,71.86035392808412
2024-12-31,W03,21.827848156399998,50.08522669520001,66377.5,240.35509724604967
2024-12-31,W04,2.8544109226,12.165621794400002,16271.310000000001,0.6825019690479465
2024-12-31,W05,7.9896801321,25.7860359564,30429.95,1.1857814118279826
2024-12-31,W06,1.8893844608,7.976416545600001,10793.15,6.634773539347544
2024-12-31,W07,34.769936917699994,60.0627800141,98097.53,67.7549377551776
2024-12-31,W08,0.8525433195000001,3.6807475665,4794.51,0.09659392780806374
2025-01-01,W01,21.3553017266,49.949281027000005,71579.27,89.02085416543346
2025-01-01,W02,20.5430786605,52.943125259599995,66313.13,66.15744871633851
2025-01-01,W03,21.158710096400004,48.196922206,63483.11,237.06175741591414
2025-01-01,W04,0.6448300519000001,2.7335500422000005,3747.4300000000003,2.3314076443322826
2025-01-01,W05,4.270686267199999,12.6204088871,13204.44,9.846257679653798
2025-01-01,W06,0.38476180089999995,1.6279903563,2172.61,22.33740498693759
2025-01-01,W07,31.1992318297,54.1871820446,88977.93000000001,60.44640737948685
2025-01-01,W08,0.1385158814,0.5929785498000001,779.31,0.20599393153457551
2025-01-02,W01,24.2694848024,57.533644709,81396.68,105.85224336675725
2025-01-02,W02,23.799824678100002,60.116719550800006,74772.97,69.80382832267205
2025-01-02,W03,23.466644775699997,52.790599137899996,70503.73,267.4109142009002
2025-01-02,W04,2.878051443,12.284366371199999,16402.23,0.6984332715723567
2025-01-02,W05,7.898954734600001,25.204724764900003,29749.370000000003,1.1370148510335034
2025-01-02,W06,1.8146335984,7.6204033488,10351.769999999999,7.304435466068776
2025-01-02,W07,33.0261735017,57.37669627609999,92917.79999999999,57.77907658530356
2025-01-02,W08,0.814772143,3.4858275810000006,4693.67,0.07722077433058824
2025-01-03,W01,22.565292068599998,53.7024454158,76476.2,82.22394235689794
2025-01-03,W02,22.9102495931,59.5130184373,73888.64,70.68076027451356
2025-01-03,W03,23.4723257652,52.9926736986,72006.64,238.2517663110669
2025-01-03,W04,2.9040875492000002,12.3044579363,16564.95,0.6594416870843701
2025-01-03,W05,7.549566785,24.0298491725,28864.12,1.0906059183573233
2025-01-03,W06,1.612084862,6.715841394,9169.98,5.7481872483963325
2025-01-03,W07,30.0627314347,52.630143237999995,84194.87000000001,56.69058059136896
2025-01-03,W08,0.8530026336,3.6962192352,4844.73,0.07986532422178597
2025-01-04,W01,23.657155345100005,56.0274322217,79799.76,84.9077077370057
2025-01-04,W02,20.918413171799997,54.6942493725,68495.54000000001,64.50288056132862
2025-01-04,W03,23.1694811864,51.4678338382,69175.87,236.8316912471507
2025-01-04,W04,2.0168001001,8.633104454300002,11440.24,0.7749329119386079
2025-01-04,W05,5.735176790100001,18.4094729917,21165.059999999998,1.4428317348038777
2025-01-04,W06,1.1893378375,5.0021440725,6623.33,6.993924467665964
2025-01-04,W07,27.544961866100003,48.5423884584,79903.53,50.301245190102264
2025-01-04,W08,0.5078742934,2.1908907138000004,2904.01,0.07344320341948271
2025-01-05,W01,23.025118595200002,53.5794801578,76942.37,92.27653801533326
2025-01-05,W02,21.1844460918,54.079017673900005,68255.92,67.72088131129723
2025-01-05,W03,22.567156702200002,51.509547092599995,67668.6,248.30725652700147
2025-01-05,W04,1.0499975353,4.517009439200001,5991.950000000001,1.1548142507712527
2025-01-05,W05,2.8927470872,9.2910066374,11175.4,1.8677296076198149
2025-01-05,W06,0.5802847419999999,2.4397319939999997,3228.19,9.939105611126335
2025-01-05,W07,29.656684939799998,51.856276985600005,82718.14,57.53764313710273
2025-01-05,W08,0.2375538337,1.0240609059,1359.49,0.12219790839445702
2025-01-06,W01,23.598288386100002,56.403341978899995,80996.4,90.39446403341773
2025-01-06,W02,21.788194056000002,56.188138490899995,69996.98,68.72727003633794
2025-01-06,W03,24.4431876923,54.6003321017,71509.54000000001,253.3813046015259
2025-01-06,W04,2.6538109893999997,11.1868854189,14992.51,0.590745424991914
2025-01-06,W05,7.9419082603,25.6706602087,30523.34,1.1129177953575293
2025-01-06,W06,1.6809572614000001,6.9622030098000005,9486.23,6.652514094506887
2025-01-06,W07,33.2327616636,57.6905510824,94812.09999999999,58.35089742578569
2025-01-06,W08,0.7916915743999999,3.3959859408,4424.66,0.076718403387468
2025-01-07,W01,24.710238920300004,57.4625711131,82889.87,91.87021151247914
2025-01-07,W02,23.5719832297,60.053087225199995,76324.09999999999,73.64863847309879
2025-01-07,W03,22.38386563,51.2291460576,67291.92,206.7793591685912
2025-01-07,W04,3.1465122870999997,13.532692605500003,18100.37,0.6565334972869717
2025-01-07,W05,8.6724628878,27.796604379000005,32569.84,1.164715892419947
2025-01-07,W06,1.8511014029000001,7.7953172102999995,10728.15,6.346756689787116
2025-01-07,W07,34.3551701405,59.4637050259,96040.34,57.68955789833388
2025-01-07,W08,0.8201424317999999,3.5102774826,4573.639999999999,0.07456531712940655
2025-01-08,W01,22.620110252700005,52.83029137809999,77074.84,77.01774005005109
2025-01-08,W02,22.150525645600002,58.2814538072,72580.98,65.00292182109509
2025-01-08,W03,23.506197300300002,52.8692772017,69779.56,232.43085571629157
2025-01-08,W04,2.8165602413,11.909229786700001,16158.33,0.7297780763704909
2025-01-08,W05,7.9788116798,25.7377188026,30597.53,1.1375166935191954
2025-01-08,W06,1.8161296478999998,7.6937182653,10151.779999999999,6.581729928787576
2025-01-08,W07,31.7806263851,55.297828289099996,91893.06,59.58256725891846
2025-01-08,W08,0.8277722851999999,3.5527340364,4554.08,0.08376850310145101
2025-01-09,W01,22.207145202299998,52.810591850600005,75525.34999999999,80.57628046871598
2025-01-09,W02,21.296537360400002,56.8721090939,70537.51000000001,62.78108643796486
2025-01-09,W03,22.2167787377,50.8595933605,67713.75,211.6145688294741
2025-01-09,W04,2.6264452838999994,11.1856487389,14923.92,0.6817096549124997
2025-01-09,W05,7.6264185458,24.377300411700002,28298.82,1.0793422382625497
2025-01-09,W06,1.7577652460999997,7.3704482727,9914.609999999999,6.471579954199541
2025-01-09,W07,32.9797110617,57.221178746199996,94470.36,64.92388613947537
2025-01-09,W08,0.8129180457999999,3.4859028606,4561.030000000001,0.07471321623467718
2025-01-10,W01,24.3862200822,56.3273844315,80107.83,87.1260042380027
2025-01-10,W02,21.4046736616,56.0970592231,69437.08,62.84734267107481
2025-01-10,W03,24.3942544343,54.7100710889,73706.23,253.03930744567188
2025-01-10,W04,2.6529332515999995,11.1862380109,15378.36,0.6154822032543656
2025-01-10,W05,7.9412737649,25.212710690000005,30048.469999999998,1.1941235336026448
2025-01-10,W06,1.7468993094,7.333080505800001,9914.62,6.172701832482932
2025-01-10,W07,34.5340576898,59.701030014,96303.58,68.35571214759773
2025-01-10,W08,0.8914444624,3.8624457168000004,5020.25,0.08451426464027104
2025-01-11,W01,23.9055394991,56.091707904,79307.58,92.61907704237795
2025-01-11,W02,21.402077277100002,56.359986494000005,69393.57,63.09890907592657
2025-01-11,W03,21.993862698100003,49.942293237499996,66166.9,247.67584484521572
2025-01-11,W04,1.8625974125999998,7.875474701999999,10932.02,0.6742853899319704
2025-01-11,W05,5.673400901200001,18.1980726926,21697.9,1.2672446114526876
2025-01-11,W06,1.1865833122000002,5.0107801254,6669.54,6.620967504017499
2025-01-11,W07,32.226629829000004,56.056483938,92057.79000000001,57.64761305158239
2025-01-11,W08,0.5473028386,2.3541037302,3075.62,0.08529946121193493
2025-01-12,W01,21.990196945100003,51.15149946580001,72719.45999999999,82.82216911954684
2025-01-12,W02,21.522836816900003,55.907877605,70061.83,72.99836120234706
2025-01-12,W03,21.8796811934,50.2829500238,65991.64,234.64723248860528
2025-01-12,W04,0.9821184134,4.1930012719,5710.88,1.2257328092355693
2025-01-12,W05,4.730802908299999,17.633820689500002,20564.77,3.6764745626476065
2025-01-12,W06,0.5555423922999999,2.3304094761000003,3226.78,10.812635362696822
2025-01-12,W07,28.7311302518,50.028171142400005,80824.59,55.490140896150805
2025-01-12,W08,0.2343965205,1.0071184335,1291.04,0.11743771575241918
2025-01-13,W01,22.764199703400003,55.563684804100006,80047.22,82.07899801114135
2025-01-13,W02,22.5369964167,57.3423386914,73899.84,65.14053447994797
2025-01-13,W03,24.071817698500002,54.7116079743,74357.54000000001,225.6006757059447
2025-01-13,W04,2.7892965267,11.855258881300003,16002.62,0.6497700600594865
2025-01-13,W05,7.9698418741,25.4375986557,30148.010000000002,1.1787363391213346
2025-01-13,W06,1.8345231859,7.6741113513000005,10294.67,6.627157766988537
2025-01-13,W07,34.9998277389,60.502191572799994,97664.66,63.75893128374685
2025-01-13,W08,0.7726748471999999,3.3311040504,4327.5599999999995,0.07169692076429716
2025-01-14,W01,23.3875989246,55.267879011999995,78785.7,79.82469844941924
2025-01-14,W02,22.4469113072,58.1579332715,73021.82,66.77528084341793
2025-01-14,W03,24.6719179847,55.570181564500004,73133.52,240.0365619619785
2025-01-14,W04,2.6042269179,11.032977624399999,15208.06,0.5718258291904824
2025-01-14,W05,7.999491921300001,25.5939801678,30262.86,1.1444806805542957
2025-01-14,W06,1.7573114373999998,7.3971366018,10015.76,6.662009156838438
2025-01-14,W07,34.5756546338,59.72880284159999,97392.88,66.71011916680976
2025-01-14,W08,0.7793430335999999,3.3811855152,4493.9,0.07540231620261116
2025-01-15,W01,24.0839215608,55.9044626641,81482.23,83.00936309235357
2025-01-15,W02,21.789887205400003,56.154674033999996,70044.5,60.570873585514065
2025-01-15,W03,23.826684326500004,53.516830235899995,72536.8,270.70240549092233
2025-01-15,W04,3.1349223407999998,13.4012465496,18101.64,0.7391880380143054
2025-01-15,W05,7.983306972800001,25.7795745238,30652.03,1.1947280998582486
2025-01-15,W06,1.7850770408999999,7.5404045163,10131.189999999999,6.144060966073168
2025-01-15,W07,30.2199091076,52.6866443626,85641.44999999998,54.53577519282479
2025-01-15,W08,0.8071582648,3.4680581736000002,4558.8,0.07641490523664189
2025-01-16,W01,23.479321189900002,55.2742419164,79654.98000000001,91.47347928696934
2025-01-16,W02,21.7268847446,55.915129925399995,70081.8,60.08358358733556
2025-01-16,W03,22.9862776232,52.2250774004,69480.73,221.35819440303538
2025-01-16,W04,2.8642788100999996,12.166975173400001,16277.09,0.6851902342385703
2025-01-16,W05,8.2301432663,26.51748053,31317.67,1.1941242660253621
2025-01-16,W06,1.7642898948999999,7.4866024143,10004.91,5.990329770170749
2025-01-16,W07,33.322682580800006,57.695581473400004,94135.34,57.967613430982006
2025-01-16,W08,0.8225192264,3.5473891848,4697.64,0.07861832516390939
2025-01-17,W01,24.7292952748,56.7858322276,81547.95,90.22227957226195
2025-01-17,W02,22.3841940444,57.8754758794,71996.35,66.64918087008822
2025-01-17,W03,22.4471563562,49.8594188554,66549.71,206.56258724763046
2025-01-17,W04,2.7376586414,11.645969049700001,15285.060000000001,0.5909535789744532
2025-01-17,W05,8.093540676,25.907183277300003,30612.23,1.1312204478791419
2025-01-17,W06,1.780556318,7.455315186000001,9912.19,6.6747750516383695
2025-01-17,W07,33.73659710570001,58.388564263599996,95118.34000000001,62.21250480508226
2025-01-17,W08,0.7863503389,3.4016347623,4423.57,0.07622322435877428
2025-01-18,W01,22.5593636662,52.8957099438,76850.61,80.13442668594304
2025-01-18,W02,21.060821019200002,55.5130723156,69187.68,59.39250831688306
2025-01-18,W03,24.851087802600002,54.613861757,72601.9,259.8888101336513
2025-01-18,W04,1.9059746093999999,8.058497308900002,10757.68,0.8287303731119066
2025-01-18,W05,5.632692441200001,17.9025139701,20817.010000000002,1.4461764583610408
2025-01-18,W06,1.2773305618,5.184279072599999,7082.5,8.098620115139296
2025-01-18,W07,32.778154003299996,56.825532881799994,91361.66,64.45984602570279
2025-01-18,W08,0.5307119510999999,2.2690292277000004,3006.81,0.08126274455791506
2025-01-19,W01,22.324708183800002,52.6596382181,75240.56,85.8834208546522
2025-01-19,W02,21.337511454699996,56.0443733278,70239.08,68.21629534866621
2025-01-19,W03,23.5136718783,52.1629260895,70175.85,260.3633209498289
2025-01-19,W04,0.9828416462999999,4.1653375303,5564.32,0.9527232075400367
2025-01-19,W05,2.9092260107999994,9.337044906,10994.66,2.2078579755613887
2025-01-19,W06,0.7071174539,2.5382861073000003,4278.33,13.466082418921749
2025-01-19,W07,31.101062339700004,53.8936643452,87470.81,56.286218020566395
2025-01-19,W08,0.2446891762,1.0509362934000002,1435.8700000000001,0.1146993596333208
2025-01-20,W01,22.5434296486,53.7986694706,77634.01000000001,75.48545652243793
2025-01-20,W02,22.0505618391,58.273450182400005,72863.46,65.08430294893742
2025-01-20,W03,23.5020353465,52.3364332631,70383.02,222.1889420609785
2025-01-20,W04,2.7921532726000002,11.887974199300002,15895.09,0.6311750995651189
2025-01-20,W05,7.7585239336,24.563016281,28962.6,1.1033921447425308
2025-01-20,W06,1.7135653407999998,7.2085646256,9710.28,5.70595028104105
2025-01-20,W07,30.509555958500002,53.21708024030001,86373.38,60.241871293570355
2025-01-20,W08,0.7935005795,3.4146455865000003,4493.05,0.08230758342207194
2025-01-21,W01,24.701784285600002,57.3680470519,82532.14,92.31896059199462
2025-01-21,W02,21.1304345026,55.6499933092,70425.88,68.04876514029738
2025-01-21,W03,24.644777522800002,55.19900854739999,73175.25,239.83784424072562
2025-01-21,W04,2.7696207091,11.773758313900002,15732.66,0.6394636610452344
2025-01-21,W05,7.680343306000001,24.208671707100002,28777.71,1.0447550479953707
2025-01-21,W06,1.6167857189,6.6885017822999995,9098.01,6.011160299891435
2025-01-21,W07,37.022240305000004,63.537563292600005,102742.36,70.832509628391
2025-01-21,W08,0.7476736883,3.2204424681,4267.889999999999,0.07787913885369373
2025-01-22,W01,23.530123947099998,55.1704550018,79710.08,81.35014934432746
2025-01-22,W02,22.701403676,58.054176122799994,71544.69,64.77158351308478
2025-01-22,W03,25.5461682626,57.8934407462,79003.18,271.28290143785574
2025-01-22,W04,3.1070747123999998,13.233285940200002,18191.03,0.7272428917403156
2025-01-22,W05,7.7891456136,24.923633568099998,29156.22,1.1723181580395003
2025-01-22,W06,1.843935506,7.7875263420000005,10425.86,6.7014672001860776
2025-01-22,W07,32.7838726303,57.253190191600005,92167.97,55.351609414233714
2025-01-22,W08,0.7626111865,3.2901091755,4392.68,0.07935246864135499
2025-01-23,W01,22.859740314,53.4404723611,78025.59,79.24175357822526
2025-01-23,W02,21.836042928500003,57.1752061041,70292.01000000001,66.68837972996084
2025-01-23,W03,23.978489884400002,53.611133297,70873.68,247.88580701732624
2025-01-23,W04,2.714797202,11.467362035,15043.800000000001,0.6115859940625545
2025-01-23,W05,7.2927219761,23.205367608200003,27465.36,1.0397216433874006
2025-01-23,W06,1.849097293,7.828262871,10483.73,6.92901336266174
2025-01-23,W07,31.573498224500003,54.747817618599996,88952.97,59.140466411487374
2025-01-23,W08,0.7743251458,3.3409326006,4418.64,0.0723194566737119
2025-01-24,W01,23.8147065662,54.9719583971,79415.16,83.07967781572586
2025-01-24,W02,22.1790161588,58.827928291000006,72730.66,73.13145833761986
2025-01-24,W03,23.987386577200002,53.88757007739999,71876.23000000001,241.23200194293878
2025-01-24,W04,2.9529965715,12.516946141600002,17011.850000000002,0.6900885528594891
2025-01-24,W05,7.7762217343,25.0260325218,29992.14,1.027335749445557
2025-01-24,W06,1.8958583635,8.054469514500001,10683.8,6.706255265298903
2025-01-24,W07,32.600542398500004,56.86961954,93865.29000000001,60.69508191558683
2025-01-24,W08,0.8327271235,3.6271165545,4682.25,0.07593189745232935
2025-01-25,W01,24.0006591195,54.973826617700006,80674.71,92.96167419183664
2025-01-25,W02,22.1721512194,58.499769346700006,71221.21,63.270728554103066
2025-01-25,W03,21.714327844699998,50.080241791499994,65544.12,206.21981485417436
2025-01-25,W04,1.8405725801,7.807744550300001,10586.44,0.6852357092198449
2025-01-25,W05,5.6519808639,17.930625101900002,21288.93,1.228922048614773
2025-01-25,W06,1.1963238714,5.015027719799999,6834.820000000001,7.470347573106536
2025-01-25,W07,35.88533580380001,61.784840571299995,103605.08,69.17695100656006
2025-01-25,W08,0.5353871498999999,2.2363920993,3001.3900000000003,0.08114530540255191
2025-01-26,W01,23.409934240100004,55.3868766339,78199.70999999999,94.08948469725289
2025-01-26,W02,19.548447800199998,51.8570249492,65753.87,56.299403553912036
2025-01-26,W03,21.667510149800002,49.7476819756,66214.55,225.48479233450928
2025-01-26,W04,0.8689797929,3.6433378767,4968.39,0.8878501602049971
2025-01-26,W05,2.8715104854,9.3106578258,11169.400000000001,1.9476833643419582
2025-01-26,W06,0.5505116762,2.2879169934,3146.6299999999997,9.947088685313675
2025-01-26,W07,32.3024163831,55.83998323069999,90569.67,65.24962960596616
2025-01-26,W08,0.24127498309999998,1.0424736117,1381.8500000000001,0.11194709457192847
2025-01-27,W01,24.8531099798,56.499782923,80619.36,83.21372362371345
2025-01-27,W02,21.7741100157,55.709706653800005,69184.47,65.4488426599617
2025-01-27,W03,24.1582701219,55.1473473673,73562.91,239.92720351474824
2025-01-27,W04,2.8181648592,11.887631381399999,16412.31,0.6856198217687373
2025-01-27,W05,7.3061935914000005,23.6631632007,27989.11,0.999978729650062
2025-01-27,W06,1.8487952168,7.782309237600001,10634.07,6.281112504501566
2025-01-27,W07,33.424773749,57.664090525099994,94294.95999999999,59.46738523028312
2025-01-27,W08,0.7568404982000001,3.2439565074,4263.42,0.06771081676096588
2025-01-28,W01,20.8648003676,48.7724649863,70636.22,85.55811310099358
2025-01-28,W02,20.7860718988,53.953617792,67987.73,65.39523584424246
2025-01-28,W03,21.6611038781,49.37962865909999,64832.4,231.94988465311016
2025-01-28,W04,0.6695973114999999,2.8692177324000006,3881.48,2.699129355971283
2025-01-28,W05,2.0309591494,6.497718299900001,7912.7699999999995,4.8248644672824375
2025-01-28,W06,0.36849851089999996,1.5510568863,2092.95,23.942467084659864
2025-01-28,W07,27.9565817412,48.91467140489999,78817.83,56.192101072122014
2025-01-28,W08,0.7235060953999999,3.3106063278,3942.5,1.1827599604387697
2025-01-29,W01,19.624924250400003,46.4084413167,67118.18,83.59177347457737
2025-01-29,W02,19.6690698673,49.612517564499996,62203.53,63.591385392041495
2025-01-29,W03,22.4850929989,50.7631898853,67127.51,254.61836278182292
2025-01-29,W04,0.5874266513999999,2.4915558004,3291.1099999999997,2.2976240633323814
2025-01-29,W05,5.3559709161999995,18.2816524137,22137.23,13.182792660816913
2025-01-29,W06,0.35914946569999995,1.5070365699000001,2034.45,23.28812512644274
2025-01-29,W07,29.357671002400004,51.3541052737,84295.46,58.24969395135289
2025-01-29,W08,0.14522958560000002,0.6248571792000001,829.21,0.2512666059966435
2025-01-30,W01,20.8285159497,51.371473291799994,72343.98999999999,85.98794493448268
2025-01-30,W02,20.387824701600003,54.434800305799996,67858.26,64.28914820119385
2025-01-30,W03,22.7949775621,50.224918922700006,67958.89,250.703637786503
2025-01-30,W04,0.5941824816,2.4988707683,3436.41,2.2889443333281965
2025-01-30,W05,2.1588314802,6.890168937300001,7902.77,5.070774369803166
2025-01-30,W06,0.3638049962,1.5148183134000002,2090.14,20.962546597522326
2025-01-30,W07,30.4582227377,52.7286359166,86237.18000000001,60.6591294482804
2025-01-30,W08,0.13835102059999999,0.5966558442000001,790.3399999999999,0.21695484612549884
2025-01-31,W01,22.647681590399994,52.3595996974,75530.54000000001,90.30680177681369
2025-01-31,W02,20.044736690500002,52.75687425960001,64684.83,60.65523857082337
2025-01-31,W03,20.4459604648,46.02044978879999,60296.979999999996,254.12914629047293
2025-01-31,W04,0.6408026764,2.7346022876,3645.1099999999997,2.466029418284254
2025-01-31,W05,2.1200986808,6.904060400600001,8166.620000000001,5.038281267496518
2025-01-31,W06,0.37045554369999995,1.5395550759,2088.93,23.18680250985792
2025-01-31,W07,28.608790359900006,49.9328070707,82821.93,53.46707899651077
2025-01-31,W08,0.14419679030000002,0.6248817021,810.8,0.22901502337053456
2025-02-01,W01,19.4553843402,46.25230161369999,66075.13,74.70485097799792
2025-02-01,W02,19.8028310111,51.455316999400004,64073.94,66.63357115347084
2025-02-01,W03,21.853138486200002,48.6260399862,65481.56,234.4002840952483
2025-02-01,W04,0.7791152932,2.5839269497000004,4636.05,3.0512618104346325
2025-02-01,W05,1.9986031691000004,6.3953584111,7502.209999999999,5.109400118365282
2025-02-01,W06,0.34381885959999997,1.4289003372,1989.3000000000002,19.726826530495153
2025-02-01,W07,28.520904691999995,49.75029351989999,81031.75,59.22213137261416
2025-02-01,W08,0.125046615,0.5321754449999999,720.42,0.19439725115934164
2025-02-02,W01,21.342640814899998,48.9748164089,72475.62999999999,85.52656371181033
2025-02-02,W02,20.2528808691,53.5300997625,66589.24,66.24411940267753
2025-02-02,W03,20.7301827377,46.9106177519,62867.83,201.94621378735923
2025-02-02,W04,0.6323361085,2.6838624412000005,3670.58,2.320269582463389
2025-02-02,W05,1.9407776171,6.1886406494,7329.3099999999995,4.611752445982135
2025-02-02,W06,0.3317833783,1.3996456581,1847.82,19.671728821297283
2025-02-02,W07,30.5130916979,52.7092860713,87951.66,62.04483550512311
2025-02-02,W08,0.1331620516,0.5744084412,750.4599999999999,0.19522565339330558
2025-02-03,W01,21.7041690353,50.8007535477,73072.51,85.64336208069449
2025-02-03,W02,18.5408517927,48.9525689802,60689.53,61.72198351060111
2025-02-03,W03,21.842428640500003,48.7132830281,64091.53,223.54343097431178
2025-02-03,W04,0.6308813807,2.6774353199000003,3591.0299999999997,2.526982434770767
2025-02-03,W05,2.0636346047000003,6.560413004900001,7723.88,4.663264874019841
2025-02-03,W06,0.35274974200000003,1.483224834,2018.1,21.730409782541738
2025-02-03,W07,28.218513092800002,48.95774462859999,79025.56000000001,53.69707903096594
2025-02-03,W08,0.1376580107,0.5927601249000001,772.45,0.2201573568900525
2025-02-04,W01,21.3287411926,49.2288008063,72287.08,81.38690708676441
2025-02-04,W02,19.3502743195,49.6708981418,62167.47,64.51252665313089
2025-02-04,W03,20.293836568099998,46.1271373607,60079.42,200.69460005241402
2025-02-04,W04,0.6277101474,2.6554887258,3588.15,2.45592608239759
2025-02-04,W05,2.0401748716,6.5283393821999995,7730.02,5.075907854294123
2025-02-04,W06,0.3559256644,1.4942065308,2010.6799999999998,20.007063766160766
2025-02-04,W07,28.953642409900002,50.359623533400004,81287.66,55.51971499610741
2025-02-04,W08,0.14029840579999997,0.6010973406000001,807.8299999999999,0.2358622363961589
2025-02-05,W01,21.9435392245,50.830448028300005,74129.39,85.81953125415536
2025-02-05,W02,20.4616194742,54.0445840674,67975.69,60.89169657206286
2025-02-05,W03,23.8642733967,53.0542890481,71441.43,225.21539227930765
2025-02-05,W04,2.7064830053999995,11.4692646445,15431.829999999998,0.564421161849436
2025-02-05,W05,7.4950100149,23.9628192277,28311.65,1.0713387764369822
2025-02-05,W06,1.7896799862000001,7.627921043400001,9918.68,6.297920210437414
2025-02-05,W07,28.3262964286,49.3832575329,80165.56,50.388137989760956
2025-02-05,W08,0.7745273470999999,3.3361973997000005,4293.91,0.086637166748118
2025-02-06,W01,21.855420720100003,52.179082617,75842.02,77.74658665118051
2025-02-06,W02,21.6861028679,56.0259501905,70303.48,62.911151019407626
2025-02-06,W03,22.5110974504,50.9899845074,66165.70999999999,227.21727867733895
2025-02-06,W04,2.7702836677,11.717668119,15816.98,0.582537945769378
2025-02-06,W05,7.705900474700001,24.826964207600003,29897.65,1.0518280388681824
2025-02-06,W06,1.7494480280999998,7.3172849067,9963.529999999999,6.727378409838146
2025-02-06,W07,29.107982202899997,50.656468615799994,83516.6,57.370891178737196
2025-02-06,W08,0.8264349346000001,3.5742263622000006,4728.99,0.076412327920036
2025-02-07,W01,23.177450455700004,52.6112860712,76710.47,91.12173227275052
2025-02-07,W02,20.908457285700003,54.586468555100005,68076.24,61.33472953436729
2025-02-07,W03,21.1684005,47.755427432999994,63595.68,217.35255975850174
2025-02-07,W04,2.6442810431000003,11.063918197200001,15248.23,0.6103346658403559
2025-02-07,W05,8.127976378200001,25.9978613498,30307.55,1.2521942161030366
2025-02-07,W06,1.7676213514,7.4372058798000005,10089.79,6.513262750748008
2025-02-07,W07,28.3155475039,49.2691384208,80280.28,50.76126533008975
2025-02-07,W08,0.7687604343000001,3.3061813701,4361.46,0.07207606575498128
2025-02-08,W01,21.3874217646,52.6874253129,75199.11,72.4025435842056
2025-02-08,W02,19.5771092246,51.6350389886,63943.9,61.574079789522685
2025-02-08,W03,23.262974683,52.2426154246,70467.02,226.14393866897385
2025-02-08,W04,1.8802761507,7.981400530600001,11004.689999999999,0.665903640435097
2025-02-08,W05,5.3212038263000006,17.2356008698,20019.440000000002,1.2590542255847244
2025-02-08,W06,1.1567758385999998,4.8193965702,6651.05,6.468831406474557
2025-02-08,W07,29.4209116964,51.222332350399995,80126.18,54.45584104347634
2025-02-08,W08,0.5108635665,2.1749445555,2911.87,0.08460730591225153
2025-02-09,W01,21.3267598758,50.5424715661,73587.98999999999,82.96703718639493
2025-02-09,W02,21.2217796889,54.88021236590001,68641.87,66.26608406812157
2025-02-09,W03,21.7463793054,48.77409591479999,65223.21,228.24853639884546
2025-02-09,W04,0.9777030889,4.1599200792,5660.07,1.1171208935339279
2025-02-09,W05,2.8603223585,9.2106458225,10941.939999999999,1.8390973483333612
2025-02-09,W06,0.5079601896,2.1078424872,2913.45,9.079635170256502
2025-02-09,W07,30.834405382099998,53.59303837739999,86891.72,60.59399448993748
2025-02-09,W08,0.243625415,1.051376565,1379.6000000000001,0.11701261596777014
2025-02-10,W01,20.572715990200003,50.1915559993,71054.0,69.1252658306873
2025-02-10,W02,19.9233104275,52.1740376393,64626.39,65.32982613578608
2025-02-10,W03,21.0838157038,48.624834529599994,64019.7,221.3407769019999
2025-02-10,W04,2.718013149,11.5129097061,15344.64,0.5632882005163657
2025-02-10,W05,7.6555609831,24.539749391100003,29181.08,1.031737725087314
2025-02-10,W06,1.7586557218,7.4109583926,9899.189999999999,6.241945716739782
2025-02-10,W07,31.396990992500005,54.399438947200004,89241.29000000001,60.59159856052215
2025-02-10,W08,0.7272294746,3.0987102222000003,4192.26,0.07364178335509992
2025-02-11,W01,21.8024895454,51.26885746519999,74007.98999999999,76.54266606773604
2025-02-11,W02,21.456587590500003,56.240086253600005,70040.06999999999,67.27848060183996
2025-02-11,W03,23.0198379004,51.7075597322,68216.37,237.65847864878535
2025-02-11,W04,2.7058780370999997,11.4867836976,15668.25,0.6394579999659696
2025-02-11,W05,7.604749942000001,24.5144167559,29042.38,1.2099099644651838
2025-02-11,W06,1.8120478066,7.610171026200001,10335.119999999999,7.123613473967261
2025-02-11,W07,30.2883734439,52.4768779671,86075.36,49.997315027897
2025-02-11,W08,0.7407008893999999,3.1834636458000003,4243.87,0.07277486374748143
2025-02-12,W01,23.3129944319,55.2782219332,78859.95999999999,91.29891141461849
2025-02-12,W02,20.9839157495,54.3128040043,67892.18,57.72344611649818
2025-02-12,W03,22.711259437,51.059573392400004,67622.8,238.95018661490224
2025-02-12,W04,2.8511864832999994,12.0865540433,16281.190000000002,0.6567487015146845
2025-02-12,W05,7.998508102,25.1993771418,29714.75,1.3449631742612127
2025-02-12,W06,1.7525852345000001,7.392117391500001,9984.09,6.292267384123794
2025-02-12,W07,31.905467423400005,55.2611158114,89107.08,58.87160701799059
2025-02-12,W08,0.7474914759,3.2260565013,4224.71,0.06893043966963915
2025-02-13,W01,23.292040738000004,54.7384898087,76511.2,91.04036748318306
2025-02-13,W02,21.2031376581,55.9151318663,69272.7,66.7979461351135
2025-02-13,W03,22.2130058577,50.3321223197,66457.26000000001,235.7793236214455
2025-02-13,W04,2.7138193124999996,11.4855789275,15457.039999999999,0.6567597547659393
2025-02-13,W05,7.2269674562,23.028478168699998,27522.51,1.0573305518406662
2025-02-13,W06,1.5964231167999998,6.6014460576000005,8998.92,5.7422606741411375
2025-02-13,W07,32.064888098,55.8411254436,90210.04000000001,58.4550744760172
2025-02-13,W08,0.8422784471,3.6584168997,4676.469999999999,0.0805889243605321
2025-02-14,W01,22.003142181199998,51.906071527799995,75748.65000000001,83.3234578129201
2025-02-14,W02,20.6842784046,54.36204039060001,67457.86,65.17976947457318
2025-02-14,W03,23.383543912100002,52.615291511100004,70422.01999999999,235.10973387862217
2025-02-14,W04,2.822557731,12.0685150866,15936.08,0.6541225403120117
2025-02-14,W05,7.441927864499999,23.7205880672,28732.96,1.1257879592921292
2025-02-14,W06,1.7007382321,7.068155054700001,9615.67,6.567165421120104
2025-02-14,W07,31.3243157707,53.98830517569999,89889.32999999999,59.60916045005185
2025-02-14,W08,0.7860600266,3.3797996862000006,4340.77,0.07524395958233794
2025-02-15,W01,21.026627054800002,49.7158432922,71934.03,81.02059576760354
2025-02-15,W02,20.332379515500005,52.6576318962,65661.6,59.3088527442813
2025-02-15,W03,22.485087891400003,49.99165176219999,66692.31,220.68869021651653
2025-02-15,W04,1.982920224,8.477193382600001,11204.32,0.7060937394063874
2025-02-15,W05,5.4774906969,17.7722681976,21516.22,1.245136955500287
2025-02-15,W06,1.3442480037,5.707421535900001,7764.93,7.345617506557377
2025-02-15,W07,30.655796204500003,53.28349562659999,86110.02999999998,55.88850701892557
2025-02-15,W08,0.5101389659,2.1972923313,2922.51,0.07442961823046412
2025-02-16,W01,22.324331460499998,52.375817168299996,74287.62,77.51934642375966
2025-02-16,W02,20.5804681506,53.1860443847,66466.71,65.21143534962421
2025-02-16,W03,20.309644420799998,46.9317001894,62713.07,206.86974841916557
2025-02-16,W04,2.5172232709,11.282696578900001,14235.14,2.704490292203013
2025-02-16,W05,2.7306042382,8.8212362091,10589.67,1.9167582633660796
2025-02-16,W06,0.5823043826000001,2.4577614582000002,3356.35,11.434548504663724
2025-02-16,W07,28.612680031300002,49.7100089247,80345.98000000001,51.813258010383414
2025-02-16,W08,0.2311846708,0.9898423356000001,1289.8500000000001,0.10254702119297772
2025-02-17,W01,23.496702577600004,54.527807192699996,76645.66,85.37704734767144
2025-02-17,W02,21.6254202048,55.09519259339999,68840.37,64.44845179140863
2025-02-17,W03,23.1779086304,52.5572629416,70195.12,230.5915398736507
2025-02-17,W04,2.6840545561000004,11.296314850900002,15454.48,0.6313123022720196
2025-02-17,W05,7.6427307807,24.2899091461,28549.65,1.1798694765983795
2025-02-17,W06,1.7583449254,7.3783851378000005,10008.92,6.961095684017167
2025-02-17,W07,31.9676015482,55.5202424444,90083.91,60.69874596172104
2025-02-17,W08,0.7344798291,3.1337294937,4076.83,0.06833077329487477
2025-02-18,W01,21.4391680208,50.995620091099994,73080.95999999999,78.67642338952946
2025-02-18,W02,20.8736205723,53.977092067600005,69705.76,60.13528978424769
2025-02-18,W03,23.462581950000004,50.896497832399994,68323.9,226.14536819277112
2025-02-18,W04,2.8957302154,12.377106889,16313.65,0.634224509541741
2025-02-18,W05,7.7827063319,24.537461383200004,29073.120000000003,1.0409544469144025
2025-02-18,W06,1.6792550361999998,6.9125937533999995,9695.43,5.877995121199922
2025-02-18,W07,32.7865274465,56.710514512799996,90601.71,57.89849374951438
2025-02-18,W08,0.7531160218999999,3.2415344433,4273.97,0.07193558600943271
2025-02-19,W01,23.2987041035,54.5182445082,77088.06,88.95724890515409
2025-02-19,W02,22.029878283400002,57.3022074934,72067.54,64.13636194710104
2025-02-19,W03,23.779637129299996,52.7569991153,70978.3,225.49131048010088
2025-02-19,W04,2.8130402728,11.9353384817,15894.680000000002,0.6769595141170388
2025-02-19,W05,7.4217291977999995,23.7592192457,28228.36,1.0983958865334296
2025-02-19,W06,1.7410817899,7.1922990993,9860.980000000001,6.411360167843807
2025-02-19,W07,31.073902914100003,54.2323041915,88603.37000000001,51.78112170134695
2025-02-19,W08,0.7314530000000001,3.1250158800000003,4199.33,0.08208960249020754
2025-02-20,W01,22.872851920000002,53.9254683371,76625.86,75.95623155294024
2025-02-20,W02,20.536461944,53.3929826091,66309.51,65.96767201929903
2025-02-20,W03,24.210589501200005,53.72060562,72797.16,238.96588330536753
2025-02-20,W04,2.5825118685999997,10.922291917999999,14822.52,0.6193653287957387
2025-02-20,W05,7.6396834663,24.6425187872,28937.739999999998,1.0022132864223858
2025-02-20,W06,1.7781091941,7.501229468700001,10123.21,6.890240306980493
2025-02-20,W07,31.712336987000008,54.829099426,88751.69,54.25707332291959
2025-02-20,W08,0.7927854366,3.4247963562,4601.74,0.07629198701934588
2025-02-21,W01,23.814498891800003,54.9667740796,79112.94,85.7908082907042
2025-02-21,W02,22.060957667399997,57.799602518,71394.31,68.60646498423301
2025-02-21,W03,22.7304896701,50.520308691500006,68363.0,230.2124803275368
2025-02-21,W04,2.7317028022999996,11.564834618400003,15906.38,0.6286537113475135
2025-02-21,W05,7.9554757399,25.4441958791,30328.980000000003,1.1565450779774422
2025-02-21,W06,1.6652549243,6.976461080100001,9779.47,5.863243353543462
2025-02-21,W07,29.4516663477,51.2944539246,82297.74,50.50011376491769
2025-02-21,W08,0.8274927684,3.5469215388000004,4468.73,0.0849213178795367
2025-02-22,W01,23.5100890627,55.2020660565,79942.85,86.24928576873832
2025-02-22,W02,21.151872428300003,55.3334064913,68288.57,63.09226890825735
2025-02-22,W03,22.703092918000003,50.719572757799995,67292.57,219.74633807288393
2025-02-22,W04,1.9598820940000001,8.328644215200002,11168.24,0.69839124948642
2025-02-22,W05,5.1688362154,16.7985626128,19925.170000000002,1.1071891638539801
2025-02-22,W06,1.2602798281999998,5.3468236974000005,7162.2300000000005,7.830937939305064
2025-02-22,W07,32.0238239386,55.4352484562,90854.84999999999,59.3540484350529
2025-02-22,W08,0.5144398505,2.2182645435,2936.2200000000003,0.08440894450558221
2025-02-23,W01,21.756114334600003,50.502069718799994,73607.67,84.45499846509787
2025-02-23,W02,21.109397996200002,55.4522369688,69419.68,79.66622258192344
2025-02-23,W03,20.6002671172,47.10708056320001,62242.090000000004,242.73875423844652
2025-02-23,W04,0.8711165542000001,3.6626892646000004,4926.780000000001,1.0040902317743394
2025-02-23,W05,2.8034169921000003,8.951017074900001,10591.9,1.9163081332206826
2025-02-23,W06,0.5422116341,2.2635942687000004,3043.7,8.985791320992359
2025-02-23,W07,29.9992450423,52.2927096628,85874.38,55.31058605308475
2025-02-23,W08,0.2150727559,0.9172539813000001,1210.6200000000001,0.10944220449914817
2025-02-24,W01,22.2904921916,53.6722136006,75719.70999999999,76.77745772545344
2025-02-24,W02,22.0704755797,57.6790422086,71704.44,66.77157346893087
2025-02-24,W03,22.038004686100003,49.298645522899996,66457.91,226.6398392202637
2025-02-24,W04,2.5243295506999996,10.5008831849,14793.6,0.5573883957126442
2025-02-24,W05,7.5783113967,24.1562223649,28796.47,1.0222861356420025
2025-02-24,W06,1.7920075428,7.564990719600001,10439.43,6.558172586075653
2025-02-24,W07,30.992102569200004,53.7245613039,86583.39,52.980851207587435
2025-02-24,W08,0.7626027177999999,3.2715156846,4260.79,0.07125338877984565
2025-02-25,W01,24.073019488000003,57.4984783994,82995.33,88.24614723197726
2025-02-25,W02,20.776315125500002,55.265001912200006,68694.38,58.35945215951417
2025-02-25,W03,22.1399087293,50.8779491821,67660.06,229.5432829728777
2025-02-25,W04,2.844811241,12.1439678805,16258.259999999998,0.6646607706137363
2025-02-25,W05,7.8144710334,25.1393747059,29888.68,1.0387822379476155
2025-02-25,W06,1.6636927243,6.976461080100001,9375.619999999999,6.575002961273826
2025-02-25,W07,31.482850963000004,54.87878623809999,87777.62,55.22241490764941
2025-02-25,W08,0.7581808774000001,3.2330341218000003,4276.3,0.07211114921458973
2025-02-26,W01,22.1655119896,52.7276479254,76174.79,87.17073109089694
2025-02-26,W02,20.6513979112,54.860962277800006,67577.51000000001,61.42483450979459
2025-02-26,W03,21.5927928471,48.2169753605,64928.33,211.96419796898007
2025-02-26,W04,2.7747330870999996,11.7951480806,15650.21,0.6435223160450763
2025-02-26,W05,7.3760580982,23.504535661800002,27706.68,1.0270317898644903
2025-02-26,W06,1.6573854215,6.882400360500001,9672.84,6.647463246913679
2025-02-26,W07,31.882511873400002,55.2893889145,89895.2,57.25326625591702
2025-02-26,W08,0.7955380648,3.4114844136,4547.129999999999,0.07403801852285818
2025-02-27,W01,22.340737691399998,53.5262108382,76580.55,81.49092719824914
2025-02-27,W02,21.1119575355,54.5526141034,68142.51,70.73369786511923
2025-02-27,W03,22.028095515,50.274457831599996,67542.04000000001,205.33847437008865
2025-02-27,W04,2.8313039945000003,12.018470141600002,16141.56,0.6452907141901537
2025-02-27,W05,7.182015871699999,22.7484061968,27311.97,0.9638081411010926
2025-02-27,W06,1.7429372150000002,7.226813085000001,9928.63,6.534952626448203
2025-02-27,W07,34.0212663442,58.6243260395,96467.47,60.66040414550823
2025-02-27,W08,0.8560723669,3.7247211183,4887.65,0.091657306338113
2025-02-28,W01,23.5491507109,53.2476192461,76545.84,77.27823369682213
2025-02-28,W02,21.6589335077,55.847202988899994,68942.51,70.02746112961215
2025-02-28,W03,23.391074476100002,51.6274277943,69030.52,266.13428384949714
2025-02-28,W04,2.3820297500999996,9.914253508,13659.689999999999,0.5398629531494558
2025-02-28,W05,7.8480086653,25.3318409154,30027.82,1.1054540695891584
2025-02-28,W06,1.7697980610000001,7.449081807000001,9976.169999999998,6.962528122774787
2025-02-28,W07,29.5568974339,51.4442314061,83302.13,56.18744058714054
2025-02-28,W08,0.7990760746,3.4548055422000004,4316.41,0.0709222857700748
2025-03-01,W01,18.578204684900005,45.300565470900004,64144.67,69.21912199055878
2025-03-01,W02,18.884387048000004,51.2540475995,63290.67,53.760318410339636
2025-03-01,W03,18.0413513098,40.39182572520001,54218.12,187.21697808148102
2025-03-01,W04,1.7436581804999998,7.3094611109,10074.230000000001,0.6707391465325335
2025-03-01,W05,4.8808412069,15.5665840611,18757.839999999997,1.0434385136685058
2025-03-01,W06,1.0702583441,4.413568238700001,6018.69,6.535689343291238
2025-03-01,W07,25.633042411599998,44.9961671581,75804.09,49.88788218982393
2025-03-01,W08,0.43081766159999996,1.8138414312,2438.86,0.07023499417829893
2025-03-02,W01,18.784056054100002,45.7673340733,63550.27,74.1591038638894
2025-03-02,W02,16.8824564006,44.3560948044,54469.270000000004,54.73249301549015
2025-03-02,W03,18.957707830900002,42.952099194300004,56741.49,182.45758340455433
2025-03-02,W04,0.9245270844000001,3.8898351728000002,5248.4,0.9296129971071734
2025-03-02,W05,2.624595389,8.4508628314,9858.310000000001,1.769214023637647
2025-03-02,W06,0.536932904,2.227226808,3066.52,10.618877145795429
2025-03-02,W07,26.519158167999997,46.35658157249999,75910.71,49.85197735159542
2025-03-02,W08,0.2155315722,0.9165964254000001,1215.3,0.10910582382825867
2025-03-03,W01,19.583193196,46.9834052744,67126.33,72.16896575665557
2025-03-03,W02,17.398671023800002,47.0452189974,59617.79,47.361236015254754
2025-03-03,W03,19.2655867727,43.8255434829,58761.369999999995,187.85064814738976
2025-03-03,W04,2.4258029732,10.1981145171,14298.57,0.5634988859656009
2025-03-03,W05,6.8114199804,21.9649686502,26179.79,0.9589867299400259
2025-03-03,W06,1.6045605787,6.694696380900001,9242.91,5.5346469918458014
2025-03-03,W07,24.690041221900003,43.282838106700005,70058.33,45.23095635540591
2025-03-03,W08,0.7199388201000001,3.0831952107,4139.53,0.06711506010011808
2025-03-04,W01,18.8203130469,45.6924584881,65976.17,61.30734616216534
2025-03-04,W02,19.800179159200002,52.0236147839,65461.009999999995,56.32876114602388
2025-03-04,W03,19.7905737063,45.188664820899994,60328.79000000001,198.77837412541052
2025-03-04,W04,2.2652572441000003,9.3568713539,12958.1,0.5064564736343885
2025-03-04,W05,6.9459613952,22.329910998200003,26473.0,0.9623700142347315
2025-03-04,W06,1.6419829609999999,6.779207427,9258.03,6.090170174176222
2025-03-04,W07,24.867620211099997,43.76316150099999,71641.76000000001,44.76675711683135
2025-03-04,W08,0.7558244089999999,3.2337207630000004,4426.41,0.07765368203005113
2025-03-05,W01,21.039253591199998,50.0752583632,71688.93,79.65582311236639
2025-03-05,W02,18.8888070686,50.2058379354,61518.270000000004,54.70719252007843
2025-03-05,W03,18.517271598500002,42.7843751711,56210.880000000005,173.18324026168366
2025-03-05,W04,2.4938494213999998,10.425181749500002,14332.49,0.5259432692279302
2025-03-05,W05,6.8520630995000005,22.048852521199997,25843.02,1.0488009538153764
2025-03-05,W06,1.525379278,6.321330666,8850.67,6.284936704792669
2025-03-05,W07,25.355161622,44.336773384999994,72741.4,45.406401486376375
2025-03-05,W08,0.7297249078000001,3.1227244146000004,4198.77,0.07146513388311065
2025-03-06,W01,18.674443641699998,46.153102570899996,64689.36,66.68515328829199
2025-03-06,W02,18.235687296200002,48.580561322099996,60157.24,57.06230867933976
2025-03-06,W03,20.282240324700005,45.7210914833,61230.64,219.18215964273367
2025-03-06,W04,2.4163697847000005,10.106526667800003,14186.27,0.5387478536881303
2025-03-06,W05,6.6995220827,21.764306217100003,26253.44,0.850035555933094
2025-03-06,W06,1.5570159511000001,6.4591373877,8857.619999999999,5.4033598042039594
2025-03-06,W07,28.492881715299998,49.377148665099995,80121.89,51.89894066068374
2025-03-06,W08,0.7522627092999999,3.2298467151000003,4252.55,0.06981997742038268
2025-03-07,W01,19.4028425108,46.6366943732,67847.23,72.37031204490778
2025-03-07,W02,18.2251404107,47.1778585445,59066.28,54.35164846221061
2025-03-07,W03,18.598013713100002,42.888705401500005,56802.22,193.20403603847873
2025-03-07,W04,2.4900872391,10.3802687925,14436.43,0.5769256452536671
2025-03-07,W05,6.8242595821,22.108107975899998,25716.38,0.9010585294872202
2025-03-07,W06,1.6465452498999997,6.8559361593000006,9279.31,6.194211308027988
2025-03-07,W07,25.087082904800003,43.801100971400004,72246.91,44.18645878028375
2025-03-07,W08,0.6778176253,2.8760554071,3737.36,0.06762046742904151
2025-03-08,W01,19.3068933505,47.1407273226,66182.58,67.94063246860188
2025-03-08,W02,18.550161510499997,49.26552663540001,61185.18,57.9097162932485
2025-03-08,W03,18.494398786500003,41.847239811899996,55993.75,190.8232522673573
2025-03-08,W04,1.5633276172,6.513388837,8814.48,0.62603821965292
2025-03-08,W05,4.7618089216,15.176706970500002,17783.129999999997,1.0005183324921807
2025-03-08,W06,1.0048343619000002,4.1144356233,5794.43,6.089979041564141
2025-03-08,W07,26.543010469499997,46.15266285599999,75318.44,49.30703143570471
2025-03-08,W08,0.4805367668,2.0559839676,2668.18,0.0763286226795412
2025-03-09,W01,19.0116424641,45.367760854400004,64948.4,71.80545260380865
2025-03-09,W02,18.105607150700003,48.110620125000004,59675.0,58.99225241744457
2025-03-09,W03,19.285431085800003,44.087301241599995,58389.79,203.99876329691023
2025-03-09,W04,0.8582039589999999,3.6021890742,4921.75,0.9048155310837809
2025-03-09,W05,2.6144842376,8.3206659679,10057.32,1.820374839754525
2025-03-09,W06,0.5593026553,2.3369508171,3129.6099999999997,9.956788052979189
2025-03-09,W07,28.143018011800002,48.8525023587,80904.73,50.978925919659744
2025-03-09,W08,0.19589077039999997,0.8310274728,1134.02,0.10055534957591772
2025-03-10,W01,18.5791950444,45.82143223239999,64861.87,65.34446269401077
2025-03-10,W02,18.324315611600003,47.781970706500005,60731.32,55.17926209577612
2025-03-10,W03,19.0909053079,43.889805007300005,56594.25,190.53180011477278
2025-03-10,W04,2.4810703835,10.388206736000003,14282.7,0.6033435087819129
2025-03-10,W05,6.6821694437,21.147799388400003,25077.78,0.9111370030188659
2025-03-10,W06,1.5405206010999999,6.3558560577000005,8792.49,5.946234106339863
2025-03-10,W07,27.477145711400006,47.6117397669,77369.31999999999,47.21540349718965
2025-03-10,W08,0.7289659111000001,3.1297259877000005,4134.85,0.07003742528271367
2025-03-11,W01,19.2698569919,45.9042036701,65516.24,78.9311528125832
2025-03-11,W02,17.9309191233,48.5850028583,59280.18,49.146811029645555
2025-03-11,W03,18.700625879,42.710272144,56133.63,183.75201068084226
2025-03-11,W04,2.7303334834999995,11.505912358000002,15572.5,0.5858249990773846
2025-03-11,W05,6.629084217400001,21.495693011700002,25811.52,0.8886151623246973
2025-03-11,W06,1.4960533491,6.1497040137,8601.18,5.0898286976491
2025-03-11,W07,25.0800901905,43.9186764414,72450.32,46.842162633050506
2025-03-11,W08,0.7206250954,3.0906986478000005,3986.45,0.075038694230573
2025-03-12,W01,20.165062399700002,48.1610960787,70363.56,83.23040448943371
2025-03-12,W02,17.833122011,47.0259339049,59329.7,52.96662769167711
2025-03-12,W03,18.939303451400004,43.608280257800004,58241.71000000001,191.71858090032092
2025-03-12,W04,2.5570122928000005,10.7257599494,14632.74,0.5754958970063105
2025-03-12,W05,7.067058632899999,22.879192111200002,26667.079999999998,0.9213203430328644
2025-03-12,W06,1.6066960386,6.6562188102,9105.43,5.3582611490925585
2025-03-12,W07,25.7622465964,44.8683371838,74108.83,50.019020707544335
2025-03-12,W08,0.728842734,3.091972698,4113.63,0.07003548884509044
2025-03-13,W01,19.7327395996,46.815415505900006,67650.52,73.05418735112602
2025-03-13,W02,19.4368182438,52.4090427294,65319.85,52.23280252768603
2025-03-13,W03,19.4840344635,44.3272399343,59159.97,191.0948848911338
2025-03-13,W04,2.5016936853,10.5831454723,14326.13,0.5001553800976561
2025-03-13,W05,6.637940318299999,21.6493604589,25935.879999999997,0.7969419052341353
2025-03-13,W06,1.6417067037000002,6.822586155900001,9400.19,5.6532405318852215
2025-03-13,W07,27.450083228900002,47.6823008057,77927.48999999999,48.53628315557379
2025-03-13,W08,0.7160855267999999,3.0471653676,4046.44,0.0641785160293587
2025-03-14,W01,19.7870114739,48.3066386475,68254.5,68.98755830799806
2025-03-14,W02,17.59892689,47.5484066847,59139.54,53.258102352578035
2025-03-14,W03,20.082418987,45.4966815002,59793.020000000004,217.44809687618428
2025-03-14,W04,2.4396681358,10.216308848599999,14369.98,0.5503573604067784
2025-03-14,W05,6.722734689799999,21.645510430599998,26436.760000000002,0.9049224162691629
2025-03-14,W06,1.6872003397000002,7.030426287900001,9447.4,6.405833056931868
2025-03-14,W07,28.713856774400004,49.750044357899995,81353.19,49.055591901362135
2025-03-14,W08,0.7124016313999999,3.0461239998000003,3965.08,0.0732022243190919
2025-03-15,W01,19.4129586859,48.0181209637,68653.5,72.26814687406933
2025-03-15,W02,17.755269314600003,48.2958553402,59511.229999999996,54.71122376443255
2025-03-15,W03,19.150953821999998,44.1744247196,57915.630000000005,210.09680232137174
2025-03-15,W04,1.7036153155,6.8257521163,9902.91,0.5667677083374919
2025-03-15,W05,4.6585351614,15.1384699895,18045.100000000002,1.0518155306271648
2025-03-15,W06,1.1119603601999999,4.6274929014,6242.34,6.3933692888847995
2025-03-15,W07,24.5798637569,43.237826792,69131.68,48.84681481807541
2025-03-15,W08,0.49377791660000003,2.1217749162,2795.29,0.07362334244645594
2025-03-16,W01,18.6209269393,45.0398721449,64522.7,77.81480388177084
2025-03-16,W02,17.291755404,46.308758440599995,56652.67,56.99438816852014
2025-03-16,W03,17.927575489400002,40.8787341714,53021.83,181.85998528489844
2025-03-16,W04,0.8598328584000001,3.5999861151000005,4976.2699999999995,0.9879695444000539
2025-03-16,W05,2.5569079367,8.2293365047,9808.060000000001,1.8499028253815517
2025-03-16,W06,0.5170882855,2.1914319285,2949.61,8.835793129079663
2025-03-16,W07,24.896332971100005,43.5281337661,71657.45,44.005735677646754
2025-03-16,W08,0.21693365439999998,0.9320618208000001,1226.92,0.11503827353755955
2025-03-17,W01,20.337382253399998,49.09551673679999,69495.73999999999,69.1051942717536
2025-03-17,W02,19.0285647123,51.55350739909999,64184.28,58.122364632485
2025-03-17,W03,19.539534807000003,44.09083737420001,57982.780000000006,202.75747187373537
2025-03-17,W04,2.3703011410999997,9.957392568500001,13599.19,0.5087225477322871
2025-03-17,W05,6.847677804,22.5265609004,27106.5,0.9736762050094357
2025-03-17,W06,1.6765857448999997,7.0146791643,9600.92,6.213857490345199
2025-03-17,W07,27.1839938898,47.34353261479999,78748.37999999999,47.527954657160144
2025-03-17,W08,0.6902251457999999,2.9430913206000002,3884.1800000000003,0.06773798561125662
2025-03-18,W01,18.5040150708,45.4443310049,63719.850000000006,63.46054149521748
2025-03-18,W02,17.963564006600002,47.492996011399995,59830.159999999996,56.15245682839076
2025-03-18,W03,20.1241059866,45.473821484,59239.880000000005,191.26105786652474
2025-03-18,W04,2.6535679286,11.1050989166,15150.68,0.6082469455140672
2025-03-18,W05,7.0048315838,22.4176006996,26447.510000000002,1.0048843263254177
2025-03-18,W06,1.6526396428,6.8914664196,9366.029999999999,5.414389897487477
2025-03-18,W07,26.791590493,47.005964105299995,76129.25,44.55603847823303
2025-03-18,W08,0.699015359,3.001893813,4005.29,0.07110916869002902
2025-03-19,W01,19.118384057500002,46.068756687400004,66194.03,68.23412871893159
2025-03-19,W02,18.2933652536,48.7533335263,59813.4,57.30716898150469
2025-03-19,W03,19.5564524264,44.1252723514,58670.450000000004,203.07842602699895
2025-03-19,W04,2.3758256346,9.93014938,13512.61,0.5356093972531771
2025-03-19,W05,6.921369169199999,22.858762104500002,27228.07,0.9554835728955322
2025-03-19,W06,1.5516768394,6.3779990958,8737.84,5.701906198072267
2025-03-19,W07,29.053270692599998,50.5268127154,81695.74,57.579116676443775
2025-03-19,W08,0.7213709409,3.0554512563000005,4238.13,0.06936888703166902
2025-03-20,W01,17.2672873659,42.7278903688,60993.4,65.87676159662743
2025-03-20,W02,18.2934537881,48.1501013209,60561.51,51.36331007053049
2025-03-20,W03,19.05414591,43.743176783200006,58774.33,188.0330975783054
2025-03-20,W04,2.5924621773,10.931349686499999,14816.839999999998,0.5880751316468203
2025-03-20,W05,6.6622959413,21.622331875300002,25604.629999999997,0.8897929101399832
2025-03-20,W06,1.5434548262999999,6.3577882341,8707.01,5.498866442572839
2025-03-20,W07,27.8765312452,48.59075352120001,80473.91,47.49541469985398
2025-03-20,W08,0.6624163803,2.8156891521,3708.93,0.06362670148951381
2025-03-21,W01,19.9225671927,48.803213802,68767.59000000001,79.16367202449307
2025-03-21,W02,18.681502425599998,49.61736397919999,62325.74,58.073899701882276
2025-03-21,W03,18.960323503799998,43.369708797600005,56899.81,175.07223918559555
2025-03-21,W04,2.4547366906,10.3044417877,14053.29,0.5404759011283177
2025-03-21,W05,6.753877146300001,21.7443050928,25801.87,0.9731920828937272
2025-03-21,W06,1.5869124035999997,6.538651465200001,9090.42,5.459986800346815
2025-03-21,W07,25.197620632200003,44.1298073134,72610.41,42.1169803154726
2025-03-21,W08,0.7489302535000001,3.2101702245,4216.12,0.0694026638926492
2025-03-22,W01,19.4878802639,46.1357144913,66287.33,71.99813894270555
2025-03-22,W02,18.360759182000002,48.1253983396,60130.68,57.46626557330872
2025-03-22,W03,17.736817564099997,41.674496594699995,53353.42,174.3827430794793
2025-03-22,W04,1.8448206501,7.7379638541,10620.74,0.6429741018660609
2025-03-22,W05,4.9080762096,15.900882880900001,19195.86,1.1613985808346179
2025-03-22,W06,1.1627245932,4.870423592400001,6513.72,6.696912200713047
2025-03-22,W07,25.433251145700005,44.7738665052,72334.69,44.062846317246596
2025-03-22,W08,0.4546770515,1.9414922505,2594.39,0.07955824685508593
2025-03-23,W01,18.9111691662,44.3157708222,63831.979999999996,70.97588307605697
2025-03-23,W02,17.5285874019,45.7973292344,56222.73,57.32924092944305
2025-03-23,W03,19.041362631200002,43.7090000692,57263.729999999996,195.0439701636859
2025-03-23,W04,0.8171954951999999,3.4278036854000002,4663.32,0.9133962109272832
2025-03-23,W05,2.6415275919,8.507516970000001,10046.289999999999,1.9578429575831064
2025-03-23,W06,0.5142945846,2.1314243922,2919.5299999999997,9.21906185422866
2025-03-23,W07,26.018393253000003,45.594675862900004,73707.81,50.271939787809174
2025-03-23,W08,0.2164294689,0.9279585123,1223.9199999999998,0.10136485249534813
2025-03-24,W01,20.031123804,46.136961027299996,67043.54,69.23446737383478
2025-03-24,W02,18.9188462662,49.7616927576,62482.439999999995,58.96734239985537
2025-03-24,W03,18.181278647899997,42.1968049365,56039.59,171.73211153206762
2025-03-24,W04,2.6158848471,11.024923742499999,15143.16,0.633370365605894
2025-03-24,W05,6.7052313904,21.824611171300003,26083.7,0.8802119932063894
2025-03-24,W06,1.6887765747999999,6.9910864236,9687.59,6.131329374006113
2025-03-24,W07,25.876175328499997,45.2901150428,73631.79000000001,49.1543468106689
2025-03-24,W08,0.7512482627,3.2153873289000003,4282.74,0.08249016706150405
2025-03-25,W01,19.013708892399997,45.4591608121,64703.43,77.21146328967939
2025-03-25,W02,19.5631927796,51.5834823349,62951.7,54.92054602663044
2025-03-25,W03,18.0103475187,42.36200651229999,56622.5,183.51314950479917
2025-03-25,W04,2.4386392932,10.1958629432,13752.25,0.5209000222146845
2025-03-25,W05,6.6750034626,21.325846503700003,25455.67,1.032222404240352
2025-03-25,W06,1.5358036393,6.4155995451,8364.039999999999,5.1519400718546
2025-03-25,W07,25.765664130900003,44.9270024331,73618.79000000001,45.47160084658121
2025-03-25,W08,0.7011257271,2.9729162997000005,3979.33,0.06449335682089496
2025-03-26,W01,19.3378813307,45.9626371797,65257.899999999994,60.44107859044964
2025-03-26,W02,18.0813281651,49.1517502285,60796.82,54.50730930655999
2025-03-26,W03,18.701051876899996,42.9722064979,57180.63,180.5852940081886
2025-03-26,W04,2.5121725152999996,10.579194927500001,14313.460000000001,0.5854659927045506
2025-03-26,W05,6.8067272449,22.0590990846,26239.84,0.9227053504821251
2025-03-26,W06,1.6060240801999999,6.5918342214,9381.58,6.495993982194933
2025-03-26,W07,26.3675250754,45.75838482699999,75902.32,48.93123389061163
2025-03-26,W08,0.7380899312,3.1684316784,4102.65,0.06950093590722888
2025-03-27,W01,20.8689527593,49.02732718090001,72198.52,80.05429065462148
2025-03-27,W02,17.3820303049,47.0286444583,57839.03,49.52385245125832
2025-03-27,W03,18.5386560803,43.0116192147,56328.61,196.99759930610165
2025-03-27,W04,2.6857182259,11.265934894,15604.539999999999,0.6060866022754328
2025-03-27,W05,7.1414505723,23.6295638779,28122.2,0.9574267040040864
2025-03-27,W06,1.5953764858,6.6556302606,8997.15,6.280539982442258
2025-03-27,W07,25.739372588000002,45.0347203648,72849.5,46.30566185608556
2025-03-27,W08,0.7140406604999999,3.0555219735,3986.7,0.06217241924706696
2025-03-28,W01,20.665928186099997,48.4355074428,68049.17,71.47575566211971
2025-03-28,W02,18.854405360700003,50.5437469242,62672.97,56.60045918424324
2025-03-28,W03,18.1681332187,42.143407709899996,55258.04,188.99938851011152
2025-03-28,W04,2.2113775755000002,9.1261200986,12967.67,0.5205564873309334
2025-03-28,W05,6.9031888384,22.0753004602,26655.02,0.9752540936311561
2025-03-28,W06,1.6087526107,6.651171084900001,9156.710000000001,6.312324111371386
2025-03-28,W07,26.0500123011,45.4760973025,74071.14,53.637600045092626
2025-03-28,W08,0.7459809290999999,3.1940672337000002,4293.01,0.06755306484137119
2025-03-29,W01,19.6989401179,47.17171334700001,68016.78,70.22669869663643
2025-03-29,W02,17.952425671,47.0600481171,58345.33,53.48571177331081
2025-03-29,W03,19.6999821745,45.2346686859,58734.66,194.53698353346633
2025-03-29,W04,1.7493209864000003,7.333140117000001,10138.96,0.5975414048220157
2025-03-29,W05,4.9477432073,16.1544597225,19431.42,1.1424347423708274
2025-03-29,W06,1.0788334468,4.5164862876,6155.02,6.441719689985431
2025-03-29,W07,26.0629007745,45.696839409099994,73721.65,43.46924847015616
2025-03-29,W08,0.4658490764,1.9925802948000002,2578.43,0.07447641408744508
2025-03-30,W01,16.730139044900003,40.96195767220001,58366.33,60.96234083568363
2025-03-30,W02,17.3423391495,46.3677215995,57956.06,55.05679275373821
2025-03-30,W03,18.2288655153,41.9306806627,55287.020000000004,199.2203966656102
2025-03-30,W04,0.8468177778,3.5238308487,4854.43,0.9469692451690822
2025-03-30,W05,2.5451189179000004,8.1520244969,9544.14,1.6701855413313875
2025-03-30,W06,0.5450275416,2.2789781112000003,3071.32,9.54296817887346
2025-03-30,W07,24.8750881893,43.28716745749999,70124.05,47.91936896781564
2025-03-30,W08,0.2135793097,0.9141298779000001,1190.5500000000002,0.10381968511783413
2025-03-31,W01,19.7109681337,46.6828971345,68271.75,76.21859910715322
2025-03-31,W02,17.8311072629,46.268433879199996,57682.09,53.725307667207005
2025-03-31,W03,19.4897712924,43.5541118054,57384.94,184.78971548686832
2025-03-31,W04,2.5685588906,10.810079465000001,14329.41,0.5715702323434799
2025-03-31,W05,6.778283749,22.0494083451,25950.26,0.9485613480650397
2025-03-31,W06,1.6995478113,7.046511029100001,9569.68,5.646544595649675
2025-03-31,W07,27.128491874,47.3468891724,77492.98,58.18318507699568
2025-03-31,W08,0.7595222807,3.2576009349,4204.87,0.07442461812814888
2025-04-01,W01,18.399840417799997,45.9970839055,65126.19,62.21080319509341
2025-04-01,W02,16.1631209215,43.4460929738,53495.6,49.68559310407368
2025-04-01,W03,16.6176762336,39.130533586599995,51279.04,156.30897664067422
2025-04-01,W04,2.2808177164,9.4698640787,13184.73,0.5009786924048107
2025-04-01,W05,6.294528225300001,20.7312952998,24663.57,0.8051542206930039
2025-04-01,W06,1.6508960352,6.8417111664000005,9616.08,6.035300267602544
2025-04-01,W07,21.7642919685,38.4686453894,63717.83,36.4462715557446
2025-04-01,W08,0.6908609691,2.9360635137,3861.77,0.06371304813470413
2025-04-02,W01,16.0704406481,40.304587794999996,58575.53,60.01180279960266
2025-04-02,W02,15.7509797,42.6445963108,52579.579999999994,46.60563345691688
2025-04-02,W03,16.4604621624,38.6203062122,50340.369999999995,165.06515340199155
2025-04-02,W04,2.24746219,9.378961811500002,13106.5,0.5435240564529663
2025-04-02,W05,6.124820228300001,20.159395875,24394.9,0.8643385094923384
2025-04-02,W06,1.6703553081,6.976017386700001,9305.24,5.893277828700861
2025-04-02,W07,23.0890920657,40.560186280399996,66564.75,39.77654670473927
2025-04-02,W08,0.6513920262,2.7803710434000006,3703.63,0.05429486257121912
2025-04-03,W01,17.5544476958,42.8485084572,61438.21,60.23266114862547
2025-04-03,W02,15.854314022599999,43.0860010971,53068.85,45.76021826908923
2025-04-03,W03,17.029711174200003,39.47638619839999,50671.86,168.39092645453468
2025-04-03,W04,2.3010704685,9.567156186600002,13625.289999999999,0.5451703951215259
2025-04-03,W05,6.3212377653,20.9608011206,25169.059999999998,0.8600850072861604
2025-04-03,W06,1.5445096413999997,6.4045636698,8790.29,5.316161240624924
2025-04-03,W07,22.8417931719,40.3625410638,66320.6,44.39748013912969
2025-04-03,W08,0.6935018658000001,2.9515317606000004,3928.91,0.06788948989335261
2025-04-04,W01,14.897461382600001,36.840309858699996,53236.35,69.79041217370936
2025-04-04,W02,14.941162207500001,39.723152017500006,49667.0,50.36256272078255
2025-04-04,W03,15.7402319858,36.403009622,48435.490000000005,166.09577259565665
2025-04-04,W04,0.5577462942,2.3368023362000003,3231.56,2.054094753046636
2025-04-04,W05,1.7023503679999998,5.6970526292,6772.99,4.0618901988294045
2025-04-04,W06,0.3212387931,1.3336117617,1879.17,19.675310412200645
2025-04-04,W07,18.984576708300004,33.9046389799,55042.15,39.189191320799125
2025-04-04,W08,0.1271869307,0.5402925249000001,716.9,0.21613778959407126
2025-04-05,W01,16.2812525067,39.549463866699995,56179.78,62.0734778554272
2025-04-05,W02,14.348049836,38.4325123564,47191.48,46.591989751616325
2025-04-05,W03,14.945495289900002,35.465057706699994,46126.7,158.69580991006296
2025-04-05,W04,0.5766098757999999,2.4210868178,3254.37,2.3519929017205228
2025-04-05,W05,1.5888227715,5.2193003608,6219.9,3.6616834825595466
2025-04-05,W06,0.29836243269999996,1.2374158388999998,1706.42,17.204614963672007
2025-04-05,W07,19.5828007326,34.9028846412,58092.009999999995,40.98226322964364
2025-04-05,W08,0.1082415376,0.4526722032,619.76,0.16189354364437772
2025-04-06,W01,15.8863891909,38.8339482387,54722.16,67.74984088986123
2025-04-06,W02,15.3527936446,41.026443093000005,50438.95,56.63210454044125
2025-04-06,W03,15.311790832900002,36.3747076787,47318.43,169.84981345217363
2025-04-06,W04,0.5495473125999999,2.2934131337,3229.67,2.048791382768519
2025-04-06,W05,1.7066780834000002,5.6445929366,6625.139999999999,4.204603723020298
2025-04-06,W06,0.32319878269999996,1.3370472489,1770.92,19.553438362877365
2025-04-06,W07,21.0007005585,37.062563128,61387.93,45.39818404350298
2025-04-06,W08,0.1208707599,0.5150556093,683.02,0.17427962122140597
2025-04-07,W01,17.594052137500004,43.499811541,63024.509999999995,63.43536468736706
2025-04-07,W02,16.2007682612,43.760968230500005,55242.86,44.18387327247885
2025-04-07,W03,17.175840001,39.9443959662,52385.92,167.51850660775764
2025-04-07,W04,2.5253134751999995,10.584071336700001,14513.15,0.539774514519735
2025-04-07,W05,5.9830350516,19.5514006687,23504.239999999998,0.7893009063912815
2025-04-07,W06,1.5635495607999996,6.468885525599999,8915.22,5.923052238642002
2025-04-07,W07,20.7004866379,36.665077911699996,60182.1,38.69394489121088
2025-04-07,W08,0.7067872084,3.0108395388,4027.67,0.06649234923377187
2025-04-08,W01,17.9987761393,45.237770115900005,64367.4,64.35121038305874
2025-04-08,W02,15.2827725911,41.559893889600005,51557.93,48.80336130001597
2025-04-08,W03,16.5582352516,38.2034300352,50041.22,162.63060699896872
2025-04-08,W04,2.3753506963,9.942133590800001,13313.2,0.5635230903124161
2025-04-08,W05,5.9034189016,19.48683918,23439.95,0.7261946889818016
2025-04-08,W06,1.5238062217,6.2879983419,8935.119999999999,6.0056920300165135
2025-04-08,W07,23.4094773924,41.040460136200004,67969.9,43.90251098037377
2025-04-08,W08,0.6911173754000001,2.9038683678000003,4014.7200000000003,0.06630932001026996
2025-04-09,W01,17.3811848309,41.9770758384,59535.72,66.87900585209128
2025-04-09,W02,16.1542823835,43.2515957911,53361.270000000004,45.64130186896084
2025-04-09,W03,15.7668758862,36.8709298248,47252.87,166.65830799526458
2025-04-09,W04,2.168849696,9.0413135951,12780.04,0.4940785504931333
2025-04-09,W05,5.9221216829,19.978122994,24604.17,0.7634449251808407
2025-04-09,W06,1.5536663371,6.4093730097,8929.96,5.054989985781821
2025-04-09,W07,22.0533643449,38.8099593328,64604.740000000005,40.32548830263822
2025-04-09,W08,0.6707090843,2.8716698001000003,3839.49,0.06754151746121449
2025-04-10,W01,17.2063271367,43.1700886405,60699.49,61.43844181098202
2025-04-10,W02,16.460623569200003,45.0115889256,55062.09,48.17400390762415
2025-04-10,W03,16.7951606093,40.1334121875,53083.88,184.62915792869944
2025-04-10,W04,2.3984995954,10.0743700847,14109.83,0.5149774170823954
2025-04-10,W05,5.8369508173,19.1918975373,23148.78,0.7813322030179729
2025-04-10,W06,1.5583283814000002,6.417908689800001,8835.23,4.95026439705588
2025-04-10,W07,21.5572857225,38.020411537399994,62592.4,37.50900124494757
2025-04-10,W08,0.6748034557,2.8798056999,3885.58,0.060769830914304795
2025-04-11,W01,17.3809990151,42.2803261249,60802.240000000005,60.96927512856131
2025-04-11,W02,15.8615729028,44.0387620565,54123.79,46.912601861529865
2025-04-11,W03,17.346084174900003,40.6460115487,52980.71,183.40118603193068
2025-04-11,W04,2.2877658397999996,9.4762857785,12921.81,0.5319193185062696
2025-04-11,W05,6.152785691800001,19.9742829516,23766.62,0.9369178898771733
2025-04-11,W06,1.6709388522,6.9804822654,9431.960000000001,5.514813483568819
2025-04-11,W07,20.392909010500002,36.3431670286,59335.1,39.60226473706799
2025-04-11,W08,0.7130553137,3.0449759859,3990.09,0.0673020170444946
2025-04-12,W01,16.522818230600002,40.8079259227,57885.14,60.22115556276402
2025-04-12,W02,15.888934345800003,43.44605920040001,53895.11,51.955183917990986
2025-04-12,W03,15.424173639800001,36.862516520999996,48203.63,157.40880148385517
2025-04-12,W04,1.6676841566,6.9724757665,9736.630000000001,0.6238804244387474
2025-04-12,W05,4.4333176849,14.605167269199999,17411.38,1.0316684592706327
2025-04-12,W06,0.9662828957,3.9524259399000004,5465.610000000001,4.742678955247323
2025-04-12,W07,22.106970471500002,39.0386758291,62711.29,41.21666505984786
2025-04-12,W08,0.44420191689999994,1.8759796083,2470.2400000000002,0.07193824753225506
2025-04-13,W01,17.1908617312,41.6030448124,59904.76,75.56323095167976
2025-04-13,W02,15.1665986675,40.4889641667,50250.14,44.988323749788655
2025-04-13,W03,15.30427849,35.9466824168,46703.75,152.06349598585112
2025-04-13,W04,0.8866548441,3.7211167238000002,5111.22,1.0564923241631754
2025-04-13,W05,2.2851073267,7.596915129100001,9029.21,1.4075052704746982
2025-04-13,W06,0.49079116720000004,2.0358386904000003,2761.9300000000003,8.785935933835772
2025-04-13,W07,20.761325344,36.6022641965,60682.27,41.37362289832026
2025-04-13,W08,0.2231775388,0.9563771315999999,1287.4499999999998,0.12014624583254599
2025-04-14,W01,17.321559954700003,43.6715179683,60559.75,59.40300539345804
2025-04-14,W02,15.4989415129,43.4313096955,53619.61,45.1000314642216
2025-04-14,W03,16.993804728700002,39.610362669299995,52064.619999999995,173.4044012683544
2025-04-14,W04,2.368792084,9.9398942095,13472.03,0.5475284591857866
2025-04-14,W05,5.7265565137,18.7559879631,22405.49,0.7851226334918096
2025-04-14,W06,1.5096798681,6.2001812667000005,8394.61,6.111049858525508
2025-04-14,W07,24.7396062414,43.367828116999995,71492.98999999999,43.923270189934776
2025-04-14,W08,0.6353307491,2.7123918537,3512.89,0.05570132394052056
2025-04-15,W01,16.3083053846,40.33243021609999,55861.399999999994,61.74955844894436
2025-04-15,W02,16.715682736999998,45.8246765915,57847.909999999996,50.004884324864406
2025-04-15,W03,15.5804734287,36.3859298389,47124.479999999996,159.17283139941154
2025-04-15,W04,2.4593906238,10.261712304300001,14188.08,0.5382683520683271
2025-04-15,W05,6.379943850099999,21.0338807862,25231.65,0.9513307788485396
2025-04-15,W06,1.6232164544999999,6.7363864515,9360.99,5.910320944432913
2025-04-15,W07,22.4596173869,39.655663189500004,64643.96,39.23241740596986
2025-04-15,W08,0.6735500287,2.8844650509000003,3826.93,0.06649515403319674
2025-04-16,W01,15.6704883573,39.3513541449,56048.189999999995,55.877025727947625
2025-04-16,W02,16.1243342256,43.517348541500006,54066.74,42.99535824438371
2025-04-16,W03,16.859661144900002,39.235420887699995,50574.61,159.89663551085442
2025-04-16,W04,2.3725973346999996,9.8866431611,13551.35,0.5667308898778967
2025-04-16,W05,6.052893040900001,20.189778130900002,24923.74,0.7499855081480123
2025-04-16,W06,1.63972045,6.800314230000001,9264.02,6.1545292296143375
2025-04-16,W07,22.510653727300003,39.754288011700005,65478.19,39.74394717315923
2025-04-16,W08,0.7622914003000001,3.2736400521000006,4232.19,0.07214045699124436
2025-04-17,W01,16.6558954224,40.9197144459,58702.76,62.88494588674145
2025-04-17,W02,15.731779335800002,43.463407105499996,53478.76,45.24435612685394
2025-04-17,W03,17.0646808647,40.3035126077,53106.65,160.95566788372113
2025-04-17,W04,2.4494142407,10.1495371911,14068.94,0.5002625966529126
2025-04-17,W05,5.7757698916999995,18.8112705622,22729.74,0.9150750668232622
2025-04-17,W06,1.4534627656999999,5.9486470299,8091.79,5.7760066671170485
2025-04-17,W07,23.4414202526,41.274743646999994,67388.07,45.667536036204524
2025-04-17,W08,0.7320334409,3.1196670362999996,4071.85,0.06056966818687934
2025-04-18,W01,16.643724382000002,41.4655612283,59416.92,57.35536649597155
2025-04-18,W02,16.4500417461,44.9637942675,56171.97,48.46215320512254
2025-04-18,W03,17.3205007496,39.807459048800006,52567.47,182.49779522906394
2025-04-18,W04,2.573712939,10.809828220200002,14583.58,0.5295448490567125
2025-04-18,W05,6.1811751826,20.550437891,24435.06,0.8819276561021928
2025-04-18,W06,1.6536024972,6.8437528404000005,9336.0,6.055798877173966
2025-04-18,W07,23.700960452300002,41.5479421552,69650.68,41.38394970622079
2025-04-18,W08,0.6643461929000001,2.8220160603,3842.21,0.06171623994103598
2025-04-19,W01,16.312580875800002,40.42663446659999,57556.770000000004,59.72504055168273
2025-04-19,W02,15.164407245300001,42.301997496700004,52167.43000000001,44.505249697857266
2025-04-19,W03,16.9820374133,39.4589882317,51468.07,172.0065777360249
2025-04-19,W04,1.6964754351000002,7.1425826492,9939.839999999998,0.6157246838217948
2025-04-19,W05,4.3031165831,14.095062785800001,16863.92,0.943478463072907
2025-04-19,W06,1.0348658413999998,4.2114179898,5959.620000000001,6.0629802174753635
2025-04-19,W07,23.0485629305,40.531247007599994,66900.21,40.18397375500369
2025-04-19,W08,0.4650227832,1.9835079624,2613.3999999999996,0.07224274348650944
2025-04-20,W01,15.8619696207,38.939334894,54812.67,59.23264643210563
2025-04-20,W02,16.0393066386,43.306792596899996,54201.43,48.76147384764116
2025-04-20,W03,16.5075201632,38.096192447199996,50546.1,173.60986247107817
2025-04-20,W04,0.7620418723,3.1243964950000005,4410.79,0.8374509835662023
2025-04-20,W05,2.3017360519,7.6253705389999995,9293.67,1.6020502273891521
2025-04-20,W06,0.48305906499999995,1.983760035,2788.54,8.907434216591986
2025-04-20,W07,20.544260614800002,36.368588659299995,61457.899999999994,38.683127024935466
2025-04-20,W08,0.2074470742,0.8862450594000001,1173.71,0.10061147331321238
2025-04-21,W01,16.1397840384,40.764130281199996,57554.229999999996,59.91011150111359
2025-04-21,W02,16.9406198312,46.300991657199994,57006.6,51.55627868344568
2025-04-21,W03,17.5668933142,40.5339178896,52957.869999999995,177.1159706219816
2025-04-21,W04,2.4295856162999994,10.142344208,13856.340000000002,0.5583807634895509
2025-04-21,W05,6.3955720454,21.3762927866,25626.44,0.9143606032038504
2025-04-21,W06,1.5571438683999999,6.4738151988,8723.7,5.744116673368131
2025-04-21,W07,20.9020637466,37.0837951396,62142.659999999996,40.26410596813093
2025-04-21,W08,0.7414452885999999,3.1706022402,4298.77,0.07305818290349814
2025-04-22,W01,16.7560567462,41.4259545266,59969.87,57.20293983811445
2025-04-22,W02,15.461544822599999,42.8296642781,51812.41,46.56657005701275
2025-04-22,W03,16.1755183603,38.4646846457,49339.28,151.66633874939055
2025-04-22,W04,2.3002198916999994,9.6001168906,13139.94,0.525554204865664
2025-04-22,W05,6.259663299,20.4570968528,24263.91,0.8555503601842075
2025-04-22,W06,1.6112026946,6.7129294422,9429.13,5.6495169748205605
2025-04-22,W07,21.794921185499998,38.753424953599996,64001.85,37.726600483463066
2025-04-22,W08,0.7359398987,3.1332869409,4228.74,0.07821731359403578
2025-04-23,W01,16.472856051,41.1651840625,57980.55,64.78158607142437
2025-04-23,W02,15.884158524299998,42.890409936299996,54069.0,46.33003116337269
2025-04-23,W03,17.1770047911,40.8257669247,54419.770000000004,168.63015443541263
2025-04-23,W04,2.4772467198000006,10.287845568400002,14220.45,0.5575357438444799
2025-04-23,W05,6.0431936337,19.6550459458,23434.29,0.8090322800230318
2025-04-23,W06,1.4535574588,6.000794691600001,8293.24,6.136053572996521
2025-04-23,W07,22.7136362931,40.039478162799995,65816.44,40.668489908094266
2025-04-23,W08,0.6848145174,2.8892572818000004,3912.59,0.06790646730935153
2025-04-24,W01,17.329204953499996,43.1529680858,61862.11,61.816059191681376
2025-04-24,W02,17.036667093300004,45.8150924619,57089.63,46.80763106310376
2025-04-24,W03,17.5478982733,40.1465985953,52304.95,169.43522814506554
2025-04-24,W04,2.3402145775,9.748405319099998,13568.76,0.5370571182459212
2025-04-24,W05,6.4290743831,21.171872768900002,25565.33,0.9428320127287448
2025-04-24,W06,1.5885709383000002,6.6356840181,9021.35,5.86814329044627
2025-04-24,W07,21.638056014,38.4161210255,64404.16,37.09033441551763
2025-04-24,W08,0.6804020452,2.8984858764,3853.18,0.06414373557324142
2025-04-25,W01,17.1741852604,43.21501572700001,62108.159999999996,53.96783854570594
2025-04-25,W02,15.0556057191,42.0784300716,51626.35,44.33230583231255
2025-04-25,W03,16.628892110300004,38.4200487899,51213.53,160.21362060948823
2025-04-25,W04,2.4225187884999997,10.2392618071,13826.460000000001,0.5354199457798957
2025-04-25,W05,6.0575279284,19.9406062618,23917.0,0.8238983314010518
2025-04-25,W06,1.6229326624999998,6.741359467500001,9169.960000000001,5.878550775689391
2025-04-25,W07,22.8763963126,40.13845267989999,66277.53,42.405159698001015
2025-04-25,W08,0.7169440076,3.0358460532,4063.4100000000003,0.06977059520717402
2025-04-26,W01,17.640393119300004,42.9243899473,61250.28,63.61873291655097
2025-04-26,W02,16.4754050283,44.0745864057,55565.82000000001,49.266345792802355
2025-04-26,W03,16.2058008902,37.8759053734,50035.39,146.38196434074916
2025-04-26,W04,1.6441872485,6.8591616122,9349.8,0.5590918065993883
2025-04-26,W05,4.202946944900001,13.772376094300002,16688.52,0.9304774153034585
2025-04-26,W06,1.0339751614,4.2376517898,5822.46,6.174460536247461
2025-04-26,W07,20.613716857100002,36.5821987852,61454.700000000004,38.56144935181305
2025-04-26,W08,0.47165697619999997,1.9926156534000001,2640.62,0.07864741719632483
2025-04-27,W01,16.1239230321,39.327046744099995,56997.53,63.608982906680865
2025-04-27,W02,16.0156534607,43.827532117800004,54704.04,52.047373561403
2025-04-27,W03,16.284953713700002,38.1658304523,50398.979999999996,164.71410075757578
2025-04-27,W04,0.8127086527,3.3912798157000004,4609.32,1.0055487744734133
2025-04-27,W05,2.3064528264,7.6091785745,9091.32,1.7120014209939534
2025-04-27,W06,0.48745453749999995,2.0173079325,2827.14,8.731988705574663
2025-04-27,W07,22.062960034000003,38.802139318399995,64258.33,42.0625019712961
2025-04-27,W08,0.20356936439999998,0.8523909108000001,1190.8899999999999,0.09536303105199004
2025-04-28,W01,17.564301344000004,42.6900023917,60641.42,66.19470400198989
2025-04-28,W02,16.6198475073,44.9529475697,56351.51,45.15207725178355
2025-04-28,W03,17.3315410698,39.9868453072,53061.25,173.214946029303
2025-04-28,W04,2.4670221734,10.299839268700001,14203.2,0.6402244095883838
2025-04-28,W05,6.019108307500001,20.242732319,24013.53,0.8367927942162101
2025-04-28,W06,1.5821269145,6.5346143115,9064.5,5.635539214079882
2025-04-28,W07,20.921572439299997,37.0326619577,61668.48,39.574197820745376
2025-04-28,W08,0.6999141657,2.9910712299,3940.72,0.06507163645298983
2025-04-29,W01,17.5844247266,43.4381227458,61588.61,64.97396790768482
2025-04-29,W02,15.922014211099999,43.4765145269,53711.5,47.233998870027996
2025-04-29,W03,17.4985660547,40.8252503333,53090.4,184.27496134858202
2025-04-29,W04,2.4680846597,10.353276672100002,14522.23,0.5292746975914323
2025-04-29,W05,6.170730034,20.2560305727,23922.62,0.868610176147943
2025-04-29,W06,1.6403613378,6.747266064600001,9506.169999999998,6.071274900808337
2025-04-29,W07,22.5029724149,39.9206320403,65935.55,41.85306940535573
2025-04-29,W08,0.6697925412999999,2.8571442591,3748.71,0.06402509770675183
2025-04-30,W01,16.423294191500002,42.05541972209999,59774.92,57.85681791968605
2025-04-30,W02,16.9063904193,46.2430876694,57256.6,47.01809489976972
2025-04-30,W03,17.042906581400004,40.20579899900001,53107.06,153.44431462784397
2025-04-30,W04,2.5054164646,10.5339866384,14642.699999999999,0.5412702255803483
2025-04-30,W05,6.131849969000001,20.062059862,23707.86,0.8035693885777655
2025-04-30,W06,1.5682859644999998,6.5524647015,8626.69,5.7085458402189815
2025-04-30,W07,22.885150329200002,40.2472551965,65656.09,44.38908974198829
2025-04-30,W08,0.7467262822,3.1826834754,4207.3,0.07156972288434905
2025-05-01,W01,15.1493957069,39.1878010358,54777.3,58.8348895370694
2025-05-01,W02,13.4941932756,37.7580172034,46661.4,40.671989280881064
2025-05-01,W03,14.355484127799999,34.7961706194,46076.61,162.26936742288083
2025-05-01,W04,0.5686627503,2.3794167994,3306.2599999999998,2.0692340032312293
2025-05-01,W05,1.5616670241,5.289208374199999,6327.139999999999,3.7656209513957712
2025-05-01,W06,0.3154553521,1.2994564947,1791.79,18.153614093341773
2025-05-01,W07,20.127518674500003,35.668454566,58136.8,37.526696412989985
2025-05-01,W08,0.1202054758,0.5088798306000001,683.12,0.18161657953899893
2025-05-02,W01,14.468038476000002,37.2243919189,53355.17,57.575983047205185
2025-05-02,W02,13.3460441641,37.0020536276,46342.29,38.41903893448404
2025-05-02,W03,14.3511829621,35.117251476700005,45995.84999999999,157.8735901136376
2025-05-02,W04,0.5783200615,2.3902481032000003,3322.35,2.3083956807395554
2025-05-02,W05,1.661687378,5.6615231554,6760.61,3.681846715959222
2025-05-02,W06,0.3083028661,1.2676679727,1743.55,19.104155787582105
2025-05-02,W07,18.3840778943,32.8180425268,53541.43,37.82366292621907
2025-05-02,W08,0.12462491309999998,0.5338230417,711.9100000000001,0.20023572497031608
2025-05-03,W01,14.431354459100003,37.2792815484,51921.05,56.46246541010674
2025-05-03,W02,14.047324997399999,38.882657850799994,48326.93,49.991192036185566
2025-05-03,W03,14.286838126200001,34.484821108999995,44543.369999999995,162.79627304549962
2025-05-03,W04,0.5163612416,2.148779644,2919.41,1.7337507146718418
2025-05-03,W05,1.5712052365,5.2296324634,6303.58,3.5138213943866714
2025-05-03,W06,0.3447863544,1.4422522008,1956.37,20.445111148007587
2025-05-03,W07,16.7864877272,30.2129649051,49277.81,32.84332807782309
2025-05-03,W08,0.12308851720000001,0.5253991404000001,710.52,0.1897797935817301
2025-05-04,W01,14.6860763883,37.281957239200004,53166.41,54.823135602375686
2025-05-04,W02,13.8249548226,38.9626806489,48424.59,45.9780462761818
2025-05-04,W03,14.318793212100001,35.268734421699996,45647.6,155.09621988366803
2025-05-04,W04,0.5759421395000001,2.4109229354000004,3296.63,1.9845771133906944
2025-05-04,W05,1.5508724047,5.2787564075999995,6257.360000000001,3.4817265142603135
2025-05-04,W06,0.3335665826,1.3924410582,1918.48,19.117754619440625
2025-05-04,W07,17.601155106300002,31.4303519134,51592.7,35.64624859257189
2025-05-04,W08,0.12648686979999998,0.5423336286,706.69,0.1850984925711459
2025-05-05,W01,14.351862783500001,38.1223684879,54542.75,56.02979064170184
2025-05-05,W02,13.9711832641,39.446748484000004,48192.0,47.773058769563235
2025-05-05,W03,14.531706493500002,34.9069916999,45104.43000000001,160.85928948504508
2025-05-05,W04,0.5757779736000002,2.427073297,3351.1200000000003,2.0931291755125785
2025-05-05,W05,1.6557654912,5.6642075046,6768.27,4.284176036265409
2025-05-05,W06,0.3344461487,1.3811542509,1915.13,19.846080506764775
2025-05-05,W07,19.6821628146,34.8891632949,57968.94,42.26841967112426
2025-05-05,W08,0.11896684310000001,0.5051369517000001,670.52,0.18584010344337404
2025-05-06,W01,15.816158063399998,40.74149349489999,57966.03999999999,54.74821839322369
2025-05-06,W02,15.001310107199998,41.274271783699994,50721.94,42.25590223176183
2025-05-06,W03,15.912949151800001,38.0215403964,48314.4,157.6476040400238
2025-05-06,W04,2.5771290702999994,10.850110773599999,14566.21,0.5619506036577945
2025-05-06,W05,5.643331096800001,18.6844795161,22209.32,0.8010618730121013
2025-05-06,W06,1.5201479437999998,6.2678376666,8410.0,5.224289011846297
2025-05-06,W07,20.923677385100003,36.955510761199996,60598.77,36.61922764003256
2025-05-06,W08,0.7008932014999999,3.0101774205000003,3992.21,0.06142405651068012
2025-05-07,W01,16.5223937023,43.345976018,59847.0,60.114221219938145
2025-05-07,W02,14.7856107099,41.3144921677,51409.17,41.56542301620099
2025-05-07,W03,16.3070126328,39.323803472600005,50645.96,167.39734776779756
2025-05-07,W04,2.4446761073000003,10.2244295608,13763.12,0.5201642164927308
2025-05-07,W05,6.014442718900001,20.2168364902,24098.100000000002,0.9062015875742301
2025-05-07,W06,1.6004316775999998,6.644191183199999,9033.48,6.342387334498432
2025-05-07,W07,21.4860279524,38.1352915126,62866.39,35.49925064791087
2025-05-07,W08,0.7100772770999999,3.0155177097,4077.54,0.06945573242342531
2025-05-08,W01,14.9498703405,37.7738932048,53382.04,54.31694609132593
2025-05-08,W02,15.0903711788,42.9106117573,53145.659999999996,46.93140588229806
2025-05-08,W03,15.107458007000002,36.940296465799996,48887.78,147.93394247133358
2025-05-08,W04,2.5231090265,10.543349228600002,14475.68,0.6201660602918907
2025-05-08,W05,6.059768995500001,20.283245697599998,23909.66,0.7479573869593967
2025-05-08,W06,1.675930838,6.977631906000001,9284.28,6.137097421287379
2025-05-08,W07,19.558215287,34.910586539600004,57404.95,31.954996343465865
2025-05-08,W08,0.6487282131000001,2.7503510217000002,3640.08,0.061076190915097535
2025-05-09,W01,15.8914069272,42.2369666979,59572.61,58.4750258577295
2025-05-09,W02,15.2122730333,43.231967990099996,53482.25,45.923011306361246
2025-05-09,W03,15.347553494100001,36.119570153299996,46532.96,152.09451672909978
2025-05-09,W04,2.6240515185000004,11.083693697300001,14966.77,0.5775362440896687
2025-05-09,W05,5.8880771117,19.5415472448,23665.8,0.8028982928407719
2025-05-09,W06,1.5156299829999997,6.294669141,8617.37,5.668279739554505
2025-05-09,W07,20.056433871099998,35.81227873889999,58641.89,37.01145579260303
2025-05-09,W08,0.6486701564999999,2.7381158055000006,3699.7999999999997,0.06500521022642035
2025-05-10,W01,15.752634043200002,40.132636572399996,56546.68,55.93975157386364
2025-05-10,W02,14.9999473908,41.828816853400006,51300.51,45.31227027595269
2025-05-10,W03,15.6918308618,37.4034906104,48091.53,176.63819692241884
2025-05-10,W04,1.6870592841,7.049640728800001,9592.130000000001,0.5841992247079539
2025-05-10,W05,4.248919496099999,14.312338800400001,17648.75,0.9383701723153247
2025-05-10,W06,1.0652767770999998,4.4032857297,5983.85,6.129501867717713
2025-05-10,W07,19.8343645481,35.6647173674,59140.16,37.308658007934106
2025-05-10,W08,0.47898489099999997,2.0439494970000003,2674.02,0.07333826419848317
2025-05-11,W01,14.8527440843,38.0934237332,54023.02,55.902322940182394
2025-05-11,W02,14.9214304327,41.46636995,50099.009999999995,46.88072146880939
2025-05-11,W03,15.4118812964,37.293178155999996,49254.56,172.02872335219726
2025-05-11,W04,0.8758453983000001,3.6396570647,4969.67,1.0140632307088466
2025-05-11,W05,2.1916539811000004,7.4218400704,8956.970000000001,1.4878431632928075
2025-05-11,W06,0.5071917874,2.1140484918,2866.81,9.08278482477033
2025-05-11,W07,21.0252450447,37.192480497,61147.03,36.9828096488389
2025-05-11,W08,0.21583740750000002,0.9236436225000001,1208.74,0.10106455608836512
2025-05-12,W01,15.2030781519,38.626378526299995,55088.490000000005,58.57723945880966
2025-05-12,W02,15.433826038500001,42.2129498154,52745.490000000005,46.013022477588
2025-05-12,W03,15.885669883400002,37.1903361404,48581.01,159.99103527409335
2025-05-12,W04,2.4541012954,10.269501013700001,14080.45,0.5821946635782048
2025-05-12,W05,6.1789357335999995,20.611006419000002,24783.96,0.8295152814306528
2025-05-12,W06,1.6087426212999998,6.6779261391,9110.23,6.076711860738312
2025-05-12,W07,20.0128250199,35.5784744577,58414.82,36.199899826532715
2025-05-12,W08,0.6869341083999999,2.9210743188,3888.52,0.07042580103448713
2025-05-13,W01,16.410581473700002,44.1964080248,61116.270000000004,58.28138674846845
2025-05-13,W02,16.4660579187,46.508798485599996,56838.28,52.32818586737175
2025-05-13,W03,15.613381565700001,38.1248717647,49856.17,155.9155339095267
2025-05-13,W04,2.5807837336999997,10.8922328296,14879.939999999999,0.6138387482681564
2025-05-13,W05,5.872403998699999,19.8164585782,24083.77,0.8099809489228491
2025-05-13,W06,1.5170588638,6.2678376666,8461.98,5.262540504032608
2025-05-13,W07,18.8504220949,34.0419007748,55641.310000000005,31.12150835209938
2025-05-13,W08,0.7123892988,3.0395689716,3977.7200000000003,0.07308389630014911
2025-05-14,W01,16.272965691,41.9291929744,59488.14,58.95062269420818
2025-05-14,W02,15.014969521800001,42.3415218447,52535.630000000005,44.15661004120116
2025-05-14,W03,14.912213125800001,35.8804249854,47214.39,130.74924706098972
2025-05-14,W04,2.4455278033999996,10.1941451672,14249.699999999999,0.5123889232642669
2025-05-14,W05,6.0345061741,20.395978960100003,24669.989999999998,0.7498288267356044
2025-05-14,W06,1.6091723922999999,6.6334370361,9093.73,5.886297232749035
2025-05-14,W07,16.944679105400002,30.8976222613,50943.36,29.10856714320072
2025-05-14,W08,0.7786395618,3.3479130726000004,4523.02,0.07137382048517066
2025-05-15,W01,15.251542813099999,39.0618120345,54862.28,52.920730381754076
2025-05-15,W02,16.1366124276,45.19821970340001,56572.020000000004,44.61621016489897
2025-05-15,W03,15.085944939700001,36.32321905669999,46675.43,143.84965567591277
2025-05-15,W04,2.5635834487,10.795044651600001,14527.07,0.5736682532454223
2025-05-15,W05,6.2693862064,21.149448599400003,25343.21,0.8545548630090773
2025-05-15,W06,1.720153527,7.136066949,9728.41,6.793279704123784
2025-05-15,W07,19.746634795000002,35.1028990969,58977.659999999996,33.582769349947874
2025-05-15,W08,0.7004374235,2.9725262145,3938.66,0.0612042564132587
2025-05-16,W01,15.280596350900002,39.2639961812,54953.299999999996,53.259754383476185
2025-05-16,W02,15.659611461399999,43.813497073600004,54324.65,49.69191347617204
2025-05-16,W03,15.576120094,36.9402181808,49079.61,152.9995589018221
2025-05-16,W04,2.4587535957,10.286982422200001,14040.279999999999,0.5053279721616333
2025-05-16,W05,6.0919284111,20.3852255918,24732.059999999998,0.8510865257393132
2025-05-16,W06,1.4881184030999999,6.0395562717,8349.34,5.553737476534713
2025-05-16,W07,20.4066361068,36.61482151880001,59669.659999999996,35.58839725849179
2025-05-16,W08,0.7349294814999999,3.1370121405000004,4092.25,0.07155415260800967
2025-05-17,W01,16.2421352884,41.1749168675,58272.32,60.583958881432935
2025-05-17,W02,14.1392975663,39.022593169699995,48113.2,42.74558031761483
2025-05-17,W03,14.646164736400001,36.117929382,47241.46,158.46197254481916
2025-05-17,W04,1.6955869501999998,7.0536482074,9838.73,0.6685628155401439
2025-05-17,W05,3.8419372942,12.800206080899999,15796.59,0.9194136558369362
2025-05-17,W06,1.0968320472,4.5900983304,6148.66,6.165892095543801
2025-05-17,W07,18.489117656900003,33.1176059036,55485.689999999995,33.84227476497808
2025-05-17,W08,0.5224157712999999,2.2484630691,2914.4,0.07661207848864066
2025-05-18,W01,15.4300691108,39.598872955,55456.21,58.27351460154766
2025-05-18,W02,15.1189989459,41.380396828,51181.45,45.71015348351363
2025-05-18,W03,14.8430273746,35.918504082,46313.74,146.38527150310168
2025-05-18,W04,0.7999576512,3.3392713659,4611.92,0.877700884769328
2025-05-18,W05,2.1826674429999997,7.258043437,8749.02,1.584983024373099
2025-05-18,W06,0.5227459271,2.1692495397000005,3000.88,9.037792653872753
2025-05-18,W07,17.7557185077,32.0505833605,52746.920000000006,34.54366178678153
2025-05-18,W08,0.2121737167,0.8972661069000001,1221.5,0.1008085240317002
2025-05-19,W01,15.2037716091,40.466984493800005,56415.89,56.0282563287011
2025-05-19,W02,15.845852966099999,45.1172273145,55063.48,46.539883417479494
2025-05-19,W03,14.873764753300001,36.4353696463,47073.78,146.4702874827668
2025-05-19,W04,2.5707203886,10.7501806261,15062.560000000001,0.5363058441164229
2025-05-19,W05,6.2675072569,20.9234286491,24935.98,0.9026629147185805
2025-05-19,W06,1.7144745111,7.177943507700001,9874.519999999999,6.073365041764968
2025-05-19,W07,19.724045996400005,35.0207375254,58346.229999999996,35.725754210137374
2025-05-19,W08,0.668690598,2.815354386,3884.25,0.05768850529802222
2025-05-20,W01,15.9657312153,40.950317989000006,57582.880000000005,57.498113670347244
2025-05-20,W02,15.2336128813,42.5719480666,52598.69,44.056432308003764
2025-05-20,W03,15.280639625500001,36.87416757370001,47774.619999999995,158.7813380040941
2025-05-20,W04,2.5500055980000003,10.6609256849,14734.34,0.554027466231557
2025-05-20,W05,6.2977777363,21.4172536249,25292.440000000002,0.889222357106963
2025-05-20,W06,1.6636811242999998,6.8724383601,9471.460000000001,5.990023562514851
2025-05-20,W07,19.898730726,35.5994485284,59573.060000000005,36.82597363906393
2025-05-20,W08,0.7260849354000001,3.1043858478,4113.06,0.07696808926490717
2025-05-21,W01,15.482958273499998,40.640082333500004,56386.97,57.23469605791872
2025-05-21,W02,16.2411131448,45.453469588599994,55340.399999999994,48.34283299588935
2025-05-21,W03,15.1285870406,36.527887033,47741.53,159.16116484240203
2025-05-21,W04,2.3348012222000003,9.7073148064,13410.58,0.5007485535391889
2025-05-21,W05,6.1692754969,20.9591426091,25281.87,0.8959855708904397
2025-05-21,W06,1.6586935255999997,6.904202359199999,9541.11,6.071530372778118
2025-05-21,W07,18.593291188800002,33.284684323300006,55135.1,34.61773847623268
2025-05-21,W08,0.7211376506,3.0582417342,4025.76,0.06686562274829416
2025-05-22,W01,15.8704167114,40.0552883813,57533.42,57.25403134783347
2025-05-22,W02,15.4851087064,42.6835096106,52763.950000000004,43.44806808658689
2025-05-22,W03,15.331975943000002,37.232480491800004,48747.66,153.4425134407526
2025-05-22,W04,2.3555767673,9.835085507699999,13741.029999999999,0.5137437552997522
2025-05-22,W05,6.0442282574,20.1815142095,24223.03,0.9736976653080951
2025-05-22,W06,1.4946523687999997,6.0947231016,8353.82,5.4131908631610965
2025-05-22,W07,20.0887780071,35.4116973001,59188.340000000004,34.6858195728671
2025-05-22,W08,0.6626457583,2.8020133581,3751.6800000000003,0.062124039649388105
2025-05-23,W01,15.705388188600002,41.089227118900006,57453.840000000004,57.354310463753194
2025-05-23,W02,14.5710842732,40.452537100200004,49956.130000000005,43.24277146604938
2025-05-23,W03,15.3745262573,37.3772584213,48714.28,153.71605652226077
2025-05-23,W04,2.6871648641,11.4461859276,15194.69,0.5892592682800606
2025-05-23,W05,6.1354327746,20.8092710206,25089.489999999998,0.7596354569847609
2025-05-23,W06,1.5233951837999997,6.2678376666,8855.28,5.43369150416784
2025-05-23,W07,19.9441773854,35.6387060806,59060.8,34.23346553322817
2025-05-23,W08,0.740296887,3.1635852689999995,4249.360000000001,0.07512309787729424
2025-05-24,W01,15.6891450472,39.97474589969999,56262.28,61.45520477253676
2025-05-24,W02,14.989997028400001,41.7103448356,51924.97,43.722373166882996
2025-05-24,W03,14.9663447521,36.263933263300004,47791.06,156.90459455994127
2025-05-24,W04,1.7481055807,7.3496824080000005,9809.890000000001,0.6345770536929392
2025-05-24,W05,3.9703536273999998,13.2245123002,15875.28,0.9183870921434935
2025-05-24,W06,1.1066715267,4.6019919369,6389.349999999999,6.662963079118326
2025-05-24,W07,19.980062255100002,35.591924768,57789.6,36.92667223910224
2025-05-24,W08,0.491469193,2.105986731,2737.77,0.07211381300119674
2025-05-25,W01,15.2242416562,37.882456367799996,55073.63,54.78434819103687
2025-05-25,W02,14.5238119175,40.7022055708,49724.81,46.77646562413444
2025-05-25,W03,14.828755887200002,35.9076035972,47550.229999999996,162.0593635898669
2025-05-25,W04,0.810870667,3.3804345861000002,4697.75,0.962295573921072
2025-05-25,W05,2.2620592754,7.668838620100001,9374.04,1.659898057192336
2025-05-25,W06,0.4586144509,1.8812605863,2587.8,8.362620136394304
2025-05-25,W07,19.5319972156,34.8033224903,56781.11,40.754915891539994
2025-05-25,W08,0.215398196,0.923224452,1246.1699999999998,0.10955133723428873
2025-05-26,W01,15.5210904133,38.4913262341,54806.28,59.922362803258444
2025-05-26,W02,15.3934083874,42.7240889546,52662.259999999995,47.07018107580015
2025-05-26,W03,16.2256880535,39.0999720979,50515.8,155.12723291043633
2025-05-26,W04,2.5524626618000004,10.748888689400001,14394.02,0.5747943122341889
2025-05-26,W05,5.7205643565,19.1916766128,23460.8,0.8039357989195156
2025-05-26,W06,1.5139214519,6.2907574533,8654.42,4.984563027702966
2025-05-26,W07,19.974730452800003,35.5080562559,58608.43,34.5546506305552
2025-05-26,W08,0.6526925001999999,2.7691133214,3896.9,0.06592561866454796
2025-05-27,W01,16.088938832300002,40.750605901200004,58094.48,59.00841294786452
2025-05-27,W02,15.2197535607,42.332677494,52526.28,46.64386605056129
2025-05-27,W03,15.3279155081,37.41432053490001,48922.8,160.24333021201414
2025-05-27,W04,2.5402071669,10.6417310359,14632.960000000001,0.5650026250238828
2025-05-27,W05,5.9600437905999994,20.1193249823,24078.65,0.8016054304602983
2025-05-27,W06,1.5451947942000002,6.421120619400001,8762.89,5.42428648627776
2025-05-27,W07,19.3697450827,34.8222624285,57049.14,32.350521060182444
2025-05-27,W08,0.6980453287,2.9799332709000006,3900.79,0.06353239848172888
2025-05-28,W01,15.747824119899999,39.8257548722,56721.03,57.617433675548895
2025-05-28,W02,15.444559681200001,43.6210263458,53323.68,43.386032027642
2025-05-28,W03,15.120142403200001,37.1394439394,48395.34,157.28358007343994
2025-05-28,W04,2.5171308746,10.484944895,14588.29,0.6465066248971987
2025-05-28,W05,5.7710451835,19.3659561152,23787.190000000002,0.884165590539395
2025-05-28,W06,1.6265385695,6.8023986765,9171.470000000001,5.491074285569604
2025-05-28,W07,20.639318897000006,36.6123174027,60899.89,39.19651871961411
2025-05-28,W08,0.6526718277999999,2.7855630546,3581.93,0.062117880766590756
2025-05-29,W01,16.2412337232,41.2662130479,57437.259999999995,66.14307535095115
2025-05-29,W02,14.573481107,40.66728679290001,50435.86,43.79458755773524
2025-05-29,W03,14.9749781912,36.46695269200001,47214.03,147.99310377024716
2025-05-29,W04,2.4362406701,10.186956706300002,13801.16,0.5382752259217992
2025-05-29,W05,6.031934741400001,20.6755730215,24589.620000000003,0.7815488648760989
2025-05-29,W06,1.6626240263,6.902082554100001,9414.9,5.536838547175341
2025-05-29,W07,21.8080861065,38.4049983766,62729.15,45.687075993639695
2025-05-29,W08,0.7343239893,3.1299301551,4115.5,0.07266576781299611
2025-05-30,W01,16.1416078928,42.3735611886,59429.979999999996,50.58241666107829
2025-05-30,W02,15.450842068599998,44.4779674894,54713.270000000004,47.12519083472617
2025-05-30,W03,15.978591470200001,38.3648977602,49172.33,174.00565699133162
2025-05-30,W04,2.4516217703999996,10.2965965773,14169.269999999999,0.5519174594912931
2025-05-30,W05,6.008009383799999,20.1775037615,24272.989999999998,0.8870954805597492
2025-05-30,W06,1.6699493498999998,6.9865348593,9693.36,6.133679143389198
2025-05-30,W07,19.647543885500003,35.194872615,58645.3,37.09309337583683
2025-05-30,W08,0.6810834295,2.8838673765000005,3844.44,0.07268481125821312
2025-05-31,W01,14.357143213599999,36.498257891499996,51062.469999999994,53.98761803154165
2025-05-31,W02,14.298512185300002,39.606773077700005,49995.0,46.195463279831486
2025-05-31,W03,14.045465008499999,33.8654384191,43453.68,146.04829997400435
2025-05-31,W04,0.5763412155,2.4240680642,3300.56,1.9642259550335868
2025-05-31,W05,1.6169188342000003,5.457886103800001,6612.3099999999995,3.6336561184222362
2025-05-31,W06,0.30789186259999995,1.2596752182,1757.3500000000001,17.864337835799244
2025-05-31,W07,17.3774682401,31.325361279899997,51222.3,36.15545415224121
2025-05-31,W08,0.1217756233,0.5199293931000001,690.74,0.19368539275268037
2025-06-01,W01,14.9790574183,40.34466537040001,56622.07000000001,56.76401063463733
2025-06-01,W02,14.108425514099999,41.4330918999,49083.96,55.79496133899123
2025-06-01,W03,14.095357506200001,34.7290135892,44960.43,154.35971643432077
2025-06-01,W04,0.631653644,2.6755252916000005,3661.2199999999993,2.4549878504745544
2025-06-01,W05,1.630072055,5.6702998943,6838.83,4.1667230427492
2025-06-01,W06,0.378433841,1.601339667,2166.9,22.798592746550995
2025-06-01,W07,17.612418334,32.086301074599994,52545.59,36.01301757054904
2025-06-01,W08,0.13627116469999997,0.5894866029000001,774.56,0.21105258179824493
2025-06-02,W01,14.5160296323,40.76925685999999,56393.27,54.78636017278276
2025-06-02,W02,14.793570334600002,43.2667645614,53091.619999999995,52.13758439774302
2025-06-02,W03,13.0884829143,33.4761943103,43522.649999999994,140.48863202846593
2025-06-02,W04,0.5895737805,2.4987807599000003,3422.67,2.3396991928155026
2025-06-02,W05,1.6472550193,5.7966001202,7009.540000000001,3.3348146079517043
2025-06-02,W06,0.5060259745,1.5521313315,3013.45,34.22563236388231
2025-06-02,W07,18.4363333979,33.607845333499995,54899.009999999995,35.4816444084126
2025-06-02,W08,0.1384946901,0.5954895807,793.08,0.23220416323656395
2025-06-03,W01,15.4565969936,43.3268351327,60142.83,52.51951054902786
2025-06-03,W02,15.662972871400001,45.1818055036,56411.99,45.39571074972757
2025-06-03,W03,14.930103947600001,37.3925809166,48227.92,147.8872374856373
2025-06-03,W04,2.8354201683,12.0118436226,16126.59,0.5719556083586339
2025-06-03,W05,6.261995149700001,21.9935624082,26423.3,0.8565177329126152
2025-06-03,W06,1.8021459659999999,7.566592122,10326.35,6.363532237048859
2025-06-03,W07,20.065697730000004,36.186964109499996,58946.26,36.26202031975973
2025-06-03,W08,0.7464143423,3.2038239261000006,4248.91,0.07175996314200692
2025-06-04,W01,16.5234484727,45.0003568561,61721.850000000006,60.66812237092357
2025-06-04,W02,15.268936823399999,44.079419699499994,54370.380000000005,47.50462579615456
2025-06-04,W03,15.0882937393,37.4490489067,47980.91,149.56823262819813
2025-06-04,W04,2.7963843870000002,11.835489595499999,15973.029999999999,0.6133060761811813
2025-06-04,W05,6.0185181243,21.0253454485,25766.530000000002,0.7588720843594394
2025-06-04,W06,1.6399839633,6.814102373100001,9291.63,6.037632353558371
2025-06-04,W07,18.075218024,32.9484713563,54604.96,31.132928723246675
2025-06-04,W08,0.7998440947999998,3.4337831436,4571.9,0.08080888638601927
2025-06-05,W01,15.575698361399999,41.9614434504,58693.2,59.37761463807011
2025-06-05,W02,15.697472330699998,45.3657043686,55141.17,44.598766178747674
2025-06-05,W03,14.799346901199998,36.9320485502,47367.81,145.63132885792444
2025-06-05,W04,2.8141175296,11.992437938599998,15804.849999999999,0.6282547280333233
2025-06-05,W05,6.5392639826,22.902874922200006,27812.29,0.8232370305242558
2025-06-05,W06,1.9196938175,8.1012683325,11022.11,6.783849803873065
2025-06-05,W07,18.330535987300003,33.278936549799994,54858.27,32.553185496763426
2025-06-05,W08,0.7692167019999999,3.297691314,4246.38,0.07105427793443084
2025-06-06,W01,15.4766257239,42.6256491965,58368.05,56.2042450135094
2025-06-06,W02,15.863595031200003,44.9401065488,56291.01,43.72292406227865
2025-06-06,W03,15.5715661808,39.563948676799995,50642.7,153.1955942820601
2025-06-06,W04,2.7529717132999996,11.7009308693,15634.119999999999,0.6090627866114543
2025-06-06,W05,6.1510757404,21.3946103467,26049.39,0.8449281023802339
2025-06-06,W06,1.8565805789,7.805491362300001,10637.470000000001,6.837503835317775
2025-06-06,W07,16.956847173499998,31.2619391162,52096.990000000005,28.699315680931544
2025-06-06,W08,0.7983169243,3.4522352001000005,4599.99,0.07417971034194513
2025-06-07,W01,15.0555067373,39.8190536745,56351.42,53.52764549323416
2025-06-07,W02,14.892962452299999,43.838591185,54177.81,43.62358911267527
2025-06-07,W03,15.6836038606,38.5616075862,50154.22,147.20445135391344
2025-06-07,W04,2.0050127466,8.5653007934,11412.27,0.7502349835529332
2025-06-07,W05,4.1648585848,14.762036162600001,17975.16,1.0068790632636464
2025-06-07,W06,1.2312205959999998,5.169906372000001,7024.26,6.645332347416826
2025-06-07,W07,19.613085318099998,35.392188188599995,58247.63,36.50875126224833
2025-06-07,W08,0.5361888895,2.3218937565,2992.46,0.08966423368100543
2025-06-08,W01,14.473796603199999,39.3989104516,54372.4,52.34059329044483
2025-06-08,W02,14.4846119637,41.1761863369,51962.19,40.966165491621304
2025-06-08,W03,14.258763539,35.8622624542,45023.149999999994,140.08845731156174
2025-06-08,W04,0.9104122608,3.8658480145000005,5247.4,1.0770578884791613
2025-06-08,W05,2.4065542294,8.4766001772,10189.96,1.6452180569978472
2025-06-08,W06,0.6062621456999999,2.5500012099,3520.27,11.014737117784923
2025-06-08,W07,18.838974252400003,34.179944448499995,55184.07,33.557192393288915
2025-06-08,W08,0.2457423912,1.0563826584,1378.36,0.12088820591428502
2025-06-09,W01,15.182884436700002,41.140411207199996,57553.36,52.321937393428954
2025-06-09,W02,14.945336827800002,43.382370869000006,53276.78,43.52026239054661
2025-06-09,W03,14.8340466842,37.880671996,47958.97,132.6920888087805
2025-06-09,W04,2.6671030770999997,11.3420454191,15068.47,0.6396433765293769
2025-06-09,W05,5.9742652828,20.9158380503,25508.989999999998,0.7621702341215632
2025-06-09,W06,1.9215058782999999,8.0807101581,11062.939999999999,6.626065126969019
2025-06-09,W07,18.5143689413,34.104235050499994,55785.340000000004,27.957104715949757
2025-06-09,W08,0.7693386238,3.2942934666,4229.9,0.08097475360671107
2025-06-10,W01,15.6082202994,42.6060024899,58701.48,55.17806872202779
2025-06-10,W02,15.426708651699998,44.70308438519999,54811.35,43.62855678776669
2025-06-10,W03,15.694610998900002,38.949510643100005,50137.270000000004,152.2802433332687
2025-06-10,W04,2.7213695663,11.557777652199999,15539.699999999999,0.6197899938120517
2025-06-10,W05,5.9823135360999995,20.819249514899997,24568.71,0.8026781284625587
2025-06-10,W06,1.8617844061000002,7.7598491127,10574.19,6.688525106788094
2025-06-10,W07,18.194272037500003,32.996246795400005,54431.78999999999,32.63090013863532
2025-06-10,W08,0.8915678211999999,3.8952790284,4984.43,0.07904269959888548
2025-06-11,W01,15.872223124199998,41.8071969872,57533.55,59.59048309286477
2025-06-11,W02,15.4096962345,44.990431739499996,54866.54,47.89874309013596
2025-06-11,W03,14.895467850400001,37.3594959414,47117.7,140.48617205266532
2025-06-11,W04,2.8778498963,12.2429268299,16290.09,0.6648483408997081
2025-06-11,W05,6.215579215899999,21.60825337,25488.84,0.8638770854155139
2025-06-11,W06,1.7696024754,7.371712627800001,10025.03,7.231722416836943
2025-06-11,W07,18.944773995699997,34.4178365614,56295.799999999996,35.64679428233275
2025-06-11,W08,0.8433082281,3.6513965067000003,4712.61,0.08108675266156759
2025-06-12,W01,16.2331844549,44.9056042675,61539.55,52.56536824126754
2025-06-12,W02,16.1124125853,48.009641544100006,58014.29,47.11645052285288
2025-06-12,W03,15.681683944800001,39.37866279479999,50578.259999999995,162.97399705680616
2025-06-12,W04,2.6316603308,11.107091673200001,15085.51,0.608699167996055
2025-06-12,W05,6.165642754099999,21.3788213216,26183.550000000003,0.8203057464509674
2025-06-12,W06,1.8476073575999998,7.748520103200001,10411.25,6.561455182626916
2025-06-12,W07,17.5510406515,32.133060811600004,52415.11,29.596284497862616
2025-06-12,W08,0.7656447265,3.2443711155,4381.5,0.07313911903269422
2025-06-13,W01,15.3751317435,41.7159452867,58579.689999999995,50.7379854915355
2025-06-13,W02,15.4389952418,44.7620087607,54156.6,49.850648978221216
2025-06-13,W03,14.981526609300001,37.8847489921,47927.35,147.6929188491379
2025-06-13,W04,2.6948763672,11.429743962800002,15427.76,0.6188410417673716
2025-06-13,W05,6.126578024700001,21.030382492,25294.25,0.8170987760945804
2025-06-13,W06,1.8511627278,7.768730394600001,10371.22,6.352455578928585
2025-06-13,W07,18.737502724400002,34.2398774642,55408.55,36.38463083202585
2025-06-13,W08,0.8068990545999999,3.4964374422,4562.74,0.0810909977530863
2025-06-14,W01,15.338598108400001,39.956845383200005,56038.479999999996,53.90816536769152
2025-06-14,W02,14.451134485799999,41.8532208912,51493.68,44.2512615543375
2025-06-14,W03,14.351919849600003,35.513022317,46395.520000000004,163.47453498114885
2025-06-14,W04,1.9090814363,8.0885783414,10587.91,0.6537439666697258
2025-06-14,W05,4.344387426400001,14.561855765299999,17936.6,1.017731267566832
2025-06-14,W06,1.2527460571000002,5.275388489700001,7074.92,7.081582215576987
2025-06-14,W07,17.9512794617,33.0396249063,53511.19,32.047100455946854
2025-06-14,W08,0.5477499964,2.3673814548,3144.85,0.07963886719871682
2025-06-15,W01,15.2658734639,41.2789419396,57974.409999999996,60.27128804552956
2025-06-15,W02,15.3603152864,44.7725859874,55052.93,50.87393157464172
2025-06-15,W03,15.318601402200002,37.9104724984,48949.96,150.0161723012741
2025-06-15,W04,0.9248352408,3.8929155373000004,5347.91,1.0340078585180532
2025-06-15,W05,2.3580080926,8.295858215099999,9903.060000000001,1.5917225934053767
2025-06-15,W06,0.5564469536000001,2.3138120352000002,3162.99,9.935843039782874
2025-06-15,W07,17.893739807400003,33.0484634695,55163.02,34.930563042247584
2025-06-15,W08,0.2387636805,1.0328959935,1336.64,0.10581428032020337
2025-06-16,W01,16.233662378400002,43.8212652607,60921.66,60.00178293495175
2025-06-16,W02,15.4637378239,44.3273545021,54367.92,46.955144760270855
2025-06-16,W03,16.023398258100002,39.9643462029,52925.83,157.10446170385913
2025-06-16,W04,2.9269006597,12.528170234000001,16838.49,0.5950084395064047
2025-06-16,W05,6.3975952846,22.5389177022,27121.85,0.9405572668599455
2025-06-16,W06,2.0344223314,8.6358624198,11600.46,7.339291805798062
2025-06-16,W07,18.9635021619,34.451366290500005,56707.97,32.05097151252309
2025-06-16,W08,0.8226646499,3.5582334393,4612.48,0.07166592763756233
2025-06-17,W01,15.842735700300002,42.996781398699994,59327.12,63.54301729202681
2025-06-17,W02,15.299192275200001,44.8720288242,55506.33,41.56767949138037
2025-06-17,W03,15.6215882272,39.3889497672,49930.03,160.1622808727034
2025-06-17,W04,2.6873656665,11.355321101200001,15405.82,0.5607971347729133
2025-06-17,W05,6.3655230229,22.279949396699998,26680.350000000002,0.8365354773471927
2025-06-17,W06,1.8244758678,7.6566094146,10345.56,6.436585364115517
2025-06-17,W07,19.3383118578,35.2882030202,58057.78,36.22444606375984
2025-06-17,W08,0.8297069133,3.5797599831,4789.0,0.07819402920947222
2025-06-18,W01,17.2468610715,46.399005844899996,64476.57,67.65279004401174
2025-06-18,W02,16.208119125400003,47.530694298600004,58208.39,50.568198943591675
2025-06-18,W03,14.7370921609,36.8515203793,46991.86,137.59994921522676
2025-06-18,W04,2.8673860843,12.229135351000002,16295.339999999998,0.6240570399477665
2025-06-18,W05,6.1980823401,21.2044905252,25301.04,0.874585602505701
2025-06-18,W06,1.7356616313,7.3080506091,9754.300000000001,6.116632064660048
2025-06-18,W07,17.5204676002,32.35428862009999,52254.31,30.11823084217059
2025-06-18,W08,0.8256493907999999,3.5587016555999997,4579.68,0.07956326378356385
2025-06-19,W01,16.1120274861,44.1045246731,62728.67,61.43860148905989
2025-06-19,W02,15.516440468,45.4024227018,56366.64,41.579862551316815
2025-06-19,W03,14.3056115215,37.1656072373,46979.93,146.54235790967107
2025-06-19,W04,3.030186067,12.8670717707,17377.97,0.722102305604957
2025-06-19,W05,6.5353608456000005,23.0607403749,27588.49,0.9439980560058218
2025-06-19,W06,1.7251010631999997,7.243727042400001,9923.71,6.188126177289292
2025-06-19,W07,19.0515121362,34.6663417986,55455.56999999999,36.59129164920475
2025-06-19,W08,0.7999867869,3.4401414183,4471.61,0.07579976582223069
2025-06-20,W01,16.5781386864,44.676739020099994,61443.880000000005,63.96108926004375
2025-06-20,W02,15.129501318700001,44.059699705,54315.06,44.65535238071345
2025-06-20,W03,14.8370103908,37.7525178492,47657.44,130.0431261409552
2025-06-20,W04,2.7248654484,11.5868281734,15481.849999999999,0.6684211109830078
2025-06-20,W05,6.275193077,21.910777910999997,26123.5,0.9008583914279394
2025-06-20,W06,1.8611892501999998,7.8449544114,10624.94,6.9995834907860095
2025-06-20,W07,17.9268217599,32.8693298683,54077.659999999996,32.67376715294144
2025-06-20,W08,0.8217110918,3.5639997426,4631.540000000001,0.07801935596398986
2025-06-21,W01,15.983442681800001,44.2562656655,61551.79000000001,57.889420548853145
2025-06-21,W02,14.757212723799999,43.2707406624,52284.35,43.86622650603126
2025-06-21,W03,14.611079702800001,36.176377173400006,46799.729999999996,150.27027833223633
2025-06-21,W04,1.9170110848999997,8.1323032209,11156.34,0.7206004009702676
2025-06-21,W05,4.4344691314,15.5866347026,18734.469999999998,1.0067968927005184
2025-06-21,W06,1.2889657091999998,5.185252004400001,7251.6,7.104244522586475
2025-06-21,W07,19.034125407799998,34.7631177654,57395.439999999995,34.7959683591672
2025-06-21,W08,0.5481995250999999,2.3568896457,3049.18,0.08657872623663018
2025-06-22,W01,15.801713229199999,41.6788862642,58383.72,62.217838161386595
2025-06-22,W02,14.668851959,42.1633365039,51950.62,46.434524282693474
2025-06-22,W03,13.6058091516,34.771974029599996,44121.32,149.97089108164414
2025-06-22,W04,0.8501761655,3.5572297934000003,4937.450000000001,0.9227494901508763
2025-06-22,W05,2.4577990195000003,8.3733384797,10861.06,1.6373166991314452
2025-06-22,W06,0.5297279896,2.2225868472,2989.83,9.965535209571826
2025-06-22,W07,18.4070038532,33.331101516800004,55242.43,37.787023563151145
2025-06-22,W08,0.25655313,1.10826399,1404.65,0.12986283958553735
2025-06-23,W01,15.599840183700001,43.66200494220001,60286.82,54.991364094854035
2025-06-23,W02,15.9292655397,46.0505612537,56829.93,50.38037048421785
2025-06-23,W03,15.2177146292,38.4473595566,50604.42999999999,138.00036844195768
2025-06-23,W04,2.7456211838,11.562038632000002,15964.57,0.5590143180753898
2025-06-23,W05,6.0695573574,21.0781870151,25672.989999999998,0.7778681471674948
2025-06-23,W06,1.7859407107000003,7.4761670649,10354.7,6.677462295762325
2025-06-23,W07,18.653241185500004,33.919454826300004,55143.38,31.347667038908053
2025-06-23,W08,0.8454235564,3.6503283348000006,4687.39,0.08593731593342616
2025-06-24,W01,15.3302233273,42.317328498500004,58842.96,52.91721606098681
2025-06-24,W02,15.8515007379,45.8828071449,56253.79,47.97945625777512
2025-06-24,W03,15.447980281700001,38.7502398535,49610.880000000005,149.80004927756877
2025-06-24,W04,2.822430656,12.008488293600001,16233.97,0.6197354199406225
2025-06-24,W05,5.962771613299999,20.942779274699998,25508.000000000004,0.8333977350923641
2025-06-24,W06,1.8754763796,7.8990678972,10648.75,7.29348683850294
2025-06-24,W07,18.7424413644,34.0841266713,55539.74,30.82795564313312
2025-06-24,W08,0.8067433182,3.4746998874,4464.29,0.0786574294763395
2025-06-25,W01,16.1317864106,42.721131433000004,60541.47,63.53273133159783
2025-06-25,W02,15.5436501542,44.8248740104,55656.759999999995,44.05571754899127
2025-06-25,W03,14.963269949,37.6100787198,48604.1,141.93553540498755
2025-06-25,W04,2.7584028467,11.6089410944,15778.68,0.6605090844329635
2025-06-25,W05,6.057057028900001,21.4453853094,26639.89,0.7840913453156518
2025-06-25,W06,1.7677579014999998,7.4157449205,9999.789999999999,5.858391444185214
2025-06-25,W07,18.1447183867,33.2077210988,54405.58,30.85621306456522
2025-06-25,W08,0.8173477124999999,3.5545800975,4533.75,0.07987561050262407
2025-06-26,W01,15.735366517399997,44.08121496,60737.09,61.98735667564841
2025-06-26,W02,14.905191542799999,42.8666329975,53192.66,43.819981839563006
2025-06-26,W03,14.4679642929,36.61691264170001,46711.520000000004,142.32977828944132
2025-06-26,W04,2.8732200679999997,12.2690983421,16125.43,0.6040971317150461
2025-06-26,W05,6.711453092000001,23.623778306800002,28355.19,0.9345533867440513
2025-06-26,W06,1.8306592347000001,7.6691337729,10526.0,6.8469902220543295
2025-06-26,W07,17.944267377200003,32.8570257851,52694.100000000006,37.24260125067193
2025-06-26,W08,0.7919974987,3.4161557409000003,4447.21,0.08216836129418068
2025-06-27,W01,14.6550860069,41.2405510544,57445.79,48.77111491312436
2025-06-27,W02,15.1579020299,43.3455666628,53785.21,46.83525375151016
2025-06-27,W03,15.456423262100001,39.1420690681,50016.3,158.10095089246443
2025-06-27,W04,2.7630697865999996,11.726851396999999,15648.529999999999,0.6022372202408495
2025-06-27,W05,5.7106248594,19.7298441537,23644.06,0.7868591618896497
2025-06-27,W06,1.8544597608,7.7310734856000005,10485.16,6.084524926915215
2025-06-27,W07,19.7811720082,35.6221551019,58070.1,34.91033271952674
2025-06-27,W08,0.7963990880999999,3.4336559667,4574.2300000000005,0.06805954927674254
2025-06-28,W01,15.6601736708,42.4833450923,59311.88,57.58369462153666
2025-06-28,W02,15.168594976100001,43.7748894047,54322.96000000001,49.637566310412424
2025-06-28,W03,15.1276420118,37.7628276376,49186.36,142.97932962014312
2025-06-28,W04,1.9143536754,8.0649595467,10908.05,0.6960822881240993
2025-06-28,W05,4.2692357576,15.041535704400001,18412.93,0.9715385548200578
2025-06-28,W06,1.274487188,5.339901396,7205.3099999999995,7.512760255359784
2025-06-28,W07,18.933105918099997,34.373517492599994,56127.91,32.77455380446166
2025-06-28,W08,0.5361546666,2.3242884462,2994.54,0.08644917426157263
2025-06-29,W01,15.6922664236,43.2710066236,60839.49,57.34764840480349
2025-06-29,W02,15.2915379016,44.65913692829999,54851.64,45.85416274821429
2025-06-29,W03,14.5094377522,36.219829127000004,46559.67,158.14618191548496
2025-06-29,W04,0.9035285096,3.8245950564,5147.9,1.0406173592763475
2025-06-29,W05,2.138999955,7.3920002742,8912.029999999999,1.4489425259559872
2025-06-29,W06,0.6390905012999999,2.6954071790999996,3638.7000000000003,12.695228567171887
2025-06-29,W07,17.5552162491,31.968962217199998,52239.94,31.839266280537565
2025-06-29,W08,0.22878365439999998,0.9843013008,1287.18,0.10971963594265395
2025-06-30,W01,15.846936078599999,43.4949199071,59786.06,53.6794870114561
2025-06-30,W02,14.819710796,43.633464727,53721.69,40.01131461062454
2025-06-30,W03,14.6835849893,38.2600983553,49786.58,140.3207571390346
2025-06-30,W04,2.8694728436999997,12.2687978719,16160.44,0.6873097499744906
2025-06-30,W05,6.0130816372,20.7435437722,24530.04,0.8349358112340317
2025-06-30,W06,1.8462175653,7.775274587099999,10275.74,7.011680574312777
2025-06-30,W07,19.4397226243,35.4731161409,58219.34,34.54151459648574
2025-06-30,W08,0.7867374906,3.4061247342,4434.02,0.07363359570427828
2025-07-01,W01,16.0262272347,44.2789709162,60062.41,59.73404909818743
2025-07-01,W02,15.666249301700002,45.977580715,56068.0,46.72768062976673
2025-07-01,W03,15.778293192700001,39.3929656085,51354.54,145.6126284418317
2025-07-01,W04,3.3202962563,14.317127112600001,18493.550000000003,0.7223764098789648
2025-07-01,W05,6.392621673100001,22.7895024261,27757.88,0.8231758741626591
2025-07-01,W06,1.9131452291,8.1042361737,10666.25,6.471264520679076
2025-07-01,W07,18.5723062935,34.047889620199996,56096.56999999999,32.29780950571532
2025-07-01,W08,0.8388302906,3.6315072942,4636.19,0.0775258976963126
2025-07-02,W01,16.2182370081,45.8917578695,62574.27,61.2684052166916
2025-07-02,W02,15.460526770500001,45.7189943905,55183.92,44.77950399699935
2025-07-02,W03,16.1653501354,40.264165716,51907.229999999996,158.10561143343375
2025-07-02,W04,2.9812582868,12.800822206800001,16986.170000000002,0.6396340706402931
2025-07-02,W05,6.4508562115000005,23.2761454338,27850.08,0.8896708050176291
2025-07-02,W06,1.8708457975,7.9095334725000015,10530.02,6.712180499347024
2025-07-02,W07,18.461386684599997,33.942290724299994,55255.259999999995,35.68928045801025
2025-07-02,W08,0.898651603,3.9166322010000005,5049.18,0.08149940896822921
2025-07-03,W01,15.080819122700001,41.497516149400006,58183.06,53.91725910233355
2025-07-03,W02,15.694099446400001,46.30167570730001,56582.909999999996,47.29075599161103
2025-07-03,W03,14.9860525584,38.3137759332,48992.979999999996,142.53833149509688
2025-07-03,W04,2.9118628346,12.467016976300002,16613.54,0.6681669391395615
2025-07-03,W05,6.475847631700001,23.064272763600002,27936.07,0.8760192122324163
2025-07-03,W06,1.9681062194,8.295005515800002,11297.09,7.278176336109345
2025-07-03,W07,18.555685008100003,34.339228576800004,56478.4,32.35877239674523
2025-07-03,W08,0.8485555941,3.6530731887000005,4818.68,0.08873144660217423
2025-07-04,W01,16.2929430262,45.2770385469,62605.18,59.15607275427252
2025-07-04,W02,15.861160099100001,46.2915255629,56581.31,45.975576461704804
2025-07-04,W03,15.4995922042,39.5708103208,51418.69,149.08758119908046
2025-07-04,W04,3.1283478347,13.406533172200001,17932.22,0.6953552929814266
2025-07-04,W05,6.2073180831,22.027839318700003,26751.49,0.8276910793154637
2025-07-04,W06,2.0388799539,8.740070487299999,11365.07,7.851267497535504
2025-07-04,W07,19.379684074500002,35.554560732,58666.87,33.79819822757127
2025-07-04,W08,0.9232509519000001,4.0162869933000005,5280.61,0.08908374740709393
2025-07-05,W01,15.6578036812,44.2116576099,59579.619999999995,60.86396853443417
2025-07-05,W02,14.4813093491,44.09325884490001,53679.96,40.94362377427627
2025-07-05,W03,15.877933749200002,40.745219797,52162.880000000005,169.58893629120118
2025-07-05,W04,2.0522033209,8.8182980926,11672.1,0.6896078532571166
2025-07-05,W05,4.731456208400001,16.802612145900003,20712.23,1.055385607632484
2025-07-05,W06,1.3391432565999999,5.711813416200001,7622.780000000001,7.9505518873861565
2025-07-05,W07,18.6237988339,33.967428308399995,56323.649999999994,35.87460479315632
2025-07-05,W08,0.5433624029,2.3496365703,3053.96,0.08585603359709214
2025-07-06,W01,15.3668954871,42.4654898008,58906.7,64.8162486169459
2025-07-06,W02,15.3276267159,45.8980161268,55740.799999999996,48.47339469366586
2025-07-06,W03,14.881508553,37.6175957252,48920.68,153.86175096153846
2025-07-06,W04,1.0354618971,4.4356400669000005,5908.97,1.115465299296116
2025-07-06,W05,2.3164092277000004,8.0460416444,9695.11,1.722247587866694
2025-07-06,W06,0.6224410752999998,2.6550641571,3572.4900000000002,10.826568484310858
2025-07-06,W07,17.992637537300002,32.963383775800004,54492.31,34.47116368107257
2025-07-06,W08,0.2547577096,1.0922522472,1448.79,0.12454441082621165
2025-07-07,W01,16.211914193600002,45.9473396731,62716.659999999996,60.74790234119728
2025-07-07,W02,15.586929962500001,46.6792873136,57498.229999999996,41.85961500502199
2025-07-07,W03,15.539625837100001,38.9163211199,50844.240000000005,156.378314184076
2025-07-07,W04,3.0902898589,13.199463762199999,17859.52,0.6493650286691933
2025-07-07,W05,6.256523296999999,22.266025518,27361.46,0.8926986747615412
2025-07-07,W06,1.8988014950999998,8.0544717957,10831.8,6.537402032349578
2025-07-07,W07,19.040315449599998,34.750701215099994,56171.09,33.591585746394784
2025-07-07,W08,0.9127380246,3.9760027122000006,5117.54,0.0818207779722936
2025-07-08,W01,15.4092950763,44.879486293199996,60752.44,54.91356358041409
2025-07-08,W02,15.6075199026,46.9218150216,56978.48,47.5302856612967
2025-07-08,W03,15.0206179751,40.4221150251,51242.17999999999,147.33029244252197
2025-07-08,W04,2.9557282726,12.6472510788,17328.940000000002,0.6106495571144115
2025-07-08,W05,6.1887203472,21.967615279500002,26585.3,0.8707680886290333
2025-07-08,W06,2.0064037736,8.5450238952,11247.57,8.126777217199702
2025-07-08,W07,18.0133851084,33.5423816221,55106.6,32.87684016097682
2025-07-08,W08,0.8771766433,3.8143243731000003,4871.62,0.08292029412910198
2025-07-09,W01,16.263601988900003,46.8195619775,62496.77,53.336575634912315
2025-07-09,W02,15.0222839717,44.1622790934,53937.98,47.71296525518745
2025-07-09,W03,14.8113829834,38.0281470368,49044.259999999995,133.5477741116431
2025-07-09,W04,3.0329965627999997,12.9091171563,16991.37,0.6618683656895604
2025-07-09,W05,6.4693719989,22.961668895000003,27542.510000000002,0.980430258029738
2025-07-09,W06,1.9261074685,8.102631349500001,10887.55,7.499425576442371
2025-07-09,W07,19.696337454300004,35.731011378199995,58651.31,42.9898037473563
2025-07-09,W08,0.9035949413,3.9443641791,4953.31,0.07834296770822821
2025-07-10,W01,16.624993999,46.6037272955,63252.23,59.148313779694256
2025-07-10,W02,15.2430286938,45.29465454099999,55450.68,42.41656447845505
2025-07-10,W03,14.569811966900001,37.3389552825,47840.850000000006,141.8304045372687
2025-07-10,W04,3.2693905394,14.093524998200003,18704.77,0.6566456064529567
2025-07-10,W05,6.4918911571999995,23.2326945205,27972.36,0.854186763883136
2025-07-10,W06,1.9827591058,8.4396427206,11402.63,7.138723751471663
2025-07-10,W07,17.495831832100002,32.5814990408,54206.130000000005,30.415526100304753
2025-07-10,W08,0.8495687351,3.6729709557000003,4717.79,0.08427651761097835
2025-07-11,W01,16.0114171857,43.011957827100005,60287.46,54.129565398346166
2025-07-11,W02,15.5922797226,47.6464899444,58194.28,43.99490908182872
2025-07-11,W03,14.3206390839,37.335168325699996,48145.74,142.16856034845625
2025-07-11,W04,2.9779862503,12.6502366919,16965.600000000002,0.6124154018249158
2025-07-11,W05,6.4163872814000005,22.5551069158,27641.26,0.8426596549165029
2025-07-11,W06,1.9156087004000002,8.0987595828,10861.56,7.643326485386534
2025-07-11,W07,17.4105978958,31.887723245999997,52703.700000000004,32.07133535554487
2025-07-11,W08,0.8674311192,3.7673151144,4920.2,0.08779020323198858
2025-07-12,W01,16.582423348800003,45.4421901882,62944.42,58.87975566981026
2025-07-12,W02,15.5031832172,46.36950704870001,56162.06,45.48989368465838
2025-07-12,W03,14.8901545618,37.7744104732,48608.020000000004,137.88073821266192
2025-07-12,W04,2.0250596159,8.581840815400001,11571.21,0.6631234374979533
2025-07-12,W05,4.536061718899999,15.9857091903,18916.52,0.9955046463713185
2025-07-12,W06,1.3006966393000001,5.4814481451,7518.219999999999,7.076464529449528
2025-07-12,W07,17.793895752100003,32.626895841,53149.66,33.06352372211167
2025-07-12,W08,0.6121216314,2.6637948798,3405.9900000000002,0.09093788414735783
2025-07-13,W01,16.3089043199,46.246809581,63361.77,65.95078762055734
2025-07-13,W02,15.4882311277,46.3062556348,57094.44,50.108481975386134
2025-07-13,W03,14.8430658276,37.4887186294,48961.729999999996,155.96862176594828
2025-07-13,W04,0.9990142341000001,4.241061077800001,5676.109999999999,1.162847870587003
2025-07-13,W05,2.3306243243999996,8.1409724697,9774.41,1.5412173972042003
2025-07-13,W06,0.6415869825999999,2.7287680182,3549.28,11.671159546678307
2025-07-13,W07,17.977181295100003,33.5442268065,53931.96,31.266675064482417
2025-07-13,W08,0.2561346869,1.1113783983,1460.26,0.12259688647993557
2025-07-14,W01,15.430128895400001,44.479721421499995,60782.83,53.07246375727892
2025-07-14,W02,15.8212797574,46.1528714777,57957.38,44.10789042891593
2025-07-14,W03,14.865345924200001,37.769914834800005,49184.95,143.81411429594158
2025-07-14,W04,3.0484752927000005,12.991921133000002,17053.02,0.6550745627876383
2025-07-14,W05,6.7558080819,23.9532552153,28245.59,1.01872128177657
2025-07-14,W06,1.9858855772999997,8.5343895111,11298.09,7.546362175195129
2025-07-14,W07,18.4691684903,33.85712390889999,56040.2,32.14119878025011
2025-07-14,W08,0.8499176520999999,3.6895837947,4818.16,0.07994850178923268
2025-07-15,W01,16.3656704156,45.53061791100001,63062.84,58.591954687880396
2025-07-15,W02,15.8497366019,47.1615885379,57710.13,49.789174999764406
2025-07-15,W03,15.600193805600002,39.896845267799996,51073.79,157.69240059032833
2025-07-15,W04,3.2038064705,13.7880751699,18326.4,0.7633817831664627
2025-07-15,W05,6.1209527143,21.5311272127,26095.57,0.8571702847252924
2025-07-15,W06,1.841784552,7.761600504000001,10318.94,6.8537893831984364
2025-07-15,W07,16.837331702,31.2144333937,51918.700000000004,31.154627865236733
2025-07-15,W08,0.8453143903,3.6520341021000005,4724.05,0.07802415433658953
2025-07-16,W01,15.1990019469,43.555200020899996,58554.97,53.99021699418146
2025-07-16,W02,14.8223367086,44.0956249134,53372.04,43.47708048034307
2025-07-16,W03,15.3017479457,39.6417551897,50474.11,159.77433613202328
2025-07-16,W04,3.0496203033999993,13.137728777200001,18021.079999999998,0.6626873608916666
2025-07-16,W05,6.4536379430999995,22.5720268198,27313.049999999996,0.8362673151449458
2025-07-16,W06,2.0458495104999996,8.6684716035,11501.6,7.406755307478983
2025-07-16,W07,17.0293696684,31.5919559386,51186.479999999996,32.86393800663093
2025-07-16,W08,0.8881516586,3.8424726702000003,4902.45,0.09147348598351555
2025-07-17,W01,16.928269570300003,46.9182213162,64016.04000000001,56.83259217456406
2025-07-17,W02,15.5384239377,45.05513235760001,54915.47,42.94410878536546
2025-07-17,W03,15.582640978899999,40.545151519899996,51558.020000000004,144.10225067415107
2025-07-17,W04,2.9177772078,12.3483361769,16626.78,0.6040671455544467
2025-07-17,W05,6.7303660084,24.126796159,28989.5,0.9513401163257483
2025-07-17,W06,1.9419589818,8.2412011326,10977.01,6.594782411051757
2025-07-17,W07,17.1518506566,32.0102175841,53086.89,30.995994731430162
2025-07-17,W08,0.8461368244,3.6380782908000002,4826.679999999999,0.08242701731125829
2025-07-18,W01,15.903970356999999,43.5416027311,61226.25,63.092216034910244
2025-07-18,W02,15.179805346899998,45.606477459000004,55214.700000000004,43.97432581076892
2025-07-18,W03,15.329597294,38.9282618262,50324.44,144.11715155731463
2025-07-18,W04,2.9793083068999993,12.7907394006,17223.44,0.6274103641299082
2025-07-18,W05,6.666618519600001,23.534857159999998,28548.15,0.9055795449294085
2025-07-18,W06,1.9661432334,8.3228703738,11280.1,7.316943606327987
2025-07-18,W07,17.6437071344,32.634017513799996,54651.87,31.400922136024274
2025-07-18,W08,0.902553651,3.927536337,5044.58,0.08042713681085838
2025-07-19,W01,16.6294029267,45.2142153157,63332.69,65.9988606619967
2025-07-19,W02,14.858282176500001,44.41104358780001,54636.66,43.32631219108938
2025-07-19,W03,14.3987642494,38.070406948999995,48474.78,153.5147690619869
2025-07-19,W04,2.1116743261,9.0229619786,11887.94,0.7271302835178011
2025-07-19,W05,4.602088346,16.2543109629,19853.34,0.9266521851013622
2025-07-19,W06,1.3475676623,5.7364121661,7537.23,8.313648890438087
2025-07-19,W07,17.8190846069,32.833100655,54506.58,33.43337205993549
2025-07-19,W08,0.5817925738999999,2.5207208673,3284.1600000000003,0.09476098831858015
2025-07-20,W01,15.153816251,41.9788055319,58145.76,59.39086297294967
2025-07-20,W02,15.0550233552,43.887994390799996,54046.66,46.435451137828714
2025-07-20,W03,14.117374974499999,36.190470687499996,46634.45,151.25002651117444
2025-07-20,W04,1.0288006818000002,4.3871318167,5829.209999999999,1.1368202004240975
2025-07-20,W05,2.5240427613,8.857353557900002,10677.52,1.6860155007260966
2025-07-20,W06,0.668836273,2.843270571,3706.93,12.398025339685246
2025-07-20,W07,17.574334460600003,32.6520477908,53438.91,32.57673564224478
2025-07-20,W08,0.24077440690000002,1.0383799983000002,1341.14,0.11761656874828111
2025-07-21,W01,16.3832917297,47.592161687600004,64462.39000000001,56.68056893954596
2025-07-21,W02,16.2594159539,48.6630447649,59937.35,47.32490017725645
2025-07-21,W03,14.983625677800001,38.549908548,49934.67,151.23670870056725
2025-07-21,W04,3.0719667602999996,13.179079940900001,17605.69,0.7459278890449397
2025-07-21,W05,6.3838665512,22.6667962623,27645.230000000003,0.9034130951503222
2025-07-21,W06,2.0623422275,8.7790698825,11874.53,7.630419779191132
2025-07-21,W07,18.8468364711,34.540722787,56839.63999999999,35.127732587605756
2025-07-21,W08,0.9118406590999999,3.9626605437,5099.530000000001,0.0902008138979427
2025-07-22,W01,14.4880919925,42.09185580010001,57092.65,56.00474689208099
2025-07-22,W02,16.3968106787,48.5878834826,60790.67,48.714491454588675
2025-07-22,W03,15.173001654399998,39.193747564000006,50413.55,140.57796646438067
2025-07-22,W04,3.1691063721,13.5031417788,18395.68,0.6447239431327405
2025-07-22,W05,6.6045628048,23.523772013100004,28316.06,0.8932835917219523
2025-07-22,W06,2.0881738131,8.9178033417,11901.710000000001,7.319939612369949
2025-07-22,W07,18.600142397400003,34.4092120374,56668.23,30.71438875102381
2025-07-22,W08,0.8500262679999999,3.675765996,4823.63,0.09308893694076496
2025-07-23,W01,15.6916781705,43.670780701199995,58614.84,57.80070712835984
2025-07-23,W02,16.1474476553,47.1683278584,58981.83,49.19028119141547
2025-07-23,W03,15.1480386242,38.435883675999996,49056.990000000005,138.0294193284432
2025-07-23,W04,3.1653102184,13.556234556100001,18245.35,0.7234650828943447
2025-07-23,W05,6.5493004645,23.4505642837,28127.5,0.8463166966527378
2025-07-23,W06,2.1066798997,8.9502842079,11881.98,7.806652781658434
2025-07-23,W07,17.149942920100003,31.5020656205,50916.35,30.940993470977617
2025-07-23,W08,0.9561294938,4.1626892766,5400.03,0.08748876857660685
2025-07-24,W01,16.135968666500002,44.6612849781,61425.19,55.87014620756755
2025-07-24,W02,15.462245831800002,45.937924692600006,56223.47,46.26879832846076
2025-07-24,W03,15.179274884900002,39.4192917107,49461.89,151.88387917650593
2025-07-24,W04,2.9839842331999997,12.7287883942,17307.39,0.6594364513822162
2025-07-24,W05,6.1417865595,21.834722037,26247.600000000002,0.9117144924444713
2025-07-24,W06,2.0425741957,8.6344748799,11594.5,7.900174032288008
2025-07-24,W07,17.8989134127,32.8209818417,56419.11,32.10774760827605
2025-07-24,W08,0.9465194378999999,4.1352173553,5340.44,0.0868155550743269
2025-07-25,W01,15.7157167047,42.8227494466,59337.25,54.409388886311554
2025-07-25,W02,16.067435071400002,48.3835328711,58788.3,45.626549609116545
2025-07-25,W03,15.1656578268,40.0841927088,50900.1,147.52441928385912
2025-07-25,W04,3.3180775722,14.289849805300001,18926.31,0.7427751409851859
2025-07-25,W05,6.4710644513,22.897731432400004,27379.530000000002,0.9543848764319134
2025-07-25,W06,2.0675403588999997,8.784240222300001,11715.7,6.706000281857339
2025-07-25,W07,19.397067822900002,35.3760933787,57553.950000000004,35.67355568840139
2025-07-25,W08,0.8581648725,3.7270388175000004,4875.19,0.0869830517502432
2025-07-26,W01,15.9147287613,43.9642614102,59659.63,54.86910405241873
2025-07-26,W02,15.8350508092,47.8846395435,58613.28,50.86945468248053
2025-07-26,W03,14.903834251500001,38.405943641899995,49965.95,144.8450775207736
2025-07-26,W04,2.0374099452,8.635933998099999,11685.840000000002,0.720448867510404
2025-07-26,W05,4.6431799179,16.5805439101,19970.629999999997,0.96267222268526
2025-07-26,W06,1.3112329176,5.537124823200001,7586.2300000000005,7.58758263325097
2025-07-26,W07,17.427465996899997,32.3454005144,53034.81999999999,31.20841585199007
2025-07-26,W08,0.5654205457999999,2.4469303206,3109.15,0.09330384360243378
2025-07-27,W01,15.5506673465,42.7461376319,58666.369999999995,54.94430669443796
2025-07-27,W02,14.5837363969,43.9206114629,53943.15,43.46257423520401
2025-07-27,W03,13.8309226942,36.3957500228,46710.21000000001,148.13184990949887
2025-07-27,W04,1.0363698184,4.4525221322999995,5876.2,1.175722304546357
2025-07-27,W05,2.4819768102,8.795902440699999,10668.869999999999,1.6294918525959188
2025-07-27,W06,0.6111512425000001,2.5559277675000005,3410.42,10.73136510096576
2025-07-27,W07,16.3565512853,30.2243156901,50328.530000000006,28.19511701940978
2025-07-27,W08,0.266979122,1.1589522540000001,1493.5800000000002,0.1359776113435588
2025-07-28,W01,15.259314587,43.6647990012,60293.08,53.11652251113897
2025-07-28,W02,15.511591534499999,44.5651885073,54618.11,45.98070708314806
2025-07-28,W03,15.280882258,39.6913924414,50174.36,147.25296809382016
2025-07-28,W04,3.1496765388,13.425236763200001,18274.41,0.6967654240551664
2025-07-28,W05,6.5550808327,23.226502374200003,27768.13,0.9310164163226824
2025-07-28,W06,2.1800789382,9.2832053874,12325.35,7.53825678314811
2025-07-28,W07,18.5786764805,34.053348936,55221.19,32.59908772288451
2025-07-28,W08,0.7647602254000001,3.2935543578,4304.44,0.07273817502335247
2025-07-29,W01,15.9917476298,45.3171852407,61894.53,59.89171843032683
2025-07-29,W02,15.6917297685,47.1490033873,57540.9,46.12881062668297
2025-07-29,W03,15.056342963600002,38.6641285248,50371.130000000005,146.18092548981534
2025-07-29,W04,3.0588125680000005,13.1182924768,17353.05,0.6773927987338025
2025-07-29,W05,6.1558944864,21.974804169600002,27541.39,0.8465537871898374
2025-07-29,W06,2.0479273659999997,8.686889442,11658.230000000001,7.907360770686126
2025-07-29,W07,17.2108649778,31.8479397683,52351.72,30.535587834282236
2025-07-29,W08,0.8443723806000001,3.6493576842000004,4639.38,0.07273028109398742
2025-07-30,W01,15.848070837200002,43.9982034263,61351.369999999995,60.244164299181946
2025-07-30,W02,16.192964349,47.503933841599995,58147.869999999995,49.27460114050276
2025-07-30,W03,15.205446024299999,39.5273230711,50040.770000000004,134.76779515807385
2025-07-30,W04,2.9990550493,12.891870642,17035.35,0.7694943673994903
2025-07-30,W05,6.569361374900001,23.460935960500002,28304.719999999998,0.9284741629988137
2025-07-30,W06,2.1579281784999997,9.227890279499999,12185.99,7.821329157348777
2025-07-30,W07,17.7100128683,32.7609912925,53601.34,34.491984404220055
2025-07-30,W08,0.845395723,3.674368761,4660.92,0.08045630997553845
2025-07-31,W01,16.6496949236,45.9254456501,63246.829999999994,57.39116995198357
2025-07-31,W02,15.487118437500001,46.544144347300005,56498.19,46.04218723986824
2025-07-31,W03,14.6427368599,37.8199166361,48603.33,134.44434420041685
2025-07-31,W04,3.0140642691000004,12.796020421000001,16943.15,0.6641402264727172
2025-07-31,W05,6.2487285232,22.087597295200002,26653.89,0.8557530595562353
2025-07-31,W06,1.7611200236,7.3641036852,10052.800000000001,6.222731114361833
2025-07-31,W07,17.7091504514,32.7688886427,53231.7,28.751187933013497
2025-07-31,W08,0.8549157478000001,3.7146958146,4705.74,0.08408068408491827
2025-08-01,W01,15.817340461499999,43.7418769428,59561.08,51.74544439700859
2025-08-01,W02,15.8514535752,46.621681856100004,56438.16,46.27459064667554
2025-08-01,W03,14.869831488900001,38.7625402435,49460.75,133.19447768631315
2025-08-01,W04,2.9892229710999993,12.7035852713,16983.6,0.6778816771070194
2025-08-01,W05,6.4351601507,22.6300248084,27591.19,0.8973076352356061
2025-08-01,W06,1.8619331583999998,7.8245707488,10670.47,6.139199166463338
2025-08-01,W07,17.881538269,32.9319581556,53476.35,32.902046207942185
2025-08-01,W08,0.9013166308999999,3.9134676063000002,5082.17,0.0826763406106984
2025-08-02,W01,16.1315058116,45.139611873,62352.189999999995,56.64410879569644
2025-08-02,W02,15.580583820100001,46.3284357923,57509.33,47.630731431742035
2025-08-02,W03,14.9362753189,37.98910478009999,48035.34,144.82677848679361
2025-08-02,W04,2.18782841,9.383717539600001,12480.710000000001,0.7693630278708492
2025-08-02,W05,5.3371069902,19.5995782017,23620.36,1.1857210214991771
2025-08-02,W06,1.3580145181999999,5.7725526474,7618.070000000001,7.942069818118018
2025-08-02,W07,17.6401134278,32.6329072299,53495.76,28.896191309575485
2025-08-02,W08,0.5812479102999999,2.5050467421,3294.5899999999997,0.09277063350799544
2025-08-03,W01,16.429162833499998,45.1809743571,62083.44,62.43411528858723
2025-08-03,W02,15.485299445,46.4591968833,57346.96,47.34870552640591
2025-08-03,W03,14.466468737500001,37.8572975423,48339.32,143.62769541411015
2025-08-03,W04,1.0332010524,4.4193773656,5911.96,1.172537160833304
2025-08-03,W05,2.5117453909000003,8.951394379399998,10702.73,1.7310455699142453
2025-08-03,W06,0.6548092245,2.7863175615,3740.8999999999996,11.308922394735934
2025-08-03,W07,18.5768783115,33.9978467009,55745.19,29.696492270101256
2025-08-03,W08,0.26572342379999997,1.1451749466,1496.6100000000001,0.12521519555315544
2025-08-04,W01,17.2712652706,46.7197941515,64338.270000000004,57.083014736055844
2025-08-04,W02,15.9182665597,46.6422989441,57331.31,43.76685168707692
2025-08-04,W03,15.094984694799999,38.1775114782,48711.61,136.40375094701076
2025-08-04,W04,3.0456823208,13.049323936200002,16844.39,0.72957080205106
2025-08-04,W05,6.5939170016999995,23.2280872532,27784.82,0.857500348739404
2025-08-04,W06,2.0696624764999996,8.8341665655,11850.19,7.595147401081842
2025-08-04,W07,18.681611193200002,34.499241585099995,57007.880000000005,32.279186028533864
2025-08-04,W08,0.8759290667,3.7998079569000005,4992.37,0.08249580440017021
2025-08-05,W01,17.1545852805,47.2051724115,65304.68000000001,59.82063933611608
2025-08-05,W02,16.1975151958,48.323572314,59169.530000000006,49.13743055482243
2025-08-05,W03,15.5275154711,39.358293942699994,51557.27,159.1716773730933
2025-08-05,W04,2.6980817745,11.3785100033,15614.89,0.6527156610723034
2025-08-05,W05,6.0607884039,20.980656178599997,24932.420000000002,0.8448541350996944
2025-08-05,W06,2.0551213315999997,8.6687904012,11555.34,7.189559946545016
2025-08-05,W07,19.2765970282,35.0480811369,56679.34,32.738896919147145
2025-08-05,W08,0.9434922864,4.1276124048,5245.1,0.08570441304578079
2025-08-06,W01,16.038837969200003,43.553239706599996,60150.19,58.522876181580024
2025-08-06,W02,15.5057672808,46.145905422300004,58320.700000000004,43.416981992294254
2025-08-06,W03,15.4842178767,39.605919494300004,50717.78999999999,152.37672338266844
2025-08-06,W04,3.1910257678,13.6617572128,17923.97,0.6229925477339049
2025-08-06,W05,6.5685430588,22.9401027707,28008.359999999997,1.0113144628952333
2025-08-06,W06,1.8676881050999998,7.875226505700001,10506.289999999999,6.701187991460658
2025-08-06,W07,18.3523157397,33.534772515600004,54766.21,32.601185467035215
2025-08-06,W08,0.8839363701999998,3.8295861714,4982.99,0.08376397688819631
2025-08-07,W01,16.6524726029,46.0574955618,63577.65000000001,63.682531790265095
2025-08-07,W02,14.973230416499998,44.1467917577,54294.91,38.2860901293315
2025-08-07,W03,15.8304600784,39.98771859559999,50972.78,153.1421779648064
2025-08-07,W04,3.1379454890999994,13.4173079278,17741.39,0.6702750266736928
2025-08-07,W05,6.1032148804999995,21.543888656200004,25920.159999999996,0.8992254498952512
2025-08-07,W06,2.0109543675999997,8.4943014132,11320.79,7.413055411542658
2025-08-07,W07,19.5899613933,35.6686052486,57833.79,33.76950739052039
2025-08-07,W08,0.8160921572,3.5057869404,4557.49,0.0770582989922838
2025-08-08,W01,17.213845490400004,47.1371334836,66338.98,56.24961764817369
2025-08-08,W02,15.7573519958,45.296561774000004,56494.47,45.4606753770033
2025-08-08,W03,15.3577005464,40.1087808936,51519.89,141.73373460076047
2025-08-08,W04,3.1327367235999994,13.4586840472,17774.94,0.6586360952821461
2025-08-08,W05,6.5724730078,23.3025754296,27609.76,0.8732820962948771
2025-08-08,W06,1.9158893057,8.1494347299,10590.11,6.734446100931137
2025-08-08,W07,19.4534634683,35.4009435103,59453.31,35.47590979653766
2025-08-08,W08,0.8553883663999999,3.7078716048,4812.509999999999,0.08202913794393095
2025-08-09,W01,16.4726921866,46.6353553732,63481.06,65.19552368185668
2025-08-09,W02,14.832553280399999,44.4921896342,53786.09,39.1687857136444
2025-08-09,W03,14.8290862752,37.9627977148,48498.88,153.44984659450733
2025-08-09,W04,2.0697574568,8.8243047636,11630.34,0.7525175778165271
2025-08-09,W05,4.5564088142,16.055689025699998,19571.8,1.014365432699575
2025-08-09,W06,1.2657117799,5.2924587093,6869.200000000001,7.068567199629178
2025-08-09,W07,19.2309324565,35.077320293700005,57464.05,35.32098191701166
2025-08-09,W08,0.5395528274,2.3307624918000003,3063.76,0.08169274836251979
2025-08-10,W01,16.1345934701,43.80450580560001,59245.37,60.726910095185765
2025-08-10,W02,14.6646167059,42.7233894133,52816.28,44.14393951204094
2025-08-10,W03,14.6125889047,37.9769585955,48756.36,147.1367183017329
2025-08-10,W04,1.0897036493,4.652858340400001,6173.93,1.2304762891615242
2025-08-10,W05,2.3163598645000003,8.1163209249,9503.04,1.6480259947094917
2025-08-10,W06,0.6738537648999998,2.8516032243,3841.04,12.630337473759182
2025-08-10,W07,17.166132025899998,31.5194652331,51410.75,35.3168992015389
2025-08-10,W08,0.2431752483,1.0457745081,1356.9099999999999,0.1103542761415819
2025-08-11,W01,16.1834529759,45.012949251500004,60950.899999999994,57.865625126129444
2025-08-11,W02,15.8998726672,46.675989415100005,57927.84,43.26166351189569
2025-08-11,W03,15.037703513299999,39.004327558899995,50374.53,156.12071628512993
2025-08-11,W04,3.0474836614,13.0426009938,17503.33,0.6661234905364054
2025-08-11,W05,6.152434877099999,21.3569123336,25776.949999999997,0.8613318560361487
2025-08-11,W06,2.0742951839,8.8084494573,11776.94,7.268690153622964
2025-08-11,W07,19.418498977000002,35.3778475964,57999.86,32.75139562932405
2025-08-11,W08,0.9161655979,3.9634429953000003,5318.2,0.093299971169817
2025-08-12,W01,15.853981324600001,44.3664440987,61730.23,56.423878299523096
2025-08-12,W02,16.0168209308,47.8688646056,58129.64,42.28305419957761
2025-08-12,W03,15.1968654458,39.020654287800006,51348.44,158.11950312974716
2025-08-12,W04,2.9762134493,12.647678048000001,16529.56,0.6889285705224996
2025-08-12,W05,6.7079892339,23.655661984700004,28855.769999999997,0.8940638270231624
2025-08-12,W06,1.8683189331999996,7.8208136124,10400.15,7.1229410025314905
2025-08-12,W07,18.931319398,34.6143833972,57027.380000000005,34.14924941465086
2025-08-12,W08,0.9258095918,4.0146508026,5270.0,0.08947884398165326
2025-08-13,W01,15.697613792700002,43.34452506830001,60022.75,54.47363801345739
2025-08-13,W02,15.4840826884,45.5994095657,54817.350000000006,40.86944148843789
2025-08-13,W03,14.583057671099999,38.6568634217,49622.39,145.9006090033216
2025-08-13,W04,3.0276697091,12.948896812300001,17032.96,0.6286488573870354
2025-08-13,W05,6.4407831253,23.096351293799998,28077.710000000003,0.8862177187731891
2025-08-13,W06,2.0307905903,8.6544775821,11485.34,7.509403772098819
2025-08-13,W07,19.353661968100006,35.604643543,57185.66,34.92677947253399
2025-08-13,W08,0.8589855265,3.7245637155000004,4817.8099999999995,0.07947158246314802
2025-08-14,W01,16.079003406600002,46.261856290800004,63771.369999999995,58.329959828917204
2025-08-14,W02,15.8101656335,46.378134458599995,56966.880000000005,45.086880834711685
2025-08-14,W03,15.352477223000001,38.068841877,49275.759999999995,164.85704554045057
2025-08-14,W04,2.8799581672,12.136991489400001,16283.91,0.6374286655391983
2025-08-14,W05,6.056479797800001,21.0449986735,25868.34,0.8037611072816634
2025-08-14,W06,1.9801485799,8.3809753893,11203.86,6.851369582547619
2025-08-14,W07,18.246582257399997,33.438998607100004,54903.93,32.62647093804816
2025-08-14,W08,0.8082517109,3.5044484463000005,4567.58,0.08173451662819868
2025-08-15,W01,15.401240576300001,42.931603060200004,59314.25,60.670156533334385
2025-08-15,W02,15.419616442099999,45.9846266609,55971.79,43.963221774881035
2025-08-15,W03,15.551025792,38.198332459199996,49217.07,152.18501533493173
2025-08-15,W04,3.0578758897999996,13.130050535599999,16778.23,0.6583287652045562
2025-08-15,W05,6.4583548287,22.926000355900005,27793.89,0.975007752787972
2025-08-15,W06,2.0910794477,8.8707387639,11831.26,7.497353788153125
2025-08-15,W07,19.091283637500002,35.184881478099996,58601.670000000006,34.0814143594678
2025-08-15,W08,0.878011391,3.802184397,4814.8099999999995,0.08755831362881321
2025-08-16,W01,16.8233902097,45.89658804489999,63320.53,58.43524515522859
2025-08-16,W02,15.6271983451,45.4924738969,55220.549999999996,48.22584215965832
2025-08-16,W03,16.1153605839,41.6504784761,54312.11,150.3060203503176
2025-08-16,W04,2.2662893997,9.767047480300002,13084.82,0.7711966585178445
2025-08-16,W05,4.5128141262999995,15.933630785199998,18975.91,0.9405758208284536
2025-08-16,W06,1.2703475701,5.3611445007,7219.87,6.951666685454744
2025-08-16,W07,19.453803539900004,35.3840471171,59042.04,36.28608274575051
2025-08-16,W08,0.6007233169999999,2.622427599,3346.69,0.10078176519783545
2025-08-17,W01,15.2740054249,42.375082287999994,58579.64,58.607095565139645
2025-08-17,W02,14.0873817635,42.120880647199996,52068.39,46.00772630439326
2025-08-17,W03,15.262252270700001,38.8566712777,49878.1,166.99037453170817
2025-08-17,W04,0.9519573697,3.9977185565,5629.16,1.105028067692965
2025-08-17,W05,2.3845756302999996,8.4002501191,10179.23,1.6318727106431405
2025-08-17,W06,0.6418218694,2.7246002658000004,3670.21,10.727066944110174
2025-08-17,W07,18.722768082200005,34.3554260032,55015.65,41.176180467078225
2025-08-17,W08,0.2622850868,1.1416790076,1480.44,0.11913720626216763
2025-08-18,W01,16.488167332,46.128567378,63705.68000000001,58.16280811195028
2025-08-18,W02,15.839311893600001,46.0554552649,55987.38,46.08161773753866
2025-08-18,W03,14.950816922100001,38.2296192981,48135.75,125.86663850971941
2025-08-18,W04,2.9371546339,12.592190717600003,16877.170000000002,0.6577016081603552
2025-08-18,W05,6.0690451085,21.2735682353,25799.42,0.8099805718882109
2025-08-18,W06,1.9971324021,8.5190552847,11349.98,7.183025166256046
2025-08-18,W07,19.007615130399998,34.507020489199995,55328.14,34.7123501445464
2025-08-18,W08,0.8682474550999999,3.7573753557,4809.330000000001,0.07810580257871795
2025-08-19,W01,16.2520276841,44.9045197809,62225.73,57.673843416775505
2025-08-19,W02,16.0643038596,46.9670437129,58209.149999999994,47.92453418735084
2025-08-19,W03,15.349170721600002,39.922402815,50932.54000000001,157.33541131441106
2025-08-19,W04,3.1141310163,13.2961393872,17581.71,0.6400262692189911
2025-08-19,W05,6.2549731663,21.6495049965,25738.61,0.8914455726746462
2025-08-19,W06,1.9755071966,8.3688411162,11049.43,6.976671045596291
2025-08-19,W07,19.621578088300005,35.532937028499994,59040.97,30.935540513785078
2025-08-19,W08,0.872679745,3.783170595,4980.89,0.07539596717680865
2025-08-20,W01,16.5856636344,46.45967304,64624.54,60.95205481018705
2025-08-20,W02,15.510179728499999,45.9243056506,57163.67,48.55352166570145
2025-08-20,W03,14.8880468771,38.9928595719,49458.46,149.42287380290455
2025-08-20,W04,3.3169232545999994,14.233543126999999,18934.410000000003,0.7471717430093222
2025-08-20,W05,6.475405266,22.6998581741,27314.850000000002,0.8550209319791882
2025-08-20,W06,1.8352673416999998,7.697323701900001,10286.609999999999,6.626231511355019
2025-08-20,W07,18.2560770784,33.48401948790001,55261.85,31.08502043845087
2025-08-20,W08,0.868394578,3.7327389660000003,4891.71,0.07815714472275326
2025-08-21,W01,15.711497821100002,43.5545315062,60086.340000000004,55.47022624151786
2025-08-21,W02,15.6941597802,47.5224469605,57347.1,43.43983221058167
2025-08-21,W03,14.739288188000002,39.1462768914,49890.03,143.86109206968916
2025-08-21,W04,3.0225994209000002,12.935911114300001,17619.55,0.6600451241793928
2025-08-21,W05,6.2960689399000005,22.0334757021,26136.899999999998,0.8265180394382364
2025-08-21,W06,1.9008346843,8.0217069201,10607.58,7.022935274383823
2025-08-21,W07,18.3669644116,33.669440279899995,55189.96,33.49624844135547
2025-08-21,W08,0.9100477195,3.9549478065,5085.379999999999,0.0833809361135783
2025-08-22,W01,16.339832111,43.711652432499996,60166.71,64.07852684933547
2025-08-22,W02,15.060203007400002,45.5878523092,55816.84,44.7709991509678
2025-08-22,W03,15.6550589913,39.7593049121,50787.51,169.17803872330768
2025-08-22,W04,3.1658099245,13.510913518800002,18084.370000000003,0.7038427149461502
2025-08-22,W05,6.3550637959,22.470686129599997,27587.73,0.8649314310068612
2025-08-22,W06,2.028628694,8.588524098,11262.91,6.90481823968087
2025-08-22,W07,17.5539567965,32.4754479989,54553.43,32.27797446017832
2025-08-22,W08,0.8956982144999999,3.8949237315,5016.12,0.07798970019313307
2025-08-23,W01,16.861945491,45.60910065000001,62789.44,60.40590337245292
2025-08-23,W02,15.551341395799998,46.362999969600004,56485.22,50.31852078185971
2025-08-23,W03,15.0911605522,38.401095030600004,48832.8,152.5391987729069
2025-08-23,W04,2.1917005633,9.365191375900002,12390.67,0.7992827948742636
2025-08-23,W05,4.579338773099999,16.0557759449,19034.899999999998,1.0445481478718934
2025-08-23,W06,1.3415760644999999,5.6850384015,7514.34,7.680588446279004
2025-08-23,W07,18.2468413249,33.3759760058,55335.009999999995,34.85827196241151
2025-08-23,W08,0.5949789954,2.5839300678,3375.04,0.08360430685578114
2025-08-24,W01,15.075582696500001,42.1858433532,58023.020000000004,57.89171958258132
2025-08-24,W02,15.3570643017,45.6796652284,56147.07,44.164903188763404
2025-08-24,W03,14.1408786473,36.506573670099996,46897.97,148.29252550703663
2025-08-24,W04,0.9607552388999999,4.1187987624,5439.54,1.0985810160060923
2025-08-24,W05,2.5290639843,8.9820792195,10735.630000000001,1.85057343956483
2025-08-24,W06,0.6381559268,2.7081790476000003,3630.1000000000004,12.197636125234146
2025-08-24,W07,18.273378781900004,33.924332565,56037.280000000006,31.311263771153044
2025-08-24,W08,0.2751251016,1.2027079512,1584.09,0.12278681521132268
2025-08-25,W01,16.6104252067,44.943667950300004,62963.76,63.27901562582145
2025-08-25,W02,15.934196932499999,47.2002835656,59018.64,45.73154626193572
2025-08-25,W03,16.3298617423,41.6822833781,53453.229999999996,163.42608977302297
2025-08-25,W04,3.2012639866,13.748885333000002,17903.99,0.7497539053430023
2025-08-25,W05,6.5067931902,23.0763083625,28273.96,0.9793782459134832
2025-08-25,W06,1.8632578350000002,7.872962985000001,10400.03,7.422894388781548
2025-08-25,W07,18.9589111503,34.877886270800005,56760.009999999995,35.984449782676364
2025-08-25,W08,0.9236002797999999,4.0321704186,5279.2300000000005,0.09132989977446387
2025-08-26,W01,15.719128163099999,45.234841501000005,61090.22,58.390271325889266
2025-08-26,W02,15.998882093899999,47.9666682155,57554.72,47.520820307956434
2025-08-26,W03,15.8817303931,40.7853743155,52934.520000000004,166.10082511216862
2025-08-26,W04,2.8209268993,11.9285008464,16032.13,0.5852261320301048
2025-08-26,W05,6.3537057169,22.1923764798,26376.81,0.8212727132880945
2025-08-26,W06,1.8731227347,7.948466712900001,10539.58,6.530359947077218
2025-08-26,W07,18.9752915158,34.8063016504,57093.81,31.287270465929964
2025-08-26,W08,0.8356038511999999,3.6105282384,4683.82,0.07621695748342908
2025-08-27,W01,16.385151258600004,45.7234606673,63666.92,61.99076582045735
2025-08-27,W02,15.770667855,47.2200641071,57339.04,47.736379983049304
2025-08-27,W03,15.4512839304,39.2852364886,50718.97,157.8901087297289
2025-08-27,W04,3.0517316823000002,13.081874483900002,17244.13,0.6653246396695235
2025-08-27,W05,6.3844060295,22.1904977258,26217.82,0.8246545208576275
2025-08-27,W06,1.9366493993,8.2040603451,10910.320000000002,7.373835466687989
2025-08-27,W07,18.1815751149,33.389829131099994,54992.69,34.94474310708348
2025-08-27,W08,0.8739418052,3.7840477164000004,4871.969999999999,0.08120420334998006
2025-08-28,W01,15.714874896200001,44.3878508556,60551.50000000001,56.23702725522474
2025-08-28,W02,14.8646713836,43.2720169782,53058.14,41.74930032523888
2025-08-28,W03,15.7634713964,40.51017711200001,52370.07,152.2173002481677
2025-08-28,W04,2.7972606539999996,11.934376073600001,15771.7,0.6400912048405333
2025-08-28,W05,6.3356887028,21.9048270685,26275.8,0.8949179276151539
2025-08-28,W06,1.9492533485999997,8.2753575402,10966.43,6.206034412429558
2025-08-28,W07,18.3781491314,33.5869258684,54693.07000000001,36.788525010709385
2025-08-28,W08,0.9062109594,3.9188654958,5108.700000000001,0.08007178977371378
2025-08-29,W01,15.4552334616,42.8928094852,58708.53,52.12417021328262
2025-08-29,W02,15.7104181355,45.3972819483,55414.2,45.92695772113636
2025-08-29,W03,15.1329736271,39.0415478141,49342.64,134.9062494615508
2025-08-29,W04,3.1190758907,13.448572661400002,17423.93,0.7137822975083905
2025-08-29,W05,6.277448166999999,21.9401558025,26343.68,0.8883736601933846
2025-08-29,W06,2.0767669071999997,8.875902830400001,11531.58,7.499952717187184
2025-08-29,W07,19.5759266112,35.949805004,59504.23,34.936361920364924
2025-08-29,W08,0.8652794417999999,3.7756380726,4977.629999999999,0.08128120195331269
2025-08-30,W01,16.715652418999998,45.3046698139,62912.49,62.58949937469109
2025-08-30,W02,15.2131567893,45.0046374318,54861.37,43.25458553958921
2025-08-30,W03,15.167301959500001,39.2662526797,50133.33,142.24768780128673
2025-08-30,W04,2.0839994407,8.878987992,12270.95,0.7270444347419881
2025-08-30,W05,4.5811583006,16.1542170605,19454.02,0.931139766464964
2025-08-30,W06,1.2351089259,5.1496213713,6801.66,6.98555461486689
2025-08-30,W07,19.263186927299998,35.1086312095,56339.86,35.241448003315
2025-08-30,W08,0.5846093709000001,2.5332275463,3251.7400000000002,0.07799221569851676
2025-08-31,W01,15.682605679300002,42.7158130357,58576.229999999996,60.22344130265317
2025-08-31,W02,14.5335420461,42.596136281,52574.979999999996,50.916276787065584
2025-08-31,W03,14.891580203700002,38.1932328635,49042.880000000005,154.86413340092972
2025-08-31,W04,1.0325004268,4.408068393,5717.74,1.0155079325643999
2025-08-31,W05,2.3687444099,8.200180138899999,9605.099999999999,1.5589013790756934
2025-08-31,W06,0.6189927917,2.6128140519000005,3588.06,12.014611640139751
2025-08-31,W07,19.2010689442,34.811103405299995,58288.97,36.5217081777443
2025-08-31,W08,0.24149113149999996,1.0429275705,1368.11,0.12644944742442074
2025-09-01,W01,16.835769985899997,44.3081271435,60869.39,59.90055569909841
2025-09-01,W02,15.5832023591,44.123787974799995,55011.82,43.12137461702363
2025-09-01,W03,15.5935125485,38.6727329191,50772.7,171.16354618947784
2025-09-01,W04,2.6438551786000004,11.109946259500001,14955.849999999999,0.5671612749642931
2025-09-01,W05,6.3593047366999995,21.4452592169,26109.92,0.9487018052964532
2025-09-01,W06,1.7314464641,7.2059851587,9927.66,5.903933113172163
2025-09-01,W07,20.1194241987,36.07237290620001,59339.78,36.237764358994674
2025-09-01,W08,0.755691706,3.2399541420000006,4180.96,0.06634456869323734
2025-09-02,W01,15.942765954400002,41.76086993,59153.17,55.20615942047053
2025-09-02,W02,15.440572461199999,43.670485096700006,54390.56,44.31114355589482
2025-09-02,W03,15.8212237269,38.8271994425,50837.57,142.17107488924634
2025-09-02,W04,2.5795659806999995,10.8162083769,14931.04,0.5307116663878932
2025-09-02,W05,6.3096206463,21.4398064709,25456.54,0.8629164124671156
2025-09-02,W06,1.8226428422999998,7.6648245861,10271.58,6.203516726229374
2025-09-02,W07,19.634399314600003,35.4766309156,57913.21000000001,35.90710376089728
2025-09-02,W08,0.7208414821,3.0932210847,3990.57,0.06586227117649854
2025-09-03,W01,16.6253392839,45.6896710405,63346.69,52.904818723627685
2025-09-03,W02,15.218785528,43.5846322955,53292.02,44.843699069463185
2025-09-03,W03,15.8911267646,39.0234041802,50876.51,156.170475795784
2025-09-03,W04,2.7999134693000003,11.9220774687,16110.24,0.6058256413024875
2025-09-03,W05,6.0633775520999995,20.543089206100003,24654.02,0.7559447370734081
2025-09-03,W06,1.7560462961,7.3415340627,10288.179999999998,6.561985195191493
2025-09-03,W07,20.5130438054,36.7885365648,61334.35,36.84247697983214
2025-09-03,W08,0.8129751347999999,3.4901287836000003,4521.2699999999995,0.06853488543322749
2025-09-04,W01,16.295730553600002,42.2925797196,58325.88,56.5570649035675
2025-09-04,W02,15.302411895399999,44.1163420674,54202.840000000004,45.06329038389049
2025-09-04,W03,15.2952162225,37.693983390499994,48826.21000000001,151.49478241813753
2025-09-04,W04,2.810992516,11.910015373300002,16167.109999999999,0.5290672536424054
2025-09-04,W05,6.4272940252,21.9570338987,26586.43,0.865583826241491
2025-09-04,W06,1.8400146069,7.7357550783,10516.41,6.3810740472681236
2025-09-04,W07,19.122626227099996,34.5946274069,56007.84,33.73584899123906
2025-09-04,W08,0.6769055511,2.8854094677,3859.12,0.06894799415337212
2025-09-05,W01,15.717269243999999,42.093280660999994,58527.42,58.57833136050567
2025-09-05,W02,15.0314928832,42.3882073697,51757.57,42.60361565662005
2025-09-05,W03,15.328265614400001,37.04449826,47837.41,137.82676294711098
2025-09-05,W04,2.6738387777,11.2384196882,15518.57,0.5697828488644037
2025-09-05,W05,5.9518113348,20.0905226052,24105.78,0.8300581121576269
2025-09-05,W06,1.69054809,7.098467070000001,9652.550000000001,5.886637451947183
2025-09-05,W07,21.3415800455,38.45184920169999,61875.49,35.416595521476566
2025-09-05,W08,0.7884603453,3.3845348871,4502.76,0.07195290979516801
2025-09-06,W01,16.5436059795,43.7031829799,61051.41,63.570084688482254
2025-09-06,W02,16.036442111999996,44.4122243242,54056.2,45.98302526473345
2025-09-06,W03,15.982421743100002,39.2983619845,50133.420000000006,156.1393292604533
2025-09-06,W04,1.9038832952999998,8.0246735167,10699.560000000001,0.7010638468597116
2025-09-06,W05,4.6568821012,15.9216914853,19289.81,0.9614420594581392
2025-09-06,W06,1.1872060885,4.9503551295,6746.9400000000005,6.692632552567789
2025-09-06,W07,20.3033450934,36.6148888607,59010.74,36.99528450408066
2025-09-06,W08,0.5127916496,2.1976077072000004,2863.69,0.08122934080714578
2025-09-07,W01,15.373331357399998,41.0334973649,57916.3,61.599276184637574
2025-09-07,W02,15.1909708181,42.258334199800004,52378.49,48.13987500942771
2025-09-07,W03,16.3074676439,40.451630036100006,52832.28,165.50931851434603
2025-09-07,W04,0.891984488,3.7368860688000005,5056.64,1.0492614317962328
2025-09-07,W05,2.3594695897,8.135804640600002,9833.72,1.5696551967599293
2025-09-07,W06,0.5788654882,2.4390921174,3264.34,9.687476791511864
2025-09-07,W07,18.584772675500002,33.6540384669,54212.11,34.279002725200215
2025-09-07,W08,0.23328842549999998,1.0057782285,1310.5900000000001,0.11115732066594781
2025-09-08,W01,16.9044444278,43.505665387499995,61234.08,57.764337090331296
2025-09-08,W02,15.665281484400001,45.2703771553,54805.41,47.72333903342554
2025-09-08,W03,15.6618402786,38.215035489399995,49824.71000000001,144.55526585075455
2025-09-08,W04,2.6936680015000003,11.405832986600002,15569.88,0.5837547515019885
2025-09-08,W05,6.5538799579,22.4907664687,26700.35,0.8448496752219254
2025-09-08,W06,1.7800427242,7.478513849400001,10056.83,6.2869267703631495
2025-09-08,W07,19.5395082771,35.04974915169999,58426.03,36.166994800817385
2025-09-08,W08,0.7333121384,3.1315720488,4052.21,0.066397718411874
2025-09-09,W01,16.4046669359,42.9967173559,58951.78,59.365573188508066
2025-09-09,W02,16.295795948200002,44.709333908599994,55223.979999999996,49.05195716087474
2025-09-09,W03,17.426063640800002,42.2534388788,55753.75,185.5791060883271
2025-09-09,W04,2.5978233419,10.9769538321,14786.62,0.5671946087739488
2025-09-09,W05,6.502532982799999,21.9478422861,26324.690000000002,0.8861439249605818
2025-09-09,W06,1.739266338,7.261983486000001,9771.75,6.143841867102804
2025-09-09,W07,19.9531195045,35.83691137099999,58686.5,35.924445336763775
2025-09-09,W08,0.8037313102999999,3.4460417421,4603.12,0.07527126007628163
2025-09-10,W01,16.20152109,42.6293805286,59269.92,51.224599062867554
2025-09-10,W02,15.2858926606,42.871198441,52357.03,44.55021817869176
2025-09-10,W03,15.838309577,38.417896941600006,49101.75,146.01557644510004
2025-09-10,W04,2.6367946478,11.1412622651,15106.58,0.638046464579493
2025-09-10,W05,6.133556507500001,20.6947665746,25262.61,0.8292902184135751
2025-09-10,W06,1.7069073521,7.138872254700001,9739.89,6.4668564223120555
2025-09-10,W07,20.1984863974,36.06698211999999,58812.34,34.547287830233536
2025-09-10,W08,0.7625326996,3.2666350572000002,4244.4800000000005,0.07474852973251368
2025-09-11,W01,16.371447286,42.6116740831,59312.06,56.35862288501722
2025-09-11,W02,15.1222161939,42.5830995507,52862.56,43.632685653817305
2025-09-11,W03,14.728294232999998,36.206541221,46219.09,154.55312114884148
2025-09-11,W04,2.607924936,11.0307177717,15030.779999999999,0.5942046373903093
2025-09-11,W05,6.411064716,21.8912219939,25873.15,0.8000710729492474
2025-09-11,W06,1.7360621545,7.1861250315,10040.47,6.045058287805506
2025-09-11,W07,20.0662267216,36.220491847999995,58852.9,37.82597668863386
2025-09-11,W08,0.7755785654,3.3340456578000004,4393.22,0.07451451246745064
2025-09-12,W01,16.2270632178,43.6007226934,60585.259999999995,59.61908603455815
2025-09-12,W02,15.7687079495,45.2698223492,54240.49,44.747506191950464
2025-09-12,W03,16.0994774865,39.6848502293,50128.52,162.52412689912072
2025-09-12,W04,2.5770980335,10.809317616200001,14827.44,0.5534581190742289
2025-09-12,W05,6.651559048899999,22.3943833468,26557.699999999997,0.9003856062086867
2025-09-12,W06,1.5798830296,6.4439474472,9032.73,5.840429967320745
2025-09-12,W07,19.7115228701,35.393028947,58607.81,36.43986014922366
2025-09-12,W08,0.7561260623,3.2316545661000005,4306.37,0.07255654626814943
2025-09-13,W01,15.872575845399998,41.92169853949999,58310.009999999995,62.55300909334531
2025-09-13,W02,15.354337049099998,43.1503711586,53308.96000000001,43.429531232428026
2025-09-13,W03,15.8029601678,38.38143348180001,49304.85,153.27352422140967
2025-09-13,W04,1.8564495091,7.7843176859,10528.3,0.6836358962981021
2025-09-13,W05,4.0862730287,13.7392691878,16543.24,0.8706956403351038
2025-09-13,W06,1.0836672291,4.4508943737,6097.210000000001,6.907706811025128
2025-09-13,W07,18.397401795,33.2134509523,55127.45,30.43634645258952
2025-09-13,W08,0.5215271232,2.2471006224,2968.55,0.0856605353776037
2025-09-14,W01,15.4184337497,40.4771107849,56850.83,59.19829893071329
2025-09-14,W02,14.572849808800001,41.7516367794,51495.05,45.14961151291331
2025-09-14,W03,14.1975301499,34.3771655185,44557.82,165.9365375163628
2025-09-14,W04,0.9243123366,3.9041821384,5183.63,1.05024632293706
2025-09-14,W05,2.2509636215,7.6717980199,9378.400000000001,1.6057356731608108
2025-09-14,W06,0.5316144163000001,2.2221437241000004,3035.02,8.661600891227842
2025-09-14,W07,18.9236967679,33.6118859488,55940.91,35.026110395651095
2025-09-14,W08,0.2202275827,0.9423996488999999,1243.58,0.10620773632722548
2025-09-15,W01,17.2277326659,43.282085607,61583.07,62.25578703008401
2025-09-15,W02,15.7404470259,45.4015574063,56066.020000000004,44.432658561088935
2025-09-15,W03,16.565536395,39.9494787362,52694.19,158.90355202447984
2025-09-15,W04,2.5106684785999995,10.4699460853,14322.68,0.5644479603112135
2025-09-15,W05,6.2566695972,21.005117301600002,25438.05,0.8870999186723054
2025-09-15,W06,1.70355801,7.098467070000001,9646.009999999998,5.5501336091744315
2025-09-15,W07,20.8308919206,37.4485724234,60880.24,35.10956634985698
2025-09-15,W08,0.7738535754999999,3.2969584785,4404.8099999999995,0.07274786314421419
2025-09-16,W01,17.001755319099995,43.8370734961,60583.82,64.21378459292663
2025-09-16,W02,15.602330878199998,44.109350859600006,54340.73,47.770377844591884
2025-09-16,W03,15.4716274369,37.469029986299994,47869.91,156.10403927818305
2025-09-16,W04,2.6330207481000003,11.056168454800002,15279.41,0.502473943906564
2025-09-16,W05,6.1426327349,20.745986925500002,24919.78,0.7823662389484003
2025-09-16,W06,1.8081929590999999,7.6110977637,10198.62,5.999452406326624
2025-09-16,W07,17.7440952856,32.1581025571,52988.189999999995,30.868046569027396
2025-09-16,W08,0.7324514530999999,3.1269771417000003,4156.139999999999,0.07288558613647156
2025-09-17,W01,16.6004002851,43.8288178864,61308.64,64.18118873492648
2025-09-17,W02,15.750617985300002,45.044435165100005,54993.32,46.20250271425387
2025-09-17,W03,16.2959762302,40.0654540872,50843.06,154.68562805721933
2025-09-17,W04,2.8600234371,12.148392769800001,16679.44,0.5990059592436334
2025-09-17,W05,6.0630547497,20.6632953978,24412.97,0.8541244837791773
2025-09-17,W06,1.6305883794999998,6.7349321865,9212.33,5.664538470223269
2025-09-17,W07,20.723305021900003,37.1403496846,61299.130000000005,35.815484653645875
2025-09-17,W08,0.7306877414,3.1528271298,4227.88,0.06729592758405685
2025-09-18,W01,16.2941975819,42.70279174470001,60180.96,57.888202524184926
2025-09-18,W02,15.096492537600001,42.8103159347,53266.34,42.78711592503997
2025-09-18,W03,16.329611502800002,40.007612599,51620.74,153.30665348680012
2025-09-18,W04,2.6266038802000002,11.179089222100002,14915.81,0.6037671558140374
2025-09-18,W05,6.1100399013999995,20.722287626800004,24741.41,0.8305667080587961
2025-09-18,W06,1.7881922710000002,7.467388437,10223.26,6.521726798935045
2025-09-18,W07,20.3473190619,36.596240888,57947.21,35.146059429539704
2025-09-18,W08,0.7956834964999999,3.4280647455,4512.63,0.07572575956929545
2025-09-19,W01,16.801433372300004,44.6752367906,62300.25,60.49948641866395
2025-09-19,W02,16.396553494200003,46.8347825439,58294.01,45.69232428918175
2025-09-19,W03,16.5429340757,41.2411165989,52312.02,149.0045673031714
2025-09-19,W04,2.8394248122,11.992599239200002,16013.43,0.7487200127519136
2025-09-19,W05,6.0913093174999995,20.9717750132,25376.86,0.7754366612699048
2025-09-19,W06,1.7101985902999999,7.1468325021000005,9684.699999999999,6.256877523222759
2025-09-19,W07,20.605818756799998,36.995241121599996,61295.02,37.79601191668883
2025-09-19,W08,0.7618962616,3.2740375512000006,4312.18,0.0717240441375685
2025-09-20,W01,17.3930559014,44.93983602829999,62587.81,59.38223250734039
2025-09-20,W02,16.520849427100003,46.144963026899994,57437.13,51.623460053558155
2025-09-20,W03,16.4727962164,39.5597438604,52723.55,174.3577401526297
2025-09-20,W04,1.8546456194,7.811973827300001,10505.279999999999,0.6778241959669977
2025-09-20,W05,4.388782662,14.825768205000001,17767.95,0.9456677721191956
2025-09-20,W06,1.2278392177,5.1841484739,6740.68,6.795506064178344
2025-09-20,W07,19.656513435500003,35.3423943123,58715.99,36.100845812312095
2025-09-20,W08,0.5021987324,2.1455575668,2805.71,0.07898945033616214
2025-09-21,W01,15.514715080400002,41.1239430848,57661.16,59.235461294460826
2025-09-21,W02,15.114234916600003,42.0858137089,52335.96,45.07029985746151
2025-09-21,W03,14.880738522700002,36.8531608277,47915.05,143.71137970274083
2025-09-21,W04,0.8962683706999999,3.772390358,5154.870000000001,1.0143762556503984
2025-09-21,W05,2.8738733408,8.5525951272,10663.98,2.057485662329815
2025-09-21,W06,0.5305675294,2.1966165258,3051.9900000000002,8.989165738779798
2025-09-21,W07,19.398220324700002,34.638657956799996,57472.740000000005,37.59213888798453
2025-09-21,W08,0.21304118009999995,0.9085272507,1204.8500000000001,0.10004324042693769
2025-09-22,W01,16.0973339256,43.050400212,59446.2,63.58486005300932
2025-09-22,W02,15.072554561299999,42.9123154689,51737.409999999996,45.288903128521156
2025-09-22,W03,16.3097321739,39.4742692571,51505.47,153.0884020152434
2025-09-22,W04,2.6717404960999995,11.313686647599999,15387.980000000001,0.6099847434436253
2025-09-22,W05,6.2895614991,21.343519288,25610.57,0.8590611867808446
2025-09-22,W06,1.8891577688,7.969413261600001,10615.369999999999,6.0716509680405215
2025-09-22,W07,17.516130102800002,31.9541346566,53194.27,34.32973647830791
2025-09-22,W08,0.7930077376000001,3.4223383632000006,4541.8,0.07081580146764987
2025-09-23,W01,16.4672254622,43.2702169693,60321.58,54.34638194815267
2025-09-23,W02,15.5664265843,43.555413439,53863.26,45.4684045727121
2025-09-23,W03,15.689975169699999,38.5086234289,50848.270000000004,156.1626639232821
2025-09-23,W04,2.629333221,11.109965523500001,14943.5,0.5631836429272756
2025-09-23,W05,6.3304719516,21.390097146099997,25945.84,0.8823337411464828
2025-09-23,W06,1.6139620360999998,6.6641317227,9032.06,5.978522877833752
2025-09-23,W07,19.342646648600002,35.2055807099,57777.19,33.931253264778434
2025-09-23,W08,0.7830326966,3.3555619362000004,4450.530000000001,0.071618826733213
2025-09-24,W01,16.575373984499997,42.6698780322,59516.71,55.93439198916094
2025-09-24,W02,15.385499290700002,43.8264203065,53077.13,43.53343432054961
2025-09-24,W03,16.3567836975,40.8990094383,52540.869999999995,146.67261809646786
2025-09-24,W04,2.7810509688,11.783615728300001,15709.349999999999,0.5571166225048153
2025-09-24,W05,6.520831303,22.0027278296,26830.809999999998,0.92907029486955
2025-09-24,W06,1.70448753,7.098467070000001,9672.75,5.819329841823687
2025-09-24,W07,21.845761459800002,39.1170664934,63345.39,41.23265478419908
2025-09-24,W08,0.7474252409000001,3.1716783963000004,4245.7699999999995,0.06841294475836696
2025-09-25,W01,16.1293489261,42.305846742599996,58831.45,52.546469262821134
2025-09-25,W02,16.0575784071,45.4691916319,56096.0,45.456311502237774
2025-09-25,W03,15.3659769948,37.818528624600006,49204.229999999996,141.3054357043672
2025-09-25,W04,2.6948508642,11.3939077248,15035.699999999999,0.5724863884519176
2025-09-25,W05,6.4916576587,21.749340472,25700.760000000002,0.8498947602377004
2025-09-25,W06,1.7078199686999997,7.110273990900001,9583.77,6.369610505370728
2025-09-25,W07,20.2356035636,36.339343815,59973.89,33.3173684157146
2025-09-25,W08,0.7823286406,3.3583906242,4257.14,0.07416545264012898
2025-09-26,W01,15.4560046373,42.1371389933,58479.17,55.4692404825564
2025-09-26,W02,15.4719101861,44.40412026880001,53803.48,44.058428404923
2025-09-26,W03,15.0965529461,37.4516399073,48161.55,150.6777349871745
2025-09-26,W04,2.6531537594999994,11.3168854603,14947.17,0.5849737613793732
2025-09-26,W05,6.5212565718,22.269739891700002,26173.46,0.8745872424186423
2025-09-26,W06,1.7016028792999998,7.0958533851,9466.71,6.472138507561465
2025-09-26,W07,21.0297368871,37.519607064599995,60937.33,35.64688443874524
2025-09-26,W08,0.7450498664999999,3.1783303755000003,4260.05,0.07862399556653661
2025-09-27,W01,16.788461012699997,44.771485242,61796.46,62.03244536173514
2025-09-27,W02,16.2405371085,45.5817812911,56154.53,52.54612876125951
2025-09-27,W03,14.953071119299999,36.3179234427,47347.06,140.31483296392912
2025-09-27,W04,1.8981605673999997,8.048009070400001,11001.170000000002,0.6662524530091318
2025-09-27,W05,4.4925881279,15.2730991473,18316.15,1.0032272641786673
2025-09-27,W06,1.2655206898000002,5.369695008600001,7312.86,7.619304067576193
2025-09-27,W07,19.401414161700004,35.070059985200004,57943.14,36.33380119686804
2025-09-27,W08,0.5102553578,2.1865769646,2835.25,0.07609890857190581
2025-09-28,W01,15.6183284946,40.327036829300006,56526.16,60.0889831278855
2025-09-28,W02,15.2471682365,43.7511550672,53796.25,50.06162248332064
2025-09-28,W03,13.846637468700001,34.0982389215,44443.85,140.79655771722
2025-09-28,W04,0.9739005299999999,4.116537867999999,5519.87,1.0967755896333984
2025-09-28,W05,2.2218067317999997,7.4681358506999995,8984.789999999999,1.580722565318975
2025-09-28,W06,0.5359788513999999,2.2229529798000005,3072.0699999999997,8.831419532048113
2025-09-28,W07,18.200508677800006,32.8443710017,53931.92999999999,32.482057159327184
2025-09-28,W08,0.23298000280000003,1.0004955396000001,1294.31,0.10863159203237781
2025-09-29,W01,15.932906911400002,42.058114858500005,60252.009999999995,58.53747997266546
2025-09-29,W02,15.6915784883,44.7128614238,56386.86,46.074323674945894
2025-09-29,W03,15.8416741253,38.0063400325,48845.380000000005,154.78244934243952
2025-09-29,W04,2.8245480388,11.979990028700001,16154.74,0.6361311001896762
2025-09-29,W05,6.3643885301,21.708132889399998,25715.07,0.8492201275433684
2025-09-29,W06,1.6318493192,6.7164504744,9406.58,5.58982680624255
2025-09-29,W07,20.2490360722,36.340938847400004,59001.39,37.248923081819086
2025-09-29,W08,0.7229331717,3.1015611519,4125.46,0.0656292091412237
2025-09-30,W01,15.9390840995,40.87833613160001,57298.46,57.899879396775006
2025-09-30,W02,15.7365186034,44.4667819204,54727.81,43.84347315845929
2025-09-30,W03,15.168189778399999,37.584608137800004,48837.020000000004,146.53415298947957
2025-09-30,W04,2.8219222953,11.957295470500002,16064.050000000001,0.6613207175785153
2025-09-30,W05,6.659132033300001,22.4904741995,27308.510000000002,0.9085837471794076
2025-09-30,W06,1.6931327699999998,7.098467070000001,9052.300000000001,6.001654561502387
2025-09-30,W07,20.035090513600004,36.0480879328,59702.74,34.20358254848403
2025-09-30,W08,0.7468899218,3.1781917926000003,4172.16,0.06691471361433114
2025-10-01,W01,16.198051916300003,39.3268588619,55330.91,60.48427561854477
2025-10-01,W02,16.4195699114,44.0564980039,54460.979999999996,53.13329594079463
2025-10-01,W03,15.5680207093,36.697091102899996,48166.69,178.8132812940055
2025-10-01,W04,0.5492641214,2.2725205621,3108.78,1.9551636400526822
2025-10-01,W05,1.6902841455,5.6075242306,6538.780000000001,4.189419517182408
2025-10-01,W06,0.3214339309,1.3362819063000002,1807.92,19.834254652597803
2025-10-01,W07,21.6737490012,38.1141940669,62653.729999999996,43.23793307997535
2025-10-01,W08,0.1279246831,0.5464266717,720.4,0.19315042155740697
2025-10-02,W01,15.888427217600002,39.8068148945,56469.72,58.198940731569735
2025-10-02,W02,15.7267480777,42.4478037876,52246.840000000004,49.159145640873355
2025-10-02,W03,16.4501029557,37.871927299300005,50086.09,168.29094156095266
2025-10-02,W04,0.5635525973,2.345877648,3241.67,2.0229979118579333
2025-10-02,W05,1.6590925865999997,5.4968847698,6600.66,3.778290246224197
2025-10-02,W06,0.44980237019999997,1.3068070914000003,2689.51,27.998902595704944
2025-10-02,W07,22.529374696,39.5915576345,64874.46,43.78019264596718
2025-10-02,W08,0.1138023955,0.4838966985,659.21,0.16744511138249663
2025-10-03,W01,15.653381117099999,38.10973033379999,54369.490000000005,60.296452395736615
2025-10-03,W02,15.126603297800001,41.4637625103,50797.84,49.10421747632697
2025-10-03,W03,15.509198862,35.6013669588,47302.93,163.85148923447503
2025-10-03,W04,0.5610366690999999,2.3794988381,3206.41,2.191318373062216
2025-10-03,W05,1.7584594732,5.860014907,6946.41,4.057827329410407
2025-10-03,W06,0.33407767039999997,1.3930010928,1864.97,19.12402944644799
2025-10-03,W07,21.499244523300003,37.820410453300006,62938.56,39.79955964090281
2025-10-03,W08,0.12320574539999998,0.5253181578,673.03,0.19255982501629335
2025-10-04,W01,15.9890023656,39.6015350108,55820.5,66.23365229761022
2025-10-04,W02,15.784301634,43.6451003926,54053.4,48.94448155314517
2025-10-04,W03,16.349451978599998,38.5973786186,50062.840000000004,185.03646504674163
2025-10-04,W04,0.5563952214,2.3142518078000003,3195.19,2.0610436490120683
2025-10-04,W05,1.6331433440999998,5.2970195349,6361.47,3.6332686182555163
2025-10-04,W06,0.34748336879999997,1.4424438216000002,1960.5700000000002,19.70865911179173
2025-10-04,W07,20.848523803800003,36.7719690891,60860.51,39.95983379327133
2025-10-04,W08,0.1153129143,0.49026809010000005,671.65,0.17116410364881596
2025-10-05,W01,16.4135780762,39.7490760603,56851.5,64.45974432300605
2025-10-05,W02,15.949199425000002,43.3799049728,53734.39,48.290957556324614
2025-10-05,W03,15.7582249863,36.9211082897,48677.81,186.77300240959573
2025-10-05,W04,0.5810955802,2.4187335823,3389.88,2.515630623306233
2025-10-05,W05,1.6908713333,5.572337553700001,6702.33,4.023613659197072
2025-10-05,W06,0.3220600805,1.3057275135000002,1831.22,18.65933258980301
2025-10-05,W07,20.349666522400003,36.142734263399994,59175.06,42.36124958866241
2025-10-05,W08,0.1250258206,0.5323260042000001,700.9200000000001,0.19019673020460942
2025-10-06,W01,16.585779796900002,40.4750141065,58133.3,65.48112564954934
2025-10-06,W02,14.468693731,39.1570618549,48601.57,45.09010649019583
2025-10-06,W03,15.957461605400002,37.170494033199994,48288.47,175.03166213734934
2025-10-06,W04,0.5296781631999999,2.1994508424,3069.34,2.114525891534761
2025-10-06,W05,1.6793045233000004,5.546990932500001,6571.200000000001,3.6405712932632386
2025-10-06,W06,0.31909950519999997,1.3133940564,1802.48,18.965795257057948
2025-10-06,W07,20.6096918143,36.367307825699996,60207.07,39.953961751990946
2025-10-06,W08,0.1287299501,0.5483828007,727.0300000000001,0.19178131900547202
2025-10-07,W01,15.555012916699999,38.873067393899994,55205.38,70.14946679549564
2025-10-07,W02,15.4392527665,40.7264318527,50370.8,47.089843371417764
2025-10-07,W03,15.4928988497,36.4443494623,47679.74,168.06129835007482
2025-10-07,W04,0.536969379,2.2280393726,3156.34,2.1053081845092234
2025-10-07,W05,1.7234463040999999,5.7072362106,6689.3,4.240158402836209
2025-10-07,W06,0.32303810669999994,1.3420430769,1875.9299999999998,19.685442212065812
2025-10-07,W07,21.0779435644,37.3252388432,61278.81999999999,44.32376234509878
2025-10-07,W08,0.12720742659999998,0.5403900462,730.17,0.20686320765609373
2025-10-08,W01,16.760503005300002,41.0188917228,57786.340000000004,66.1273386726795
2025-10-08,W02,16.0527729935,43.79420312090001,54757.19,47.81738105358792
2025-10-08,W03,16.420717975,38.3600913106,50780.13,167.34489656050954
2025-10-08,W04,0.7576960420000001,2.4846477758,4561.46,2.80626084991963
2025-10-08,W05,1.6895502417000001,5.4877194178,6624.2300000000005,3.9623133914940025
2025-10-08,W06,0.3175473898,1.3238727486,1805.58,18.68915248072509
2025-10-08,W07,21.3171920444,37.780817633299996,61709.09,39.17355702028583
2025-10-08,W08,0.12155815469999999,0.5214498129,682.46,0.19068005656488332
2025-10-09,W01,17.688613333300005,43.561891402300006,62180.009999999995,59.2008210893939
2025-10-09,W02,17.1047379228,47.098315877,57777.07,51.39258746428303
2025-10-09,W03,16.6590850141,40.12542292890001,52902.25,181.45767767272648
2025-10-09,W04,2.24500886,9.3512378044,13285.259999999998,0.4755833626555622
2025-10-09,W05,6.3962679687,20.9711927385,24866.33,0.8179322690301309
2025-10-09,W06,1.7032059085,7.0806537495000015,9588.460000000001,5.578191379575742
2025-10-09,W07,24.1325395302,42.4860479317,71118.81,46.14887619366337
2025-10-09,W08,0.7443867618999999,3.1857591032999997,4198.0199999999995,0.06805210209678983
2025-10-10,W01,17.2565196256,43.0125123858,61680.63,61.33056458103059
2025-10-10,W02,16.4517319103,45.4777679242,56117.29,46.17278284602086
2025-10-10,W03,16.0520805809,38.86394286710001,51047.62,161.68330879926674
2025-10-10,W04,2.2627750541,9.350112580400001,12935.800000000001,0.5595647113504012
2025-10-10,W05,6.4728384994,21.3721000632,25030.14,0.8790009936910788
2025-10-10,W06,1.6107302804,6.6475742028,9296.9,5.999330615863084
2025-10-10,W07,22.9829660884,40.6219461006,65696.20999999999,38.87011495206976
2025-10-10,W08,0.7005478621,2.9856625047,3909.0,0.05822813397024991
2025-10-11,W01,15.6717206007,39.431097100900004,55213.75,52.932126647234455
2025-10-11,W02,16.000849448100002,43.7515489583,53620.39,49.006895664038815
2025-10-11,W03,17.279764281200002,40.1368562792,53312.66,169.27005486853963
2025-10-11,W04,1.8131097745000002,7.631561662200001,10405.41,0.6354065705752728
2025-10-11,W05,4.492546933700001,15.096571012299998,17928.4,0.9666442751158134
2025-10-11,W06,1.1236589951,4.6309608957,6445.71,6.33475586368249
2025-10-11,W07,21.165421178400003,37.5516175495,61714.81,37.20182653273222
2025-10-11,W08,0.46931261129999996,1.9984435491,2691.68,0.07663576736664665
2025-10-12,W01,15.6303638843,38.0871223287,54297.65,60.245384895835336
2025-10-12,W02,16.3712476098,44.3558342383,55073.880000000005,60.15899435129147
2025-10-12,W03,15.9258817272,37.065845926,48373.06,162.1813247438848
2025-10-12,W04,0.9082964814999999,3.8278518158000003,5316.5,0.9037614067608738
2025-10-12,W05,2.3945358541,7.8940517275,9358.55,1.4426270505541485
2025-10-12,W06,0.5282445846999999,2.1992153829,2983.4500000000003,9.302865024743319
2025-10-12,W07,22.198809180700003,39.103610705899996,64125.82,42.338607215305274
2025-10-12,W08,0.20758938079999997,0.8859907055999999,1149.19,0.08919425913632681
2025-10-13,W01,17.6043780961,43.4924737008,61517.119999999995,64.71936096738735
2025-10-13,W02,17.0179978812,45.909695453,57960.43,46.26140464516971
2025-10-13,W03,17.387628879399998,40.885257171800006,54337.97,177.36325029479568
2025-10-13,W04,2.357753107,9.8490995662,13717.06,0.5397326754681149
2025-10-13,W05,6.31902269,21.0148281453,25232.6,0.8150707563749486
2025-10-13,W06,1.774258304,7.458474648,9811.08,6.38447475728854
2025-10-13,W07,21.6385896035,38.292700294899994,63049.49,36.378260393025144
2025-10-13,W08,0.7615653797,3.2472842079000004,4302.93,0.07382545493514969
2025-10-14,W01,17.632427364999998,44.4551107568,62878.009999999995,59.40804767151164
2025-10-14,W02,16.1472874654,44.467169818,54724.25,49.225782990320866
2025-10-14,W03,17.7053042044,42.3385606754,54914.14,168.54650017991946
2025-10-14,W04,2.4934409671,10.529175956700001,14218.85,0.5297745142786483
2025-10-14,W05,6.3547357533,21.069095062600002,25073.26,0.8459566387993014
2025-10-14,W06,1.720622717,7.139203599,9694.29,5.619607674520383
2025-10-14,W07,25.804846048200005,45.347312844600005,74226.89,47.04843994099994
2025-10-14,W08,0.6834105447,2.8879096629,3857.11,0.06216724976294212
2025-10-15,W01,17.1185428066,41.888959413799995,58886.58,57.17883537172747
2025-10-15,W02,15.9624962016,43.8045787242,53371.77,44.67245657738237
2025-10-15,W03,17.452025761199998,41.1145480722,52936.89,154.75632708054374
2025-10-15,W04,2.6083145502,10.9885524351,15134.710000000001,0.5824936543540393
2025-10-15,W05,6.1239810802,20.1243929072,24105.75,0.8733856548957952
2025-10-15,W06,1.6507259243999999,6.872249590800001,9327.26,5.232841211583269
2025-10-15,W07,21.9312306879,38.786903306999996,63086.64,37.16477439367032
2025-10-15,W08,0.6907642305999999,2.9239931142,3793.98,0.06564150173638744
2025-10-16,W01,17.245942462899997,44.2429003002,61565.149999999994,62.13477758766667
2025-10-16,W02,16.8585678663,45.8657268098,56353.2,45.39035485106876
2025-10-16,W03,18.7183734797,43.0750890373,56216.25,182.40473084876243
2025-10-16,W04,2.3796860593999996,9.9431873679,13747.5,0.5114453265676093
2025-10-16,W05,6.1652130087,20.053146457100002,23657.47,0.7740254093404628
2025-10-16,W06,1.580955985,6.504870315,8707.89,5.512840935639887
2025-10-16,W07,23.229534612200002,41.1652350011,68151.19,42.23851257125505
2025-10-16,W08,0.7081805748999999,3.0245752143,4018.72,0.07276310253652432
2025-10-17,W01,17.0215365851,41.768241951200004,59531.74,61.24507181829631
2025-10-17,W02,16.6760235998,46.855189691,56110.979999999996,47.17337406769352
2025-10-17,W03,16.9669682623,40.2871777625,51851.77,170.06252706050978
2025-10-17,W04,2.5539411411,10.717411533699998,14533.7,0.6226242439719369
2025-10-17,W05,6.3407568082,20.9127910496,25344.79,0.8299908774993291
2025-10-17,W06,1.6149931660999999,6.781898672700001,9292.900000000001,5.448033187939386
2025-10-17,W07,22.6836788082,40.082778577700005,66092.33,40.82434307079571
2025-10-17,W08,0.6874010893999999,2.9129133258,3829.0699999999997,0.06361136620600166
2025-10-18,W01,17.095899566900002,43.8180005985,62392.0,57.61316310424082
2025-10-18,W02,16.9551826559,46.500614604300004,56851.35,51.02111133616396
2025-10-18,W03,15.8505881388,38.282682622399996,49868.299999999996,156.07885518979862
2025-10-18,W04,1.7347372032000001,7.287603225300001,10042.64,0.6590170622760997
2025-10-18,W05,4.467469147699999,14.476150554799998,17260.57,0.9238410853527524
2025-10-18,W06,1.0608739725,4.369538797500001,6033.37,5.6086385011895326
2025-10-18,W07,21.8958790457,38.739411855600004,63668.94,39.659837573629034
2025-10-18,W08,0.49361654520000003,2.0864927364,2767.7799999999997,0.070387618753736
2025-10-19,W01,15.9539494862,39.7178628137,55942.259999999995,59.80839616796189
2025-10-19,W02,15.733952463600001,42.6690634517,52547.47,51.972518840177585
2025-10-19,W03,16.1589667961,37.8129881895,49813.189999999995,156.1403690801044
2025-10-19,W04,0.7916427218,3.3210254480000003,4547.91,0.7974786707122724
2025-10-19,W05,2.4247517068000004,7.920715081,9423.66,1.6945616868241151
2025-10-19,W06,0.5088864582,2.1106563474,2934.4100000000003,8.931123013741905
2025-10-19,W07,22.624635563900004,39.9760705482,64519.26,40.971294394855555
2025-10-19,W08,0.2085988271,0.8818543197000001,1168.49,0.09968966380594911
2025-10-20,W01,17.2444777474,43.4147003855,60710.75,60.878404536452244
2025-10-20,W02,16.366011906500002,43.728944652600006,54033.6,49.84121812293103
2025-10-20,W03,17.818672858099998,42.7072872067,56084.83,162.90166532367917
2025-10-20,W04,2.3671884381,9.8510451019,13874.08,0.495565167933394
2025-10-20,W05,6.4228412667,20.986301830600002,24584.89,0.8314352245338352
2025-10-20,W06,1.5591608770999998,6.4195243497000005,8978.39,5.18608740965198
2025-10-20,W07,23.798548036300005,41.7106434561,69084.41,40.853632137461986
2025-10-20,W08,0.7458731633,3.2025065331,4277.53,0.07258429465165193
2025-10-21,W01,18.523500563400003,44.607333148500004,62622.69,63.462726337535976
2025-10-21,W02,17.372842013699998,46.64756473,58297.96,47.62044195532579
2025-10-21,W03,15.927032233700002,37.75551619109999,49592.090000000004,145.27854560936234
2025-10-21,W04,2.4696049059,10.353095963,14230.09,0.5717047248884823
2025-10-21,W05,6.419367037000001,21.0907133258,25015.079999999998,0.8851795219035278
2025-10-21,W06,1.8230723647,7.541215482900001,10477.44,6.135088976123573
2025-10-21,W07,23.832690651200004,41.70525844989999,69678.47,42.95788448860114
2025-10-21,W08,0.7241755696000001,3.1023316272,4039.98,0.06718240188436203
2025-10-22,W01,17.1250961657,42.4694598206,60454.62,59.624865660100134
2025-10-22,W02,16.3831158607,43.4423809817,54512.84,53.1269058999212
2025-10-22,W03,17.588570111300005,41.5265758357,55050.87,174.0029887744604
2025-10-22,W04,2.7016624333999997,11.4611841053,15208.08,0.5570513811940533
2025-10-22,W05,6.3614354382,21.441855146,25545.54,0.8996020920079623
2025-10-22,W06,1.6195698761999997,6.6671366334,9151.67,5.393226959310281
2025-10-22,W07,24.430091761299998,43.1256803067,70759.03,42.09769413253745
2025-10-22,W08,0.6548603821000001,2.7874262247000003,3691.63,0.06341149316423611
2025-10-23,W01,18.4259695602,44.046558535699994,63995.53999999999,72.32166654970209
2025-10-23,W02,18.308514269,49.671822101900005,62400.97,50.501230964649025
2025-10-23,W03,17.2211486684,40.474392475600006,53456.67,164.89824932637526
2025-10-23,W04,2.60237029,10.927777327400001,14897.580000000002,0.5118042979150385
2025-10-23,W05,6.5405602096,21.394939765,25521.87,0.8716564157546265
2025-10-23,W06,1.6102331049,6.6494590443,9159.34,5.929042597870272
2025-10-23,W07,23.608303655100006,41.4611005984,70062.8,36.2444096620323
2025-10-23,W08,0.6662145727,2.8339136589,3816.21,0.06253852932159289
2025-10-24,W01,16.5154255342,41.3824280478,59111.979999999996,66.5952633870571
2025-10-24,W02,16.9480016438,47.126135448499994,58018.84,42.223593798005425
2025-10-24,W03,17.061410242,39.7746534268,51419.18,175.99243111487044
2025-10-24,W04,2.4153181582,10.097028372699999,13692.800000000001,0.5019109916704141
2025-10-24,W05,6.632347878599999,21.971283015,25995.03,1.0195991793518013
2025-10-24,W06,1.5678324407,6.489148854900001,8796.17,5.43384399146019
2025-10-24,W07,22.6615591597,40.0380493316,64652.0,40.960275531443806
2025-10-24,W08,0.7148718682999999,3.0535726881000005,4048.27,0.06698164629731707
2025-10-25,W01,18.601377289999995,45.37171163639999,65048.950000000004,70.68359384262284
2025-10-25,W02,16.593915477499998,46.2802420824,57267.28,50.8883127942101
2025-10-25,W03,16.418203159,39.698582038599994,50373.58,171.4712755120158
2025-10-25,W04,1.5414093078000002,6.341371761600001,8917.27,0.5978519147513465
2025-10-25,W05,4.4761365284000005,14.6873370711,17406.68,1.0190880870505996
2025-10-25,W06,1.0622808501,4.3569602607,6100.82,6.060894459342264
2025-10-25,W07,23.6580288355,41.5845495642,68235.76999999999,41.696679560051045
2025-10-25,W08,0.4691442777,1.9944605739,2660.73,0.07101008982208588
2025-10-26,W01,17.7067644381,42.8892771428,61281.69,64.31596656157262
2025-10-26,W02,15.9615198329,42.6965422053,52784.93,48.41724603962799
2025-10-26,W03,16.1960775394,38.1587245652,49902.83,164.2954132157965
2025-10-26,W04,0.8957512532999999,3.7726358614,5210.93,0.9396616418223588
2025-10-26,W05,2.3621406686,7.773805174900001,9312.14,1.6750584807372655
2025-10-26,W06,0.5218279655,2.1537921285,2938.3100000000004,10.043458350174182
2025-10-26,W07,23.6229006247,41.269063187499995,66941.19,46.398654613467315
2025-10-26,W08,0.2088063045,0.8965714815,1175.68,0.09896525869770771
2025-10-27,W01,18.0792714912,45.3334259335,64685.76,62.199471184108226
2025-10-27,W02,15.4840271339,42.5123469919,52203.380000000005,46.85356963994469
2025-10-27,W03,17.605216923800004,41.297269140000004,53210.22,168.11062338909898
2025-10-27,W04,2.4576989542,10.324954615600001,14334.050000000001,0.49583941272349047
2025-10-27,W05,6.051973030399999,19.817830992000005,23742.510000000002,0.7268707403076963
2025-10-27,W06,1.5908333652999997,6.5776445871,8972.95,5.564436223692081
2025-10-27,W07,22.878201387500003,40.026025409,66413.76000000001,41.149990534578244
2025-10-27,W08,0.698696457,2.9946053790000007,3953.25,0.0648168663302827
2025-10-28,W01,17.5767538041,43.9924671998,62738.59,61.51503968452846
2025-10-28,W02,17.052919215099998,45.968887694100005,57180.8,46.857432748700305
2025-10-28,W03,17.429338587500002,41.234930693900004,54783.79,164.58143537360368
2025-10-28,W04,2.287308947,9.471790472799999,13207.58,0.4711203213072101
2025-10-28,W05,6.4826747195,21.1832418943,25636.33,0.8985511738996528
2025-10-28,W06,1.6876119712,7.0083756383999996,9558.630000000001,5.393402975362972
2025-10-28,W07,22.8357482254,40.3777825641,66022.74,38.68701935117717
2025-10-28,W08,0.7053061519,2.9758316733000005,4026.73,0.06371701687533138
2025-10-29,W01,17.3041443332,43.224959753300006,61885.090000000004,64.93185414169766
2025-10-29,W02,16.4885822994,44.6111289884,55087.479999999996,44.871652500265334
2025-10-29,W03,17.2058765536,40.2139281844,52367.479999999996,160.1172230415604
2025-10-29,W04,2.3622295214999998,9.789983620700001,13677.439999999999,0.5174734418651418
2025-10-29,W05,6.4413402231,21.588140477400003,25816.22,0.8235576736856088
2025-10-29,W06,1.6126001886999999,6.6511824909,9157.74,5.693043757634383
2025-10-29,W07,22.1261915754,39.0174260415,63806.3,37.877066778850924
2025-10-29,W08,0.6941796143000001,2.9570437101000002,4059.5,0.0606877707228771
2025-10-30,W01,16.8777726679,42.402771872500004,60928.100000000006,66.7741709213124
2025-10-30,W02,16.846224421800002,45.8755903284,57506.729999999996,46.787010075487004
2025-10-30,W03,16.9607004014,40.140674572200005,52321.58,165.33153063186012
2025-10-30,W04,2.2554516015,9.3509746444,12931.39,0.48440872764112053
2025-10-30,W05,6.2561076485,20.364678072300002,24439.11,0.9177772639412162
2025-10-30,W06,1.7035672515,7.1150257305,9656.59,5.766457539425983
2025-10-30,W07,22.7214215816,40.230011083,66706.62,39.81415658951404
2025-10-30,W08,0.6501171514999999,2.7749286705,3671.25,0.06349122724005515
2025-10-31,W01,16.518988776300002,41.47899178510001,59184.78,52.425756130094925
2025-10-31,W02,17.0962747725,45.9880454361,56104.65,45.889879942289625
2025-10-31,W03,18.343739430099998,42.3462279805,55608.79,169.32109464079676
2025-10-31,W04,2.5594415985,10.7506158481,14844.990000000002,0.5690140278108478
2025-10-31,W05,6.4532385361,21.3622821818,25676.239999999998,0.8354466044810803
2025-10-31,W06,1.8113760938999999,7.5861254673000005,10499.81,6.29754719189798
2025-10-31,W07,22.9397077897,40.500489734300004,68032.68,41.764295968984065
2025-10-31,W08,0.6674625440999999,2.8525430787,3774.4,0.06299023488984724
2025-11-01,W01,19.337483596100004,45.803053386,65081.75,68.44739270023645
2025-11-01,W02,18.222308809900003,48.8574714138,60264.09,51.91156441374713
2025-11-01,W03,21.5923545028,48.9319374204,65052.89,232.65367047161376
2025-11-01,W04,1.8093689549999998,7.6491167359,10561.37,0.7122024946802356
2025-11-01,W05,5.0820690295,16.457826350300003,19675.52,1.030301027387957
2025-11-01,W06,1.2752290225,5.3945389875,7099.75,7.766835917753321
2025-11-01,W07,28.326103086400003,49.2890706572,78444.85999999999,50.67217957270661
2025-11-01,W08,0.5352482620999999,2.3188677447,3014.0699999999997,0.08130967596640717
2025-11-02,W01,18.6323093297,45.112628021199995,62246.770000000004,67.5406691957748
2025-11-02,W02,17.322975816099998,46.1547036526,56848.92,52.38512728457595
2025-11-02,W03,19.0385226321,43.6063499129,57064.92,191.1076130985124
2025-11-02,W04,0.8582189685000001,3.5922669037000006,4943.999999999999,1.0491661605548162
2025-11-02,W05,2.5754831767,8.214480759799999,9837.61,1.851439054297013
2025-11-02,W06,0.5536315323,2.3154676161000003,3176.2799999999997,9.286003560885609
2025-11-02,W07,28.592319369200002,49.6856577439,78077.48,49.01534861537302
2025-11-02,W08,0.22734444029999998,0.9671187321000001,1298.22,0.10054625807076488
2025-11-03,W01,20.2892642197,49.6480601357,69781.53,67.78203466964665
2025-11-03,W02,19.7885203747,52.6316821013,65114.18,55.58619981263886
2025-11-03,W03,20.6417044392,46.967717835,62418.68,185.36679154423655
2025-11-03,W04,2.7036777897999995,11.386754625700002,15326.66,0.5743975521034719
2025-11-03,W05,7.2679860345,23.7391628058,28216.36,1.018998874374218
2025-11-03,W06,1.6587328215,6.8933501205,9524.33,5.919901859769589
2025-11-03,W07,28.106975410500002,49.0979335441,80622.83,50.672506820160855
2025-11-03,W08,0.7470041113,3.1904846091,4271.76,0.07174756132149636
2025-11-04,W01,21.2801845072,51.0480087318,73467.05,73.97403459924706
2025-11-04,W02,20.1628364014,52.62907587,65100.5,59.843871025513174
2025-11-04,W03,20.455972026399998,47.327499762600006,62612.64,193.34567132703214
2025-11-04,W04,2.4784928964,10.373826446400003,14056.210000000001,0.5543485444087353
2025-11-04,W05,7.7190560931,25.265294321000002,30024.52,1.0869834005082972
2025-11-04,W06,1.6870866328,7.1407445496,9581.36,6.2615022112693834
2025-11-04,W07,28.4934467785,49.3276413622,79428.98999999999,48.14603055103555
2025-11-04,W08,0.8113073177,3.4649220939000003,4527.900000000001,0.07598306169922554
2025-11-05,W01,19.3555632501,45.7902466898,65358.44,65.91169775181417
2025-11-05,W02,20.3050392604,54.887876825,67972.75,53.545632394715334
2025-11-05,W03,20.3374288611,46.888722224700004,62708.369999999995,206.63288927486462
2025-11-05,W04,2.5876004602999996,10.8117535234,14852.82,0.535832932701168
2025-11-05,W05,7.642247806099999,24.9533620743,28661.19,0.9814569226171609
2025-11-05,W06,1.7702333377000001,7.4304461139,9989.550000000001,6.665612374942108
2025-11-05,W07,27.4929691724,48.0985463759,80348.58,50.65344765958074
2025-11-05,W08,0.8244101187,3.5866754409,4535.0199999999995,0.07144246570712745
2025-11-06,W01,21.579216864400003,52.3391015443,75090.79000000001,80.38988222119569
2025-11-06,W02,20.469591844399996,53.879172944100006,66072.38,62.562554156962705
2025-11-06,W03,19.6941427008,44.9548389122,59602.15,187.28144982597615
2025-11-06,W04,2.7361629119999997,11.6900555616,15806.07,0.6243504807280916
2025-11-06,W05,7.315804110199999,23.899021642,29127.440000000002,0.8981293353394875
2025-11-06,W06,1.8266537739,7.7090821473,10172.37,6.31769384297192
2025-11-06,W07,27.615806886800005,48.0203963968,79388.96,47.44861710918104
2025-11-06,W08,0.6854594152,2.9172487464,3841.37,0.0605545031807352
2025-11-07,W01,20.3057249324,49.8694554966,70951.81,72.65095844463447
2025-11-07,W02,18.5513505037,50.2541035815,62074.82,54.88597714690619
2025-11-07,W03,21.8645844085,48.776465538299995,66869.85,203.39905120655652
2025-11-07,W04,2.5297093443,10.5751791739,14626.04,0.5838552501080141
2025-11-07,W05,7.080147022799999,22.881980369199997,27221.670000000002,0.936304082875473
2025-11-07,W06,1.7471857983999999,7.3119851088,9907.83,5.878445854403655
2025-11-07,W07,29.668211248,51.64318051109999,84396.41,50.139275003548995
2025-11-07,W08,0.7662340589000001,3.2916809223000003,4353.91,0.07276324308129425
2025-11-08,W01,19.8272078444,48.720546212100004,69490.6,70.55644543435868
2025-11-08,W02,18.5204340954,49.1946493208,60994.9,56.54196614705451
2025-11-08,W03,21.4612403263,49.9576279293,64343.75,220.77421150613628
2025-11-08,W04,1.7424154359,7.2928799944,9920.25,0.597974795606242
2025-11-08,W05,5.093749378500001,16.754470342400005,19778.01,1.1109454620857577
2025-11-08,W06,1.1407918444,4.7427493908,6577.82,6.841699668347916
2025-11-08,W07,29.1626715012,50.380585824499995,83765.9,54.513742151188865
2025-11-08,W08,0.5058083465000001,2.1853240155000004,2876.51,0.07278405443950224
2025-11-09,W01,18.979979162899998,46.5797904307,67851.51,83.26341697513939
2025-11-09,W02,19.026145228,49.5291981859,62224.61,61.133677015121044
2025-11-09,W03,19.1187754632,44.1982385618,58367.61,191.9343793677405
2025-11-09,W04,0.8759992888999999,3.6755127240000003,5034.860000000001,0.880038666378678
2025-11-09,W05,2.7604817622,9.0886382249,10779.130000000001,1.7739745274725276
2025-11-09,W06,0.595836354,2.514030678,3374.6099999999997,11.200141995150286
2025-11-09,W07,25.4591713834,44.8552412441,70723.82,48.88914971858059
2025-11-09,W08,0.2274660167,0.9815564469000001,1290.94,0.1109261334687078
2025-11-10,W01,21.708488737000003,51.1044655718,74109.54,77.95209342334418
2025-11-10,W02,20.0073150308,52.3413674209,65417.229999999996,66.37730669966625
2025-11-10,W03,20.669576264499998,46.96607084309999,62759.03,204.80946744978743
2025-11-10,W04,2.7460146783,11.6507448511,15615.970000000001,0.6226698877000679
2025-11-10,W05,7.5521828861000015,24.633506425700002,29534.92,1.038139982762235
2025-11-10,W06,1.7454981332,7.2895221324,10153.27,6.289516739753176
2025-11-10,W07,26.381986946300003,46.3649685098,75022.82,47.453542822427764
2025-11-10,W08,0.7678159265,3.2906794755,4312.38,0.0696001831159332
2025-11-11,W01,20.640291342799998,49.511100096,70420.78,72.46631748084795
2025-11-11,W02,19.4603988759,52.343519839900004,64393.71000000001,53.63562389657853
2025-11-11,W03,21.1350940063,48.124901688099996,64341.14,202.19552661774836
2025-11-11,W04,2.6363011686999998,10.985467381000001,14956.64,0.5535107000963494
2025-11-11,W05,7.392823513699999,23.9944378835,28066.23,1.014393606972301
2025-11-11,W06,1.7530606162999998,7.3482282441,9994.3,6.365044718248492
2025-11-11,W07,26.968465027999997,47.31632211099999,75911.76000000001,47.257796627455235
2025-11-11,W08,0.7588742873,3.2428609611000003,4314.79,0.06546168634638092
2025-11-12,W01,21.468873933199998,49.8934854706,70975.98,70.48519448696102
2025-11-12,W02,18.9941056718,50.54760313130001,63225.51,57.50161409226727
2025-11-12,W03,19.4667054158,45.344670716799996,59401.0,180.16886554740066
2025-11-12,W04,2.7519992262999993,11.6446284368,16048.05,0.6508199284097875
2025-11-12,W05,7.0121362850999995,22.7358589774,26939.25,0.94353604724747
2025-11-12,W06,1.5640220758,6.3989382306,8979.3,5.600514480205111
2025-11-12,W07,28.983254647000006,50.2723195655,82216.95000000001,49.22745463701803
2025-11-12,W08,0.8063270192,3.4834197743999997,4640.48,0.08586659731970589
2025-11-13,W01,20.9760595451,49.8515641822,71680.05,63.80822162799329
2025-11-13,W02,19.0474183052,50.3143334093,61765.380000000005,52.49637796231324
2025-11-13,W03,19.5395409634,45.1528438378,58638.020000000004,192.46797178317786
2025-11-13,W04,2.9773670611,12.769658408200002,17176.16,0.6146413721967798
2025-11-13,W05,6.7622904673,21.6328795062,25474.68,0.8717972261614567
2025-11-13,W06,1.7913659446999999,7.514867622900001,10318.85,5.9380459323910415
2025-11-13,W07,27.1055305532,47.8452760043,78735.53,47.16745127291331
2025-11-13,W08,0.7031381451,2.9893523457,3981.53,0.0722604310356256
2025-11-14,W01,20.203036934700002,49.006178277500005,69604.01,68.38519085637884
2025-11-14,W02,19.8531162181,52.0884344681,64013.32,53.820714925381225
2025-11-14,W03,21.3024430956,48.1834416948,64024.15000000001,224.33306053770573
2025-11-14,W04,2.8517441676999997,11.9968233847,16144.75,0.6545312377809491
2025-11-14,W05,7.2461535817,23.581913927000002,28123.670000000002,0.9682761430955129
2025-11-14,W06,1.6608824482,6.9230188374,9388.18,5.6132891545335335
2025-11-14,W07,28.6858775623,50.171132661099996,81356.67000000001,49.97940176791172
2025-11-14,W08,0.724057981,3.080583807,4030.99,0.06737921437660513
2025-11-15,W01,21.1671287434,49.6596178618,72220.78,76.45868699845401
2025-11-15,W02,19.1180828018,49.6516845293,62827.6,54.042980921366926
2025-11-15,W03,18.9209141395,43.5595000323,57567.9,181.82521924159866
2025-11-15,W04,1.8108339112,7.6267547992999996,10266.2,0.673499192433504
2025-11-15,W05,4.717197979000001,15.018236500300002,17760.14,1.009892977460015
2025-11-15,W06,1.1844101284,4.9655998187999995,6654.07,6.261618196813178
2025-11-15,W07,28.883022784900003,50.343409273,82368.04,52.90638269384002
2025-11-15,W08,0.502124584,2.151947208,2811.25,0.07684361063117026
2025-11-16,W01,18.937953707200002,44.419047123800006,65242.149999999994,70.32210449642226
2025-11-16,W02,18.6370744801,50.6829618707,63470.11,55.834562585869605
2025-11-16,W03,18.2080086415,41.0407739487,54647.69,206.47278073050143
2025-11-16,W04,0.9393651497,3.9426235909000007,5307.040000000001,1.0008407946719284
2025-11-16,W05,2.7758319261,8.9073060986,10666.279999999999,1.8593842132339102
2025-11-16,W06,0.5533247481,2.2842733467000005,3194.41,10.642497847745807
2025-11-16,W07,27.6035609357,48.272925427800004,77741.85,49.095341054239796
2025-11-16,W08,0.2196511485,0.9394352295000001,1256.25,0.10304935763968709
2025-11-17,W01,20.3185563742,48.4280393043,68931.73999999999,66.93048674372565
2025-11-17,W02,18.9632183743,51.076592387800005,64031.88,50.610150134777356
2025-11-17,W03,19.9196288093,46.3449042565,60290.24,186.55180663900802
2025-11-17,W04,2.6648641334999996,11.238434216500002,15055.730000000001,0.5954714896506694
2025-11-17,W05,7.3373147408,23.933708080000002,28672.82,0.8769012045670048
2025-11-17,W06,1.8097783774,7.5218041818,10013.32,5.949773740860555
2025-11-17,W07,26.965639681300004,47.5810741166,77304.26000000001,45.03422734071389
2025-11-17,W08,0.7452245393999999,3.1846612758,4215.37,0.06910091372100338
2025-11-18,W01,19.300254259700004,47.8115137868,68152.26,71.09377720203629
2025-11-18,W02,19.594141342500002,52.9868151668,65084.149999999994,54.30598193647627
2025-11-18,W03,20.469223612399997,46.690435087400004,60879.03,210.1692466928147
2025-11-18,W04,2.6579888837,11.241012466199999,15222.44,0.6071607540657441
2025-11-18,W05,7.0997698607,22.9392320144,27800.07,0.9754049656453982
2025-11-18,W06,1.813031509,7.618757463,10420.029999999999,6.25293244329175
2025-11-18,W07,25.7758025569,45.3509190368,74433.13,43.11315375553637
2025-11-18,W08,0.724572883,3.1068062010000004,4142.19,0.062411050201258624
2025-11-19,W01,20.336081556,50.20477814589999,71637.69,70.64279108770565
2025-11-19,W02,19.240307591199997,50.7900613024,62194.020000000004,56.41954944607679
2025-11-19,W03,20.1653233841,46.0117536871,61071.13,197.75353414760917
2025-11-19,W04,2.5725707942,10.7817995539,15113.02,0.5680067638305013
2025-11-19,W05,7.2113132787000005,23.464985644200002,28118.75,1.012088433781542
2025-11-19,W06,1.6858679452999998,7.0093616871,9559.240000000002,6.277061037844035
2025-11-19,W07,29.627926915500005,51.95508505789999,84277.74,55.931086334907754
2025-11-19,W08,0.7193842379000001,3.0628252353,4083.5,0.06373892145605073
2025-11-20,W01,21.026215628000003,49.977692049999995,72013.82,71.11908630533607
2025-11-20,W02,19.9971371802,53.297813316900005,65304.68,58.33657783709512
2025-11-20,W03,20.8890340252,48.678716363,64088.07,194.23528778836769
2025-11-20,W04,2.6828786292,11.2823355331,15493.8,0.6303965026096964
2025-11-20,W05,7.1300439764,22.9386456149,27356.24,0.9386058138438895
2025-11-20,W06,1.6319736544,6.7235723808,9394.33,5.760971100779791
2025-11-20,W07,28.5475775843,49.8674332657,81209.62999999999,46.20784707271515
2025-11-20,W08,0.8327553378,3.5713794246000004,4609.7300000000005,0.07463091543562667
2025-11-21,W01,20.001598767700003,47.7822727551,67441.45999999999,68.480098766772
2025-11-21,W02,19.417562189,51.7800092852,64851.05,52.57837568472842
2025-11-21,W03,20.7060290715,47.751612681900006,64010.649999999994,185.6144026345985
2025-11-21,W04,2.5219177446000005,10.582339536600001,14588.67,0.5666659127202672
2025-11-21,W05,7.2343326237,23.6621146851,27734.42,0.8475321387475423
2025-11-21,W06,1.6566747947999998,6.8636814036,9712.47,5.213177404920291
2025-11-21,W07,24.776511794200005,43.8549933713,72417.19,40.32523806177238
2025-11-21,W08,0.8278868622,3.5870261754,4718.04,0.07959060058449405
2025-11-22,W01,19.2700775641,47.154487486,68346.03,67.70672097740425
2025-11-22,W02,17.9951000398,49.014626388699995,60587.07,46.95517179782903
2025-11-22,W03,19.8769812839,46.2597698831,60257.090000000004,210.23831280236925
2025-11-22,W04,1.8972126679999999,8.0693438237,10713.89,0.6075347861938225
2025-11-22,W05,5.2393414046,16.8587234823,20009.05,1.0963274908751697
2025-11-22,W06,1.1572803896000001,4.8037646472,6534.56,5.813960118963889
2025-11-22,W07,26.9022697167,46.9741825406,77112.34,45.57829523891007
2025-11-22,W08,0.5191541914000001,2.2308231198,2925.89,0.08321785805711154
2025-11-23,W01,19.778517702200002,47.1227536192,67411.57,74.23365349352191
2025-11-23,W02,19.7364928055,52.7840845908,66058.23,63.62280127235977
2025-11-23,W03,19.387685800400003,44.4594576198,57681.14,196.9812830244656
2025-11-23,W04,0.9904123706999999,4.1954472567000005,5711.9400000000005,1.1644430409407602
2025-11-23,W05,2.7673241409999996,9.0652292099,10918.669999999998,1.7629704522027858
2025-11-23,W06,0.5710349272999999,2.3899202811,3254.67,9.630568477417613
2025-11-23,W07,28.0024474332,48.75503455569999,81767.79000000001,54.55716591176539
2025-11-23,W08,0.19418364660000004,0.8226885462000001,1089.63,0.09541814139093237
2025-11-24,W01,19.5311581546,47.8450320039,67773.68000000001,66.40630960097377
2025-11-24,W02,19.656606471400003,52.0622610765,64451.68,62.06029814102686
2025-11-24,W03,20.803438740599997,46.843616166,62606.259999999995,187.52480002704237
2025-11-24,W04,2.548501646199999,10.716636495,14727.07,0.5657801147455055
2025-11-24,W05,6.885790313099999,21.9109093884,25991.56,0.9118572079104366
2025-11-24,W06,1.5389450641,6.3446040387,8870.6,5.881446085201845
2025-11-24,W07,27.106535663100004,47.6141946821,78569.48000000001,50.67722031068303
2025-11-24,W08,0.7731577677,3.3246853239000003,4248.97,0.06953424152183622
2025-11-25,W01,20.8762867986,49.96677975630001,72685.23,78.08072319275306
2025-11-25,W02,18.8630353312,50.102984931799995,62994.86,53.13321539770263
2025-11-25,W03,20.4573177436,46.3815430576,61172.07,198.84446830415723
2025-11-25,W04,2.6797320678,11.3620649952,15555.76,0.6188889158383964
2025-11-25,W05,7.2594009828,23.548795394,27618.05,0.9804211543723503
2025-11-25,W06,1.6530877814999998,6.8933501205,9591.669999999998,5.310221171977141
2025-11-25,W07,26.5639113231,46.537450875100006,75944.72,46.910576323713016
2025-11-25,W08,0.7342868667,3.1334694369,4173.49,0.06558724605812975
2025-11-26,W01,21.7022829179,52.8151044052,74762.61,72.82987428234884
2025-11-26,W02,19.4104845681,51.1664048348,63683.22,58.91605830176653
2025-11-26,W03,21.507433878400004,49.19998920500001,65173.12,207.2126893500588
2025-11-26,W04,2.6687872963999997,11.1997074809,15125.769999999999,0.5925708247182788
2025-11-26,W05,7.3972034983,23.6886753161,28297.59,1.0917337350316898
2025-11-26,W06,1.6836152944,7.0075817808,9656.6,5.372783043145264
2025-11-26,W07,27.0804464741,47.5234382079,77445.57,46.79401722796674
2025-11-26,W08,0.6308987129999999,2.686324011,3579.47,0.0664093981963638
2025-11-27,W01,21.229691571,50.935805827,71972.59,81.28967024555733
2025-11-27,W02,20.656174094999997,54.6712430467,69167.36,69.25652491483827
2025-11-27,W03,20.726513676200003,46.6767333074,61106.08,216.42646920337907
2025-11-27,W04,2.6631823583,11.2577814429,14945.189999999999,0.6176545157240639
2025-11-27,W05,7.4775150754,24.2427804636,28067.24,1.1068741781392533
2025-11-27,W06,1.7372188586,7.3593987102,9927.7,6.05292193027996
2025-11-27,W07,27.488360352499996,48.243963600099995,78043.81000000001,45.978306366092106
2025-11-27,W08,0.7093580429999999,3.048863721,4066.98,0.06340220244070909
2025-11-28,W01,19.956089642400002,47.6087668423,68512.44,80.34790552198123
2025-11-28,W02,19.212296686300004,51.522086453600004,61914.979999999996,59.88777196832968
2025-11-28,W03,20.577640999100005,47.6015946461,61591.6,205.25301480325174
2025-11-28,W04,2.8011810612000003,11.894070184400002,15666.56,0.5668667391140696
2025-11-28,W05,7.5787566234,24.829525918500003,29434.8,1.1825965973080124
2025-11-28,W06,1.7086743491,7.051234253700001,9572.43,5.651574238926227
2025-11-28,W07,26.374300143899998,46.286811642699995,74864.37,42.685149452806364
2025-11-28,W08,0.74849061,3.20308995,4230.51,0.06740744733304964
2025-11-29,W01,22.00774188,52.141386713500005,75091.09,84.06864418239535
2025-11-29,W02,19.7049143021,52.4994598895,65206.240000000005,59.789043741617974
2025-11-29,W03,20.5219413065,45.8971618507,61781.0,192.944296896448
2025-11-29,W04,1.8776090159999999,7.9744925765,10617.15,0.6131380644706224
2025-11-29,W05,4.9695240068,16.2730363987,19153.19,1.1444983523633045
2025-11-29,W06,1.1598389116999999,4.8864860919,6585.13,5.95140165584832
2025-11-29,W07,26.8327592412,46.681129975999994,77361.48,47.07642024621788
2025-11-29,W08,0.5147286071999999,2.1984882504,2871.19,0.08151944419720558
2025-11-30,W01,19.6965954104,47.78942008210001,69319.47,69.28589915013369
2025-11-30,W02,19.102568328,52.010069707,63694.73,59.422183978697994
2025-11-30,W03,18.9557743457,44.132452499699994,57813.100000000006,183.9598453626156
2025-11-30,W04,0.8828659365999999,3.7349345235,5012.42,0.9718152110524165
2025-11-30,W05,2.7125532832,8.827804779800001,10478.03,1.6843543372281256
2025-11-30,W06,0.5751299891999999,2.4046973244000003,3274.51,9.808144704798936
2025-11-30,W07,25.201615428,44.3348462666,72210.56999999999,45.148326802771784
2025-11-30,W08,0.2229385674,0.9509786718000002,1243.37,0.10462988940436047
2025-12-01,W01,22.291216506100003,55.8138734825,79352.20000000001,79.56516922684294
2025-12-01,W02,21.7921123725,57.1069651792,71015.38,62.34547423313059
2025-12-01,W03,22.733965660400003,51.066101671199995,67711.53,224.1897900537449
2025-12-01,W04,2.9018871523,12.3703550665,16414.91,0.6650134227706518
2025-12-01,W05,7.770700998500001,24.8917688462,29459.649999999998,1.109694945459915
2025-12-01,W06,1.9074812139,8.045331027300001,10539.060000000001,6.8738309467781855
2025-12-01,W07,32.124991017700005,56.1276123217,92864.38,57.6273336030682
2025-12-01,W08,0.8618646849999999,3.708461295,4791.679999999999,0.0776501471124701
2025-12-02,W01,24.688601434600002,57.1355065622,85050.4,90.49277715523561
2025-12-02,W02,21.101181620900004,54.9855445238,68992.58,57.822387303079225
2025-12-02,W03,22.943812566300004,52.9945749143,69487.91,233.9605837468262
2025-12-02,W04,3.2615424461999996,13.9814920197,18230.72,0.7764883959646459
2025-12-02,W05,7.5559465608,24.2644652628,28730.489999999998,0.9432193844189192
2025-12-02,W06,1.9094667835,8.0744300145,10650.75,6.407499147665308
2025-12-02,W07,33.1549410542,57.617341264000004,92970.29999999999,58.666048044491085
2025-12-02,W08,0.8668723146,3.7529583822,4963.54,0.07861130357646152
2025-12-03,W01,25.875232519900003,59.9495583548,86710.62999999999,89.48568248828485
2025-12-03,W02,22.771459067900004,59.4107140649,73695.38,71.46296393156064
2025-12-03,W03,22.438811241800003,50.75878912220001,68899.13,220.0012867600055
2025-12-03,W04,2.8480980080999996,12.1195217832,16144.63,0.5951774746661227
2025-12-03,W05,8.1099033974,26.617926458000003,32095.89,1.0540067807364255
2025-12-03,W06,2.0469576731,8.737018241700001,11532.96,7.099997478703037
2025-12-03,W07,33.133303653000006,57.476498508199995,92402.12,57.667064047048015
2025-12-03,W08,0.8093498074,3.4794607518000005,4677.44,0.07313713588094191
2025-12-04,W01,22.890023083299997,53.5685013453,76915.53,80.06247974235927
2025-12-04,W02,21.8149055809,58.316471314199994,73166.12,60.35320007774156
2025-12-04,W03,24.257071491900003,54.4304430725,72537.42000000001,246.68291918175996
2025-12-04,W04,3.0013729677,12.813768016,17348.17,0.6435461197983449
2025-12-04,W05,8.354111168900001,27.390049325800003,32733.29,1.0991419950332706
2025-12-04,W06,2.0429976283999998,8.6943352788,11932.78,7.094505409957322
2025-12-04,W07,29.8005900942,51.86697640519999,86190.43000000001,56.775140780890396
2025-12-04,W08,0.7656655849,3.2835484443,4277.47,0.07359145467444002
2025-12-05,W01,23.918213597100003,55.342510610999994,78757.39,80.40789749614235
2025-12-05,W02,22.0931309883,58.4226797523,72734.96,68.48778147868003
2025-12-05,W03,23.6783633057,53.8359983391,70987.45999999999,239.642568904025
2025-12-05,W04,2.8248877644000006,11.947563763500002,16418.91,0.6440300520693338
2025-12-05,W05,8.0252483484,26.215237626300002,31585.61,1.034319308577973
2025-12-05,W06,2.0980828689999997,8.911057263,11737.779999999999,7.890970757924507
2025-12-05,W07,33.5185553302,58.140585044299996,94662.38,62.276912571114316
2025-12-05,W08,0.8626120617,3.7383011019,4782.14,0.07929370771953806
2025-12-06,W01,22.976128033200002,56.1564542483,79884.63,84.42729332662113
2025-12-06,W02,22.675666799400002,58.297156739900004,72781.51999999999,63.51460526700559
2025-12-06,W03,24.6050920493,55.197418176499994,74430.54000000001,228.97403682648107
2025-12-06,W04,1.920827726,8.144933507300001,10904.27,0.7164778675765993
2025-12-06,W05,5.651753030700001,18.069346386,21378.33,1.2207134294712365
2025-12-06,W06,1.2032700821,5.0060072847,6759.76,6.759146854022841
2025-12-06,W07,32.074803221,55.481000720999994,90600.57,52.5597590855611
2025-12-06,W08,0.5564184949000001,2.4111605343,3173.44,0.08571374576952642
2025-12-07,W01,23.749176564300004,54.93040044080001,79214.15,87.1663763380044
2025-12-07,W02,21.184909524400002,54.9978251583,69043.06,62.22784425025189
2025-12-07,W03,22.1469489014,49.755221265399996,65404.969999999994,225.72439383784334
2025-12-07,W04,0.9865362615,4.1877061276,5536.110000000001,1.126055687199734
2025-12-07,W05,3.0504532920000003,9.8567569912,11613.560000000001,1.9575005034199835
2025-12-07,W06,0.6418275654999999,2.7135986085,3652.18,12.436349580499522
2025-12-07,W07,30.5723637483,53.06269987539999,85348.68000000001,55.363454159453255
2025-12-07,W08,0.23312683569999998,1.0036327599000001,1312.3500000000001,0.10818542996785901
2025-12-08,W01,23.997222037900002,55.6879286383,80614.04,92.69738925397004
2025-12-08,W02,21.347672366,55.1714680759,68953.28,69.70463681393854
2025-12-08,W03,22.647660093800003,50.6930654146,66918.66,212.3729156121942
2025-12-08,W04,2.822743465,12.0010884697,16271.37,0.5968930121645714
2025-12-08,W05,7.7860246504,25.064180194600002,29405.289999999997,1.0651174656139555
2025-12-08,W06,1.9424608992,8.1806386944,10878.94,7.233952402800537
2025-12-08,W07,34.6730458786,60.2766466824,97144.41,63.46225248070402
2025-12-08,W08,0.8468845421,3.6695662647,4758.17,0.07611310980350075
2025-12-09,W01,25.1287382131,57.755506714599996,85222.32,84.59914626691311
2025-12-09,W02,22.802869120700002,60.997747929199996,75866.76000000001,68.89583873362419
2025-12-09,W03,24.1440700254,54.5462795626,71929.73,221.3366888094387
2025-12-09,W04,3.0235958234,12.885604335300002,17096.809999999998,0.6648132279017898
2025-12-09,W05,7.6372714911,24.391739793200003,28978.32,1.0958368277189656
2025-12-09,W06,1.9785107047,8.372598822899999,11311.099999999999,6.2912720946944996
2025-12-09,W07,33.0866439694,57.6158413274,91238.66,55.90178260026256
2025-12-09,W08,0.8826379453,3.8457935271000006,4929.31,0.0871865868126128
2025-12-10,W01,23.793579246500002,55.472235051999995,78165.47,94.5142296064287
2025-12-10,W02,22.584721746400003,60.115206353000005,75287.81,66.95677698211995
2025-12-10,W03,23.085184709500002,52.3781671767,68670.06,204.08777613292784
2025-12-10,W04,3.1770991120000005,13.5307676956,18102.89,0.6964811616162945
2025-12-10,W05,7.901928538300001,25.5462314381,30698.86,1.0249164525092458
2025-12-10,W06,1.9039295036,8.0131050852,10838.39,7.488326602242648
2025-12-10,W07,30.2193643947,52.7643085872,83553.42,58.5617088958696
2025-12-10,W08,0.868322203,3.761738721,4889.74,0.09119478742117546
2025-12-11,W01,23.853064583600002,55.6945969682,78929.02,80.82250332430903
2025-12-11,W02,22.194475513999997,57.66753819009999,71413.44,70.64479585574688
2025-12-11,W03,24.363672955000002,54.6421443996,73020.67,237.40947891798135
2025-12-11,W04,2.8386578189999994,12.101982687600001,16408.7,0.6264784530759848
2025-12-11,W05,8.387507159,27.250003811499997,32223.94,1.141993811113636
2025-12-11,W06,1.9219298245999998,8.024676472200001,11029.39,6.0973576874879045
2025-12-11,W07,30.834896272599998,53.6965164964,85489.32999999999,48.901898152712086
2025-12-11,W08,0.8460968709,3.6826101663,4785.849999999999,0.07545996285226336
2025-12-12,W01,22.540304632100003,54.3229144605,76848.43000000001,75.09880200738318
2025-12-12,W02,21.041801545800002,54.7874684507,68190.5,59.96694561201517
2025-12-12,W03,23.7725047983,53.1707247321,71137.42,223.76860037745797
2025-12-12,W04,2.7400253931000003,11.586767896200001,15475.880000000001,0.6174668932869352
2025-12-12,W05,7.923403426,25.3942532089,29969.969999999998,1.0909713978469455
2025-12-12,W06,1.8263710371,7.721177069700001,10188.11,6.690812578443548
2025-12-12,W07,31.1068151639,54.016616859699994,87408.18000000001,58.4347705836937
2025-12-12,W08,0.8334766605999999,3.6071554842,4611.96,0.07801870747229532
2025-12-13,W01,21.145996890000003,51.629343479300005,72136.77,79.0321379343853
2025-12-13,W02,21.5391246568,56.1681158967,70009.9,68.30206549781037
2025-12-13,W03,21.827659305,49.6902324616,66067.99,209.93382292688557
2025-12-13,W04,1.8042379059000002,7.624752991200001,10181.22,0.6856708392697732
2025-12-13,W05,6.5084537652,22.174671177400004,26213.280000000002,1.4336167543487894
2025-12-13,W06,1.8303501533,7.994566343100001,10763.93,9.863554151869675
2025-12-13,W07,29.851119853,52.235906531299996,84308.66,51.60553732228308
2025-12-13,W08,0.5421587955999999,2.3396922492000005,3087.14,0.09061862115177967
2025-12-14,W01,23.561911615600003,55.5751652588,79909.95,90.62726834649425
2025-12-14,W02,21.0011569905,55.323193210199996,68840.13,69.81535517602474
2025-12-14,W03,21.579573686400003,48.9431437526,65648.3,213.58724475325138
2025-12-14,W04,0.9686285872,4.108910159200001,5471.320000000001,1.0460125992959115
2025-12-14,W05,2.922510322,9.3674138082,11213.16,1.826665992880872
2025-12-14,W06,0.6470716789,2.7269698623,3650.76,11.016048603142716
2025-12-14,W07,27.3340448093,48.066700479400005,80341.2,48.71215219412832
2025-12-14,W08,0.24362431659999997,1.0532608362,1368.01,0.10302241511859504
2025-12-15,W01,23.096963686900004,55.4520820086,79427.83,77.30864828275256
2025-12-15,W02,21.453488831600005,56.9630857293,70344.36,63.72960711397874
2025-12-15,W03,22.3718660052,51.33797836360001,68657.25,197.53709365850213
2025-12-15,W04,2.9219151756,12.509301232100002,16264.96,0.62553163181792
2025-12-15,W05,7.997529120799999,25.7257819704,30370.059999999998,1.1691518020295144
2025-12-15,W06,1.9548895586,8.2945766502,10947.61,7.308572106969145
2025-12-15,W07,34.387098776500004,59.7716609775,97212.88999999998,62.561013098168495
2025-12-15,W08,0.7977378209,3.4318492563000005,4527.15,0.07116991575191149
2025-12-16,W01,23.852416921000003,56.5971770862,80270.25,81.11439174111318
2025-12-16,W02,22.091442554,58.005858030999995,72746.38,56.67073491166458
2025-12-16,W03,24.834380025500003,55.9552275927,73435.66,221.3915882958618
2025-12-16,W04,3.0792569354,13.212009559500002,17498.26,0.7080333663981929
2025-12-16,W05,7.773025479899999,24.617915995700002,29203.04,1.1019395632006979
2025-12-16,W06,1.8762235597999997,7.8712018986,10667.439999999999,6.259607852936759
2025-12-16,W07,30.292331176500003,52.9675707216,86022.37,54.448824338315255
2025-12-16,W08,0.7929751709999999,3.393735537,4505.47,0.07739836251951368
2025-12-17,W01,23.7660489561,56.0041590513,79549.19,84.13445680922695
2025-12-17,W02,21.625202241900002,57.01481620290001,71766.19,63.536075642920316
2025-12-17,W03,22.9343419174,52.273087176800004,69024.41,248.15076570692807
2025-12-17,W04,2.7138329728999997,11.4743971128,15457.47,0.5821193780463136
2025-12-17,W05,8.271970587899999,26.7402320423,31818.08,1.1154243958017713
2025-12-17,W06,1.847987143,7.743687381000001,10585.44,6.79282169821724
2025-12-17,W07,33.1612919983,57.8886283025,92806.45,60.45020890293344
2025-12-17,W08,0.8131503272999999,3.4978991211,4520.330000000001,0.07439181092091288
2025-12-18,W01,24.2970097534,57.4370055218,80693.22,89.87674551911134
2025-12-18,W02,21.823363403900004,57.1498744808,70929.51,66.70690289833809
2025-12-18,W03,23.738138628099996,53.6147876487,71798.07,222.4088242335944
2025-12-18,W04,2.6421690088,11.176807712199999,15268.61,0.595464260862471
2025-12-18,W05,8.0781681157,26.3167220494,31237.559999999998,1.114641656746912
2025-12-18,W06,1.8768382734,7.9227478938,10344.0,6.193061567702232
2025-12-18,W07,31.888497697600002,55.5387760451,90825.29999999999,50.7173732246095
2025-12-18,W08,0.8582176677,3.7105503039000003,4744.4400000000005,0.08623329793774831
2025-12-19,W01,24.7314850408,58.117579345699994,83182.28,94.53570215511638
2025-12-19,W02,22.119172045,58.6241610599,73037.95,56.559923403439235
2025-12-19,W03,24.082082726400003,54.68959812540001,72544.47,224.31150080476903
2025-12-19,W04,2.8746901483,12.163032442000002,16388.19,0.5822265748141535
2025-12-19,W05,8.0225926899,26.1817365849,30304.989999999998,1.158142588824793
2025-12-19,W06,1.9070143932999999,7.994566343100001,10719.439999999999,6.918421267001158
2025-12-19,W07,33.442914182,58.021968405,93455.06,62.53794058291353
2025-12-19,W08,0.8280969448000001,3.5773276536000003,4587.21,0.07718716523986553
2025-12-20,W01,24.024330733899998,56.5160545617,82012.01,93.94375626693673
2025-12-20,W02,21.6640233539,56.9261131599,70643.32,60.34496467689685
2025-12-20,W03,23.5357266775,51.9897394397,68699.39,225.93140841588914
2025-12-20,W04,1.8222558575999996,7.6999610683,10204.28,0.606489881028851
2025-12-20,W05,5.647754473800001,18.1224169446,21449.36,1.2711086750186582
2025-12-20,W06,1.3259818641,5.613251318700001,7554.23,7.994633176975625
2025-12-20,W07,33.55647418800001,58.1356827803,96456.81,56.660550063572536
2025-12-20,W08,0.5497343202999999,2.3636693721,3062.08,0.08320722410664147
2025-12-21,W01,22.8224510616,53.7999201666,76682.91,80.57949949193056
2025-12-21,W02,21.764894973600004,56.1115745818,69529.89,66.69147109133698
2025-12-21,W03,22.4244265313,50.0347551391,67954.38,237.74585226301673
2025-12-21,W04,0.9970306462999999,4.2383680553,5677.27,1.1262828682617143
2025-12-21,W05,3.0550773302,10.1062481162,11870.32,2.0753219759825776
2025-12-21,W06,0.6181184399000001,2.6320092093000005,3540.52,11.167451488708222
2025-12-21,W07,30.105336760900002,52.662239946199996,85886.01,52.767685891440536
2025-12-21,W08,0.2292130959,0.9826103613,1286.54,0.10959912818205421
2025-12-22,W01,24.1344977297,57.311664921799995,81619.74,78.7460976220696
2025-12-22,W02,22.3528076384,57.462008563800005,72507.24,61.02505846039603
2025-12-22,W03,24.490755573,54.65416020639999,73166.02,224.0342817036692
2025-12-22,W04,2.8429414368,12.0816890425,16384.57,0.5897191022311464
2025-12-22,W05,8.1102505802,26.317484303500002,31802.2,1.1615733863544409
2025-12-22,W06,1.9983172027999998,8.5204713396,11101.98,6.8062111388887
2025-12-22,W07,29.215085564099997,50.7115300986,83260.81,53.21780630724336
2025-12-22,W08,0.8563293113,3.6939454491,4875.8099999999995,0.08003408283781441
2025-12-23,W01,23.8207812572,55.2564154501,80622.06,78.28058250805127
2025-12-23,W02,22.7458780694,58.9611224705,74313.98,70.47565924312467
2025-12-23,W03,24.070452949000003,53.8822048264,73684.29000000001,208.76549622286404
2025-12-23,W04,2.9584083322000003,12.564914575100001,16801.46,0.665038917210711
2025-12-23,W05,8.318942446200001,26.8480438072,31766.280000000002,1.2073312969895897
2025-12-23,W06,1.9618255145999997,8.3037242622,11094.060000000001,7.090440118401364
2025-12-23,W07,31.3174892582,54.4078664754,89486.54000000001,54.390470932458015
2025-12-23,W08,0.9166033298,3.9897971286000007,5333.14,0.09008710581628784
2025-12-24,W01,24.3103810612,58.110951273999994,83111.68,73.44925422288826
2025-12-24,W02,21.7825346235,56.9878591102,72129.02,60.24830761092641
2025-12-24,W03,22.2580499998,50.939869539200004,67009.2,207.01696459941593
2025-12-24,W04,2.9600624217999996,12.5724104857,16545.57,0.6368170193934659
2025-12-24,W05,7.9173021078,25.5979996673,30136.07,1.1171972538908506
2025-12-24,W06,1.7892241543999998,7.4554954008,9859.43,6.851930878078482
2025-12-24,W07,34.3917724321,59.342654827299995,96903.95999999999,62.2684019664503
2025-12-24,W08,0.8248798593000001,3.5466483651000003,4683.72,0.07771700138836914
2025-12-25,W01,26.009340799600004,61.0333537472,88654.06,89.73813052760872
2025-12-25,W02,22.2217842117,58.5722555576,72385.66,68.38439967410771
2025-12-25,W03,23.4562860909,54.004007874900005,72180.73,217.14762165247177
2025-12-25,W04,3.1130080082000005,13.271898918500002,17680.44,0.7509471868621007
2025-12-25,W05,7.5903725032,24.2695673065,28621.660000000003,1.0175992463431907
2025-12-25,W06,1.8851273133,7.994566343100001,10269.529999999999,7.385762752019684
2025-12-25,W07,31.312716719600004,54.766008455000005,88297.3,53.048574317637005
2025-12-25,W08,0.7850107546999999,3.3930243729,4316.9,0.07500925225973025
2025-12-26,W01,24.2824456395,56.3048451257,82878.44,79.86096658707685
2025-12-26,W02,21.855661120999997,58.36322613069999,72779.01,63.255500850906174
2025-12-26,W03,23.9000437493,54.0556816809,71282.66,222.65116262168934
2025-12-26,W04,2.8209298372,11.9795543374,16277.060000000001,0.6182998145273604
2025-12-26,W05,8.3353067062,27.1332432821,31885.199999999997,1.0960841459464856
2025-12-26,W06,1.9416011799999997,8.19965934,10921.62,6.575079259186512
2025-12-26,W07,30.716663231400002,53.6575160161,86766.52,52.73672421877817
2025-12-26,W08,0.9185660104,3.9829615128,5203.8099999999995,0.0829804105685868
2025-12-27,W01,22.5448415659,54.6082246081,77254.25,77.59580909438223
2025-12-27,W02,20.1695977174,54.40630536930001,67193.84,56.99945095575602
2025-12-27,W03,24.0846527571,54.2398909757,73440.34,249.73199184069185
2025-12-27,W04,2.0538762116,8.7568598147,11580.5,0.7474348453728301
2025-12-27,W05,5.686883087300001,18.4003197851,21601.88,1.1430817384164365
2025-12-27,W06,1.3394646398,5.699043258600001,7448.860000000001,7.526646773767581
2025-12-27,W07,31.258383748300005,54.6728462358,88181.12999999999,54.883272638413615
2025-12-27,W08,0.5653047006,2.4362155242000005,3233.92,0.07460897929350781
2025-12-28,W01,21.6859719905,52.0255065736,75701.39,81.00122510682644
2025-12-28,W02,20.1825247511,53.626598550000004,65047.79,63.18867114097952
2025-12-28,W03,22.4913052162,52.0874605476,69849.37,231.7066923826596
2025-12-28,W04,1.0429893003,4.4336166542,5867.36,1.0978603611502915
2025-12-28,W05,3.1103026757,10.146811041,12147.18,1.967709098218985
2025-12-28,W06,0.5958971708,2.5204134756000003,3390.95,10.561058606266837
2025-12-28,W07,28.176874539500005,49.302236783400005,80630.15,51.44891793644679
2025-12-28,W08,0.2218345894,0.9523359858,1235.96,0.10817220856328941
2025-12-29,W01,24.2505673737,57.6483750199,80530.28,87.0268983036432
2025-12-29,W02,22.166076283499997,58.4410741518,71484.45999999999,63.61993571871394
2025-12-29,W03,23.6280017419,53.4384765503,71849.03,263.4554467514077
2025-12-29,W04,2.7937986834,11.7926504362,16242.84,0.6556707599522926
2025-12-29,W05,8.2755597841,26.798457196300003,31553.92,1.1662401711769745
2025-12-29,W06,1.7578329123999998,7.3303829868,9895.89,6.308254307820395
2025-12-29,W07,30.776636187000005,53.799781482499995,86896.40000000001,49.377081567725234
2025-12-29,W08,0.8439220957,3.6579230199,4754.66,0.07932824354627727
2025-12-30,W01,24.8492792039,58.5459132835,84283.33,88.22688709435758
2025-12-30,W02,23.5573601016,62.3342968166,78304.67,74.57598391054944
2025-12-30,W03,23.726118685200003,54.056798597400004,72979.93,217.03365061470916
2025-12-30,W04,2.8736395799000003,12.161114486099999,16301.41,0.6054558923366934
2025-12-30,W05,7.7919949521,25.0058375423,29355.14,1.0094278905806404
2025-12-30,W06,1.8640207746000002,7.8649354422,10769.96,6.68817374203456
2025-12-30,W07,30.970179929100006,53.9067604736,87786.01000000001,52.83075310099537
2025-12-30,W08,0.7815769875999999,3.3717527532,4410.29,0.06437576750965768
2025-12-31,W01,24.4382949369,57.2488595663,81849.63,82.89591134844153
2025-12-31,W02,21.0898661084,57.019141463699995,70432.76000000001,55.51601026723666
2025-12-31,W03,22.664110300700003,52.1754886143,69685.79000000001,195.93258842340046
2025-12-31,W04,2.9763198474,12.687247939100002,17040.67,0.5973153894535392
2025-12-31,W05,8.689365625099999,27.8266996021,32037.26,1.120764934070607
2025-12-31,W06,1.9990230798,8.4164086986,11207.880000000001,7.248404860980173
2025-12-31,W07,32.11159334880001,55.8579906979,90736.6,59.998903871615084
2025-12-31,W08,0.7912190557000001,3.4058504199,4475.44,0.06754262144083414
