record_date,workshop_code,tce,co2_t,cost_yuan,unit_energy_kgce
2024-01-01,W01,21.4724,49.982,72798.46,94.99297
2024-01-01,W02,20.0475,52.261,64599.13,71.02548
2024-01-01,W03,20.3524,46.006,61493.22,250.71910
2024-01-01,W04,0.6103,2.581,3449.95,2.61699
2024-01-01,W05,2.0566,6.431,7679.85,5.17714
2024-01-01,W06,0.3847,1.627,2191.24,22.14021
2024-01-01,W07,29.5289,51.333,82403.82,66.53571
2024-01-01,W08,0.1374,0.593,775.08,0.23343
2024-01-02,W01,23.3008,55.162,80691.87,93.00311
2024-01-02,W02,22.5969,56.912,72238.65,77.15579
2024-01-02,W03,23.5799,53.444,71772.66,252.52115
2024-01-02,W04,2.9633,12.630,16960.45,0.69122
2024-01-02,W05,8.1354,26.219,30962.57,1.21261
2024-01-02,W06,1.8168,7.654,10184.09,6.22224
2024-01-02,W07,33.3444,57.793,92987.37,60.08070
2024-01-02,W08,0.7368,3.154,4181.07,0.07254
2024-01-03,W01,23.0412,53.069,76446.02,91.31656
2024-01-03,W02,23.4978,60.051,75291.18,69.13684
2024-01-03,W03,23.6710,54.186,71177.31,222.01070
2024-01-03,W04,2.6480,11.247,14916.64,0.68102
2024-01-03,W05,7.8613,25.111,29109.08,1.21436
2024-01-03,W06,1.8514,7.842,10710.25,6.63152
2024-01-03,W07,29.4131,51.325,82676.14,51.95259
2024-01-03,W08,0.7556,3.260,4249.45,0.07721
2024-01-04,W01,24.0479,55.055,79134.38,83.97536
2024-01-04,W02,21.4377,55.048,69885.11,61.72231
2024-01-04,W03,24.1272,54.084,70877.82,237.28365
2024-01-04,W04,2.6989,11.419,15634.80,0.66237
2024-01-04,W05,7.7695,25.058,30074.54,1.07036
2024-01-04,W06,1.8369,7.743,10340.64,7.24726
2024-01-04,W07,35.4369,61.364,98005.95,65.47621
2024-01-04,W08,0.7522,3.221,4166.52,0.07960
2024-01-05,W01,24.0972,54.987,79968.58,87.66608
2024-01-05,W02,21.1832,54.325,68065.65,70.08660
2024-01-05,W03,22.9569,52.765,69243.20,248.01675
2024-01-05,W04,2.7111,11.537,15607.72,0.64186
2024-01-05,W05,7.7390,24.917,29670.34,1.23098
2024-01-05,W06,1.8510,7.904,10399.51,6.47412
2024-01-05,W07,29.7889,52.092,85141.47,55.43496
2024-01-05,W08,0.8024,3.460,4467.50,0.07984
2024-01-06,W01,23.2864,54.456,77969.84,94.49815
2024-01-06,W02,21.4824,55.676,69724.89,64.41120
2024-01-06,W03,22.1414,51.436,68552.61,224.35024
2024-01-06,W04,1.9058,8.073,10859.79,0.77052
2024-01-06,W05,5.3539,16.859,20270.36,1.28600
2024-01-06,W06,1.2174,5.112,6974.58,8.20266
2024-01-06,W07,31.5147,54.510,88897.34,62.85021
2024-01-06,W08,0.5360,2.306,2998.66,0.08877
2024-01-07,W01,22.9226,53.883,77512.90,87.68071
2024-01-07,W02,19.4390,51.160,63448.91,63.32166
2024-01-07,W03,23.2950,52.192,69687.16,273.92011
2024-01-07,W04,0.8783,3.720,5006.12,1.00577
2024-01-07,W05,2.9537,9.538,11269.87,2.16302
2024-01-07,W06,0.6055,2.569,3478.11,11.77716
2024-01-07,W07,33.4870,57.858,94245.66,67.75197
2024-01-07,W08,0.2454,1.056,1350.07,0.12796
2024-01-08,W01,22.8739,53.818,77068.69,87.73072
2024-01-08,W02,21.6857,56.869,71384.83,65.14309
2024-01-08,W03,23.8284,52.985,70766.85,259.97323
2024-01-08,W04,2.8102,11.918,16027.45,0.68195
2024-01-08,W05,7.4910,23.728,28477.30,1.13101
2024-01-08,W06,1.8064,7.575,10090.90,7.59200
2024-01-08,W07,31.3706,54.339,87579.21,59.42359
2024-01-08,W08,0.8390,3.618,4747.50,0.08278
2024-01-09,W01,23.2177,53.956,77743.66,93.47751
2024-01-09,W02,21.7219,56.958,70513.54,71.66321
2024-01-09,W03,22.9459,51.960,70509.14,253.65519
2024-01-09,W04,3.0143,12.892,16939.42,0.67429
2024-01-09,W05,7.6002,24.422,28782.45,1.01165
2024-01-09,W06,1.8065,7.615,10457.27,7.05271
2024-01-09,W07,31.4011,54.551,87027.69,66.81442
2024-01-09,W08,0.8007,3.454,4625.40,0.08202
2024-01-10,W01,24.4125,57.423,83374.26,95.52190
2024-01-10,W02,22.0740,57.072,71719.40,76.62886
2024-01-10,W03,22.3751,49.612,66256.63,228.47853
2024-01-10,W04,2.8458,12.101,16348.08,0.66492
2024-01-10,W05,8.4683,27.419,31661.60,1.19379
2024-01-10,W06,1.8817,7.947,10756.48,7.35012
2024-01-10,W07,33.9955,58.763,95499.62,59.82267
2024-01-10,W08,0.8086,3.505,4442.98,0.08259
2024-01-11,W01,23.5905,55.165,79061.20,97.16533
2024-01-11,W02,22.6325,57.884,71789.02,68.08526
2024-01-11,W03,23.9916,53.713,70924.41,232.53096
2024-01-11,W04,2.7238,11.573,15619.22,0.60091
2024-01-11,W05,7.8073,24.631,29011.19,1.29941
2024-01-11,W06,1.7644,7.406,9933.49,7.38449
2024-01-11,W07,31.9665,55.583,90285.54,63.08096
2024-01-11,W08,0.7338,3.157,4156.47,0.07888
2024-01-12,W01,25.6423,59.312,84681.02,99.45168
2024-01-12,W02,22.0513,57.171,70951.68,70.03353
2024-01-12,W03,22.7751,51.480,68732.53,248.38465
2024-01-12,W04,2.8107,11.987,15679.49,0.64978
2024-01-12,W05,7.7573,24.957,29386.36,1.27267
2024-01-12,W06,1.6579,6.911,9343.57,6.44635
2024-01-12,W07,33.7303,58.264,95172.32,66.28871
2024-01-12,W08,0.7286,3.116,4175.25,0.07413
2024-01-13,W01,21.6038,50.794,74290.93,80.35149
2024-01-13,W02,22.8274,58.083,72794.60,69.97002
2024-01-13,W03,21.9431,50.148,65062.56,218.96275
2024-01-13,W04,1.8425,7.759,10418.12,0.68989
2024-01-13,W05,5.3938,17.512,20887.48,1.28641
2024-01-13,W06,1.2118,5.086,6774.30,7.36838
2024-01-13,W07,34.5236,59.500,97219.19,65.69161
2024-01-13,W08,0.5024,2.146,2885.49,0.08336
2024-01-14,W01,20.6325,49.092,70461.98,79.09580
2024-01-14,W02,19.3089,51.931,64520.14,65.33642
2024-01-14,W03,22.4645,50.292,67973.48,221.14392
2024-01-14,W04,0.9912,4.206,5667.61,1.19388
2024-01-14,W05,2.8062,9.022,10846.65,2.15072
2024-01-14,W06,0.5921,2.483,3343.04,10.59973
2024-01-14,W07,31.1485,54.185,88893.90,61.33616
2024-01-14,W08,0.2577,1.117,1450.59,0.13604
2024-01-15,W01,22.9506,55.109,79014.93,90.86296
2024-01-15,W02,21.0427,53.957,67844.25,67.15216
2024-01-15,W03,22.0320,49.950,66151.78,226.48523
2024-01-15,W04,2.8817,12.270,16434.13,0.70395
2024-01-15,W05,7.6211,24.491,29130.46,1.01364
2024-01-15,W06,1.8718,7.931,10660.71,6.66992
2024-01-15,W07,31.4078,54.429,89153.87,60.81510
2024-01-15,W08,0.7940,3.429,4429.34,0.07887
2024-01-16,W01,23.9471,56.842,81932.26,96.38991
2024-01-16,W02,21.7691,56.297,72008.61,60.88434
2024-01-16,W03,23.3159,52.391,69492.72,250.71915
2024-01-16,W04,2.7310,11.555,14942.54,0.66944
2024-01-16,W05,8.0850,26.080,30932.21,1.16469
2024-01-16,W06,1.7998,7.610,10029.47,6.88437
2024-01-16,W07,32.0110,55.681,90276.34,63.32779
2024-01-16,W08,0.7482,3.200,4268.39,0.07368
2024-01-17,W01,23.6645,54.491,80460.43,80.45632
2024-01-17,W02,22.0575,56.784,70636.62,67.94027
2024-01-17,W03,22.7271,51.788,69510.12,240.31299
2024-01-17,W04,2.8624,12.154,16432.87,0.68193
2024-01-17,W05,7.6839,24.582,29427.03,1.06235
2024-01-17,W06,1.9029,7.996,10699.95,7.40084
2024-01-17,W07,31.5052,54.728,89891.57,61.53384
2024-01-17,W08,0.7497,3.212,4252.43,0.07642
2024-01-18,W01,24.8866,56.780,82905.02,94.81632
2024-01-18,W02,21.5783,55.770,68716.60,61.91536
2024-01-18,W03,22.7824,51.683,68171.49,234.69394
2024-01-18,W04,2.8047,11.978,16199.19,0.64012
2024-01-18,W05,8.0348,25.376,29762.82,1.22111
2024-01-18,W06,1.7565,7.410,9944.04,7.14037
2024-01-18,W07,31.1073,53.731,88737.14,53.60238
2024-01-18,W08,0.7810,3.371,4336.27,0.07761
2024-01-19,W01,22.3082,53.485,75944.63,85.74946
2024-01-19,W02,21.0474,53.493,67230.86,63.76024
2024-01-19,W03,24.4751,54.326,73744.79,261.11834
2024-01-19,W04,2.8639,12.288,16496.78,0.66619
2024-01-19,W05,7.8792,25.301,30075.78,1.15837
2024-01-19,W06,1.7814,7.456,10141.04,7.11661
2024-01-19,W07,31.5862,54.647,88799.43,55.02325
2024-01-19,W08,0.7544,3.255,4362.93,0.07626
2024-01-20,W01,21.7704,52.129,74893.49,85.97705
2024-01-20,W02,21.5442,55.898,69527.57,64.36394
2024-01-20,W03,23.9767,53.458,72376.75,250.19758
2024-01-20,W04,1.9238,8.119,11142.74,0.67969
2024-01-20,W05,5.6335,18.043,21188.63,1.27553
2024-01-20,W06,1.3002,5.264,7471.11,7.34209
2024-01-20,W07,29.7190,51.791,84484.25,57.95125
2024-01-20,W08,0.5235,2.256,2920.47,0.09475
2024-01-21,W01,23.7220,54.442,79914.76,92.92844
2024-01-21,W02,21.4224,55.119,69277.56,73.17714
2024-01-21,W03,21.8467,49.481,64085.51,243.91689
2024-01-21,W04,0.9492,4.001,5466.07,1.06070
2024-01-21,W05,2.7633,8.777,10421.14,2.04422
2024-01-21,W06,0.5522,2.325,3124.50,10.29489
2024-01-21,W07,28.1469,49.198,79294.90,57.47284
2024-01-21,W08,0.2255,0.972,1243.69,0.11088
2024-01-22,W01,23.3255,54.375,78855.41,90.61737
2024-01-22,W02,21.5420,56.334,70268.42,64.45463
2024-01-22,W03,21.5086,48.799,64327.21,213.49933
2024-01-22,W04,2.8104,11.967,16535.14,0.66304
2024-01-22,W05,7.8065,25.333,29652.25,1.13855
2024-01-22,W06,1.7998,7.530,9962.09,7.42404
2024-01-22,W07,32.4153,55.899,90579.33,68.10895
2024-01-22,W08,0.8126,3.526,4596.01,0.08074
2024-01-23,W01,23.1293,55.060,78290.68,88.25645
2024-01-23,W02,21.5179,56.896,71228.04,73.09679
2024-01-23,W03,23.8225,53.328,70531.11,233.25009
2024-01-23,W04,2.8349,12.102,16382.22,0.63259
2024-01-23,W05,7.7071,24.632,29780.69,1.14281
2024-01-23,W06,1.8601,7.756,10819.11,6.90547
2024-01-23,W07,31.5105,54.733,91683.65,58.97175
2024-01-23,W08,0.8007,3.452,4528.21,0.07603
2024-01-24,W01,23.3988,53.736,77503.80,90.27683
2024-01-24,W02,20.8094,54.561,67703.60,60.13334
2024-01-24,W03,24.2557,54.069,72615.39,272.67977
2024-01-24,W04,2.6923,11.487,15280.49,0.58772
2024-01-24,W05,7.6149,24.521,28989.64,0.99523
2024-01-24,W06,2.0194,8.596,11204.85,6.93987
2024-01-24,W07,31.1360,54.235,87883.35,55.40496
2024-01-24,W08,0.8370,3.597,4751.04,0.09417
2024-01-25,W01,23.9431,55.672,78970.66,91.42100
2024-01-25,W02,21.3884,55.598,70325.44,57.93918
2024-01-25,W03,22.6215,50.878,66778.65,248.06744
2024-01-25,W04,2.8062,11.932,16119.24,0.70306
2024-01-25,W05,7.8764,25.310,30212.06,1.07247
2024-01-25,W06,1.6393,6.886,9500.03,6.12572
2024-01-25,W07,32.6701,56.417,94146.87,67.36260
2024-01-25,W08,0.7840,3.385,4564.79,0.08152
2024-01-26,W01,23.4555,53.994,77961.21,92.56732
2024-01-26,W02,21.6034,55.663,69665.62,75.12881
2024-01-26,W03,22.0854,49.273,65255.13,218.30806
2024-01-26,W04,2.8449,12.146,15840.49,0.64639
2024-01-26,W05,7.9714,25.669,30361.38,1.24669
2024-01-26,W06,1.8766,7.937,10620.05,8.19409
2024-01-26,W07,33.2728,57.602,93477.58,58.54317
2024-01-26,W08,0.7860,3.413,4374.45,0.07442
2024-01-27,W01,23.9244,56.149,78917.69,99.91454
2024-01-27,W02,21.3798,55.574,70031.98,70.54402
2024-01-27,W03,23.1723,51.489,68019.90,249.89052
2024-01-27,W04,1.7546,7.374,10156.79,0.69705
2024-01-27,W05,5.3380,16.878,20110.77,1.11794
2024-01-27,W06,1.1303,4.718,6332.62,7.05320
2024-01-27,W07,32.4104,56.365,90469.54,63.68663
2024-01-27,W08,0.5418,2.350,3036.77,0.09478
2024-01-28,W01,24.0718,56.460,80793.31,104.74627
2024-01-28,W02,20.5261,52.719,66020.69,68.45495
2024-01-28,W03,23.0431,51.381,68030.14,259.64017
2024-01-28,W04,0.9284,3.945,5412.86,1.19760
2024-01-28,W05,3.0572,10.045,11719.35,2.41480
2024-01-28,W06,0.5491,2.313,3113.41,10.59505
2024-01-28,W07,30.8657,53.448,87852.31,59.21389
2024-01-28,W08,0.2222,0.957,1268.97,0.10138
2024-01-29,W01,23.4886,55.694,80260.94,87.17232
2024-01-29,W02,21.4356,55.299,67826.55,65.42173
2024-01-29,W03,23.1647,52.249,69957.10,221.76734
2024-01-29,W04,2.8145,11.978,16114.67,0.69369
2024-01-29,W05,7.8976,25.593,30655.98,1.23245
2024-01-29,W06,1.7286,7.163,9880.21,6.52043
2024-01-29,W07,31.1338,53.998,86389.66,59.23925
2024-01-29,W08,0.7745,3.304,4407.71,0.07577
2024-01-30,W01,23.4507,55.233,78355.10,95.22926
2024-01-30,W02,20.8608,53.683,68693.34,69.30377
2024-01-30,W03,23.1054,51.910,70713.43,229.44122
2024-01-30,W04,2.6442,11.208,15160.38,0.71822
2024-01-30,W05,8.0380,26.188,30182.17,1.17317
2024-01-30,W06,1.7880,7.458,10231.99,7.39343
2024-01-30,W07,33.2923,57.794,94890.62,64.21247
2024-01-30,W08,0.7820,3.367,4393.14,0.07595
2024-01-31,W01,22.9400,53.589,78256.06,96.64990
2024-01-31,W02,22.3096,58.891,73686.69,67.89440
2024-01-31,W03,23.8340,53.049,70272.44,259.99226
2024-01-31,W04,2.5297,10.644,14294.82,0.59286
2024-01-31,W05,8.1653,26.116,31148.30,1.24130
2024-01-31,W06,1.9838,8.425,10998.17,7.49966
2024-01-31,W07,31.1211,54.398,87933.96,64.19839
2024-01-31,W08,0.7683,3.310,4377.83,0.07770
2024-02-01,W01,21.7238,50.360,70806.33,81.98285
2024-02-01,W02,21.4945,55.268,69069.24,69.38203
2024-02-01,W03,21.4719,48.781,64233.17,223.00354
2024-02-01,W04,2.6017,10.933,15284.79,0.68944
2024-02-01,W05,7.0478,22.703,26868.06,0.97856
2024-02-01,W06,1.8430,7.738,10726.49,6.98920
2024-02-01,W07,29.4926,51.598,84242.83,55.06118
2024-02-01,W08,0.7273,3.111,4090.85,0.06462
2024-02-02,W01,21.0429,50.645,71850.39,79.52267
2024-02-02,W02,19.3134,51.348,62573.32,58.07459
2024-02-02,W03,23.1364,51.496,69400.35,249.43322
2024-02-02,W04,2.5034,10.500,14292.44,0.63046
2024-02-02,W05,7.5989,24.334,28677.46,1.12474
2024-02-02,W06,1.6788,6.996,9633.61,6.50553
2024-02-02,W07,30.5914,53.081,87655.06,60.54639
2024-02-02,W08,0.7093,3.021,4056.51,0.08432
2024-02-03,W01,21.6515,50.891,75442.61,83.97181
2024-02-03,W02,19.9162,51.542,63469.04,60.51852
2024-02-03,W03,22.3262,50.714,66551.03,249.07057
2024-02-03,W04,1.8731,7.921,10648.44,0.73022
2024-02-03,W05,5.1800,16.626,19597.67,1.31185
2024-02-03,W06,1.1326,4.689,6354.39,6.97499
2024-02-03,W07,29.8211,51.884,83740.77,65.49017
2024-02-03,W08,0.5108,2.193,2852.23,0.08476
2024-02-04,W01,22.4951,51.931,75864.82,88.31611
2024-02-04,W02,19.0259,50.437,63725.04,68.79175
2024-02-04,W03,21.1931,47.725,63800.30,248.95008
2024-02-04,W04,0.9960,4.241,5760.32,1.33450
2024-02-04,W05,2.7574,8.836,10561.71,2.10943
2024-02-04,W06,0.5913,2.482,3472.02,12.11811
2024-02-04,W07,29.5920,51.402,85203.59,64.36448
2024-02-04,W08,0.2231,0.965,1271.29,0.10549
2024-02-05,W01,22.0076,52.236,75367.20,87.56865
2024-02-05,W02,19.8634,51.832,63119.48,63.46848
2024-02-05,W03,20.8062,48.431,63161.78,204.59614
2024-02-05,W04,2.6734,11.259,15175.74,0.60162
2024-02-05,W05,7.5014,23.853,28400.42,1.15235
2024-02-05,W06,1.8196,7.670,10559.68,6.59060
2024-02-05,W07,30.8360,53.437,88416.77,65.90670
2024-02-05,W08,0.7936,3.441,4488.61,0.08148
2024-02-06,W01,21.6181,51.570,74361.88,91.10288
2024-02-06,W02,20.5945,54.302,68249.59,59.61366
2024-02-06,W03,21.3611,48.291,63034.57,231.79517
2024-02-06,W04,2.6055,11.023,15351.68,0.62678
2024-02-06,W05,7.0269,22.516,26668.72,0.94800
2024-02-06,W06,1.5955,6.627,8948.27,6.13676
2024-02-06,W07,30.2016,52.352,84177.28,53.87119
2024-02-06,W08,0.8194,3.568,4670.39,0.08317
2024-02-07,W01,21.7598,51.501,74609.39,81.65228
2024-02-07,W02,20.9682,54.058,66367.18,63.67822
2024-02-07,W03,21.4738,47.533,63229.85,228.15597
2024-02-07,W04,2.6888,11.423,15267.71,0.63163
2024-02-07,W05,7.1470,22.896,26879.37,1.08997
2024-02-07,W06,1.7579,7.388,9852.92,6.81954
2024-02-07,W07,30.4989,52.828,87581.99,61.30265
2024-02-07,W08,0.7611,3.268,4194.25,0.08166
2024-02-08,W01,21.7098,49.691,71888.55,88.54228
2024-02-08,W02,20.6499,53.231,65145.67,67.07766
2024-02-08,W03,21.8612,49.860,66316.93,213.76403
2024-02-08,W04,2.6319,11.221,15045.29,0.70013
2024-02-08,W05,7.2586,22.777,26931.42,0.98956
2024-02-08,W06,1.6995,7.041,9543.47,6.57130
2024-02-08,W07,28.9620,50.510,82645.61,53.10904
2024-02-08,W08,0.7449,3.219,4167.42,0.07765
2024-02-09,W01,22.8207,53.140,76699.16,93.69621
2024-02-09,W02,21.0830,53.636,66389.55,62.56807
2024-02-09,W03,22.1037,50.407,67317.54,222.34632
2024-02-09,W04,2.5275,10.719,14643.07,0.61507
2024-02-09,W05,7.3055,23.244,27999.66,1.13627
2024-02-09,W06,1.7625,7.383,10061.44,6.92383
2024-02-09,W07,30.5155,53.267,87117.17,60.91331
2024-02-09,W08,0.7248,3.095,4096.02,0.06981
2024-02-10,W01,20.1305,46.016,68071.09,91.38158
2024-02-10,W02,18.6545,48.118,60492.62,60.61647
2024-02-10,W03,21.0983,47.995,61878.19,246.01842
2024-02-10,W04,0.6164,2.639,3557.80,2.36917
2024-02-10,W05,2.0027,6.384,7713.25,4.51142
2024-02-10,W06,0.3361,1.395,1886.40,21.64372
2024-02-10,W07,30.6497,53.187,86440.56,67.30661
2024-02-10,W08,0.1236,0.527,694.42,0.20112
2024-02-11,W01,20.1297,47.715,68331.63,85.45149
2024-02-11,W02,18.7804,48.218,59991.77,68.87910
2024-02-11,W03,20.2657,44.365,60256.07,251.10582
2024-02-11,W04,0.6183,2.622,3458.97,2.72238
2024-02-11,W05,1.9823,6.357,7583.46,4.62515
2024-02-11,W06,0.3630,1.530,2042.33,23.84732
2024-02-11,W07,30.8076,53.410,86656.07,65.71200
2024-02-11,W08,0.1366,0.592,767.57,0.22191
2024-02-12,W01,19.1356,44.865,64569.37,82.57316
2024-02-12,W02,18.4713,47.746,59993.02,68.28416
2024-02-12,W03,20.2666,45.933,60790.88,242.23193
2024-02-12,W04,0.5799,2.456,3316.30,2.45202
2024-02-12,W05,2.0706,6.566,7849.55,4.96409
2024-02-12,W06,0.3450,1.447,1949.28,22.11583
2024-02-12,W07,28.9777,50.276,82402.65,65.76732
2024-02-12,W08,0.1391,0.598,787.12,0.22680
2024-02-13,W01,20.8523,47.688,68733.30,90.85601
2024-02-13,W02,19.6368,50.718,64476.01,71.78717
2024-02-13,W03,21.1834,46.729,62681.04,250.28809
2024-02-13,W04,0.5962,2.514,3480.37,2.41244
2024-02-13,W05,1.9686,6.318,7402.65,4.93278
2024-02-13,W06,0.3465,1.450,1995.34,21.81753
2024-02-13,W07,28.2988,49.161,80571.21,59.52475
2024-02-13,W08,0.1215,0.518,679.94,0.19200
2024-02-14,W01,20.6438,48.321,69708.27,84.33597
2024-02-14,W02,18.8403,49.160,61357.33,69.35644
2024-02-14,W03,20.7065,45.534,61566.07,245.50690
2024-02-14,W04,0.5792,2.455,3280.44,2.31814
2024-02-14,W05,1.9039,6.145,7423.51,4.69216
2024-02-14,W06,0.3497,1.466,2009.83,22.46211
2024-02-14,W07,27.7790,48.234,78827.54,59.18327
2024-02-14,W08,0.1302,0.558,736.29,0.21318
2024-02-15,W01,20.5475,47.978,70008.26,95.96937
2024-02-15,W02,19.4160,50.453,62744.73,66.62989
2024-02-15,W03,20.3631,45.857,60757.30,236.50289
2024-02-15,W04,0.6270,2.659,3632.17,2.35325
2024-02-15,W05,2.0439,6.653,7967.58,4.92689
2024-02-15,W06,0.3542,1.481,1981.38,21.46198
2024-02-15,W07,27.6508,48.100,78530.54,58.96618
2024-02-15,W08,0.1247,0.534,703.91,0.22533
2024-02-16,W01,19.8003,47.230,67509.15,88.73261
2024-02-16,W02,19.1501,49.334,62707.40,62.58991
2024-02-16,W03,19.9358,45.065,58764.85,235.92627
2024-02-16,W04,0.5914,2.495,3277.97,2.20119
2024-02-16,W05,2.0826,6.678,7932.89,4.91488
2024-02-16,W06,0.3376,1.408,1882.71,20.96888
2024-02-16,W07,28.6290,49.653,81639.62,60.90116
2024-02-16,W08,0.1232,0.529,684.18,0.22126
2024-02-17,W01,21.5067,51.119,74050.26,95.02850
2024-02-17,W02,18.2370,47.284,58813.58,65.35164
2024-02-17,W03,20.8894,47.236,62883.76,225.52462
2024-02-17,W04,0.5742,2.433,3212.66,2.27980
2024-02-17,W05,2.0398,6.508,7830.58,5.18033
2024-02-17,W06,0.3299,1.375,1866.85,22.65149
2024-02-17,W07,26.3950,45.846,74975.15,57.22061
2024-02-17,W08,0.1301,0.557,733.14,0.20077
2024-02-18,W01,20.7663,49.147,71210.94,82.24784
2024-02-18,W02,19.8002,51.702,65308.89,60.02208
2024-02-18,W03,18.8243,42.916,57087.03,196.90303
2024-02-18,W04,0.9020,3.829,5046.43,1.02771
2024-02-18,W05,2.7373,8.632,10141.57,2.03350
2024-02-18,W06,0.5501,2.329,3132.04,10.23786
2024-02-18,W07,29.9320,51.841,83056.55,63.58340
2024-02-18,W08,0.2140,0.916,1217.38,0.11509
2024-02-19,W01,23.8326,56.350,80631.07,107.27965
2024-02-19,W02,20.8427,53.102,66149.47,71.13113
2024-02-19,W03,22.7665,52.051,69686.13,237.74757
2024-02-19,W04,2.6850,11.385,15176.70,0.64046
2024-02-19,W05,7.7675,25.218,29950.34,1.16501
2024-02-19,W06,1.8089,7.640,10508.52,6.42475
2024-02-19,W07,28.7623,50.419,83847.17,55.01414
2024-02-19,W08,0.7274,3.121,4125.76,0.07049
2024-02-20,W01,23.8410,54.938,80331.09,85.87077
2024-02-20,W02,20.9729,54.911,67424.34,72.81182
2024-02-20,W03,21.3536,48.060,63747.44,221.73988
2024-02-20,W04,2.6052,11.002,14799.82,0.61683
2024-02-20,W05,7.4234,24.056,28548.67,1.17463
2024-02-20,W06,1.5956,6.591,9051.26,5.85144
2024-02-20,W07,30.4919,53.135,86766.86,60.58048
2024-02-20,W08,0.7244,3.101,3999.06,0.06943
2024-02-21,W01,22.0254,52.032,75272.01,82.59661
2024-02-21,W02,19.5888,50.533,62448.17,64.39085
2024-02-21,W03,22.5165,50.284,66926.38,247.49107
2024-02-21,W04,2.6784,11.324,15181.96,0.57762
2024-02-21,W05,7.4358,23.772,28193.15,1.08758
2024-02-21,W06,1.8599,7.806,10499.53,7.50897
2024-02-21,W07,29.0029,50.437,81005.62,53.69071
2024-02-21,W08,0.7640,3.267,4358.41,0.08002
2024-02-22,W01,22.0940,52.164,73178.40,85.76905
2024-02-22,W02,20.2899,53.139,66554.45,62.43053
2024-02-22,W03,21.5396,49.976,66892.06,221.74035
2024-02-22,W04,2.6177,11.007,14849.67,0.67877
2024-02-22,W05,7.4882,23.663,27969.73,1.05705
2024-02-22,W06,1.7402,7.337,9859.30,6.05908
2024-02-22,W07,31.5604,54.578,91481.00,60.20914
2024-02-22,W08,0.7298,3.129,4087.38,0.07340
2024-02-23,W01,22.1210,51.480,73147.40,89.57007
2024-02-23,W02,21.6919,56.241,68700.33,64.43704
2024-02-23,W03,22.7598,51.622,68926.20,223.49943
2024-02-23,W04,2.4798,10.438,14072.70,0.59836
2024-02-23,W05,7.1015,22.823,27276.14,0.97568
2024-02-23,W06,1.7725,7.446,9958.77,6.16546
2024-02-23,W07,30.7191,53.437,86350.43,61.79430
2024-02-23,W08,0.7794,3.359,4457.36,0.08068
2024-02-24,W01,20.3842,48.256,68911.47,75.19417
2024-02-24,W02,21.9813,56.391,70501.70,75.09669
2024-02-24,W03,22.6588,50.365,68414.19,246.94854
2024-02-24,W04,1.6686,7.034,9756.95,0.70296
2024-02-24,W05,4.9012,15.520,18478.29,1.20394
2024-02-24,W06,1.1700,4.928,6574.04,7.79661
2024-02-24,W07,30.9069,53.616,86018.87,62.81318
2024-02-24,W08,0.4877,2.083,2765.38,0.08861
2024-02-25,W01,20.3449,48.679,70037.62,90.48490
2024-02-25,W02,19.0914,50.434,62265.91,60.98851
2024-02-25,W03,19.1568,44.115,57465.37,221.74056
2024-02-25,W04,0.9539,4.051,5544.60,1.19901
2024-02-25,W05,2.9029,9.323,11064.75,2.02000
2024-02-25,W06,0.5483,2.304,3142.00,10.40281
2024-02-25,W07,31.5211,54.382,89699.69,66.58920
2024-02-25,W08,0.2273,0.977,1264.22,0.10696
2024-02-26,W01,22.0977,51.542,72468.70,87.32711
2024-02-26,W02,22.0350,58.283,72861.24,70.02170
2024-02-26,W03,20.5938,47.409,62848.33,211.75503
2024-02-26,W04,2.6048,10.874,14975.12,0.64108
2024-02-26,W05,7.8255,24.896,28894.38,1.15023
2024-02-26,W06,1.7088,7.110,9833.76,6.94499
2024-02-26,W07,30.4754,53.014,85235.07,54.59597
2024-02-26,W08,0.7598,3.262,4331.91,0.07775
2024-02-27,W01,21.7124,51.676,74946.54,85.29358
2024-02-27,W02,21.3224,55.860,69785.67,63.31988
2024-02-27,W03,22.3826,50.443,67427.03,227.77108
2024-02-27,W04,2.6526,11.110,15288.17,0.65564
2024-02-27,W05,7.1837,22.577,26501.96,0.98946
2024-02-27,W06,1.6970,7.043,9854.72,6.48417
2024-02-27,W07,32.5618,56.445,92244.60,66.80861
2024-02-27,W08,0.7786,3.383,4364.70,0.07742
2024-02-28,W01,20.5547,48.394,69663.33,81.37864
2024-02-28,W02,20.1159,52.019,64745.89,70.60077
2024-02-28,W03,22.4960,49.289,66180.34,245.25744
2024-02-28,W04,2.6559,11.168,15316.38,0.64228
2024-02-28,W05,7.5981,23.919,28636.90,1.17146
2024-02-28,W06,1.5970,6.555,9297.27,6.12036
2024-02-28,W07,30.5443,53.060,85862.44,59.69225
2024-02-28,W08,0.7302,3.128,4039.50,0.06814
2024-02-29,W01,21.9581,52.059,74147.56,83.85555
2024-02-29,W02,21.1273,54.873,68599.63,67.23133
2024-02-29,W03,21.4240,48.854,64264.77,218.59893
2024-02-29,W04,2.7746,11.742,16155.75,0.70293
2024-02-29,W05,7.6414,24.661,28877.17,1.15131
2024-02-29,W06,1.8520,7.774,10604.49,6.95909
2024-02-29,W07,30.3768,52.772,87313.02,55.99692
2024-02-29,W08,0.7704,3.300,4332.00,0.07995
2024-03-01,W01,18.7218,46.028,65453.30,76.35949
2024-03-01,W02,18.2526,48.076,60384.09,58.32409
2024-03-01,W03,18.9857,43.427,56904.14,213.10752
2024-03-01,W04,2.3358,9.743,13361.10,0.51402
2024-03-01,W05,6.7834,22.229,26646.69,1.10278
2024-03-01,W06,1.6040,6.652,9150.52,6.12172
2024-03-01,W07,24.4431,42.686,71266.65,46.01804
2024-03-01,W08,0.6680,2.848,3745.26,0.06825
2024-03-02,W01,18.5262,44.558,64581.79,70.44407
2024-03-02,W02,17.5264,45.929,56878.96,55.81772
2024-03-02,W03,17.5438,40.711,53336.26,184.29870
2024-03-02,W04,1.6425,6.908,9459.40,0.60958
2024-03-02,W05,4.7819,15.570,18271.53,1.05929
2024-03-02,W06,1.0543,4.321,5970.12,7.22906
2024-03-02,W07,24.0712,42.489,69669.27,45.39285
2024-03-02,W08,0.5102,2.117,2916.33,0.07658
2024-03-03,W01,18.1802,44.581,63736.38,74.43110
2024-03-03,W02,16.6693,43.737,54333.90,57.24981
2024-03-03,W03,18.3199,42.482,56612.03,201.99912
2024-03-03,W04,0.8471,3.523,5033.67,0.98000
2024-03-03,W05,4.1120,15.502,18538.89,3.00892
2024-03-03,W06,0.5131,2.131,2925.89,10.93392
2024-03-03,W07,25.4952,44.258,74052.62,51.63449
2024-03-03,W08,0.2091,0.893,1180.77,0.10504
2024-03-04,W01,17.2576,42.605,59990.81,70.72380
2024-03-04,W02,17.7432,47.661,59808.06,53.14622
2024-03-04,W03,19.5071,44.657,59410.12,193.39591
2024-03-04,W04,2.5004,10.460,14117.13,0.60225
2024-03-04,W05,6.6864,21.440,25048.67,1.03370
2024-03-04,W06,1.5833,6.524,9128.48,5.98340
2024-03-04,W07,25.2183,44.105,72817.89,49.51192
2024-03-04,W08,0.6593,2.823,3708.19,0.06039
2024-03-05,W01,18.8148,46.524,66598.34,70.86777
2024-03-05,W02,18.2758,48.039,59214.73,55.49113
2024-03-05,W03,18.6033,42.407,56153.88,182.75080
2024-03-05,W04,2.4395,10.226,14012.07,0.61065
2024-03-05,W05,7.0118,22.921,26934.89,1.15766
2024-03-05,W06,1.6311,6.790,9187.17,6.56251
2024-03-05,W07,27.6062,47.976,79077.46,51.61483
2024-03-05,W08,0.7227,3.104,4118.61,0.07473
2024-03-06,W01,19.6870,46.079,67349.01,72.79303
2024-03-06,W02,17.8599,47.898,58855.69,56.72337
2024-03-06,W03,19.2051,44.331,59146.21,227.07523
2024-03-06,W04,2.3319,9.749,13285.85,0.60482
2024-03-06,W05,6.5244,21.255,25497.96,1.02878
2024-03-06,W06,1.7142,7.163,9727.24,6.44541
2024-03-06,W07,28.3135,49.055,80134.36,52.72428
2024-03-06,W08,0.7137,3.066,3987.86,0.07628
2024-03-07,W01,19.1652,47.535,67102.91,73.14258
2024-03-07,W02,18.2502,47.612,59288.84,59.08088
2024-03-07,W03,19.3307,44.298,58000.19,214.89744
2024-03-07,W04,2.2921,9.515,13155.52,0.64951
2024-03-07,W05,6.8666,22.557,26875.56,1.00000
2024-03-07,W06,1.5054,6.170,8737.57,5.71588
2024-03-07,W07,26.4279,45.984,74323.22,49.31892
2024-03-07,W08,0.7004,2.990,3834.18,0.07043
2024-03-08,W01,19.5878,47.210,68462.89,76.07010
2024-03-08,W02,18.1638,48.293,59109.76,58.85048
2024-03-08,W03,19.7984,45.305,59192.68,205.55465
2024-03-08,W04,2.4389,10.355,14005.68,0.55820
2024-03-08,W05,6.5815,21.680,25523.03,0.91400
2024-03-08,W06,1.5105,6.164,8642.87,5.70211
2024-03-08,W07,26.7878,46.792,75475.50,48.84383
2024-03-08,W08,0.6993,2.977,3808.90,0.07036
2024-03-09,W01,18.0099,43.527,62761.61,73.50577
2024-03-09,W02,18.0138,46.690,58622.30,56.42243
2024-03-09,W03,17.9706,40.883,54621.51,190.48308
2024-03-09,W04,1.5830,6.618,9093.81,0.61833
2024-03-09,W05,4.7535,15.250,18063.08,1.05945
2024-03-09,W06,1.1185,4.432,6620.08,7.10296
2024-03-09,W07,23.9147,41.781,67749.69,44.94042
2024-03-09,W08,0.4600,1.958,2617.62,0.06960
2024-03-10,W01,17.8527,43.390,61462.02,69.49082
2024-03-10,W02,17.1988,44.436,56178.12,51.74422
2024-03-10,W03,17.6199,40.552,53589.16,193.92368
2024-03-10,W04,0.8755,3.672,4980.85,0.94764
2024-03-10,W05,2.4520,7.887,9306.63,1.78571
2024-03-10,W06,0.5122,2.160,2902.38,10.50630
2024-03-10,W07,24.8481,43.324,71059.10,49.30697
2024-03-10,W08,0.2189,0.931,1250.58,0.11595
2024-03-11,W01,19.4793,46.942,67890.96,74.66344
2024-03-11,W02,17.8978,46.345,58612.53,57.48087
2024-03-11,W03,19.6668,44.651,58589.83,202.70425
2024-03-11,W04,2.4158,10.154,13738.13,0.60458
2024-03-11,W05,6.2929,20.278,24013.66,0.87569
2024-03-11,W06,1.6941,7.069,9715.65,7.13321
2024-03-11,W07,25.7504,44.941,73911.38,48.96102
2024-03-11,W08,0.7397,3.190,4166.98,0.07579
2024-03-12,W01,19.5339,47.265,67447.93,81.42365
2024-03-12,W02,18.6463,49.556,61940.92,55.86207
2024-03-12,W03,19.1319,42.984,56885.43,200.29003
2024-03-12,W04,2.2938,9.589,12819.50,0.51982
2024-03-12,W05,6.4449,20.760,24754.90,0.93095
2024-03-12,W06,1.6512,6.877,9376.97,6.00965
2024-03-12,W07,25.1284,43.913,71538.24,46.03771
2024-03-12,W08,0.6892,2.919,3803.73,0.07274
2024-03-13,W01,18.8920,45.238,64026.83,72.46730
2024-03-13,W02,17.2308,46.186,58577.30,53.81643
2024-03-13,W03,19.2485,44.828,59287.22,209.70421
2024-03-13,W04,2.3082,9.700,13200.29,0.52275
2024-03-13,W05,6.8557,22.357,26296.12,0.90184
2024-03-13,W06,1.6435,6.824,9337.33,5.84313
2024-03-13,W07,25.5761,44.874,73918.35,52.18705
2024-03-13,W08,0.7004,2.997,3879.81,0.06240
2024-03-14,W01,18.8877,46.440,65598.62,67.54208
2024-03-14,W02,18.2037,48.150,60293.32,61.49592
2024-03-14,W03,19.2401,44.342,58184.44,182.06350
2024-03-14,W04,2.5300,10.657,14264.11,0.54416
2024-03-14,W05,6.7842,21.940,25866.53,1.06059
2024-03-14,W06,1.6463,6.835,9344.58,5.73869
2024-03-14,W07,23.2803,41.038,67658.57,45.23406
2024-03-14,W08,0.6246,2.642,3572.94,0.06330
2024-03-15,W01,19.5588,46.564,67085.05,71.69762
2024-03-15,W02,18.9287,49.935,62622.87,59.42167
2024-03-15,W03,18.6780,42.012,56589.82,200.71185
2024-03-15,W04,2.6755,11.356,15749.66,0.63288
2024-03-15,W05,6.5098,21.161,25426.07,0.89449
2024-03-15,W06,1.5047,6.225,8493.94,5.98347
2024-03-15,W07,27.7551,48.255,79316.32,50.91431
2024-03-15,W08,0.6396,2.732,3501.39,0.06389
2024-03-16,W01,20.2040,47.989,70429.84,80.27929
2024-03-16,W02,18.5044,47.952,59112.29,56.84165
2024-03-16,W03,18.6431,42.438,55981.53,188.09963
2024-03-16,W04,1.7228,7.253,9966.53,0.66920
2024-03-16,W05,4.6442,15.133,17797.17,1.24684
2024-03-16,W06,1.1138,4.651,6244.18,7.23878
2024-03-16,W07,24.5958,43.274,70426.79,44.70579
2024-03-16,W08,0.4737,2.032,2691.39,0.08741
2024-03-17,W01,18.3916,44.755,63128.46,80.62767
2024-03-17,W02,17.0467,45.888,57843.86,53.68859
2024-03-17,W03,18.1089,41.422,54570.20,203.91100
2024-03-17,W04,0.8848,3.699,5079.93,1.07253
2024-03-17,W05,2.4842,7.945,9524.38,1.73796
2024-03-17,W06,0.5356,2.252,3001.57,11.14502
2024-03-17,W07,24.0075,42.161,69171.50,48.35120
2024-03-17,W08,0.2104,0.901,1200.03,0.10561
2024-03-18,W01,19.2489,46.382,67288.86,73.80364
2024-03-18,W02,18.6047,49.885,63613.67,54.85325
2024-03-18,W03,18.4378,42.170,55481.76,179.23352
2024-03-18,W04,2.3888,9.925,13799.88,0.56451
2024-03-18,W05,6.5228,21.269,25291.16,0.89758
2024-03-18,W06,1.5963,6.660,9068.85,6.17903
2024-03-18,W07,25.5733,44.676,73025.48,46.45377
2024-03-18,W08,0.6919,2.949,3924.67,0.06660
2024-03-19,W01,18.9844,47.242,67937.29,71.54242
2024-03-19,W02,16.8275,45.212,56010.66,52.28949
2024-03-19,W03,19.5700,45.223,60664.78,198.69668
2024-03-19,W04,2.4318,10.192,13960.05,0.54522
2024-03-19,W05,7.1176,23.459,27724.48,0.99425
2024-03-19,W06,1.6870,6.967,9591.57,6.95243
2024-03-19,W07,24.3104,42.756,70191.52,43.16277
2024-03-19,W08,0.6846,2.898,3883.81,0.06616
2024-03-20,W01,19.2676,46.530,66563.81,71.18182
2024-03-20,W02,18.3932,49.487,60739.84,53.19669
2024-03-20,W03,19.1744,44.388,58439.48,188.90618
2024-03-20,W04,2.3091,9.608,13360.54,0.53639
2024-03-20,W05,6.6345,21.361,26193.57,0.97085
2024-03-20,W06,1.6034,6.704,9170.16,5.86975
2024-03-20,W07,25.5682,44.580,72548.87,47.49840
2024-03-20,W08,0.7023,3.003,3907.43,0.07294
2024-03-21,W01,19.1271,44.937,65177.34,70.02383
2024-03-21,W02,17.0845,45.479,56181.88,52.83674
2024-03-21,W03,18.9705,43.759,57017.33,215.37319
2024-03-21,W04,2.5797,10.911,14572.16,0.65640
2024-03-21,W05,6.8008,21.849,25817.29,1.07275
2024-03-21,W06,1.7265,7.156,9908.32,6.37911
2024-03-21,W07,27.2172,47.545,78258.87,52.98167
2024-03-21,W08,0.7206,3.099,4060.41,0.07696
2024-03-22,W01,18.1637,44.010,63076.97,66.68825
2024-03-22,W02,18.2909,49.435,60687.95,55.54573
2024-03-22,W03,19.0786,44.518,58288.20,196.75606
2024-03-22,W04,2.2973,9.582,12928.28,0.57321
2024-03-22,W05,6.3639,20.637,24763.81,0.87277
2024-03-22,W06,1.6186,6.717,9128.82,5.53411
2024-03-22,W07,26.8079,46.672,76951.84,51.86313
2024-03-22,W08,0.6932,2.956,3921.94,0.07035
2024-03-23,W01,17.9371,42.931,60666.22,61.94586
2024-03-23,W02,18.1184,47.999,59425.40,56.50258
2024-03-23,W03,18.6266,43.113,57226.09,202.20421
2024-03-23,W04,1.7133,7.190,9802.55,0.68280
2024-03-23,W05,4.8093,15.518,18420.49,1.20705
2024-03-23,W06,1.1239,4.656,6544.48,7.26136
2024-03-23,W07,24.8055,43.592,69666.25,46.87969
2024-03-23,W08,0.4845,2.081,2669.55,0.08973
2024-03-24,W01,18.8017,45.621,64657.89,84.04929
2024-03-24,W02,17.4820,45.523,57117.67,54.65359
2024-03-24,W03,17.5363,39.495,53576.92,201.10687
2024-03-24,W04,0.8125,3.398,4673.60,1.01090
2024-03-24,W05,2.4685,8.068,9620.74,1.75648
2024-03-24,W06,0.4534,1.867,2602.25,8.78643
2024-03-24,W07,25.7937,45.049,73503.57,49.68456
2024-03-24,W08,0.2146,0.918,1210.69,0.10276
2024-03-25,W01,18.8590,44.248,63569.48,74.49481
2024-03-25,W02,17.5489,47.393,59295.01,51.52566
2024-03-25,W03,18.7184,43.557,57773.89,192.40774
2024-03-25,W04,2.5219,10.528,14500.69,0.65900
2024-03-25,W05,6.4840,21.203,26049.74,0.93028
2024-03-25,W06,1.5841,6.592,8798.85,5.72946
2024-03-25,W07,26.2863,46.226,75190.74,45.97184
2024-03-25,W08,0.7169,3.059,3921.63,0.07802
2024-03-26,W01,19.4266,47.064,66709.73,70.30554
2024-03-26,W02,18.3416,48.277,60823.24,52.30615
2024-03-26,W03,19.0052,43.303,57197.42,184.71038
2024-03-26,W04,2.5168,10.589,14427.96,0.61077
2024-03-26,W05,6.8933,22.278,26728.93,0.97397
2024-03-26,W06,1.5712,6.504,8879.15,6.24973
2024-03-26,W07,24.9811,43.801,71786.16,47.45384
2024-03-26,W08,0.7246,3.097,4116.49,0.06890
2024-03-27,W01,19.4929,46.775,67120.62,70.89323
2024-03-27,W02,19.2157,51.189,63997.86,62.28233
2024-03-27,W03,19.0187,43.591,57741.72,191.92815
2024-03-27,W04,2.4159,10.042,13976.63,0.57541
2024-03-27,W05,6.5432,21.042,25763.16,1.04857
2024-03-27,W06,1.4757,6.136,8483.35,5.14959
2024-03-27,W07,27.0972,47.500,78649.88,49.82961
2024-03-27,W08,0.6964,2.971,3919.81,0.07726
2024-03-28,W01,18.5571,44.469,63161.53,77.63569
2024-03-28,W02,17.7222,46.754,60301.24,62.76111
2024-03-28,W03,18.7864,42.862,57414.63,195.48968
2024-03-28,W04,2.3991,10.017,13716.47,0.51883
2024-03-28,W05,6.9876,22.808,27313.97,1.07740
2024-03-28,W06,1.5546,6.476,8954.52,6.14155
2024-03-28,W07,26.1605,45.638,75893.20,49.91281
2024-03-28,W08,0.6748,2.879,3794.49,0.06916
2024-03-29,W01,18.5092,44.118,63183.07,73.60312
2024-03-29,W02,17.8428,46.762,58507.80,60.23134
2024-03-29,W03,19.1444,44.067,57171.63,212.17075
2024-03-29,W04,2.4325,10.278,14060.53,0.62494
2024-03-29,W05,6.7239,21.365,24890.99,0.96934
2024-03-29,W06,1.6329,6.875,9523.46,6.47608
2024-03-29,W07,23.7698,41.794,68437.16,45.83263
2024-03-29,W08,0.6940,2.948,3922.60,0.07331
2024-03-30,W01,18.6848,45.013,64162.93,64.78903
2024-03-30,W02,17.1342,45.309,56130.55,53.83992
2024-03-30,W03,18.6753,42.298,55870.74,192.05326
2024-03-30,W04,1.6888,7.060,9995.77,0.63261
2024-03-30,W05,4.7496,15.486,18092.85,1.21385
2024-03-30,W06,1.0702,4.411,6166.36,6.28188
2024-03-30,W07,23.6496,41.344,68050.09,43.27992
2024-03-30,W08,0.4713,2.015,2671.70,0.07625
2024-03-31,W01,18.2373,44.188,63225.87,85.51977
2024-03-31,W02,17.1586,45.472,57130.46,53.92947
2024-03-31,W03,17.5674,40.725,54203.14,187.16429
2024-03-31,W04,0.8583,3.623,4968.97,1.09228
2024-03-31,W05,2.4167,7.738,9095.33,1.66207
2024-03-31,W06,0.5363,2.218,3030.66,11.20869
2024-03-31,W07,26.9384,46.920,76389.88,55.31547
2024-03-31,W08,0.2178,0.928,1242.31,0.11073
2024-04-01,W01,16.9616,41.760,60197.73,62.22706
2024-04-01,W02,16.2430,44.554,55331.44,49.61820
2024-04-01,W03,16.5574,38.719,51322.11,164.51972
2024-04-01,W04,2.2459,9.375,12905.93,0.53030
2024-04-01,W05,5.8601,19.609,23342.99,0.82221
2024-04-01,W06,1.5247,6.342,8659.35,5.98659
2024-04-01,W07,21.1704,37.551,62375.10,40.71655
2024-04-01,W08,0.6766,2.864,3757.79,0.07128
2024-04-02,W01,16.0519,39.949,54598.64,58.79420
2024-04-02,W02,15.4865,42.434,51657.52,49.15600
2024-04-02,W03,16.9541,39.946,51802.44,190.89450
2024-04-02,W04,2.2795,9.553,13191.33,0.53816
2024-04-02,W05,6.3510,21.023,25234.73,0.85986
2024-04-02,W06,1.4778,6.087,8320.09,5.40341
2024-04-02,W07,21.7033,38.366,63109.20,41.25975
2024-04-02,W08,0.7081,3.029,4027.89,0.06309
2024-04-03,W01,17.0725,42.915,60340.16,66.13515
2024-04-03,W02,16.1335,43.893,54460.69,49.04892
2024-04-03,W03,15.9638,37.446,48427.84,164.26399
2024-04-03,W04,2.2307,9.338,12856.87,0.50119
2024-04-03,W05,6.0942,20.108,24020.90,0.86774
2024-04-03,W06,1.5575,6.505,8736.35,5.61471
2024-04-03,W07,20.3449,35.955,58693.65,35.56814
2024-04-03,W08,0.7125,3.045,3962.37,0.07357
2024-04-04,W01,16.0814,39.887,56256.98,66.87033
2024-04-04,W02,14.3577,38.387,48779.79,50.31104
2024-04-04,W03,15.4808,35.867,47106.33,177.43806
2024-04-04,W04,0.5585,2.340,3269.29,2.11200
2024-04-04,W05,1.5832,5.193,6296.43,3.77813
2024-04-04,W06,0.3184,1.310,1837.23,18.74946
2024-04-04,W07,20.4248,36.117,59532.12,43.13302
2024-04-04,W08,0.1112,0.468,636.21,0.17626
2024-04-05,W01,15.2932,37.694,53905.28,61.11275
2024-04-05,W02,14.6276,39.821,49821.80,53.26096
2024-04-05,W03,15.1746,35.568,46376.10,174.14600
2024-04-05,W04,0.5593,2.360,3244.04,2.12187
2024-04-05,W05,1.5788,5.264,6375.86,3.57650
2024-04-05,W06,0.3082,1.272,1776.89,18.78399
2024-04-05,W07,21.6804,38.169,59852.30,43.86800
2024-04-05,W08,0.1102,0.468,619.18,0.19030
2024-04-06,W01,15.6013,37.513,54345.15,64.62985
2024-04-06,W02,14.2009,38.614,48032.14,48.72071
2024-04-06,W03,14.9390,35.276,46185.36,175.46761
2024-04-06,W04,0.5505,2.308,3156.55,2.25935
2024-04-06,W05,2.3584,6.505,8294.48,5.56404
2024-04-06,W06,0.3294,1.367,1891.30,21.54880
2024-04-06,W07,20.9637,36.857,61912.78,40.26916
2024-04-06,W08,0.1209,0.516,693.37,0.21035
2024-04-07,W01,16.5132,40.492,57358.80,65.67629
2024-04-07,W02,15.8366,42.892,54013.51,51.95787
2024-04-07,W03,15.5167,36.032,47975.13,167.29385
2024-04-07,W04,0.7529,3.095,4360.81,0.91613
2024-04-07,W05,2.2349,7.328,8651.36,1.54619
2024-04-07,W06,0.6230,2.132,3710.11,12.36510
2024-04-07,W07,20.1296,35.727,58619.28,41.78848
2024-04-07,W08,0.2060,0.884,1171.48,0.11350
2024-04-08,W01,16.5876,41.785,60169.25,67.33540
2024-04-08,W02,15.5476,42.069,51841.09,48.94712
2024-04-08,W03,17.0509,39.659,51403.38,181.77555
2024-04-08,W04,2.4252,10.139,13982.70,0.52801
2024-04-08,W05,6.2834,20.906,25174.71,0.86913
2024-04-08,W06,1.7099,7.124,9598.61,6.24879
2024-04-08,W07,21.8448,38.726,64527.23,44.14709
2024-04-08,W08,0.6911,2.930,3856.85,0.08065
2024-04-09,W01,17.0180,41.762,59115.31,61.08470
2024-04-09,W02,15.7449,44.033,53415.51,49.25809
2024-04-09,W03,16.0648,38.336,49544.66,160.25415
2024-04-09,W04,2.4247,10.168,13620.81,0.60888
2024-04-09,W05,6.0364,19.909,24154.09,0.91632
2024-04-09,W06,1.4455,5.892,8158.24,5.47132
2024-04-09,W07,21.7476,38.236,62666.64,38.97964
2024-04-09,W08,0.6283,2.648,3555.30,0.06244
2024-04-10,W01,16.6261,39.897,57123.88,59.59449
2024-04-10,W02,16.8438,45.187,56761.69,51.41376
2024-04-10,W03,15.9416,38.040,49643.04,157.67800
2024-04-10,W04,2.5100,10.548,14339.34,0.58379
2024-04-10,W05,5.7345,18.744,22822.76,0.76900
2024-04-10,W06,1.4460,5.846,8359.72,5.36647
2024-04-10,W07,22.9284,40.066,66096.77,50.42150
2024-04-10,W08,0.6809,2.904,3802.30,0.06393
2024-04-11,W01,16.5190,40.038,57252.38,65.56862
2024-04-11,W02,15.8442,43.472,52809.19,49.38395
2024-04-11,W03,16.1438,38.115,49601.51,166.98039
2024-04-11,W04,2.4753,10.422,14326.71,0.62702
2024-04-11,W05,6.0288,20.004,24335.85,0.91459
2024-04-11,W06,1.5254,6.294,8782.15,5.96758
2024-04-11,W07,23.5580,41.177,68458.10,45.95662
2024-04-11,W08,0.6503,2.742,3680.02,0.06128
2024-04-12,W01,17.1324,42.524,61130.56,66.80095
2024-04-12,W02,15.7620,42.871,52716.13,47.55182
2024-04-12,W03,15.3573,36.850,47936.19,162.37142
2024-04-12,W04,2.2713,9.463,13067.25,0.51979
2024-04-12,W05,5.9085,19.199,23152.04,0.92040
2024-04-12,W06,1.4901,6.157,8453.47,5.31337
2024-04-12,W07,21.5067,37.651,63102.05,39.61196
2024-04-12,W08,0.6741,2.886,3866.58,0.07669
2024-04-13,W01,15.2945,37.813,53353.46,61.87501
2024-04-13,W02,14.6718,40.012,49803.36,43.23729
2024-04-13,W03,15.3976,36.800,47936.60,160.66826
2024-04-13,W04,1.6948,7.153,9782.12,0.59530
2024-04-13,W05,4.3223,14.021,17080.94,0.97422
2024-04-13,W06,1.0609,4.402,6022.76,6.52765
2024-04-13,W07,21.4982,37.750,61629.99,44.71876
2024-04-13,W08,0.4666,2.003,2678.70,0.07274
2024-04-14,W01,15.0386,38.818,53176.12,58.37181
2024-04-14,W02,15.0897,41.359,51659.73,50.41589
2024-04-14,W03,15.0110,35.250,46496.26,163.71861
2024-04-14,W04,2.1369,9.538,12127.56,2.51739
2024-04-14,W05,2.2742,7.490,8991.67,1.67230
2024-04-14,W06,0.4843,1.994,2735.99,9.73696
2024-04-14,W07,20.2812,35.743,57726.23,41.28011
2024-04-14,W08,0.2024,0.867,1138.98,0.10884
2024-04-15,W01,17.5231,43.245,61215.19,70.58966
2024-04-15,W02,15.5962,42.783,51969.02,46.91970
2024-04-15,W03,16.4632,38.899,50983.53,174.39817
2024-04-15,W04,2.3177,9.648,13131.43,0.53801
2024-04-15,W05,6.1139,20.181,23604.79,0.86982
2024-04-15,W06,1.5534,6.439,8967.42,6.01573
2024-04-15,W07,21.8859,38.583,64193.10,46.17333
2024-04-15,W08,0.7043,3.016,4017.02,0.07570
2024-04-16,W01,17.3157,42.965,61185.44,67.94123
2024-04-16,W02,15.8801,43.547,54209.95,47.47472
2024-04-16,W03,15.9982,37.787,48623.60,170.96485
2024-04-16,W04,2.4556,10.338,14093.70,0.59282
2024-04-16,W05,6.1736,20.227,24300.95,0.87515
2024-04-16,W06,1.4529,5.978,8184.30,5.44497
2024-04-16,W07,22.4848,39.709,65850.88,38.73822
2024-04-16,W08,0.6840,2.906,3861.46,0.06635
2024-04-17,W01,16.0094,40.031,55378.84,57.50345
2024-04-17,W02,15.3523,41.555,51134.90,48.76912
2024-04-17,W03,17.1946,40.463,52781.94,193.63519
2024-04-17,W04,2.4433,10.288,13750.41,0.57461
2024-04-17,W05,6.3031,20.656,24636.84,0.83473
2024-04-17,W06,1.6845,6.987,9447.50,6.65149
2024-04-17,W07,21.9446,38.511,64602.13,39.63818
2024-04-17,W08,0.7172,3.070,4103.92,0.07572
2024-04-18,W01,15.5102,39.396,55835.59,67.45033
2024-04-18,W02,15.3904,41.304,51276.13,47.28272
2024-04-18,W03,16.0457,38.067,50171.19,155.64878
2024-04-18,W04,2.2791,9.495,13032.78,0.53897
2024-04-18,W05,6.1081,20.122,23979.07,0.89228
2024-04-18,W06,1.5285,6.238,8861.58,5.25872
2024-04-18,W07,21.8115,38.223,63986.84,42.56001
2024-04-18,W08,0.7315,3.126,4230.37,0.06903
2024-04-19,W01,17.7870,43.727,62248.28,65.43660
2024-04-19,W02,15.6167,42.378,52241.44,50.08301
2024-04-19,W03,16.7095,39.017,51507.83,187.80588
2024-04-19,W04,2.2906,9.561,13075.24,0.54516
2024-04-19,W05,5.7550,18.892,22718.83,0.88876
2024-04-19,W06,1.5172,6.250,8758.17,5.65160
2024-04-19,W07,21.7477,38.394,62905.19,38.42615
2024-04-19,W08,0.7097,3.024,3971.34,0.08019
2024-04-20,W01,17.0534,41.368,58986.53,66.68925
2024-04-20,W02,14.9595,39.658,49964.80,44.15902
2024-04-20,W03,16.0253,38.174,49218.75,164.18345
2024-04-20,W04,1.6164,6.736,9227.28,0.67492
2024-04-20,W05,4.2593,14.223,17275.91,0.96045
2024-04-20,W06,1.0067,4.170,5752.92,6.43052
2024-04-20,W07,22.8433,40.096,65662.67,43.67809
2024-04-20,W08,0.4209,1.791,2404.68,0.07222
2024-04-21,W01,15.8250,38.364,53564.96,60.06392
2024-04-21,W02,15.1827,41.343,50800.12,47.38919
2024-04-21,W03,16.1277,38.083,49902.91,188.99521
2024-04-21,W04,0.8302,3.475,4857.58,0.89171
2024-04-21,W05,2.3672,7.773,10213.37,1.69262
2024-04-21,W06,0.4686,1.913,2648.64,8.80443
2024-04-21,W07,21.7102,38.129,62305.85,46.99831
2024-04-21,W08,0.2034,0.870,1171.72,0.09969
2024-04-22,W01,16.5954,40.871,58515.27,60.22269
2024-04-22,W02,15.6681,42.717,53280.86,50.09588
2024-04-22,W03,16.7099,39.065,51754.55,167.96935
2024-04-22,W04,2.1553,8.890,12332.36,0.48394
2024-04-22,W05,6.2458,20.737,24839.58,0.96204
2024-04-22,W06,1.4742,6.082,8623.79,5.45038
2024-04-22,W07,22.0003,38.874,63790.15,39.81698
2024-04-22,W08,0.6779,2.909,3834.99,0.06836
2024-04-23,W01,16.3499,40.702,58013.67,63.82870
2024-04-23,W02,14.8850,39.959,49692.53,47.48669
2024-04-23,W03,16.3050,38.298,50516.32,170.16983
2024-04-23,W04,2.5745,10.895,14634.18,0.64032
2024-04-23,W05,6.0965,19.927,24109.99,0.92755
2024-04-23,W06,1.5524,6.369,8729.78,5.65761
2024-04-23,W07,21.4879,38.090,63881.74,40.08315
2024-04-23,W08,0.6901,2.941,3817.94,0.07108
2024-04-24,W01,18.9985,46.646,65568.15,68.67437
2024-04-24,W02,16.6381,45.541,56076.97,51.56465
2024-04-24,W03,17.0847,38.990,52696.95,182.64560
2024-04-24,W04,2.3885,9.990,13670.20,0.56376
2024-04-24,W05,6.1655,20.457,24413.14,0.93978
2024-04-24,W06,1.5922,6.534,9111.98,6.25299
2024-04-24,W07,23.0451,40.755,65634.74,41.85927
2024-04-24,W08,0.6886,2.926,3929.27,0.06728
2024-04-25,W01,17.0229,43.065,61994.85,64.50794
2024-04-25,W02,15.5710,42.460,52606.91,45.12065
2024-04-25,W03,16.0287,37.717,49333.00,166.84038
2024-04-25,W04,2.4384,10.189,14040.43,0.64296
2024-04-25,W05,6.1786,20.284,24463.88,0.88424
2024-04-25,W06,1.5418,6.343,8655.14,6.35512
2024-04-25,W07,21.9905,38.865,63342.98,41.19247
2024-04-25,W08,0.7329,3.135,4184.96,0.07394
2024-04-26,W01,17.1892,43.173,60457.84,71.94046
2024-04-26,W02,15.3082,42.121,52113.58,48.82297
2024-04-26,W03,15.3716,36.181,47529.08,167.28089
2024-04-26,W04,2.4045,10.049,14012.68,0.54170
2024-04-26,W05,6.1556,20.314,24400.32,0.88951
2024-04-26,W06,1.6273,6.773,9414.91,6.26938
2024-04-26,W07,21.5950,38.262,63502.06,44.84111
2024-04-26,W08,0.6545,2.767,3733.87,0.07429
2024-04-27,W01,17.0590,42.909,60876.28,65.44132
2024-04-27,W02,16.1966,43.683,54831.83,48.31089
2024-04-27,W03,16.4952,38.485,50514.04,171.28035
2024-04-27,W04,1.6136,6.745,9561.25,0.64324
2024-04-27,W05,4.4514,14.969,17700.13,1.00190
2024-04-27,W06,1.0620,4.417,6144.15,7.12904
2024-04-27,W07,21.7633,38.593,63919.64,40.94570
2024-04-27,W08,0.4663,1.991,2559.83,0.07675
2024-04-28,W01,15.2625,37.915,53466.86,57.46862
2024-04-28,W02,16.6471,45.378,56191.70,56.26728
2024-04-28,W03,15.4674,36.433,47864.29,162.33679
2024-04-28,W04,0.8225,3.433,4764.10,0.92906
2024-04-28,W05,2.3765,7.820,9151.67,1.70756
2024-04-28,W06,0.4900,2.010,2786.81,9.36741
2024-04-28,W07,22.1266,39.100,63261.92,43.77608
2024-04-28,W08,0.1839,0.772,1041.06,0.09399
2024-04-29,W01,17.4463,42.342,60424.81,69.83018
2024-04-29,W02,16.3187,43.930,54556.99,48.22649
2024-04-29,W03,17.3041,40.824,52769.10,178.73559
2024-04-29,W04,2.4105,10.072,13526.09,0.59252
2024-04-29,W05,6.0343,19.941,23610.24,0.86486
2024-04-29,W06,1.4965,6.192,8483.25,5.31932
2024-04-29,W07,19.3175,34.082,54752.57,36.99255
2024-04-29,W08,0.7282,3.131,4081.69,0.07609
2024-04-30,W01,16.5164,41.381,58770.79,67.57775
2024-04-30,W02,16.4816,45.358,56380.19,54.21043
2024-04-30,W03,15.6432,36.723,48632.82,163.27345
2024-04-30,W04,2.4869,10.387,14235.42,0.58138
2024-04-30,W05,6.1830,20.220,24329.22,0.89953
2024-04-30,W06,1.5256,6.334,8613.80,5.83491
2024-04-30,W07,20.8966,37.282,60020.75,41.04448
2024-04-30,W08,0.6825,2.917,3873.83,0.06729
2024-05-01,W01,13.4958,36.465,51356.28,57.47606
2024-05-01,W02,13.1169,36.279,45178.58,42.97589
2024-05-01,W03,13.7575,33.393,43067.77,157.84681
2024-05-01,W04,0.5496,2.286,3151.00,2.05251
2024-05-01,W05,1.7297,5.767,8024.21,4.33267
2024-05-01,W06,0.3309,1.376,1885.97,20.09742
2024-05-01,W07,19.5310,34.734,55221.66,38.12490
2024-05-01,W08,0.1253,0.536,712.91,0.21513
2024-05-02,W01,14.0053,35.898,51287.33,69.05226
2024-05-02,W02,14.1857,39.196,47960.42,47.65455
2024-05-02,W03,13.7374,34.007,42963.47,151.86511
2024-05-02,W04,0.5659,2.382,3252.53,2.05537
2024-05-02,W05,1.6600,5.617,6543.47,3.91014
2024-05-02,W06,0.3006,1.242,1690.72,18.25094
2024-05-02,W07,18.0135,32.202,53208.50,37.23505
2024-05-02,W08,0.1211,0.514,698.98,0.22052
2024-05-03,W01,13.3494,35.464,49558.12,55.66859
2024-05-03,W02,13.8874,38.821,47935.03,47.14207
2024-05-03,W03,14.7578,35.004,46434.42,170.05644
2024-05-03,W04,0.5678,2.383,3227.72,2.20573
2024-05-03,W05,1.5562,5.238,6290.02,4.02330
2024-05-03,W06,0.3132,1.282,1801.24,18.50100
2024-05-03,W07,17.8460,31.876,52699.62,35.30570
2024-05-03,W08,0.1230,0.523,704.74,0.20436
2024-05-04,W01,14.5063,36.132,51647.77,64.23407
2024-05-04,W02,13.2974,37.625,46398.42,48.76280
2024-05-04,W03,13.8974,34.662,45422.96,164.33545
2024-05-04,W04,0.5679,2.374,3173.10,2.41058
2024-05-04,W05,1.5931,5.353,6535.23,3.71154
2024-05-04,W06,0.3330,1.384,1883.20,20.91697
2024-05-04,W07,19.9509,35.297,59127.21,44.73965
2024-05-04,W08,0.1159,0.492,661.85,0.18571
2024-05-05,W01,14.0886,35.952,50520.69,55.34830
2024-05-05,W02,13.3972,37.725,46091.01,41.59773
2024-05-05,W03,14.2689,34.397,45237.33,152.72317
2024-05-05,W04,0.5390,2.267,3017.37,2.01806
2024-05-05,W05,1.6013,5.364,6267.43,4.02017
2024-05-05,W06,0.3095,1.284,1781.67,18.11795
2024-05-05,W07,18.8874,33.907,56431.16,36.99232
2024-05-05,W08,0.1220,0.520,679.91,0.19495
2024-05-06,W01,15.6546,39.947,56890.62,63.70890
2024-05-06,W02,14.4314,39.262,48677.55,41.20111
2024-05-06,W03,15.2176,36.154,46261.18,154.71683
2024-05-06,W04,2.3091,9.568,13289.98,0.54223
2024-05-06,W05,5.7478,19.187,22764.90,0.83526
2024-05-06,W06,1.5455,6.394,8776.21,6.01804
2024-05-06,W07,18.5794,33.251,56033.76,32.77079
2024-05-06,W08,0.7068,3.020,3922.00,0.06885
2024-05-07,W01,14.9037,38.532,53766.59,60.01394
2024-05-07,W02,14.6719,40.733,51063.42,47.32774
2024-05-07,W03,14.6087,35.365,46529.35,163.75969
2024-05-07,W04,2.6173,11.059,14883.25,0.54502
2024-05-07,W05,5.7848,19.502,23510.35,0.90112
2024-05-07,W06,1.6545,6.858,9542.92,6.72100
2024-05-07,W07,19.1033,34.244,55765.92,31.80139
2024-05-07,W08,0.7313,3.142,4136.76,0.07190
2024-05-08,W01,15.9669,40.154,56230.88,55.85823
2024-05-08,W02,15.5836,43.583,54295.35,46.02221
2024-05-08,W03,15.9071,38.681,50970.79,159.10920
2024-05-08,W04,2.5404,10.557,14623.99,0.58047
2024-05-08,W05,5.7274,19.211,23234.64,0.81030
2024-05-08,W06,1.5483,6.394,8689.45,5.73369
2024-05-08,W07,18.5486,33.480,55101.96,37.19372
2024-05-08,W08,0.6828,2.892,3931.63,0.06152
2024-05-09,W01,15.6463,39.666,56394.58,63.61695
2024-05-09,W02,14.9343,42.115,51401.38,41.36104
2024-05-09,W03,15.6660,38.439,49658.19,158.07019
2024-05-09,W04,2.6018,10.981,14601.25,0.64934
2024-05-09,W05,5.9515,20.007,23899.90,0.78223
2024-05-09,W06,1.5803,6.555,8902.65,5.94408
2024-05-09,W07,20.1132,35.513,58052.60,41.75545
2024-05-09,W08,0.6747,2.891,3763.04,0.07559
2024-05-10,W01,16.1461,41.766,58585.30,64.19186
2024-05-10,W02,15.5413,43.056,53368.62,54.40909
2024-05-10,W03,14.7135,36.085,46919.48,164.20931
2024-05-10,W04,2.3003,9.631,13074.18,0.53060
2024-05-10,W05,5.7006,18.765,22599.20,0.81114
2024-05-10,W06,1.5905,6.585,8993.32,5.91091
2024-05-10,W07,19.2583,34.472,54901.75,36.46551
2024-05-10,W08,0.6559,2.770,3689.74,0.05975
2024-05-11,W01,15.4622,39.137,54762.06,62.02577
2024-05-11,W02,14.5468,41.862,51479.47,47.91384
2024-05-11,W03,14.9425,35.936,46686.13,160.97977
2024-05-11,W04,1.6766,7.075,9542.79,0.62655
2024-05-11,W05,4.0758,13.968,16690.68,1.02240
2024-05-11,W06,1.1424,4.767,6529.23,7.32820
2024-05-11,W07,18.6601,33.328,54778.06,34.29817
2024-05-11,W08,0.4782,2.045,2812.14,0.07815
2024-05-12,W01,15.3845,38.397,53648.11,60.24913
2024-05-12,W02,14.5319,40.600,50655.65,48.69530
2024-05-12,W03,14.3978,34.404,45050.39,147.61711
2024-05-12,W04,0.8247,3.459,4738.01,0.91680
2024-05-12,W05,2.1218,7.121,8556.99,1.52370
2024-05-12,W06,0.5056,2.074,2864.97,9.12093
2024-05-12,W07,20.0162,35.341,58841.62,46.92403
2024-05-12,W08,0.2070,0.882,1166.08,0.10700
2024-05-13,W01,16.6581,42.333,59256.23,61.72507
2024-05-13,W02,15.2965,43.352,53940.24,44.01393
2024-05-13,W03,14.6865,35.931,47077.18,155.29888
2024-05-13,W04,2.4679,10.414,14382.26,0.57787
2024-05-13,W05,5.8521,19.743,23619.15,0.77714
2024-05-13,W06,1.7203,7.223,9624.30,6.67216
2024-05-13,W07,20.5031,36.297,61072.06,36.78074
2024-05-13,W08,0.7402,3.152,4145.21,0.07466
2024-05-14,W01,15.0767,38.828,55865.95,56.81362
2024-05-14,W02,15.4342,43.385,53151.80,43.99220
2024-05-14,W03,15.7835,38.217,48922.84,165.29083
2024-05-14,W04,2.5229,10.663,14557.08,0.61986
2024-05-14,W05,6.1641,20.449,24103.20,0.82265
2024-05-14,W06,1.5273,6.267,8869.96,6.45557
2024-05-14,W07,20.0391,35.516,58486.07,38.50434
2024-05-14,W08,0.7329,3.118,4069.24,0.07726
2024-05-15,W01,16.7023,42.944,60486.32,60.94080
2024-05-15,W02,14.8717,41.737,50358.30,45.37559
2024-05-15,W03,15.3356,36.614,47713.23,157.53100
2024-05-15,W04,2.4358,10.168,14019.42,0.62411
2024-05-15,W05,6.1699,20.958,25225.93,0.92806
2024-05-15,W06,1.5321,6.308,8552.83,5.69343
2024-05-15,W07,19.7312,35.243,57668.25,36.57147
2024-05-15,W08,0.7038,2.992,3963.15,0.06993
2024-05-16,W01,16.1948,41.434,58828.87,60.96041
2024-05-16,W02,15.1476,43.420,52072.91,45.33409
2024-05-16,W03,15.1122,36.140,47514.82,155.51347
2024-05-16,W04,2.4217,10.190,13830.99,0.51785
2024-05-16,W05,5.7199,19.190,22774.09,0.77428
2024-05-16,W06,1.6039,6.633,9109.22,5.82241
2024-05-16,W07,19.1354,34.289,56635.80,34.38585
2024-05-16,W08,0.7236,3.087,4147.73,0.07037
2024-05-17,W01,15.8318,39.482,56545.11,59.05943
2024-05-17,W02,15.0545,42.714,52291.69,45.41326
2024-05-17,W03,14.8747,35.887,46870.66,150.52325
2024-05-17,W04,2.6196,11.080,15258.27,0.61758
2024-05-17,W05,6.0291,19.944,23125.14,0.84741
2024-05-17,W06,1.6545,6.917,9425.82,6.09379
2024-05-17,W07,20.4984,36.395,60377.83,35.06909
2024-05-17,W08,0.7413,3.165,4235.93,0.07744
2024-05-18,W01,15.5178,40.804,57179.07,60.33491
2024-05-18,W02,14.8014,40.707,49969.63,47.64576
2024-05-18,W03,15.5746,37.703,50646.40,161.14731
2024-05-18,W04,1.7124,7.206,9940.69,0.62204
2024-05-18,W05,4.3160,14.439,17232.16,0.98224
2024-05-18,W06,1.0539,4.324,6143.34,6.87021
2024-05-18,W07,18.5777,33.186,54824.61,33.86859
2024-05-18,W08,0.4509,1.918,2578.13,0.07274
2024-05-19,W01,15.6328,39.757,56064.87,60.60723
2024-05-19,W02,13.6000,38.575,46943.56,43.14975
2024-05-19,W03,14.7505,35.013,45502.47,163.39834
2024-05-19,W04,0.7938,3.319,4561.50,0.92665
2024-05-19,W05,2.1916,7.458,8848.53,1.52238
2024-05-19,W06,0.5103,2.123,2870.09,9.21545
2024-05-19,W07,18.9592,33.948,55007.52,37.78707
2024-05-19,W08,0.2026,0.869,1096.25,0.09935
2024-05-20,W01,15.3881,39.617,55938.23,62.16182
2024-05-20,W02,15.2933,42.796,53128.70,51.16611
2024-05-20,W03,14.2953,35.514,44865.88,142.60230
2024-05-20,W04,2.3204,9.718,13427.61,0.53084
2024-05-20,W05,5.7744,19.444,23246.19,0.78849
2024-05-20,W06,1.4909,6.113,8602.15,5.55643
2024-05-20,W07,19.4979,34.903,56855.85,36.75831
2024-05-20,W08,0.6984,2.968,3898.84,0.07302
2024-05-21,W01,14.4533,38.255,52984.76,54.43639
2024-05-21,W02,14.6145,41.109,50238.74,49.07554
2024-05-21,W03,14.5916,35.527,46472.56,170.73142
2024-05-21,W04,2.3481,9.858,13313.46,0.55977
2024-05-21,W05,5.8296,19.501,23112.66,0.85867
2024-05-21,W06,1.6102,6.680,9244.85,5.55105
2024-05-21,W07,22.0492,39.128,63078.07,41.16359
2024-05-21,W08,0.7128,3.053,4102.95,0.07360
2024-05-22,W01,16.2936,41.520,58050.58,61.64214
2024-05-22,W02,14.1823,39.752,48919.34,44.71822
2024-05-22,W03,14.9157,35.955,46407.02,143.36110
2024-05-22,W04,2.4241,10.127,13955.08,0.55061
2024-05-22,W05,5.7373,19.416,23502.82,0.89222
2024-05-22,W06,1.5324,6.361,8799.47,5.88963
2024-05-22,W07,19.8506,35.467,57855.01,37.11666
2024-05-22,W08,0.6849,2.913,3815.89,0.07327
2024-05-23,W01,14.8049,38.961,56142.91,57.95060
2024-05-23,W02,14.8821,41.256,50268.52,48.60698
2024-05-23,W03,15.0754,36.755,47086.86,162.45069
2024-05-23,W04,2.6585,11.209,15151.88,0.58764
2024-05-23,W05,5.6795,18.862,22418.17,0.84520
2024-05-23,W06,1.5596,6.454,8743.41,6.98083
2024-05-23,W07,20.3096,36.014,58799.92,39.75722
2024-05-23,W08,0.6442,2.731,3661.36,0.06438
2024-05-24,W01,15.2410,39.666,55637.95,71.03716
2024-05-24,W02,14.9758,41.862,52534.41,50.33553
2024-05-24,W03,15.3064,37.190,47838.46,152.54224
2024-05-24,W04,2.4026,10.136,13838.39,0.57630
2024-05-24,W05,6.0122,20.189,24391.84,0.82616
2024-05-24,W06,1.5593,6.426,9004.13,5.45820
2024-05-24,W07,20.0709,35.932,59136.60,35.90855
2024-05-24,W08,0.6953,2.962,3938.05,0.06824
2024-05-25,W01,14.8527,38.737,54438.25,54.64949
2024-05-25,W02,14.1483,40.157,49499.68,41.89735
2024-05-25,W03,14.6140,35.556,46172.55,151.74870
2024-05-25,W04,1.6163,6.698,9276.16,0.59072
2024-05-25,W05,4.0717,13.537,16543.55,0.97860
2024-05-25,W06,1.5006,6.394,8634.85,9.19594
2024-05-25,W07,19.9483,35.600,59204.92,35.78729
2024-05-25,W08,0.5029,2.141,2848.60,0.07704
2024-05-26,W01,14.3068,36.203,50524.88,57.31657
2024-05-26,W02,14.1304,39.717,49291.91,40.99820
2024-05-26,W03,14.9517,35.584,46650.49,168.95001
2024-05-26,W04,0.8446,3.555,4768.84,0.98391
2024-05-26,W05,2.1885,7.292,8893.85,1.58542
2024-05-26,W06,0.4826,1.987,2757.41,9.25120
2024-05-26,W07,17.5977,31.724,51088.34,34.13039
2024-05-26,W08,0.1912,0.812,1081.74,0.08872
2024-05-27,W01,16.5292,42.317,58772.00,55.36912
2024-05-27,W02,14.3829,39.709,49798.41,43.14844
2024-05-27,W03,15.3455,37.185,48097.43,162.44084
2024-05-27,W04,2.3754,9.829,13797.16,0.51229
2024-05-27,W05,5.7355,19.420,23772.41,0.87642
2024-05-27,W06,1.6164,6.673,9395.45,5.99262
2024-05-27,W07,18.8008,33.868,55631.26,35.08541
2024-05-27,W08,0.6992,2.992,3990.16,0.07277
2024-05-28,W01,15.9987,41.077,57403.10,58.33346
2024-05-28,W02,15.0237,41.737,51489.10,47.75828
2024-05-28,W03,15.5822,37.628,48502.76,173.18752
2024-05-28,W04,2.4530,10.354,14085.52,0.58262
2024-05-28,W05,6.0250,19.871,23649.73,0.87082
2024-05-28,W06,1.5971,6.600,9044.01,5.80712
2024-05-28,W07,20.0844,35.595,58946.11,34.12768
2024-05-28,W08,0.7416,3.164,4207.40,0.07353
2024-05-29,W01,16.0580,40.335,57210.94,59.53877
2024-05-29,W02,14.9823,42.072,53160.58,43.15935
2024-05-29,W03,15.1853,36.219,46831.60,147.43562
2024-05-29,W04,2.4192,10.142,13455.59,0.53366
2024-05-29,W05,5.5248,18.152,21692.18,0.84809
2024-05-29,W06,1.5620,6.426,9077.62,6.05914
2024-05-29,W07,18.6086,33.587,54670.86,38.47005
2024-05-29,W08,0.7000,2.986,3963.99,0.07770
2024-05-30,W01,15.0947,39.130,55371.33,52.98114
2024-05-30,W02,14.6589,40.286,49587.00,47.48685
2024-05-30,W03,15.6454,37.640,48589.86,163.39183
2024-05-30,W04,2.5372,10.669,14945.91,0.59270
2024-05-30,W05,5.8532,19.450,23698.69,0.90474
2024-05-30,W06,1.5766,6.499,8959.19,5.78267
2024-05-30,W07,21.3408,37.880,62289.79,40.21181
2024-05-30,W08,0.6902,2.951,4003.77,0.06276
2024-05-31,W01,16.6414,42.611,59558.22,70.07501
2024-05-31,W02,15.1950,42.345,52525.89,45.07963
2024-05-31,W03,14.3382,34.866,44546.76,152.55491
2024-05-31,W04,2.1366,8.967,11999.59,0.47248
2024-05-31,W05,5.8038,19.661,23376.67,0.90546
2024-05-31,W06,1.6002,6.714,9026.24,6.21484
2024-05-31,W07,20.4738,36.500,60149.25,36.49180
2024-05-31,W08,0.7203,3.078,4062.14,0.07215
2024-06-01,W01,15.5683,41.465,58815.78,57.46015
2024-06-01,W02,14.9260,42.918,53058.14,44.85943
2024-06-01,W03,14.7245,37.676,48568.54,145.93921
2024-06-01,W04,1.9370,8.249,10983.62,0.66874
2024-06-01,W05,4.1505,14.485,17951.92,1.04432
2024-06-01,W06,1.2440,5.250,7238.25,7.91510
2024-06-01,W07,16.1874,29.821,49113.77,31.15902
2024-06-01,W08,0.5572,2.404,3125.37,0.08894
2024-06-02,W01,14.7991,40.207,55023.56,56.11344
2024-06-02,W02,13.7242,40.007,48877.20,47.40993
2024-06-02,W03,14.2379,35.732,45186.74,177.14060
2024-06-02,W04,0.9531,4.023,5346.53,1.03739
2024-06-02,W05,2.3049,8.005,9580.81,1.63325
2024-06-02,W06,0.6363,2.705,3598.31,11.72398
2024-06-02,W07,16.1928,29.823,47999.92,33.99330
2024-06-02,W08,0.2262,0.972,1295.83,0.11150
2024-06-03,W01,15.3844,43.846,59756.99,54.96756
2024-06-03,W02,14.8141,43.193,52527.02,41.50201
2024-06-03,W03,14.6729,36.491,46512.38,152.55680
2024-06-03,W04,2.9609,12.701,17047.03,0.69685
2024-06-03,W05,5.9561,20.793,24763.93,1.00233
2024-06-03,W06,1.7879,7.502,10040.08,6.25035
2024-06-03,W07,19.4824,35.119,58153.01,33.38026
2024-06-03,W08,0.7715,3.310,4370.70,0.07412
2024-06-04,W01,16.6288,45.753,62812.27,64.66066
2024-06-04,W02,15.3371,44.636,54934.36,45.28330
2024-06-04,W03,13.9447,34.785,45145.87,132.21728
2024-06-04,W04,2.6642,11.217,15054.58,0.63579
2024-06-04,W05,5.9851,20.468,24605.03,0.79174
2024-06-04,W06,1.7770,7.534,9972.76,6.95331
2024-06-04,W07,18.5158,34.013,55356.84,33.52732
2024-06-04,W08,0.7753,3.335,4384.13,0.07424
2024-06-05,W01,16.5794,44.378,61344.50,63.08074
2024-06-05,W02,14.5412,41.730,52249.68,44.83847
2024-06-05,W03,15.1020,38.594,50624.70,158.25081
2024-06-05,W04,2.7740,11.716,15962.30,0.61330
2024-06-05,W05,5.9449,20.689,24865.73,0.83561
2024-06-05,W06,1.8213,7.709,10116.82,7.19612
2024-06-05,W07,17.2489,31.509,53294.12,34.95116
2024-06-05,W08,0.7667,3.289,4319.81,0.07780
2024-06-06,W01,15.6339,42.301,58065.69,60.55440
2024-06-06,W02,14.9596,43.915,53199.48,43.10347
2024-06-06,W03,14.2537,36.387,47210.37,148.64375
2024-06-06,W04,2.9215,12.458,16381.86,0.67230
2024-06-06,W05,5.9323,20.566,24561.77,0.81053
2024-06-06,W06,1.8481,7.775,10616.69,7.08691
2024-06-06,W07,19.1648,34.599,56768.97,39.35261
2024-06-06,W08,0.7472,3.203,4192.46,0.07235
2024-06-07,W01,15.3847,42.016,57363.60,63.94616
2024-06-07,W02,15.4178,44.613,55326.36,46.67130
2024-06-07,W03,14.8814,37.233,48138.71,148.09824
2024-06-07,W04,2.8400,12.139,16142.76,0.67033
2024-06-07,W05,6.0534,21.097,25612.69,0.85011
2024-06-07,W06,1.8439,7.788,10494.75,7.01496
2024-06-07,W07,18.7303,33.955,55352.43,34.30218
2024-06-07,W08,0.7876,3.400,4446.35,0.07796
2024-06-08,W01,14.5463,39.179,54333.15,57.95249
2024-06-08,W02,13.4056,39.544,48671.87,45.33802
2024-06-08,W03,14.0645,36.057,45660.52,155.31463
2024-06-08,W04,0.6358,2.721,3619.46,2.33907
2024-06-08,W05,1.6491,5.722,6879.27,3.63968
2024-06-08,W06,0.3573,1.496,2053.20,25.78316
2024-06-08,W07,16.2396,29.740,48806.35,32.62457
2024-06-08,W08,0.1310,0.565,740.60,0.23581
2024-06-09,W01,14.8206,40.370,56783.26,62.66218
2024-06-09,W02,13.3754,37.760,47269.79,45.60034
2024-06-09,W03,13.9881,35.784,45935.89,168.75721
2024-06-09,W04,0.5736,2.418,3282.24,2.35700
2024-06-09,W05,1.6066,5.614,6852.65,3.86362
2024-06-09,W06,0.3558,1.478,2012.57,24.25148
2024-06-09,W07,16.3235,29.686,49132.95,34.64226
2024-06-09,W08,0.1420,0.615,801.68,0.25737
2024-06-10,W01,14.3846,39.872,55464.03,60.70162
2024-06-10,W02,13.7243,39.573,48305.11,49.80581
2024-06-10,W03,13.8489,34.516,45229.76,145.68904
2024-06-10,W04,0.6438,2.734,3619.35,2.27675
2024-06-10,W05,1.6771,5.874,6989.23,3.89176
2024-06-10,W06,0.3685,1.552,2071.35,23.12753
2024-06-10,W07,17.7504,32.608,52819.98,39.82651
2024-06-10,W08,0.1296,0.555,734.84,0.23207
2024-06-11,W01,15.0552,40.101,56771.26,57.64241
2024-06-11,W02,14.8493,43.521,52121.97,51.35409
2024-06-11,W03,15.3393,37.398,48617.84,159.94142
2024-06-11,W04,2.7217,11.583,15734.05,0.59406
2024-06-11,W05,6.0570,21.335,25487.72,0.92172
2024-06-11,W06,1.9408,8.262,10911.02,7.99657
2024-06-11,W07,19.0768,34.362,58189.74,35.46282
2024-06-11,W08,0.8305,3.609,4647.34,0.08278
2024-06-12,W01,16.3975,44.743,61815.50,56.29543
2024-06-12,W02,15.2756,44.405,54950.69,46.85753
2024-06-12,W03,14.2934,36.050,46274.85,136.99414
2024-06-12,W04,2.8129,11.976,16192.63,0.66703
2024-06-12,W05,5.7348,19.922,24040.34,0.82743
2024-06-12,W06,1.6714,6.995,9356.48,6.70114
2024-06-12,W07,19.0955,34.536,56650.50,35.75995
2024-06-12,W08,0.7789,3.349,4372.05,0.07725
2024-06-13,W01,14.0895,38.522,53511.75,54.66159
2024-06-13,W02,14.9918,44.347,53996.64,42.18141
2024-06-13,W03,15.0938,38.213,48848.89,151.56863
2024-06-13,W04,2.6020,10.999,14865.31,0.55140
2024-06-13,W05,5.8724,20.205,24828.47,0.86109
2024-06-13,W06,1.8098,7.594,10337.84,6.96716
2024-06-13,W07,18.1741,32.894,55580.85,32.77991
2024-06-13,W08,0.7532,3.238,4260.03,0.06922
2024-06-14,W01,16.3404,45.502,62204.22,61.87497
2024-06-14,W02,14.8029,44.024,53513.49,43.70885
2024-06-14,W03,14.7827,37.077,48826.52,153.87622
2024-06-14,W04,2.7386,11.652,15863.40,0.59783
2024-06-14,W05,6.4916,22.762,27132.30,0.88589
2024-06-14,W06,1.8874,7.933,10460.17,6.73943
2024-06-14,W07,18.6844,34.277,57242.98,36.18105
2024-06-14,W08,0.7661,3.303,4339.01,0.07449
2024-06-15,W01,15.1924,41.966,58415.86,60.72315
2024-06-15,W02,14.6725,43.668,53767.05,48.11266
2024-06-15,W03,14.7607,37.318,47890.80,142.75167
2024-06-15,W04,1.9146,8.106,11146.19,0.71111
2024-06-15,W05,4.3065,14.989,17876.04,1.03873
2024-06-15,W06,1.2018,5.073,6770.78,6.59958
2024-06-15,W07,17.9601,32.804,54733.43,33.29110
2024-06-15,W08,0.5057,2.174,2863.03,0.08214
2024-06-16,W01,14.5241,39.260,54679.88,63.95814
2024-06-16,W02,14.0962,40.852,49877.15,40.27094
2024-06-16,W03,14.1790,35.149,46234.92,161.14134
2024-06-16,W04,0.9236,3.911,5261.83,1.06968
2024-06-16,W05,3.5651,11.541,12705.79,2.57711
2024-06-16,W06,0.6093,2.577,3409.56,10.67232
2024-06-16,W07,17.6250,32.205,52736.54,34.40949
2024-06-16,W08,0.2210,0.946,1224.28,0.11046
2024-06-17,W01,15.6221,42.637,59786.78,59.87783
2024-06-17,W02,14.6452,44.377,52980.88,46.01259
2024-06-17,W03,14.8672,36.480,46769.62,153.89660
2024-06-17,W04,3.0361,12.979,16973.03,0.65510
2024-06-17,W05,6.4267,22.242,27092.20,0.89933
2024-06-17,W06,1.6721,6.964,9718.65,6.09623
2024-06-17,W07,18.3360,33.440,55127.76,32.03485
2024-06-17,W08,0.7739,3.324,4312.50,0.07744
2024-06-18,W01,17.1824,45.555,63716.15,60.72965
2024-06-18,W02,16.1465,47.882,58012.93,52.87891
2024-06-18,W03,14.8533,37.872,48923.40,140.31843
2024-06-18,W04,2.6783,11.306,15161.29,0.64874
2024-06-18,W05,6.2573,21.885,26711.10,0.82983
2024-06-18,W06,1.7838,7.593,10001.65,6.46266
2024-06-18,W07,19.9804,35.883,57923.70,36.38646
2024-06-18,W08,0.8425,3.652,4768.81,0.08264
2024-06-19,W01,15.3185,41.127,57319.58,59.25727
2024-06-19,W02,15.3088,46.251,55977.25,46.47263
2024-06-19,W03,14.2902,36.145,46307.17,147.39772
2024-06-19,W04,2.7083,11.415,15423.31,0.65124
2024-06-19,W05,6.2067,21.889,26478.69,0.80146
2024-06-19,W06,1.8853,7.968,10665.70,6.91695
2024-06-19,W07,17.7584,32.521,53965.87,33.66035
2024-06-19,W08,0.7983,3.431,4441.91,0.08329
2024-06-20,W01,15.1669,41.053,55848.68,58.78082
2024-06-20,W02,15.0718,43.704,53819.49,46.43416
2024-06-20,W03,14.9564,38.049,49400.33,164.31249
2024-06-20,W04,2.8287,11.978,16312.50,0.63068
2024-06-20,W05,6.1717,21.473,25419.01,0.88057
2024-06-20,W06,1.8141,7.634,10358.18,7.16864
2024-06-20,W07,19.1775,34.812,55391.55,35.38247
2024-06-20,W08,0.8011,3.442,4564.13,0.08403
2024-06-21,W01,15.3035,41.392,56717.80,56.19175
2024-06-21,W02,14.5322,42.522,51376.99,44.93213
2024-06-21,W03,14.3181,36.620,46895.07,149.43020
2024-06-21,W04,2.5415,10.755,14361.24,0.58742
2024-06-21,W05,6.1819,21.402,25680.05,0.92382
2024-06-21,W06,1.7618,7.369,9918.47,7.12002
2024-06-21,W07,17.8281,32.562,54270.23,35.38951
2024-06-21,W08,0.7763,3.325,4308.83,0.07439
2024-06-22,W01,14.9591,40.826,56730.03,56.84918
2024-06-22,W02,14.3396,41.417,51376.32,46.89951
2024-06-22,W03,15.3726,38.265,49434.09,155.90981
2024-06-22,W04,1.9761,8.417,11212.73,0.71320
2024-06-22,W05,4.1773,14.535,17415.78,0.88250
2024-06-22,W06,1.2274,5.168,7048.79,6.66487
2024-06-22,W07,17.4256,31.799,51677.17,29.54998
2024-06-22,W08,0.5937,2.562,3396.15,0.09638
2024-06-23,W01,14.0431,38.726,53665.21,54.91768
2024-06-23,W02,14.4808,41.716,51312.66,47.73817
2024-06-23,W03,14.3964,36.164,46966.61,151.50760
2024-06-23,W04,0.9934,4.226,5565.87,1.12431
2024-06-23,W05,2.3015,7.975,9509.56,1.65513
2024-06-23,W06,0.5349,2.220,3060.59,9.41598
2024-06-23,W07,18.2858,33.497,53966.06,38.41384
2024-06-23,W08,0.2359,1.020,1307.64,0.11270
2024-06-24,W01,15.3033,43.169,59007.60,61.74582
2024-06-24,W02,15.1626,43.704,54001.73,45.13750
2024-06-24,W03,15.1280,39.126,50145.58,146.08515
2024-06-24,W04,2.8941,12.281,16964.48,0.63473
2024-06-24,W05,6.1655,21.476,25856.11,0.89287
2024-06-24,W06,1.7195,7.135,10001.70,6.81858
2024-06-24,W07,18.7433,34.098,55583.34,38.16172
2024-06-24,W08,0.8216,3.546,4598.64,0.08779
2024-06-25,W01,15.6236,42.088,58636.72,55.26433
2024-06-25,W02,15.3684,44.324,54348.82,45.78119
2024-06-25,W03,14.7374,35.910,46494.76,148.03879
2024-06-25,W04,2.8383,12.040,16393.53,0.66429
2024-06-25,W05,6.1440,21.378,26145.80,0.82383
2024-06-25,W06,1.8395,7.792,10522.03,6.75719
2024-06-25,W07,18.6195,34.004,54794.33,31.34019
2024-06-25,W08,0.7914,3.408,4449.78,0.07540
2024-06-26,W01,15.6097,42.457,59031.09,60.18454
2024-06-26,W02,14.9061,43.930,53607.19,48.15881
2024-06-26,W03,15.1657,38.739,49370.03,167.96794
2024-06-26,W04,2.6885,11.341,15688.95,0.66869
2024-06-26,W05,6.2772,21.978,26463.61,0.94341
2024-06-26,W06,1.7551,7.384,9930.29,6.64479
2024-06-26,W07,18.8849,34.350,56350.44,34.07099
2024-06-26,W08,0.7858,3.368,4492.11,0.07637
2024-06-27,W01,15.6785,43.185,58904.14,61.04444
2024-06-27,W02,15.4669,43.642,53246.80,46.69412
2024-06-27,W03,14.7695,37.697,47574.92,165.14417
2024-06-27,W04,2.8527,12.130,16322.75,0.75950
2024-06-27,W05,5.9480,20.714,25402.69,0.80298
2024-06-27,W06,1.9021,8.057,10615.37,8.02249
2024-06-27,W07,17.5344,31.780,51459.89,35.78344
2024-06-27,W08,0.7554,3.259,4223.47,0.07895
2024-06-28,W01,15.2791,42.730,59900.65,63.98946
2024-06-28,W02,14.7360,43.769,52991.55,45.38452
2024-06-28,W03,14.9462,38.204,48783.90,170.51195
2024-06-28,W04,2.9014,12.474,16656.82,0.67164
2024-06-28,W05,6.1475,21.406,25606.63,0.99670
2024-06-28,W06,1.8153,7.589,10290.92,7.16915
2024-06-28,W07,17.5481,31.927,53612.66,32.40694
2024-06-28,W08,0.7458,3.241,4253.53,0.07259
2024-06-29,W01,15.9369,43.742,60672.24,64.95984
2024-06-29,W02,15.1425,43.339,53254.83,45.68911
2024-06-29,W03,13.8003,35.195,45303.73,154.96861
2024-06-29,W04,1.9297,8.197,10997.79,0.74426
2024-06-29,W05,4.2140,14.469,17431.72,0.98880
2024-06-29,W06,1.1884,4.984,6594.07,6.71271
2024-06-29,W07,18.6256,33.719,56324.01,35.06154
2024-06-29,W08,0.5170,2.227,2912.57,0.07857
2024-06-30,W01,15.0259,40.303,56802.12,56.81054
2024-06-30,W02,14.7272,43.532,53094.44,48.59562
2024-06-30,W03,13.8899,35.368,45596.58,139.84197
2024-06-30,W04,0.9159,3.889,5165.97,1.05602
2024-06-30,W05,2.1424,7.366,8820.34,1.51072
2024-06-30,W06,0.6013,2.556,3463.89,11.87462
2024-06-30,W07,16.5873,30.507,51174.20,32.30280
2024-06-30,W08,0.2373,1.020,1332.52,0.11032
2024-07-01,W01,15.3083,43.652,59960.29,54.63137
2024-07-01,W02,15.5683,45.985,56968.48,47.76485
2024-07-01,W03,15.2678,39.953,51367.93,160.05808
2024-07-01,W04,3.1196,13.360,17645.60,0.74090
2024-07-01,W05,6.1226,21.900,26558.92,0.78402
2024-07-01,W06,2.0447,8.706,11652.77,7.87671
2024-07-01,W07,17.8627,33.063,54803.38,31.46835
2024-07-01,W08,0.8121,3.527,4629.38,0.06842
2024-07-02,W01,16.1682,45.864,61967.16,58.96866
2024-07-02,W02,16.0652,47.082,58359.42,48.54103
2024-07-02,W03,15.0161,39.207,50412.68,163.72604
2024-07-02,W04,3.1063,13.371,17634.06,0.78867
2024-07-02,W05,6.1496,21.309,25572.33,0.86539
2024-07-02,W06,1.9135,8.109,10784.11,6.91648
2024-07-02,W07,19.9399,36.296,58920.56,38.08186
2024-07-02,W08,0.9001,3.907,5092.86,0.08900
2024-07-03,W01,16.2089,47.030,64133.16,55.37844
2024-07-03,W02,16.0476,46.786,57438.90,50.75397
2024-07-03,W03,15.3833,39.121,51137.15,168.87845
2024-07-03,W04,2.9449,12.568,16633.59,0.78490
2024-07-03,W05,5.9181,20.831,25076.30,0.88048
2024-07-03,W06,2.0141,8.548,11426.79,6.73837
2024-07-03,W07,17.3283,31.955,52259.68,31.93258
2024-07-03,W08,0.8189,3.521,4653.30,0.08670
2024-07-04,W01,16.1677,45.504,62274.97,61.29975
2024-07-04,W02,15.2445,45.931,56388.48,43.16734
2024-07-04,W03,15.1227,37.901,49710.43,159.63712
2024-07-04,W04,3.0011,12.835,17189.72,0.73683
2024-07-04,W05,6.1030,21.736,26528.62,0.75765
2024-07-04,W06,1.9775,8.471,11300.42,6.71868
2024-07-04,W07,19.2467,35.190,57444.01,38.92379
2024-07-04,W08,0.8690,3.762,4956.45,0.08837
2024-07-05,W01,15.0735,41.852,57913.26,57.04353
2024-07-05,W02,15.6325,47.366,57614.55,50.85337
2024-07-05,W03,15.6234,39.717,51172.19,164.43565
2024-07-05,W04,2.8218,11.943,16385.38,0.65068
2024-07-05,W05,6.2712,22.304,26566.00,0.92170
2024-07-05,W06,1.7591,7.386,10019.37,6.54622
2024-07-05,W07,17.9934,33.165,54483.36,34.70357
2024-07-05,W08,0.8019,3.463,4409.53,0.07869
2024-07-06,W01,15.5488,44.039,59945.14,57.09197
2024-07-06,W02,14.7183,43.558,52245.82,44.78835
2024-07-06,W03,14.6540,38.029,48726.29,142.79731
2024-07-06,W04,1.9732,8.374,11183.46,0.73812
2024-07-06,W05,4.3497,15.547,18586.61,1.05339
2024-07-06,W06,1.1865,4.988,6820.56,7.96917
2024-07-06,W07,17.1219,31.283,51796.47,30.86604
2024-07-06,W08,0.6051,2.628,3372.51,0.09827
2024-07-07,W01,15.8255,44.159,60761.68,61.82416
2024-07-07,W02,14.7407,44.672,54241.13,48.71179
2024-07-07,W03,14.2460,36.656,47977.86,150.28828
2024-07-07,W04,1.0995,4.741,6264.88,1.31955
2024-07-07,W05,2.3695,8.525,10128.85,1.65973
2024-07-07,W06,0.6089,2.574,3495.58,11.15817
2024-07-07,W07,16.9884,31.673,52275.08,32.22959
2024-07-07,W08,0.2463,1.068,1390.59,0.12637
2024-07-08,W01,15.1196,41.881,57538.43,61.52417
2024-07-08,W02,15.5793,45.461,56101.69,49.27720
2024-07-08,W03,14.8853,37.960,48510.71,163.57814
2024-07-08,W04,3.1050,13.360,17801.14,0.65636
2024-07-08,W05,6.0652,21.434,25766.50,0.87168
2024-07-08,W06,1.7823,7.533,10007.26,6.54321
2024-07-08,W07,17.9100,33.073,53683.01,31.10409
2024-07-08,W08,0.9093,3.947,5173.52,0.10309
2024-07-09,W01,15.4284,43.555,59791.25,52.86260
2024-07-09,W02,15.4258,45.966,57511.04,46.80399
2024-07-09,W03,15.2873,40.315,51455.17,160.14190
2024-07-09,W04,3.0882,13.208,18227.11,0.71242
2024-07-09,W05,6.0478,21.349,25703.11,0.85091
2024-07-09,W06,1.9514,8.309,11064.57,7.11523
2024-07-09,W07,17.6105,32.162,52493.49,37.82064
2024-07-09,W08,0.8880,3.846,5014.62,0.08712
2024-07-10,W01,15.7239,43.625,59268.79,57.91731
2024-07-10,W02,14.5911,43.925,53322.30,44.02211
2024-07-10,W03,14.7953,37.772,49087.27,160.17057
2024-07-10,W04,2.9534,12.660,16874.77,0.71025
2024-07-10,W05,6.1505,21.912,27072.37,0.84045
2024-07-10,W06,1.8634,7.822,10512.86,7.35667
2024-07-10,W07,18.2159,33.537,55183.59,34.17888
2024-07-10,W08,0.8677,3.776,4852.51,0.08536
2024-07-11,W01,16.3892,47.603,64406.14,60.85824
2024-07-11,W02,15.3732,45.703,55692.72,43.36422
2024-07-11,W03,14.6791,37.544,47901.01,154.07065
2024-07-11,W04,3.1279,13.477,17424.65,0.74175
2024-07-11,W05,6.3491,22.271,26483.40,0.82484
2024-07-11,W06,2.0421,8.707,11398.72,7.67649
2024-07-11,W07,18.8630,34.608,57805.37,34.79965
2024-07-11,W08,0.8969,3.918,5047.87,0.08295
2024-07-12,W01,15.3541,44.826,60267.25,57.24041
2024-07-12,W02,15.0363,44.731,55577.42,44.08597
2024-07-12,W03,14.8843,38.095,49766.81,141.60971
2024-07-12,W04,2.8900,12.282,16719.19,0.67878
2024-07-12,W05,6.4729,23.173,27946.61,0.89803
2024-07-12,W06,2.0891,8.955,11890.02,7.59435
2024-07-12,W07,17.6568,32.601,53691.86,31.84634
2024-07-12,W08,0.8780,3.840,4947.62,0.09442
2024-07-13,W01,15.1609,42.942,59615.54,58.00046
2024-07-13,W02,14.7040,44.159,53901.59,45.09668
2024-07-13,W03,14.6027,38.160,49039.53,153.68845
2024-07-13,W04,2.0585,8.749,11733.72,0.78896
2024-07-13,W05,4.3950,15.590,18373.73,1.05464
2024-07-13,W06,1.3069,5.499,7544.67,7.06200
2024-07-13,W07,18.0208,33.131,53968.38,35.00848
2024-07-13,W08,0.5746,2.487,3274.40,0.09882
2024-07-14,W01,15.8448,44.434,60756.73,62.59069
2024-07-14,W02,14.6566,44.173,54122.05,46.88850
2024-07-14,W03,13.9023,35.773,45982.80,166.30891
2024-07-14,W04,1.0410,4.457,6007.58,1.18589
2024-07-14,W05,2.3777,8.298,10134.15,1.59262
2024-07-14,W06,0.6063,2.542,3450.33,10.66824
2024-07-14,W07,18.6019,33.688,55119.01,35.63513
2024-07-14,W08,0.2624,1.132,1481.30,0.13767
2024-07-15,W01,16.1837,46.655,63423.49,59.58239
2024-07-15,W02,15.0980,45.399,54896.60,46.58073
2024-07-15,W03,14.8731,38.158,49471.37,155.77531
2024-07-15,W04,2.8998,12.343,16537.96,0.68181
2024-07-15,W05,6.2434,22.132,26814.34,0.89243
2024-07-15,W06,2.0727,8.796,11654.37,7.75074
2024-07-15,W07,17.7894,32.740,54397.53,31.63046
2024-07-15,W08,0.8293,3.599,4630.14,0.07705
2024-07-16,W01,16.1603,45.248,62467.79,66.55458
2024-07-16,W02,14.8749,45.539,56138.01,43.69465
2024-07-16,W03,15.3822,38.198,48809.17,160.28152
2024-07-16,W04,2.7474,11.630,15810.93,0.63210
2024-07-16,W05,5.9359,20.998,25824.93,0.88327
2024-07-16,W06,1.9084,8.155,10723.51,6.91786
2024-07-16,W07,17.2345,31.857,52739.26,32.86169
2024-07-16,W08,0.9096,3.966,5144.92,0.08589
2024-07-17,W01,16.5235,45.081,61806.76,66.75779
2024-07-17,W02,15.0281,44.592,54535.99,46.96399
2024-07-17,W03,15.0727,38.430,49802.34,157.96006
2024-07-17,W04,3.1247,13.383,18247.24,0.70514
2024-07-17,W05,6.4161,22.424,27147.82,0.82206
2024-07-17,W06,2.0911,8.864,12007.99,7.30168
2024-07-17,W07,17.5252,32.305,52933.53,33.56152
2024-07-17,W08,0.8932,3.909,5003.18,0.08333
2024-07-18,W01,14.9887,41.408,56349.38,58.82108
2024-07-18,W02,15.3318,45.016,55554.25,47.63195
2024-07-18,W03,15.1180,39.227,49503.64,172.77340
2024-07-18,W04,3.0271,13.023,17114.01,0.71949
2024-07-18,W05,6.4631,22.944,28014.86,0.91568
2024-07-18,W06,1.8542,7.827,10528.52,6.35040
2024-07-18,W07,19.0324,34.968,56608.85,35.95525
2024-07-18,W08,0.8437,3.668,4840.02,0.09074
2024-07-19,W01,16.0213,44.883,62195.54,57.84240
2024-07-19,W02,15.4078,45.670,55533.18,51.26369
2024-07-19,W03,15.1106,38.725,50624.57,167.02883
2024-07-19,W04,3.0649,13.060,17472.87,0.78018
2024-07-19,W05,6.0780,21.177,25810.18,0.91962
2024-07-19,W06,1.9425,8.165,10921.70,8.27453
2024-07-19,W07,17.4690,32.406,52729.69,32.06418
2024-07-19,W08,0.8239,3.569,4580.10,0.08124
2024-07-20,W01,15.5007,43.199,59590.51,56.64134
2024-07-20,W02,14.6955,43.728,52991.87,44.96259
2024-07-20,W03,14.5510,37.624,47739.70,163.77396
2024-07-20,W04,2.1274,9.144,12023.13,0.78346
2024-07-20,W05,4.5698,16.115,19595.04,0.97478
2024-07-20,W06,1.3365,5.703,7670.63,8.20739
2024-07-20,W07,18.3557,33.450,55464.20,38.24982
2024-07-20,W08,0.5855,2.548,3299.06,0.10161
2024-07-21,W01,15.1694,43.160,58297.27,57.18405
2024-07-21,W02,14.9348,44.215,54161.52,54.75962
2024-07-21,W03,13.6111,35.499,45694.35,145.40526
2024-07-21,W04,0.9972,4.225,5650.73,1.11457
2024-07-21,W05,2.4004,8.578,10437.59,1.81949
2024-07-21,W06,0.6341,2.645,3585.61,12.78619
2024-07-21,W07,18.7304,34.087,55981.94,35.04582
2024-07-21,W08,0.2668,1.156,1559.71,0.13734
2024-07-22,W01,16.2250,45.009,61996.17,60.42927
2024-07-22,W02,15.6314,46.579,56924.33,48.35494
2024-07-22,W03,15.3115,38.173,49105.68,156.64267
2024-07-22,W04,3.1633,13.639,17474.71,0.72918
2024-07-22,W05,6.3845,22.677,27181.08,0.88978
2024-07-22,W06,1.9459,8.252,11037.96,7.17956
2024-07-22,W07,17.7359,32.851,54572.30,32.77784
2024-07-22,W08,0.8554,3.711,4765.22,0.08274
2024-07-23,W01,15.4812,43.354,60221.44,56.79348
2024-07-23,W02,15.6057,47.314,57099.30,44.54148
2024-07-23,W03,15.8614,40.335,51542.18,160.75534
2024-07-23,W04,2.8393,12.006,15875.92,0.64119
2024-07-23,W05,6.5938,23.757,28753.04,0.96927
2024-07-23,W06,1.9413,8.223,10814.07,7.27612
2024-07-23,W07,18.4101,34.096,54057.04,35.66102
2024-07-23,W08,0.8430,3.653,4775.29,0.07837
2024-07-24,W01,15.6036,43.924,60969.03,58.92405
2024-07-24,W02,14.0433,41.890,51504.92,41.36716
2024-07-24,W03,14.4651,36.992,48167.78,149.54247
2024-07-24,W04,3.0137,12.938,17043.39,0.63261
2024-07-24,W05,6.0958,21.413,25741.09,0.83968
2024-07-24,W06,1.9514,8.291,11057.78,6.62844
2024-07-24,W07,16.7768,30.917,50779.53,32.20946
2024-07-24,W08,0.8176,3.542,4633.06,0.07870
2024-07-25,W01,15.0421,43.196,58418.53,58.80869
2024-07-25,W02,15.8992,47.627,58219.21,49.26941
2024-07-25,W03,15.3750,40.058,51421.95,159.48050
2024-07-25,W04,3.0128,12.877,17199.07,0.75629
2024-07-25,W05,6.0840,21.215,26064.55,0.89687
2024-07-25,W06,2.1030,8.916,11992.96,7.55361
2024-07-25,W07,18.4023,34.008,55580.64,36.45785
2024-07-25,W08,0.8434,3.659,4790.10,0.07711
2024-07-26,W01,16.5689,46.804,64101.98,58.48721
2024-07-26,W02,16.1025,48.539,60591.58,57.87889
2024-07-26,W03,14.5681,37.921,47645.52,140.51745
2024-07-26,W04,3.0636,13.090,17372.91,0.73760
2024-07-26,W05,6.7629,24.257,28807.72,1.04375
2024-07-26,W06,1.8562,7.881,10571.57,7.22435
2024-07-26,W07,17.8809,32.750,54165.17,32.05422
2024-07-26,W08,0.8726,3.801,4991.88,0.08803
2024-07-27,W01,15.5786,42.551,58708.67,64.67219
2024-07-27,W02,14.8877,45.661,56008.42,42.83198
2024-07-27,W03,14.0364,36.658,46455.06,140.05423
2024-07-27,W04,2.0247,8.656,11598.94,0.74325
2024-07-27,W05,4.6066,16.475,19884.56,1.03053
2024-07-27,W06,1.2457,5.252,7188.79,8.15283
2024-07-27,W07,17.6431,32.622,53695.62,36.66493
2024-07-27,W08,0.5431,2.341,3084.70,0.08663
2024-07-28,W01,14.9870,42.902,58610.80,59.49423
2024-07-28,W02,14.5342,43.757,54186.19,47.88438
2024-07-28,W03,13.7472,35.609,45364.46,143.05681
2024-07-28,W04,1.1955,4.512,6966.38,1.36699
2024-07-28,W05,2.2833,8.244,9939.94,1.57429
2024-07-28,W06,0.6440,2.752,3637.40,12.24631
2024-07-28,W07,16.6798,30.629,50501.13,31.71827
2024-07-28,W08,0.2466,1.062,1399.68,0.13264
2024-07-29,W01,14.4426,41.308,55621.53,50.99325
2024-07-29,W02,15.6371,46.613,56441.28,43.53591
2024-07-29,W03,15.7949,40.659,52607.12,157.84124
2024-07-29,W04,3.0981,13.294,18022.48,0.63665
2024-07-29,W05,6.0399,21.402,26333.86,0.84665
2024-07-29,W06,2.0010,8.529,11299.46,7.40897
2024-07-29,W07,18.7383,34.285,56085.65,36.75723
2024-07-29,W08,0.8771,3.802,4865.30,0.09135
2024-07-30,W01,17.2053,46.939,64685.59,62.28439
2024-07-30,W02,14.6941,43.053,53232.87,45.09194
2024-07-30,W03,14.8136,37.483,48183.57,137.45016
2024-07-30,W04,2.9749,12.834,17043.78,0.70213
2024-07-30,W05,5.8478,20.491,24211.66,0.83421
2024-07-30,W06,1.7896,7.473,10253.61,6.52318
2024-07-30,W07,18.8864,34.597,57071.38,35.92966
2024-07-30,W08,0.8743,3.786,4960.89,0.08696
2024-07-31,W01,16.7393,46.408,63249.66,64.34302
2024-07-31,W02,15.3917,46.212,56593.65,43.21592
2024-07-31,W03,15.1276,38.024,49081.14,147.83770
2024-07-31,W04,3.1944,13.600,18163.01,0.70876
2024-07-31,W05,6.3389,22.680,27048.93,0.86912
2024-07-31,W06,1.9155,8.132,10971.68,7.56846
2024-07-31,W07,18.8834,34.573,56857.38,33.67287
2024-07-31,W08,0.8014,3.459,4568.99,0.07753
2024-08-01,W01,16.2321,44.784,61340.57,65.28485
2024-08-01,W02,14.5626,44.357,54316.55,44.06487
2024-08-01,W03,14.8737,38.619,49903.00,148.40557
2024-08-01,W04,2.8652,12.169,16240.96,0.65744
2024-08-01,W05,6.2735,21.866,26344.28,0.83358
2024-08-01,W06,1.9645,8.299,11083.16,7.24900
2024-08-01,W07,19.5009,35.636,58849.63,32.56920
2024-08-01,W08,0.8791,3.819,5094.18,0.08842
2024-08-02,W01,16.0806,45.358,61286.80,62.44764
2024-08-02,W02,16.4008,48.614,59798.01,48.92751
2024-08-02,W03,14.6231,38.092,48575.14,154.97090
2024-08-02,W04,2.9058,12.500,16215.29,0.68992
2024-08-02,W05,6.6263,23.617,28521.17,1.01983
2024-08-02,W06,1.7954,7.519,10326.66,6.33911
2024-08-02,W07,18.4003,33.402,56369.65,38.80931
2024-08-02,W08,0.8666,3.749,4907.25,0.08956
2024-08-03,W01,16.2671,44.547,62015.05,64.45275
2024-08-03,W02,15.1181,45.457,54572.61,47.85236
2024-08-03,W03,15.0574,39.269,49689.61,170.96545
2024-08-03,W04,2.0333,8.649,11536.87,0.69370
2024-08-03,W05,4.3730,15.379,18776.23,1.00363
2024-08-03,W06,1.3939,5.898,7946.12,8.59639
2024-08-03,W07,18.5637,33.936,55745.05,36.29716
2024-08-03,W08,0.5315,2.286,2998.89,0.09176
2024-08-04,W01,15.7833,44.824,61796.15,56.96225
2024-08-04,W02,15.0370,44.539,54516.33,47.00711
2024-08-04,W03,14.3474,37.029,47226.50,163.44408
2024-08-04,W04,1.0041,4.296,5820.12,1.20070
2024-08-04,W05,2.4451,8.603,10296.07,1.78549
2024-08-04,W06,0.6364,2.716,3636.16,13.13260
2024-08-04,W07,17.1417,31.425,51655.39,36.31738
2024-08-04,W08,0.2573,1.121,1422.26,0.11189
2024-08-05,W01,17.1675,46.774,64157.19,61.58923
2024-08-05,W02,16.1313,47.836,58278.20,53.16077
2024-08-05,W03,15.0088,38.662,49943.61,154.98583
2024-08-05,W04,2.7568,11.636,15714.23,0.57351
2024-08-05,W05,6.5477,23.334,27673.32,0.95384
2024-08-05,W06,1.8266,7.737,10573.32,6.88890
2024-08-05,W07,18.7976,34.419,55510.56,32.26443
2024-08-05,W08,0.8512,3.699,4758.38,0.08554
2024-08-06,W01,16.8343,45.957,63624.43,59.71183
2024-08-06,W02,16.0764,47.917,58045.68,47.33591
2024-08-06,W03,15.1261,38.093,50804.55,150.26601
2024-08-06,W04,2.8196,11.887,16231.02,0.64003
2024-08-06,W05,6.0420,20.691,25099.75,0.89472
2024-08-06,W06,1.8972,7.932,10566.18,6.58769
2024-08-06,W07,18.8053,34.552,56392.66,35.29563
2024-08-06,W08,0.8130,3.507,4605.63,0.08234
2024-08-07,W01,16.5982,46.282,62999.63,62.47362
2024-08-07,W02,14.9074,45.108,54480.51,41.21454
2024-08-07,W03,15.1404,39.213,50701.34,162.78785
2024-08-07,W04,2.8484,12.170,16433.44,0.68653
2024-08-07,W05,6.1694,21.826,26406.79,0.86561
2024-08-07,W06,1.9513,8.195,11343.68,7.33882
2024-08-07,W07,19.3739,35.373,58104.20,34.07454
2024-08-07,W08,0.8753,3.789,4974.55,0.08769
2024-08-08,W01,15.5838,43.219,59190.96,58.18092
2024-08-08,W02,15.2551,45.829,55281.43,50.34568
2024-08-08,W03,14.8469,38.582,49518.73,146.91442
2024-08-08,W04,2.9491,12.603,16798.26,0.66116
2024-08-08,W05,6.5176,22.798,27115.10,0.95350
2024-08-08,W06,1.7572,7.308,10083.19,6.84985
2024-08-08,W07,17.9784,32.913,53599.64,33.09650
2024-08-08,W08,0.8558,3.689,4824.45,0.08849
2024-08-09,W01,15.2716,43.148,59407.61,64.16091
2024-08-09,W02,15.5581,45.772,55859.81,47.52962
2024-08-09,W03,14.8585,37.668,48966.46,158.81451
2024-08-09,W04,3.0793,13.134,17584.63,0.73760
2024-08-09,W05,6.5003,22.946,27441.74,0.90194
2024-08-09,W06,1.8528,7.847,10143.22,7.30135
2024-08-09,W07,18.9467,34.968,56615.53,34.25102
2024-08-09,W08,0.8288,3.589,4727.61,0.08180
2024-08-10,W01,16.3386,44.722,62017.26,68.14596
2024-08-10,W02,15.3843,45.932,56092.70,47.46213
2024-08-10,W03,15.0011,38.094,49586.94,160.89174
2024-08-10,W04,1.8628,7.858,10375.28,0.73224
2024-08-10,W05,4.2853,14.963,17945.22,0.97745
2024-08-10,W06,1.7999,7.847,10145.67,11.52971
2024-08-10,W07,17.4280,32.429,52204.09,31.87507
2024-08-10,W08,0.6595,2.882,3662.76,0.10341
2024-08-11,W01,15.4325,42.808,59678.22,56.54472
2024-08-11,W02,15.0881,45.441,56159.99,51.95490
2024-08-11,W03,13.7830,35.803,45620.05,155.52186
2024-08-11,W04,1.0255,4.380,5889.93,1.17447
2024-08-11,W05,2.3682,8.270,10093.32,1.59106
2024-08-11,W06,0.6009,2.551,3415.51,11.30780
2024-08-11,W07,16.7104,30.810,49833.85,32.90941
2024-08-11,W08,0.2664,1.159,1490.37,0.14130
2024-08-12,W01,16.8468,46.063,62699.56,65.98281
2024-08-12,W02,15.5028,45.840,56810.67,46.77138
2024-08-12,W03,15.1823,38.220,49235.27,143.94523
2024-08-12,W04,2.8721,12.194,16486.18,0.64603
2024-08-12,W05,6.2512,21.877,26639.97,0.89596
2024-08-12,W06,1.7916,7.514,10277.58,6.47382
2024-08-12,W07,19.3540,35.101,57855.61,39.20805
2024-08-12,W08,0.8789,3.823,4942.06,0.08107
2024-08-13,W01,16.4687,46.048,63310.58,63.34787
2024-08-13,W02,15.6368,46.565,57229.77,44.08989
2024-08-13,W03,14.7519,38.636,49582.28,147.43202
2024-08-13,W04,3.0353,13.005,17495.33,0.69346
2024-08-13,W05,6.1112,21.545,25950.76,0.83876
2024-08-13,W06,1.9664,8.296,11134.67,7.80175
2024-08-13,W07,18.5586,33.678,55714.43,32.70952
2024-08-13,W08,0.8589,3.718,4994.59,0.08084
2024-08-14,W01,16.1570,42.892,60509.71,62.24776
2024-08-14,W02,15.6596,46.122,55861.29,48.16382
2024-08-14,W03,15.2198,37.704,49220.18,144.21711
2024-08-14,W04,2.8994,12.387,16326.03,0.66495
2024-08-14,W05,6.0685,21.558,26248.60,0.82308
2024-08-14,W06,1.9515,8.310,10982.58,6.60491
2024-08-14,W07,18.3380,33.642,55180.25,34.90113
2024-08-14,W08,0.8544,3.688,4841.34,0.08866
2024-08-15,W01,16.6361,45.514,63401.12,60.79804
2024-08-15,W02,15.2750,45.099,55352.21,48.19233
2024-08-15,W03,15.4537,39.198,50633.32,164.25212
2024-08-15,W04,2.7817,11.774,15831.68,0.69360
2024-08-15,W05,6.2811,22.189,27060.65,0.95271
2024-08-15,W06,1.9774,8.406,11211.79,6.65281
2024-08-15,W07,19.1692,34.836,57818.79,35.20505
2024-08-15,W08,0.8211,3.544,4650.98,0.08269
2024-08-16,W01,15.8761,43.571,59632.11,61.88681
2024-08-16,W02,14.9831,44.069,53521.93,42.67079
2024-08-16,W03,16.2379,41.525,54241.12,167.77861
2024-08-16,W04,2.9687,12.583,16598.19,0.78439
2024-08-16,W05,6.6110,23.630,28451.04,0.93481
2024-08-16,W06,1.8629,7.843,10434.82,6.94750
2024-08-16,W07,18.6437,34.108,56358.68,36.07194
2024-08-16,W08,0.7686,3.280,4491.97,0.07298
2024-08-17,W01,15.7482,43.224,59442.57,59.86855
2024-08-17,W02,16.3392,47.300,57810.18,48.99872
2024-08-17,W03,15.3229,38.935,49851.99,146.79254
2024-08-17,W04,2.0556,8.836,11464.11,0.76975
2024-08-17,W05,4.4432,15.672,18902.52,0.99608
2024-08-17,W06,1.3437,5.704,7567.22,7.68169
2024-08-17,W07,17.6922,32.577,54594.21,31.64436
2024-08-17,W08,0.5885,2.558,3284.05,0.09685
2024-08-18,W01,15.3138,43.140,59474.84,59.76405
2024-08-18,W02,14.1080,41.084,50589.06,41.84536
2024-08-18,W03,13.6382,35.123,44161.15,159.99822
2024-08-18,W04,1.0013,4.275,5588.64,1.12174
2024-08-18,W05,2.3446,8.337,9947.16,1.78821
2024-08-18,W06,0.6162,2.613,3536.49,12.52647
2024-08-18,W07,17.6491,32.617,53478.74,34.30792
2024-08-18,W08,0.2549,1.104,1435.15,0.12061
2024-08-19,W01,15.4110,42.931,59442.91,58.49337
2024-08-19,W02,15.3136,43.921,54662.40,49.09633
2024-08-19,W03,15.0516,39.011,49307.11,139.77186
2024-08-19,W04,2.9779,12.698,17047.97,0.68712
2024-08-19,W05,6.2719,22.233,26601.92,0.82751
2024-08-19,W06,1.9387,8.221,11134.83,6.92792
2024-08-19,W07,20.1362,36.876,60000.30,33.32630
2024-08-19,W08,0.8037,3.469,4476.87,0.07527
2024-08-20,W01,16.6690,44.262,61683.26,63.14071
2024-08-20,W02,15.6833,47.187,57483.97,45.49134
2024-08-20,W03,15.0413,38.637,49459.82,142.84773
2024-08-20,W04,2.9864,12.785,16703.79,0.69351
2024-08-20,W05,6.4764,23.133,27686.68,0.99980
2024-08-20,W06,1.8944,8.060,10988.77,6.98807
2024-08-20,W07,17.3434,31.833,52274.16,31.46928
2024-08-20,W08,0.8066,3.471,4557.92,0.08028
2024-08-21,W01,16.8463,45.742,62186.74,61.01951
2024-08-21,W02,15.5824,45.869,56216.80,46.09110
2024-08-21,W03,15.6084,40.280,51762.76,161.36011
2024-08-21,W04,2.9607,12.617,16671.16,0.68572
2024-08-21,W05,6.0334,21.412,25856.16,0.88796
2024-08-21,W06,2.0489,8.648,11373.12,7.93414
2024-08-21,W07,18.7336,34.205,55525.77,34.42726
2024-08-21,W08,0.8279,3.568,4720.78,0.07634
2024-08-22,W01,15.5824,43.297,59366.85,61.61972
2024-08-22,W02,15.3781,46.340,56067.38,46.04824
2024-08-22,W03,15.3091,39.513,50348.55,169.32646
2024-08-22,W04,2.9646,12.648,16918.44,0.78318
2024-08-22,W05,6.3878,22.727,27646.79,0.95695
2024-08-22,W06,1.9056,8.064,10799.29,7.43184
2024-08-22,W07,18.9719,34.497,56422.82,33.42430
2024-08-22,W08,0.8852,3.875,4893.88,0.08903
2024-08-23,W01,16.2116,44.261,60132.50,59.59560
2024-08-23,W02,15.3815,45.519,55848.34,46.39955
2024-08-23,W03,15.2511,38.601,49915.72,153.26995
2024-08-23,W04,2.8657,12.170,16522.28,0.66362
2024-08-23,W05,6.1307,21.223,25747.78,0.86204
2024-08-23,W06,1.9416,8.235,10924.32,6.85929
2024-08-23,W07,19.4377,35.565,58150.60,35.83571
2024-08-23,W08,0.7644,3.291,4374.03,0.07926
2024-08-24,W01,15.8207,44.768,61228.77,56.37910
2024-08-24,W02,15.2906,45.477,56464.73,49.09508
2024-08-24,W03,14.3763,36.277,47542.72,158.43934
2024-08-24,W04,2.1468,9.172,12324.99,0.86219
2024-08-24,W05,4.5524,16.211,19427.01,1.07855
2024-08-24,W06,1.2858,5.381,7427.28,8.41828
2024-08-24,W07,18.4471,33.842,55012.43,37.36498
2024-08-24,W08,0.5526,2.389,3123.45,0.08554
2024-08-25,W01,14.8500,40.650,56129.94,65.52736
2024-08-25,W02,14.5663,42.625,52094.28,46.31806
2024-08-25,W03,14.1772,36.533,46443.83,150.13088
2024-08-25,W04,1.0175,4.354,5682.66,1.11676
2024-08-25,W05,2.4889,8.888,10736.57,1.67490
2024-08-25,W06,0.7071,3.025,3898.94,13.03820
2024-08-25,W07,17.9831,33.111,54715.72,36.15199
2024-08-25,W08,0.2690,1.167,1528.65,0.12723
2024-08-26,W01,16.3136,45.589,62975.18,67.92314
2024-08-26,W02,15.4332,46.145,56376.93,45.46684
2024-08-26,W03,14.5111,37.020,47030.30,143.65858
2024-08-26,W04,3.1049,13.303,18153.81,0.69602
2024-08-26,W05,6.5688,23.199,27897.57,0.99051
2024-08-26,W06,1.9335,8.197,10905.53,6.40229
2024-08-26,W07,18.4158,33.896,54908.02,36.71303
2024-08-26,W08,0.8778,3.798,4858.44,0.08271
2024-08-27,W01,16.3043,44.562,62312.54,57.04804
2024-08-27,W02,15.9386,46.656,56845.36,48.42645
2024-08-27,W03,15.0362,37.893,48978.45,157.10830
2024-08-27,W04,2.7325,11.579,15661.88,0.67246
2024-08-27,W05,6.2222,21.871,26454.49,0.90948
2024-08-27,W06,2.0266,8.531,11535.58,6.90024
2024-08-27,W07,18.6729,34.204,55094.06,38.44085
2024-08-27,W08,0.7746,3.345,4381.09,0.07645
2024-08-28,W01,15.8908,44.590,61416.12,67.20252
2024-08-28,W02,15.8142,46.892,56110.14,48.18218
2024-08-28,W03,15.6978,39.737,51364.23,147.64914
2024-08-28,W04,2.7079,11.533,15539.88,0.55525
2024-08-28,W05,6.2495,21.806,26200.39,0.92538
2024-08-28,W06,1.7729,7.418,10198.47,6.62208
2024-08-28,W07,19.2375,35.223,57801.53,36.93612
2024-08-28,W08,0.8413,3.640,4742.63,0.08532
2024-08-29,W01,16.4563,44.722,60506.06,62.90298
2024-08-29,W02,15.1078,44.995,55127.85,49.69525
2024-08-29,W03,15.8160,39.812,51372.71,162.87221
2024-08-29,W04,3.0253,12.861,16991.65,0.76024
2024-08-29,W05,6.5171,22.953,27350.06,0.95057
2024-08-29,W06,1.8628,7.847,10506.40,6.94915
2024-08-29,W07,18.3124,33.533,55869.81,34.48025
2024-08-29,W08,0.8038,3.468,4546.01,0.07949
2024-08-30,W01,15.1286,41.168,57048.37,53.19247
2024-08-30,W02,16.1727,47.596,58654.88,51.16246
2024-08-30,W03,14.8651,38.313,49421.04,142.32285
2024-08-30,W04,2.9635,12.689,16783.88,0.71627
2024-08-30,W05,6.5474,23.210,27876.80,0.91430
2024-08-30,W06,1.9090,8.067,10891.05,6.88842
2024-08-30,W07,19.4285,35.661,57802.42,40.52123
2024-08-30,W08,0.8509,3.674,4843.55,0.08070
2024-08-31,W01,15.3885,43.874,59991.18,54.32131
2024-08-31,W02,15.2375,45.806,56501.17,54.13479
2024-08-31,W03,15.6510,40.761,52070.57,166.05626
2024-08-31,W04,2.1027,8.970,11893.02,0.85491
2024-08-31,W05,4.3857,15.593,18549.46,0.93276
2024-08-31,W06,1.3905,5.941,7869.32,8.55379
2024-08-31,W07,18.6491,33.796,55326.57,38.46088
2024-08-31,W08,0.5819,2.526,3187.53,0.09404
2024-09-01,W01,15.4323,39.911,56981.62,62.16535
2024-09-01,W02,14.1244,39.456,49380.85,42.09243
2024-09-01,W03,14.3767,35.304,46888.78,159.61561
2024-09-01,W04,0.9288,3.940,5314.63,1.14470
2024-09-01,W05,2.1786,7.401,8910.35,1.56065
2024-09-01,W06,0.5388,2.250,3077.03,10.46366
2024-09-01,W07,18.7394,33.844,54647.05,38.65749
2024-09-01,W08,0.2185,0.940,1224.32,0.10667
2024-09-02,W01,15.7346,41.377,57726.08,57.04755
2024-09-02,W02,15.5508,44.534,54010.73,46.81095
2024-09-02,W03,16.4749,40.987,53508.35,171.00955
2024-09-02,W04,2.6911,11.354,15191.42,0.62168
2024-09-02,W05,5.9259,20.268,24308.17,0.84700
2024-09-02,W06,1.6839,7.013,9695.25,6.51779
2024-09-02,W07,19.3386,34.652,57440.61,35.37184
2024-09-02,W08,0.7575,3.260,4250.31,0.07424
2024-09-03,W01,16.0923,41.475,58492.96,54.90425
2024-09-03,W02,15.3465,43.625,53712.57,46.79988
2024-09-03,W03,15.9185,38.345,49863.82,153.24403
2024-09-03,W04,2.5941,10.933,14674.88,0.62860
2024-09-03,W05,6.3198,21.740,26353.73,0.88426
2024-09-03,W06,1.8036,7.531,10314.46,6.96856
2024-09-03,W07,20.2926,36.320,58861.27,37.69277
2024-09-03,W08,0.7957,3.437,4425.24,0.07467
2024-09-04,W01,17.2126,44.730,62893.17,61.25894
2024-09-04,W02,15.6609,44.322,55543.31,48.83595
2024-09-04,W03,15.4056,37.774,48812.22,153.54014
2024-09-04,W04,2.6111,10.949,15012.71,0.61794
2024-09-04,W05,6.3876,21.657,25697.76,0.93062
2024-09-04,W06,1.7110,7.172,9748.03,6.54255
2024-09-04,W07,18.9137,34.475,56439.87,38.08432
2024-09-04,W08,0.7394,3.144,4178.49,0.06686
2024-09-05,W01,16.5765,43.188,60816.03,64.67948
2024-09-05,W02,15.4512,42.706,52313.42,45.20110
2024-09-05,W03,15.6937,37.131,48588.61,139.67318
2024-09-05,W04,2.4714,10.473,14280.33,0.62088
2024-09-05,W05,5.7800,19.632,23740.54,0.84090
2024-09-05,W06,1.6919,7.084,9671.18,6.91956
2024-09-05,W07,19.6018,35.385,57540.35,37.35998
2024-09-05,W08,0.7705,3.305,4260.68,0.07497
2024-09-06,W01,15.4128,40.118,55835.25,54.03742
2024-09-06,W02,15.1625,42.805,52849.93,45.90079
2024-09-06,W03,15.3773,38.890,49478.63,141.59570
2024-09-06,W04,2.6703,11.303,15413.76,0.56588
2024-09-06,W05,6.0112,20.141,24223.00,0.92681
2024-09-06,W06,1.6155,6.649,9130.67,5.92202
2024-09-06,W07,20.4012,36.240,60370.82,39.88752
2024-09-06,W08,0.7849,3.384,4545.59,0.07835
2024-09-07,W01,16.0777,42.323,58810.03,60.21397
2024-09-07,W02,15.7282,44.980,55257.76,48.16820
2024-09-07,W03,15.4645,37.233,48195.42,148.35603
2024-09-07,W04,1.7096,7.153,9564.59,0.61976
2024-09-07,W05,4.3957,15.213,18553.45,1.02226
2024-09-07,W06,1.0099,4.188,5748.24,6.01768
2024-09-07,W07,18.8998,33.959,56001.77,32.10711
2024-09-07,W08,0.4950,2.147,2800.71,0.08263
2024-09-08,W01,15.0861,39.970,56218.50,58.90872
2024-09-08,W02,14.5577,41.803,50356.47,49.08752
2024-09-08,W03,14.6414,35.962,46169.47,151.93563
2024-09-08,W04,0.9118,3.838,5105.79,1.03714
2024-09-08,W05,2.2616,7.590,9000.54,1.59554
2024-09-08,W06,0.4899,2.026,2803.76,9.13399
2024-09-08,W07,19.0653,34.257,56192.79,38.90138
2024-09-08,W08,0.2217,0.950,1278.73,0.10379
2024-09-09,W01,15.1153,40.289,56652.27,54.72268
2024-09-09,W02,15.4651,43.858,54236.67,46.10914
2024-09-09,W03,15.3006,37.175,48777.77,163.10670
2024-09-09,W04,2.4773,10.455,14150.18,0.61980
2024-09-09,W05,6.0225,20.154,24292.68,0.86118
2024-09-09,W06,1.6920,7.029,9398.81,6.23981
2024-09-09,W07,20.2236,36.255,59325.66,34.07848
2024-09-09,W08,0.7348,3.148,4175.20,0.07561
2024-09-10,W01,15.4604,40.071,57989.79,56.29079
2024-09-10,W02,15.4832,43.486,54128.20,45.74648
2024-09-10,W03,16.4093,40.772,52566.96,164.60805
2024-09-10,W04,2.7574,11.654,15708.28,0.65508
2024-09-10,W05,6.0213,20.316,24550.16,0.84509
2024-09-10,W06,1.6358,6.770,9355.87,6.57167
2024-09-10,W07,19.9832,36.026,59398.25,35.71352
2024-09-10,W08,0.7660,3.278,4401.48,0.07408
2024-09-11,W01,16.9832,44.252,62083.19,62.96261
2024-09-11,W02,15.7706,45.464,57126.18,51.06567
2024-09-11,W03,16.1357,39.659,52072.28,183.04568
2024-09-11,W04,2.4925,10.497,14128.79,0.58490
2024-09-11,W05,6.2349,21.567,26327.76,0.85490
2024-09-11,W06,1.7361,7.299,9839.51,6.85352
2024-09-11,W07,20.3707,36.355,58707.79,36.85340
2024-09-11,W08,0.7194,3.065,3998.63,0.07079
2024-09-12,W01,16.3435,43.221,60207.11,58.27401
2024-09-12,W02,15.1591,43.578,52786.89,44.17621
2024-09-12,W03,14.9930,37.551,48717.31,172.08956
2024-09-12,W04,2.5605,10.724,15116.88,0.59231
2024-09-12,W05,6.1071,20.652,24963.43,0.89389
2024-09-12,W06,1.6623,6.971,9475.87,5.75067
2024-09-12,W07,20.6398,37.394,60496.06,39.84162
2024-09-12,W08,0.7877,3.389,4515.03,0.07248
2024-09-13,W01,16.2339,42.792,59478.98,60.10351
2024-09-13,W02,16.5150,46.637,57628.57,48.73754
2024-09-13,W03,15.1930,38.228,48780.57,149.46957
2024-09-13,W04,2.5190,10.520,14688.34,0.56856
2024-09-13,W05,6.0129,20.511,24559.59,0.80777
2024-09-13,W06,1.6500,6.901,9357.98,6.14507
2024-09-13,W07,20.2680,36.405,57920.02,33.69076
2024-09-13,W08,0.7548,3.246,4325.77,0.07862
2024-09-14,W01,15.6190,40.936,57187.03,56.22779
2024-09-14,W02,15.3209,42.650,53912.13,48.68468
2024-09-14,W03,15.1793,37.446,48497.00,161.78859
2024-09-14,W04,1.6748,7.037,9575.60,0.65958
2024-09-14,W05,4.4644,15.137,18133.25,1.02107
2024-09-14,W06,1.2569,5.332,7077.54,7.22529
2024-09-14,W07,19.1046,34.409,57253.55,38.39234
2024-09-14,W08,0.5003,2.146,2788.80,0.07211
2024-09-15,W01,14.7893,39.074,54842.25,61.63558
2024-09-15,W02,14.5189,39.711,49012.56,50.80191
2024-09-15,W03,13.8749,33.407,43244.40,174.21334
2024-09-15,W04,0.5857,2.469,3361.85,2.19179
2024-09-15,W05,3.6187,14.710,17189.02,8.87562
2024-09-15,W06,0.3580,1.504,2014.31,22.26395
2024-09-15,W07,18.6769,33.536,55172.16,38.04157
2024-09-15,W08,0.1188,0.507,657.28,0.18795
2024-09-16,W01,14.7918,39.043,53774.99,63.02316
2024-09-16,W02,14.8508,41.908,51407.32,51.57474
2024-09-16,W03,14.7066,36.122,47053.71,158.96571
2024-09-16,W04,0.5703,2.377,3279.86,2.19672
2024-09-16,W05,1.6536,5.667,6742.23,4.06508
2024-09-16,W06,0.3499,1.463,1988.98,21.44493
2024-09-16,W07,20.2932,36.185,59766.70,44.42887
2024-09-16,W08,0.1355,0.583,774.92,0.24392
2024-09-17,W01,15.3087,40.828,57087.57,65.62211
2024-09-17,W02,14.1278,40.497,49350.11,49.66602
2024-09-17,W03,14.7576,35.676,45523.33,172.03556
2024-09-17,W04,0.6145,2.579,3504.62,2.54137
2024-09-17,W05,1.6460,5.631,6746.48,4.09727
2024-09-17,W06,0.3642,1.536,2059.81,23.62308
2024-09-17,W07,16.8483,30.803,50454.97,35.23921
2024-09-17,W08,0.6683,3.057,3662.71,1.04646
2024-09-18,W01,16.3307,43.243,60447.93,59.82570
2024-09-18,W02,15.7064,44.728,55206.87,47.12788
2024-09-18,W03,14.6893,36.707,47854.55,156.27630
2024-09-18,W04,2.5746,10.812,14608.14,0.60256
2024-09-18,W05,6.1546,20.849,24845.10,0.79954
2024-09-18,W06,1.6234,6.805,9155.00,5.66443
2024-09-18,W07,20.0755,36.209,59336.29,34.02894
2024-09-18,W08,0.7579,3.255,4340.08,0.07269
2024-09-19,W01,17.0067,44.222,60834.37,60.02330
2024-09-19,W02,16.7814,47.574,58614.83,50.15202
2024-09-19,W03,15.8432,38.526,51072.15,168.56102
2024-09-19,W04,2.8476,12.096,15724.45,0.66386
2024-09-19,W05,5.9638,20.118,24153.13,0.84267
2024-09-19,W06,1.7509,7.367,10199.00,6.55553
2024-09-19,W07,19.8558,35.549,58207.54,36.76473
2024-09-19,W08,0.7548,3.256,4171.21,0.07844
2024-09-20,W01,16.2061,42.242,59600.57,65.70384
2024-09-20,W02,15.3134,43.253,53389.19,47.16355
2024-09-20,W03,15.3270,38.153,48787.32,152.78605
2024-09-20,W04,2.5600,10.860,14631.16,0.53888
2024-09-20,W05,6.0839,20.977,25265.78,0.79789
2024-09-20,W06,1.8169,7.674,10331.65,6.86609
2024-09-20,W07,18.7120,33.722,56302.24,32.34469
2024-09-20,W08,0.7554,3.257,4299.01,0.07284
2024-09-21,W01,14.6148,39.001,54781.04,51.43441
2024-09-21,W02,15.8354,45.206,55183.63,47.55103
2024-09-21,W03,15.0475,36.075,46912.29,159.49769
2024-09-21,W04,1.8199,7.659,10572.20,0.75914
2024-09-21,W05,4.3446,14.811,17861.87,1.01905
2024-09-21,W06,1.1066,4.612,6178.61,6.20671
2024-09-21,W07,19.3435,34.645,58522.68,39.41487
2024-09-21,W08,0.5158,2.221,2902.26,0.07812
2024-09-22,W01,15.5041,40.664,57292.22,57.77874
2024-09-22,W02,15.5989,44.606,54417.61,49.72974
2024-09-22,W03,15.3458,37.537,49380.06,153.38424
2024-09-22,W04,0.9379,4.001,5420.80,1.04693
2024-09-22,W05,2.3045,7.908,9549.37,1.55941
2024-09-22,W06,0.5276,2.203,3022.31,9.87673
2024-09-22,W07,19.7014,35.350,56955.37,41.19804
2024-09-22,W08,0.6742,3.057,3698.91,0.31637
2024-09-23,W01,15.9500,42.127,59491.24,58.36110
2024-09-23,W02,15.1062,42.481,51721.38,45.38826
2024-09-23,W03,16.0183,38.312,49860.00,161.07987
2024-09-23,W04,2.6793,11.274,15314.53,0.61592
2024-09-23,W05,5.9676,20.476,25114.92,0.88964
2024-09-23,W06,1.6259,6.727,9503.79,5.90717
2024-09-23,W07,21.2023,37.906,61073.44,38.76901
2024-09-23,W08,0.7055,2.996,3942.54,0.07164
2024-09-24,W01,15.5849,41.395,58391.58,57.73415
2024-09-24,W02,16.3030,45.724,55119.84,52.83469
2024-09-24,W03,14.8071,36.311,46673.05,146.27158
2024-09-24,W04,2.6216,11.069,14823.28,0.59340
2024-09-24,W05,6.0985,20.799,25125.28,0.83448
2024-09-24,W06,1.6364,6.789,9268.98,5.90440
2024-09-24,W07,18.7064,34.002,56531.37,35.41046
2024-09-24,W08,0.7251,3.108,4100.86,0.07301
2024-09-25,W01,16.5557,43.925,60763.19,60.28721
2024-09-25,W02,15.2433,42.830,52350.84,43.61060
2024-09-25,W03,16.5497,39.474,51397.82,155.10379
2024-09-25,W04,2.5057,10.519,13548.15,0.59089
2024-09-25,W05,6.1387,20.951,25419.09,0.87619
2024-09-25,W06,1.7641,7.400,10101.45,6.45568
2024-09-25,W07,18.9947,34.114,57167.84,38.10950
2024-09-25,W08,0.7132,3.049,4039.49,0.07185
2024-09-26,W01,15.4855,41.754,58088.58,58.15698
2024-09-26,W02,16.2018,46.668,57443.29,44.07409
2024-09-26,W03,16.3633,38.753,49658.82,163.07396
2024-09-26,W04,2.5514,10.717,14563.47,0.58229
2024-09-26,W05,6.3687,21.738,25883.29,0.94057
2024-09-26,W06,1.7525,7.371,9984.14,7.27654
2024-09-26,W07,19.7038,35.398,58624.28,36.80612
2024-09-26,W08,0.6901,2.898,3990.04,0.07095
2024-09-27,W01,15.6490,42.009,59672.55,51.62629
2024-09-27,W02,15.7581,44.531,54966.77,48.85978
2024-09-27,W03,15.3622,37.387,48414.68,167.66018
2024-09-27,W04,2.5058,10.542,14593.18,0.57401
2024-09-27,W05,6.2414,21.301,25103.34,0.85744
2024-09-27,W06,1.7050,7.138,9452.16,6.48765
2024-09-27,W07,16.8445,30.570,50313.35,31.59042
2024-09-27,W08,0.7100,3.030,4138.99,0.07184
2024-09-28,W01,15.7436,41.107,56907.20,62.67540
2024-09-28,W02,14.5536,41.236,50232.38,45.77630
2024-09-28,W03,14.4695,35.568,45733.53,153.53408
2024-09-28,W04,1.7973,7.597,10080.83,0.68079
2024-09-28,W05,4.3700,15.006,18220.59,1.01326
2024-09-28,W06,1.5862,6.805,8850.40,9.72529
2024-09-28,W07,18.5865,33.056,54008.16,36.67742
2024-09-28,W08,0.5086,2.185,2868.67,0.08488
2024-09-29,W01,15.0707,39.975,55441.68,58.28356
2024-09-29,W02,15.2276,43.071,52104.95,43.47031
2024-09-29,W03,15.8373,37.901,49304.45,165.63829
2024-09-29,W04,0.8497,3.581,4943.14,0.88921
2024-09-29,W05,2.2818,7.804,9346.95,1.56835
2024-09-29,W06,0.5501,2.297,3061.73,10.68320
2024-09-29,W07,19.7710,35.409,56797.13,39.45113
2024-09-29,W08,0.2170,0.932,1220.34,0.11658
2024-09-30,W01,15.1848,39.321,55198.22,53.52056
2024-09-30,W02,14.7628,42.730,52367.65,45.96669
2024-09-30,W03,15.6505,36.895,48018.36,158.69466
2024-09-30,W04,2.6088,10.980,15035.77,0.59082
2024-09-30,W05,6.3343,21.760,25977.46,0.90335
2024-09-30,W06,1.7172,7.197,9880.03,5.76940
2024-09-30,W07,20.9016,37.216,61563.76,40.53052
2024-09-30,W08,0.7062,3.022,4008.32,0.06661
2024-10-01,W01,15.7362,39.150,55095.74,66.07314
2024-10-01,W02,14.3855,39.246,47660.04,47.00968
2024-10-01,W03,15.9937,37.535,48849.43,200.80692
2024-10-01,W04,0.5845,2.468,3377.26,2.50679
2024-10-01,W05,1.7759,6.026,7188.98,4.31380
2024-10-01,W06,0.3063,1.280,1730.21,22.26325
2024-10-01,W07,23.2208,40.762,67769.05,48.98711
2024-10-01,W08,0.1227,0.523,694.99,0.18837
2024-10-02,W01,14.8807,36.807,52368.73,65.03907
2024-10-02,W02,15.8049,43.050,53503.92,53.69309
2024-10-02,W03,15.5099,36.313,47305.28,173.12915
2024-10-02,W04,0.5549,2.302,3246.87,2.12474
2024-10-02,W05,1.6750,5.503,6500.35,3.83213
2024-10-02,W06,0.3374,1.428,1886.62,20.43456
2024-10-02,W07,19.9543,35.368,58607.57,38.98076
2024-10-02,W08,0.1207,0.514,685.90,0.18007
2024-10-03,W01,16.0162,40.741,57656.22,77.94291
2024-10-03,W02,15.1880,41.346,50281.59,57.63438
2024-10-03,W03,15.8243,36.948,49361.26,179.32039
2024-10-03,W04,0.5611,2.336,3293.97,2.02109
2024-10-03,W05,1.6750,5.517,6635.22,4.21904
2024-10-03,W06,0.3437,1.421,2006.25,23.13192
2024-10-03,W07,19.9351,35.512,58231.91,41.89386
2024-10-03,W08,0.1143,0.487,653.06,0.19372
2024-10-04,W01,15.7808,38.217,55803.80,65.68420
2024-10-04,W02,16.2164,43.546,53569.32,53.13686
2024-10-04,W03,16.9105,38.966,51127.41,182.93039
2024-10-04,W04,0.5644,2.384,3299.09,2.11980
2024-10-04,W05,1.7148,5.603,6730.85,4.09208
2024-10-04,W06,0.3206,1.340,1874.36,19.15398
2024-10-04,W07,20.2975,35.903,57093.04,42.36063
2024-10-04,W08,0.1220,0.520,696.61,0.20378
2024-10-05,W01,16.2923,39.185,56045.50,68.48283
2024-10-05,W02,15.6301,43.220,53290.83,44.65041
2024-10-05,W03,16.7188,39.343,51800.01,199.09933
2024-10-05,W04,0.5095,2.101,2907.34,1.99958
2024-10-05,W05,1.6596,5.532,6509.06,4.49006
2024-10-05,W06,0.3029,1.248,1736.33,16.62616
2024-10-05,W07,20.2906,35.837,57875.98,39.66488
2024-10-05,W08,0.1325,0.566,736.67,0.23207
2024-10-06,W01,15.5440,38.692,54661.69,79.05320
2024-10-06,W02,15.5906,42.258,51226.18,51.00062
2024-10-06,W03,15.2161,36.451,47706.36,168.32128
2024-10-06,W04,0.5621,2.360,3237.16,2.25517
2024-10-06,W05,1.6725,5.446,6597.93,4.02338
2024-10-06,W06,0.3318,1.380,1920.54,19.72495
2024-10-06,W07,20.8384,36.847,60653.25,42.19613
2024-10-06,W08,0.1214,0.517,698.04,0.20107
2024-10-07,W01,15.1992,37.923,53580.05,71.57260
2024-10-07,W02,15.5004,41.721,51816.19,50.66474
2024-10-07,W03,15.2710,35.961,47322.81,178.99130
2024-10-07,W04,0.5450,2.280,3115.79,2.18116
2024-10-07,W05,1.6597,5.487,6479.16,3.89727
2024-10-07,W06,0.2995,1.244,1680.45,17.73687
2024-10-07,W07,21.7544,38.353,62365.90,40.35821
2024-10-07,W08,0.1139,0.482,648.52,0.17606
2024-10-08,W01,16.6141,41.232,59246.68,64.52522
2024-10-08,W02,16.4773,46.170,56821.69,51.22517
2024-10-08,W03,16.8101,40.138,52824.75,185.48253
2024-10-08,W04,2.3921,9.941,13489.22,0.52451
2024-10-08,W05,6.2997,20.672,24431.27,0.89236
2024-10-08,W06,1.4699,5.984,8402.75,6.36346
2024-10-08,W07,23.1553,40.836,68559.47,45.78239
2024-10-08,W08,0.7006,3.002,3928.94,0.06861
2024-10-09,W01,17.2415,42.875,61150.13,64.63051
2024-10-09,W02,16.2100,44.015,54341.54,50.45687
2024-10-09,W03,17.9100,41.287,54607.56,187.23364
2024-10-09,W04,2.4816,10.401,14013.20,0.53282
2024-10-09,W05,6.1726,20.512,24941.94,0.87587
2024-10-09,W06,1.6659,6.921,9468.13,5.65798
2024-10-09,W07,23.1035,40.614,67201.21,45.41865
2024-10-09,W08,0.6472,2.744,3573.59,0.06464
2024-10-10,W01,17.6312,44.091,63160.89,61.73257
2024-10-10,W02,16.7117,44.905,57330.44,52.45190
2024-10-10,W03,16.2901,38.635,51235.94,152.08344
2024-10-10,W04,2.4746,10.376,14372.31,0.58201
2024-10-10,W05,6.0988,20.358,24639.66,0.87349
2024-10-10,W06,1.5995,6.614,9165.26,5.89737
2024-10-10,W07,20.5053,36.476,61051.87,36.15386
2024-10-10,W08,0.6778,2.886,3852.70,0.06249
2024-10-11,W01,16.4656,42.007,59271.90,58.34620
2024-10-11,W02,16.8171,45.037,55218.04,46.66696
2024-10-11,W03,16.7070,39.378,52313.24,167.54199
2024-10-11,W04,2.3590,9.785,13389.56,0.57376
2024-10-11,W05,6.4779,21.821,25656.30,0.91371
2024-10-11,W06,1.5975,6.567,9168.66,6.04492
2024-10-11,W07,23.6052,41.473,68714.33,41.00692
2024-10-11,W08,0.6871,2.931,3829.16,0.06645
2024-10-12,W01,16.9238,41.954,58680.49,61.01341
2024-10-12,W02,16.4447,45.579,56121.30,48.75401
2024-10-12,W03,17.2705,41.390,52962.30,160.19938
2024-10-12,W04,1.6713,6.931,9722.03,0.62255
2024-10-12,W05,4.2902,14.327,16866.30,1.06240
2024-10-12,W06,1.0761,4.469,6163.05,6.21838
2024-10-12,W07,22.8713,40.228,66152.44,44.27457
2024-10-12,W08,0.4908,2.111,2733.36,0.07789
2024-10-13,W01,16.8917,42.199,58922.85,66.57818
2024-10-13,W02,15.3515,41.964,51472.59,49.06373
2024-10-13,W03,15.6227,37.326,47912.26,177.84761
2024-10-13,W04,0.8488,3.563,4820.66,0.97102
2024-10-13,W05,2.4171,7.991,9537.67,1.89229
2024-10-13,W06,0.5236,2.171,3006.25,9.50828
2024-10-13,W07,24.8365,43.516,71159.72,49.16724
2024-10-13,W08,0.1891,0.803,1075.23,0.09071
2024-10-14,W01,16.6449,40.577,58094.13,59.11812
2024-10-14,W02,16.2435,43.824,54272.59,50.56702
2024-10-14,W03,17.4896,40.425,52936.67,178.28307
2024-10-14,W04,2.5696,10.809,14716.87,0.57144
2024-10-14,W05,6.2934,20.660,24331.08,0.84957
2024-10-14,W06,1.6192,6.775,9198.02,5.91842
2024-10-14,W07,23.7366,41.417,69251.70,45.66083
2024-10-14,W08,0.7203,3.088,4012.23,0.07518
2024-10-15,W01,17.1814,42.501,60551.89,63.79079
2024-10-15,W02,16.4187,43.970,54311.24,49.94651
2024-10-15,W03,17.3611,41.185,53449.67,166.33747
2024-10-15,W04,2.5067,10.442,14561.55,0.63627
2024-10-15,W05,6.0456,19.955,23857.91,0.89952
2024-10-15,W06,1.4868,6.190,8551.60,4.99785
2024-10-15,W07,23.0333,40.712,65887.17,42.53425
2024-10-15,W08,0.6514,2.768,3671.68,0.05971
2024-10-16,W01,17.3353,43.946,61787.28,66.36402
2024-10-16,W02,16.1986,44.476,54869.18,47.76890
2024-10-16,W03,17.6054,40.652,53922.38,181.68104
2024-10-16,W04,2.4079,10.091,13726.29,0.55048
2024-10-16,W05,5.8141,18.965,22520.81,0.76467
2024-10-16,W06,1.4458,5.982,8056.64,5.50728
2024-10-16,W07,21.9493,38.633,63730.39,39.14376
2024-10-16,W08,0.6552,2.782,3658.20,0.06002
2024-10-17,W01,16.2742,40.570,57577.07,56.24411
2024-10-17,W02,16.7420,45.659,56104.22,57.15992
2024-10-17,W03,16.0736,38.048,49730.07,154.19221
2024-10-17,W04,2.3788,9.962,13693.88,0.52263
2024-10-17,W05,6.3042,21.128,25337.29,0.85781
2024-10-17,W06,1.6247,6.706,9227.67,5.96623
2024-10-17,W07,21.6252,38.415,62869.28,39.90661
2024-10-17,W08,0.6393,2.720,3663.37,0.07156
2024-10-18,W01,16.2213,40.221,56508.92,57.74078
2024-10-18,W02,17.5081,48.556,59249.23,52.83229
2024-10-18,W03,17.7842,41.736,54580.07,163.88960
2024-10-18,W04,2.3508,9.766,13483.53,0.53543
2024-10-18,W05,6.2011,20.063,24348.83,0.84797
2024-10-18,W06,1.5921,6.567,9136.90,6.29507
2024-10-18,W07,23.9201,42.240,69967.05,48.40662
2024-10-18,W08,0.6667,2.842,3731.94,0.06634
2024-10-19,W01,16.8776,41.879,58673.43,63.41542
2024-10-19,W02,16.6822,44.292,55496.45,55.56274
2024-10-19,W03,16.1492,38.081,49865.76,193.07273
2024-10-19,W04,1.6808,7.076,9656.25,0.67461
2024-10-19,W05,4.6551,14.922,17834.03,1.06561
2024-10-19,W06,1.0319,4.053,5942.13,5.99828
2024-10-19,W07,22.3503,39.496,66166.34,39.56589
2024-10-19,W08,0.4660,1.988,2602.46,0.06894
2024-10-20,W01,16.4626,40.288,58042.49,63.41212
2024-10-20,W02,15.1475,42.083,51559.72,41.19941
2024-10-20,W03,17.3116,39.507,52635.67,193.46191
2024-10-20,W04,0.8275,3.484,4754.93,0.88738
2024-10-20,W05,2.3225,7.715,9215.15,1.65254
2024-10-20,W06,0.4744,1.958,2727.79,9.86738
2024-10-20,W07,21.3317,37.640,61865.92,40.57741
2024-10-20,W08,0.2064,0.883,1153.71,0.10081
2024-10-21,W01,16.8190,41.957,59865.38,63.93857
2024-10-21,W02,16.6272,45.624,56936.01,48.75625
2024-10-21,W03,17.1895,40.437,53032.22,184.13238
2024-10-21,W04,2.3591,9.872,13511.20,0.57504
2024-10-21,W05,5.9609,19.947,24162.93,0.84253
2024-10-21,W06,1.4838,6.150,8556.57,5.58244
2024-10-21,W07,22.1216,39.096,63847.12,40.91245
2024-10-21,W08,0.6324,2.673,3690.47,0.05857
2024-10-22,W01,16.1147,41.027,57595.04,58.77807
2024-10-22,W02,15.8987,43.395,54068.12,48.59407
2024-10-22,W03,16.8306,39.561,51907.75,176.94855
2024-10-22,W04,2.3014,9.570,13227.50,0.54342
2024-10-22,W05,6.2497,20.343,23809.09,0.85752
2024-10-22,W06,1.7043,7.102,9700.63,6.50906
2024-10-22,W07,21.5837,38.008,62154.81,39.86629
2024-10-22,W08,0.6783,2.894,3892.41,0.06423
2024-10-23,W01,16.4067,40.064,57956.27,58.42656
2024-10-23,W02,16.3195,42.934,53129.56,52.65078
2024-10-23,W03,17.2248,39.494,50675.58,175.57485
2024-10-23,W04,2.6001,10.952,14744.31,0.56323
2024-10-23,W05,6.1237,20.262,24420.53,0.90228
2024-10-23,W06,1.4839,6.067,8591.51,5.29341
2024-10-23,W07,21.4294,37.640,61342.80,38.89409
2024-10-23,W08,0.6739,2.872,3825.39,0.06606
2024-10-24,W01,17.5882,43.380,61406.78,67.76994
2024-10-24,W02,17.2179,47.104,58702.20,49.34859
2024-10-24,W03,16.1995,38.260,49901.38,160.69484
2024-10-24,W04,2.4352,10.150,14149.00,0.53127
2024-10-24,W05,6.4877,21.638,25819.07,0.84867
2024-10-24,W06,1.5196,6.287,8673.44,5.92262
2024-10-24,W07,22.6226,40.177,66164.47,38.97469
2024-10-24,W08,0.7088,3.035,4073.69,0.06755
2024-10-25,W01,16.9871,42.249,59609.77,65.79599
2024-10-25,W02,16.0297,42.884,52631.37,46.21957
2024-10-25,W03,16.9442,39.554,51458.88,179.72948
2024-10-25,W04,2.5090,10.607,14466.36,0.58809
2024-10-25,W05,6.1784,20.510,24416.82,0.91313
2024-10-25,W06,1.6355,6.809,9283.31,6.33626
2024-10-25,W07,22.8295,40.187,65639.52,39.35259
2024-10-25,W08,0.6918,2.934,3877.06,0.06642
2024-10-26,W01,16.7936,41.745,60824.72,63.75283
2024-10-26,W02,16.5201,44.429,56468.85,49.89623
2024-10-26,W03,17.2814,39.546,52113.58,190.64493
2024-10-26,W04,1.6173,6.714,9372.12,0.66267
2024-10-26,W05,4.1628,13.827,16503.34,1.04174
2024-10-26,W06,1.0638,4.411,5989.57,6.23831
2024-10-26,W07,24.0346,41.934,68552.47,45.49183
2024-10-26,W08,0.4862,2.076,2784.07,0.07368
2024-10-27,W01,16.6407,41.120,58669.88,61.25160
2024-10-27,W02,15.6147,43.014,53114.22,48.03711
2024-10-27,W03,16.0450,36.916,47474.03,165.29269
2024-10-27,W04,0.8635,3.628,4860.97,0.92731
2024-10-27,W05,3.7099,14.212,17368.39,2.63751
2024-10-27,W06,0.5028,2.080,2796.36,9.33661
2024-10-27,W07,19.9215,35.210,57842.31,37.85385
2024-10-27,W08,0.2205,0.949,1269.63,0.11718
2024-10-28,W01,16.8840,41.947,58878.91,60.76576
2024-10-28,W02,15.9642,44.099,55199.54,47.88883
2024-10-28,W03,16.7047,39.340,51861.80,178.53928
2024-10-28,W04,2.3919,9.971,13814.75,0.53097
2024-10-28,W05,6.5504,21.779,25846.33,0.86497
2024-10-28,W06,1.6508,6.860,9323.79,6.19612
2024-10-28,W07,22.0922,39.142,64051.88,38.95688
2024-10-28,W08,0.7370,3.154,4140.22,0.07481
2024-10-29,W01,17.3929,42.355,60156.13,59.04869
2024-10-29,W02,16.9140,44.983,55976.17,54.48919
2024-10-29,W03,17.3672,40.357,53553.54,170.97094
2024-10-29,W04,2.3678,9.875,13636.05,0.52229
2024-10-29,W05,6.1010,19.817,23603.77,0.83114
2024-10-29,W06,1.6073,6.665,9254.23,5.77208
2024-10-29,W07,21.9974,38.679,63709.34,38.82857
2024-10-29,W08,0.6811,2.880,3832.77,0.06462
2024-10-30,W01,16.9452,42.117,60275.71,70.49607
2024-10-30,W02,16.1213,43.414,53215.21,46.49980
2024-10-30,W03,16.4044,38.699,50657.94,187.51366
2024-10-30,W04,2.4281,10.197,13983.41,0.60430
2024-10-30,W05,6.1237,19.858,23861.30,0.86585
2024-10-30,W06,1.5689,6.509,8846.27,5.87812
2024-10-30,W07,21.6263,38.429,63086.86,38.43277
2024-10-30,W08,0.6918,2.942,3919.47,0.06673
2024-10-31,W01,17.3553,42.736,61298.13,67.54000
2024-10-31,W02,16.7331,44.635,55815.27,49.79950
2024-10-31,W03,17.5949,40.655,54062.01,186.76803
2024-10-31,W04,2.4423,10.253,13844.46,0.55885
2024-10-31,W05,6.3107,20.510,24317.67,0.82367
2024-10-31,W06,1.5367,6.395,8855.72,5.56432
2024-10-31,W07,23.1897,40.650,66140.15,41.87700
2024-10-31,W08,0.7284,3.116,4074.13,0.07035
2024-11-01,W01,20.0206,48.268,69178.89,78.53242
2024-11-01,W02,19.5205,52.035,63590.96,55.31337
2024-11-01,W03,19.8572,46.223,60359.86,172.43712
2024-11-01,W04,2.5201,10.674,14849.14,0.52823
2024-11-01,W05,6.9670,22.555,27187.10,1.05139
2024-11-01,W06,1.7415,7.356,9780.01,6.46163
2024-11-01,W07,26.8835,46.971,75288.84,49.02568
2024-11-01,W08,0.7661,3.300,4398.08,0.06945
2024-11-02,W01,20.9040,49.426,71014.03,74.65570
2024-11-02,W02,18.6447,48.536,59807.47,53.49224
2024-11-02,W03,19.7933,45.077,58676.53,211.40322
2024-11-02,W04,1.7470,7.361,9951.47,0.58400
2024-11-02,W05,4.9710,15.718,18666.04,1.06366
2024-11-02,W06,1.1342,4.734,6435.67,6.72744
2024-11-02,W07,25.2453,44.223,72750.89,46.96327
2024-11-02,W08,0.4968,2.135,2846.24,0.08303
2024-11-03,W01,19.0812,47.521,67330.00,71.76503
2024-11-03,W02,18.9946,50.154,63860.48,60.00748
2024-11-03,W03,18.9042,43.010,56381.01,199.50788
2024-11-03,W04,0.9351,3.968,5381.81,1.03240
2024-11-03,W05,2.6651,8.696,10370.94,1.81036
2024-11-03,W06,0.5704,2.427,3236.53,11.15151
2024-11-03,W07,27.2659,47.577,78009.64,52.05171
2024-11-03,W08,0.2066,0.878,1180.62,0.10149
2024-11-04,W01,20.8984,49.846,71464.54,76.49206
2024-11-04,W02,18.8300,50.042,61643.50,59.20998
2024-11-04,W03,21.7292,48.829,63394.15,257.28417
2024-11-04,W04,2.4624,10.328,14375.40,0.55990
2024-11-04,W05,7.3823,23.915,28194.83,1.07023
2024-11-04,W06,1.7648,7.393,10062.70,6.35750
2024-11-04,W07,27.4074,47.764,77622.25,52.96093
2024-11-04,W08,0.7384,3.150,4225.68,0.06733
2024-11-05,W01,20.8503,48.911,69769.01,81.02382
2024-11-05,W02,18.8599,48.886,60625.47,53.97627
2024-11-05,W03,20.9459,47.668,63516.67,199.26121
2024-11-05,W04,2.6244,11.021,14882.54,0.56862
2024-11-05,W05,7.1972,22.842,27219.19,1.05101
2024-11-05,W06,1.6322,6.807,9240.53,5.79994
2024-11-05,W07,27.3017,47.835,78493.19,47.78438
2024-11-05,W08,0.7859,3.376,4392.90,0.07637
2024-11-06,W01,19.7213,47.908,67524.39,79.12762
2024-11-06,W02,19.8645,52.357,64538.94,58.82045
2024-11-06,W03,20.7768,47.165,63034.03,213.84278
2024-11-06,W04,2.5075,10.593,14536.12,0.57208
2024-11-06,W05,6.9124,22.227,26313.60,1.00632
2024-11-06,W06,1.6389,6.744,9275.07,6.15562
2024-11-06,W07,28.1405,49.028,80891.61,50.82405
2024-11-06,W08,0.7708,3.297,4440.43,0.07342
2024-11-07,W01,19.7544,47.303,67326.98,78.54153
2024-11-07,W02,19.2433,51.180,62747.86,62.08801
2024-11-07,W03,19.8987,46.981,61060.22,205.70483
2024-11-07,W04,2.6773,11.343,15313.74,0.61379
2024-11-07,W05,7.2835,23.176,27807.34,1.13012
2024-11-07,W06,1.6426,6.822,9341.53,5.79824
2024-11-07,W07,25.5605,44.655,76004.31,51.56798
2024-11-07,W08,0.7565,3.239,4279.52,0.07807
2024-11-08,W01,20.3727,49.273,70542.72,82.91636
2024-11-08,W02,19.9904,53.663,66033.47,60.00447
2024-11-08,W03,19.9926,45.349,61406.38,211.11246
2024-11-08,W04,2.6107,10.951,15288.72,0.59037
2024-11-08,W05,7.0608,22.769,27006.20,1.09424
2024-11-08,W06,1.6705,6.947,9484.49,6.79859
2024-11-08,W07,28.1673,49.462,80786.44,47.10503
2024-11-08,W08,0.7484,3.218,4255.77,0.07219
2024-11-09,W01,19.2276,46.292,66927.65,77.76907
2024-11-09,W02,19.1748,50.851,62860.98,62.85323
2024-11-09,W03,20.3576,45.994,61416.69,218.49706
2024-11-09,W04,1.7119,7.206,9607.90,0.57617
2024-11-09,W05,4.9287,15.815,18940.31,1.13668
2024-11-09,W06,1.1866,4.996,6688.97,6.92579
2024-11-09,W07,25.3450,44.638,70999.91,43.60855
2024-11-09,W08,0.4760,2.030,2669.79,0.07007
2024-11-10,W01,18.7692,45.479,65647.41,79.36287
2024-11-10,W02,17.4456,46.214,56708.24,53.53704
2024-11-10,W03,18.5389,42.645,56412.14,206.46492
2024-11-10,W04,0.9373,3.967,5296.39,1.13676
2024-11-10,W05,2.6813,8.801,10324.29,1.90003
2024-11-10,W06,0.5160,2.148,2888.34,9.50487
2024-11-10,W07,25.0690,44.073,72364.04,49.60430
2024-11-10,W08,0.2199,0.935,1251.12,0.11112
2024-11-11,W01,20.5738,49.125,70971.03,74.02814
2024-11-11,W02,19.3238,51.267,64873.49,63.86328
2024-11-11,W03,20.8524,47.841,63972.02,196.56826
2024-11-11,W04,2.6021,10.963,15139.37,0.65728
2024-11-11,W05,7.2163,23.158,26861.36,1.01215
2024-11-11,W06,1.7442,7.321,9960.40,6.74302
2024-11-11,W07,26.2140,45.798,74910.05,45.51684
2024-11-11,W08,0.8050,3.469,4547.16,0.07328
2024-11-12,W01,20.4091,47.656,70599.63,74.05782
2024-11-12,W02,18.7965,50.440,62772.63,53.07129
2024-11-12,W03,21.0847,47.803,63195.35,228.44149
2024-11-12,W04,2.5068,10.428,14151.51,0.60848
2024-11-12,W05,6.8630,22.260,26025.11,1.04452
2024-11-12,W06,1.6549,6.880,9467.34,5.80517
2024-11-12,W07,28.3428,49.235,80332.98,54.24574
2024-11-12,W08,0.7360,3.173,4131.67,0.06857
2024-11-13,W01,20.9053,50.250,72092.81,85.27730
2024-11-13,W02,19.7727,53.265,64691.57,55.77471
2024-11-13,W03,19.6898,46.028,60033.14,185.14882
2024-11-13,W04,2.2641,9.379,12925.20,0.50587
2024-11-13,W05,6.7782,21.878,26192.37,0.91168
2024-11-13,W06,1.6285,6.775,9119.45,6.16310
2024-11-13,W07,27.1458,47.376,76260.88,48.14583
2024-11-13,W08,0.6790,2.890,3805.22,0.06588
2024-11-14,W01,20.7269,49.398,70437.28,78.25615
2024-11-14,W02,18.8051,49.246,61572.68,55.29364
2024-11-14,W03,18.8734,43.976,57162.75,197.87994
2024-11-14,W04,2.6260,11.077,15110.53,0.55732
2024-11-14,W05,7.0982,23.486,28201.83,1.01217
2024-11-14,W06,1.5535,6.385,8946.75,5.64457
2024-11-14,W07,28.0139,48.688,79013.36,47.55259
2024-11-14,W08,0.7116,3.045,4062.76,0.06414
2024-11-15,W01,21.1634,51.045,73803.02,78.73784
2024-11-15,W02,19.1751,50.767,63514.39,60.45029
2024-11-15,W03,19.9199,45.531,61095.10,199.72276
2024-11-15,W04,2.5545,10.806,14568.68,0.61080
2024-11-15,W05,6.9916,22.543,27009.05,0.97316
2024-11-15,W06,1.7609,7.364,10051.67,6.21347
2024-11-15,W07,26.7067,46.753,74661.65,52.40052
2024-11-15,W08,0.7457,3.225,4210.52,0.06995
2024-11-16,W01,19.6541,47.244,67594.86,73.53419
2024-11-16,W02,19.1141,51.375,63505.68,53.90255
2024-11-16,W03,19.2138,44.436,59080.09,203.14652
2024-11-16,W04,1.7349,7.265,10177.07,0.65443
2024-11-16,W05,5.1372,16.624,19795.90,1.18811
2024-11-16,W06,1.1476,4.791,6507.05,7.62474
2024-11-16,W07,26.6193,46.656,76907.52,50.66853
2024-11-16,W08,0.4781,2.038,2770.83,0.07551
2024-11-17,W01,20.3888,48.561,69240.93,79.37674
2024-11-17,W02,18.1386,47.257,58487.51,54.59149
2024-11-17,W03,18.8586,43.184,57771.91,211.68796
2024-11-17,W04,0.8984,3.793,5157.22,1.00425
2024-11-17,W05,2.5410,8.178,9603.58,1.70272
2024-11-17,W06,0.5580,2.343,3114.77,9.22060
2024-11-17,W07,25.1512,44.106,71918.50,48.87224
2024-11-17,W08,0.2201,0.940,1249.80,0.09909
2024-11-18,W01,19.8327,48.318,68341.55,75.95490
2024-11-18,W02,19.6729,51.845,64409.39,55.69627
2024-11-18,W03,21.2083,47.891,64759.36,203.80490
2024-11-18,W04,2.6422,11.127,15289.35,0.58422
2024-11-18,W05,7.5171,24.350,29366.32,1.09607
2024-11-18,W06,1.7283,7.219,9670.50,6.58007
2024-11-18,W07,27.7938,48.648,79037.26,50.28261
2024-11-18,W08,0.6870,2.921,3933.15,0.07189
2024-11-19,W01,19.1883,46.357,67172.71,72.99074
2024-11-19,W02,19.0820,49.555,61222.60,62.97740
2024-11-19,W03,19.6898,45.461,60352.03,187.66987
2024-11-19,W04,2.8877,12.255,16280.95,0.67918
2024-11-19,W05,7.3252,24.168,28837.07,0.97149
2024-11-19,W06,1.7047,7.118,9881.74,5.98759
2024-11-19,W07,27.1996,47.497,78810.91,52.57029
2024-11-19,W08,0.7498,3.210,4254.61,0.07608
2024-11-20,W01,21.5081,50.740,72557.35,77.84463
2024-11-20,W02,19.9534,53.520,66459.11,58.53439
2024-11-20,W03,19.4834,44.780,59647.26,205.30274
2024-11-20,W04,2.7424,11.584,15754.48,0.65007
2024-11-20,W05,6.9448,22.770,27204.79,1.07948
2024-11-20,W06,1.9452,8.236,10789.22,6.53193
2024-11-20,W07,26.3371,45.955,74567.13,48.76320
2024-11-20,W08,0.7433,3.193,4207.06,0.08054
2024-11-21,W01,19.5794,47.532,68735.70,76.55084
2024-11-21,W02,19.8897,52.541,64932.05,59.64993
2024-11-21,W03,19.6093,45.021,58581.16,186.28509
2024-11-21,W04,2.5586,10.654,14680.37,0.63286
2024-11-21,W05,7.0123,22.377,25996.62,1.03751
2024-11-21,W06,1.6718,7.043,9321.87,6.39120
2024-11-21,W07,27.5204,48.216,79169.55,52.32522
2024-11-21,W08,0.7168,3.069,3953.04,0.07691
2024-11-22,W01,20.3751,49.137,69742.95,77.39910
2024-11-22,W02,19.3361,51.398,64714.28,58.48080
2024-11-22,W03,20.5854,47.109,62931.74,225.53926
2024-11-22,W04,2.4842,10.375,14001.93,0.55546
2024-11-22,W05,7.0683,23.018,27107.39,0.95519
2024-11-22,W06,1.6206,6.750,9192.87,5.90148
2024-11-22,W07,27.8793,48.686,79657.05,53.97162
2024-11-22,W08,0.7840,3.377,4404.59,0.08387
2024-11-23,W01,20.4738,48.988,70322.77,86.58616
2024-11-23,W02,17.8133,46.429,57079.97,51.84281
2024-11-23,W03,19.8450,46.210,61999.34,205.52798
2024-11-23,W04,1.9658,8.316,11135.00,0.70032
2024-11-23,W05,5.2178,16.689,19659.55,1.19522
2024-11-23,W06,1.1356,4.695,6571.33,6.88707
2024-11-23,W07,25.9630,45.552,74135.06,49.27538
2024-11-23,W08,0.4640,1.977,2593.41,0.07397
2024-11-24,W01,18.9361,45.424,64467.63,75.68788
2024-11-24,W02,18.2602,48.890,60314.69,54.75587
2024-11-24,W03,20.0087,45.999,60482.88,216.85847
2024-11-24,W04,0.8812,3.682,4989.55,1.08115
2024-11-24,W05,2.7213,8.806,10507.61,2.00597
2024-11-24,W06,0.5529,2.307,3141.84,11.99130
2024-11-24,W07,25.3927,44.593,73386.62,51.42989
2024-11-24,W08,0.2281,0.981,1272.27,0.11387
2024-11-25,W01,18.6743,46.471,65770.03,65.74989
2024-11-25,W02,18.8966,50.376,62608.15,60.26527
2024-11-25,W03,20.5273,46.883,62154.82,201.95700
2024-11-25,W04,2.7179,11.457,15514.32,0.55760
2024-11-25,W05,7.0852,23.305,27167.41,0.95048
2024-11-25,W06,1.7339,7.286,9942.88,6.63579
2024-11-25,W07,27.3520,47.704,78695.06,51.80676
2024-11-25,W08,0.7543,3.226,4222.17,0.07043
2024-11-26,W01,20.6522,49.873,71443.87,73.22400
2024-11-26,W02,19.5217,51.853,65484.09,56.40499
2024-11-26,W03,20.5906,47.820,62619.44,205.74924
2024-11-26,W04,2.7319,11.518,15431.42,0.58141
2024-11-26,W05,7.1262,22.989,27792.85,1.09232
2024-11-26,W06,1.7637,7.407,10126.18,6.26002
2024-11-26,W07,26.2099,45.964,76014.64,54.35456
2024-11-26,W08,0.6579,2.796,3705.30,0.06576
2024-11-27,W01,18.6826,45.940,64465.62,65.93155
2024-11-27,W02,18.5383,49.006,60667.82,51.13243
2024-11-27,W03,19.9252,46.691,61214.92,180.96334
2024-11-27,W04,2.6338,11.131,14856.67,0.58128
2024-11-27,W05,7.4140,23.696,27870.37,1.01471
2024-11-27,W06,1.7144,7.230,9780.06,6.11750
2024-11-27,W07,25.4547,44.686,73449.32,46.60420
2024-11-27,W08,0.7321,3.127,4085.56,0.07355
2024-11-28,W01,20.1731,47.926,67760.57,77.91443
2024-11-28,W02,19.8528,52.497,66778.70,54.22849
2024-11-28,W03,20.2360,46.353,60971.72,206.86110
2024-11-28,W04,2.5794,10.866,14767.89,0.61288
2024-11-28,W05,6.9964,22.908,27208.63,0.94786
2024-11-28,W06,1.8141,7.651,10320.93,6.77311
2024-11-28,W07,28.0596,48.771,79563.63,51.19037
2024-11-28,W08,0.7171,3.066,4149.18,0.07160
2024-11-29,W01,20.5856,49.344,70294.26,84.88749
2024-11-29,W02,19.3532,50.298,63539.18,62.74913
2024-11-29,W03,19.9274,46.017,60590.22,186.79456
2024-11-29,W04,2.7666,11.788,15709.37,0.65019
2024-11-29,W05,7.4222,24.258,28377.75,0.94562
2024-11-29,W06,1.8023,7.599,10173.82,6.23876
2024-11-29,W07,26.7630,46.817,77422.53,47.63914
2024-11-29,W08,0.7618,3.279,4287.85,0.08042
2024-11-30,W01,19.0389,46.403,66533.25,75.17753
2024-11-30,W02,17.8633,47.648,57218.56,58.47550
2024-11-30,W03,19.3171,44.020,58327.22,193.55063
2024-11-30,W04,1.7621,7.401,10094.53,0.59923
2024-11-30,W05,5.1426,16.779,19649.45,1.23420
2024-11-30,W06,1.1139,4.646,6303.61,6.41192
2024-11-30,W07,26.4675,46.669,75691.13,47.33277
2024-11-30,W08,0.5020,2.151,2816.69,0.07483
2024-12-01,W01,22.6093,53.496,77272.77,91.86540
2024-12-01,W02,19.4666,49.922,61902.52,59.49329
2024-12-01,W03,22.4666,51.347,70138.73,251.13315
2024-12-01,W04,2.5990,11.660,14513.26,3.09233
2024-12-01,W05,4.8769,18.442,22089.30,3.24916
2024-12-01,W06,0.5940,2.507,3315.58,11.58753
2024-12-01,W07,29.6451,51.526,82394.25,57.15425
2024-12-01,W08,0.2407,1.039,1348.81,0.11999
2024-12-02,W01,24.4291,56.141,78681.64,92.58006
2024-12-02,W02,21.3056,55.466,69202.95,61.49834
2024-12-02,W03,23.2376,53.590,71340.87,232.22716
2024-12-02,W04,2.9109,12.505,16526.54,0.65718
2024-12-02,W05,7.9523,25.829,30760.65,1.14125
2024-12-02,W06,1.9429,8.220,11035.51,6.62370
2024-12-02,W07,30.3881,52.964,86864.25,55.60776
2024-12-02,W08,0.8986,3.910,4958.74,0.09278
2024-12-03,W01,23.5697,56.050,80314.16,84.78028
2024-12-03,W02,21.5054,55.630,69530.24,63.33699
2024-12-03,W03,23.6098,53.389,70961.34,249.85458
2024-12-03,W04,2.7490,11.572,15781.79,0.62238
2024-12-03,W05,7.6354,24.736,29643.72,0.98030
2024-12-03,W06,1.7335,7.272,9779.91,6.74025
2024-12-03,W07,34.3907,59.615,99426.45,68.29967
2024-12-03,W08,0.8277,3.557,4654.10,0.07403
2024-12-04,W01,22.5282,56.500,78666.58,81.20390
2024-12-04,W02,22.3689,57.233,72752.75,65.24715
2024-12-04,W03,21.6100,49.997,65691.11,229.55906
2024-12-04,W04,2.6645,11.267,15672.95,0.61358
2024-12-04,W05,7.8806,25.433,30415.29,1.12895
2024-12-04,W06,1.7520,7.398,10271.81,6.13562
2024-12-04,W07,29.9353,52.305,85405.24,54.28076
2024-12-04,W08,0.8041,3.468,4592.15,0.07979
2024-12-05,W01,23.4023,56.485,80857.31,91.61501
2024-12-05,W02,22.3812,58.351,72646.51,64.33351
2024-12-05,W03,22.1507,50.808,65757.31,223.49603
2024-12-05,W04,2.8020,11.864,15964.62,0.60154
2024-12-05,W05,8.1788,26.680,31604.36,1.17100
2024-12-05,W06,1.7450,7.398,9697.41,6.02028
2024-12-05,W07,33.9353,59.153,96085.41,62.44756
2024-12-05,W08,0.7884,3.404,4468.55,0.07674
2024-12-06,W01,23.0313,53.844,78216.91,81.04790
2024-12-06,W02,22.2142,57.967,73091.24,66.09498
2024-12-06,W03,23.8586,53.938,71207.40,224.55745
2024-12-06,W04,2.9898,12.700,17134.72,0.62351
2024-12-06,W05,7.6678,25.042,29564.34,1.01271
2024-12-06,W06,1.9356,8.153,10967.21,6.96633
2024-12-06,W07,33.8093,58.953,95625.01,68.80981
2024-12-06,W08,0.8496,3.672,4665.17,0.07982
2024-12-07,W01,22.5150,52.676,75404.13,83.09995
2024-12-07,W02,21.1149,55.980,69488.03,67.96775
2024-12-07,W03,23.2412,52.257,68216.47,259.79712
2024-12-07,W04,1.9834,8.310,11200.23,0.72867
2024-12-07,W05,5.2383,16.723,19855.34,1.21413
2024-12-07,W06,1.7094,7.398,9985.41,11.27609
2024-12-07,W07,29.9382,52.183,82912.99,59.28774
2024-12-07,W08,0.5277,2.268,2997.22,0.08295
2024-12-08,W01,21.0865,51.190,73799.82,77.39166
2024-12-08,W02,20.3211,53.140,67444.04,70.83301
2024-12-08,W03,21.7134,49.939,65203.71,244.93159
2024-12-08,W04,0.9751,4.133,5480.74,1.05297
2024-12-08,W05,2.8285,9.007,10646.45,2.06421
2024-12-08,W06,0.5556,2.311,3221.65,10.12854
2024-12-08,W07,32.0298,55.589,91059.70,61.92664
2024-12-08,W08,0.2392,1.033,1364.18,0.11840
2024-12-09,W01,22.9820,55.508,79253.56,86.11511
2024-12-09,W02,22.8497,60.439,75464.90,65.25780
2024-12-09,W03,21.8385,49.951,66866.80,231.60796
2024-12-09,W04,2.7654,11.853,16131.97,0.61923
2024-12-09,W05,7.8492,25.217,29062.71,1.09136
2024-12-09,W06,1.8885,7.946,10594.74,7.43195
2024-12-09,W07,33.0391,57.368,93887.25,56.22430
2024-12-09,W08,0.8144,3.514,4680.89,0.08095
2024-12-10,W01,25.2397,58.970,85386.55,100.32560
2024-12-10,W02,20.9427,55.520,68613.45,63.85162
2024-12-10,W03,22.4507,51.871,67696.76,212.15773
2024-12-10,W04,2.9243,12.452,16615.75,0.61190
2024-12-10,W05,7.6927,24.860,29665.89,1.13468
2024-12-10,W06,1.8254,7.657,10311.47,6.37898
2024-12-10,W07,31.8830,55.259,87778.04,58.13963
2024-12-10,W08,0.8251,3.552,4641.46,0.07050
2024-12-11,W01,23.7579,57.934,81679.52,86.18834
2024-12-11,W02,21.4954,55.604,69911.84,68.58768
2024-12-11,W03,23.3884,53.767,70805.24,229.02370
2024-12-11,W04,2.6954,11.446,15336.16,0.55349
2024-12-11,W05,7.7907,25.447,30679.88,1.03478
2024-12-11,W06,1.7997,7.576,10276.73,6.71806
2024-12-11,W07,34.4159,59.745,97744.04,67.23607
2024-12-11,W08,0.7932,3.421,4294.14,0.07660
2024-12-12,W01,22.6628,54.133,77243.09,89.34357
2024-12-12,W02,21.9141,56.116,71122.90,63.75212
2024-12-12,W03,23.8139,54.232,71833.10,242.94722
2024-12-12,W04,2.6792,11.266,15023.22,0.68737
2024-12-12,W05,8.0294,26.506,31338.43,1.09094
2024-12-12,W06,1.7266,7.188,9913.65,6.40227
2024-12-12,W07,32.8237,57.096,92367.34,69.43191
2024-12-12,W08,0.8053,3.487,4599.01,0.07961
2024-12-13,W01,23.5579,55.285,81433.07,81.79266
2024-12-13,W02,22.3214,58.164,71622.65,63.84661
2024-12-13,W03,23.4619,52.564,70135.05,251.76727
2024-12-13,W04,2.7486,11.736,15611.61,0.60419
2024-12-13,W05,7.5450,24.568,29178.60,1.04433
2024-12-13,W06,1.8773,7.897,10513.50,7.31678
2024-12-13,W07,31.0274,54.111,86195.35,53.05113
2024-12-13,W08,0.6646,2.832,3746.10,0.06450
2024-12-14,W01,22.2410,53.267,75781.18,77.32520
2024-12-14,W02,21.2504,55.710,69308.89,59.06366
2024-12-14,W03,22.7630,52.300,69423.41,243.84069
2024-12-14,W04,1.9700,8.306,11228.11,0.74669
2024-12-14,W05,5.5372,17.628,20840.14,1.25175
2024-12-14,W06,1.2154,5.126,6964.35,7.58761
2024-12-14,W07,30.5976,53.247,86302.19,57.93355
2024-12-14,W08,0.5441,2.361,3070.91,0.08145
2024-12-15,W01,21.4763,51.205,73603.55,80.57757
2024-12-15,W02,21.6131,55.839,70387.80,69.42334
2024-12-15,W03,22.1975,49.687,65944.94,230.22834
2024-12-15,W04,1.0474,4.493,5872.71,1.22666
2024-12-15,W05,2.9414,9.508,11251.90,2.11428
2024-12-15,W06,0.5672,2.395,3228.48,10.34718
2024-12-15,W07,31.1129,54.120,88446.67,62.73860
2024-12-15,W08,0.2233,0.950,1256.81,0.11142
2024-12-16,W01,23.1033,54.585,77256.12,84.66196
2024-12-16,W02,21.8501,58.382,72395.50,70.48548
2024-12-16,W03,23.5551,53.726,70442.73,263.87199
2024-12-16,W04,2.6412,11.090,15267.76,0.62128
2024-12-16,W05,7.7160,25.132,29645.33,1.01797
2024-12-16,W06,1.7726,7.423,9948.27,6.44344
2024-12-16,W07,31.6009,54.616,89489.68,57.39327
2024-12-16,W08,0.8060,3.436,4576.88,0.07185
2024-12-17,W01,22.6013,53.835,76412.95,88.70478
2024-12-17,W02,21.9316,57.375,72872.81,65.43356
2024-12-17,W03,23.1336,53.669,71362.20,230.34088
2024-12-17,W04,2.8602,12.211,16399.09,0.69917
2024-12-17,W05,7.7258,25.045,29693.43,1.02601
2024-12-17,W06,1.7620,7.369,10098.10,6.07777
2024-12-17,W07,31.8296,55.317,90734.94,59.53188
2024-12-17,W08,0.7875,3.408,4435.23,0.08156
2024-12-18,W01,23.3879,55.505,80473.81,86.61605
2024-12-18,W02,22.1767,58.758,73453.24,68.75512
2024-12-18,W03,24.9051,55.944,75262.83,264.48390
2024-12-18,W04,2.7988,11.939,15977.42,0.62709
2024-12-18,W05,7.9912,25.687,30839.42,1.13390
2024-12-18,W06,1.8200,7.644,10497.22,7.55232
2024-12-18,W07,31.7706,55.168,89741.34,56.08099
2024-12-18,W08,0.7940,3.428,4465.49,0.07375
2024-12-19,W01,24.0692,56.460,80237.69,86.60418
2024-12-19,W02,20.5920,54.620,67323.01,62.19503
2024-12-19,W03,23.5677,53.133,71050.56,238.01904
2024-12-19,W04,2.8967,12.339,16683.04,0.68945
2024-12-19,W05,7.9613,25.842,30362.99,1.15715
2024-12-19,W06,1.7475,7.373,9535.99,6.57075
2024-12-19,W07,34.2298,59.446,95667.27,65.64557
2024-12-19,W08,0.8089,3.468,4695.78,0.07482
2024-12-20,W01,22.8617,53.510,76354.04,86.07911
2024-12-20,W02,21.8113,58.035,71009.16,64.10897
2024-12-20,W03,23.4283,52.931,70681.59,231.59857
2024-12-20,W04,2.9412,12.685,17280.99,0.65100
2024-12-20,W05,7.5578,24.159,28283.61,1.01913
2024-12-20,W06,1.8144,7.602,10237.52,6.51265
2024-12-20,W07,33.2844,57.649,95322.26,58.76518
2024-12-20,W08,0.7697,3.297,4434.51,0.07842
2024-12-21,W01,24.5503,57.307,83215.19,91.75091
2024-12-21,W02,21.3354,56.607,70446.63,65.00199
2024-12-21,W03,22.1212,49.680,66034.14,222.87254
2024-12-21,W04,1.8434,7.830,10496.07,0.73841
2024-12-21,W05,6.1416,19.184,21945.73,1.43160
2024-12-21,W06,1.2657,5.339,7174.45,7.09933
2024-12-21,W07,34.0113,58.645,98482.38,64.93004
2024-12-21,W08,0.5297,2.261,2955.79,0.08930
2024-12-22,W01,21.6295,52.288,75330.13,85.17511
2024-12-22,W02,20.1824,53.630,65542.61,62.35361
2024-12-22,W03,21.4069,48.463,65177.96,226.21182
2024-12-22,W04,0.9441,4.009,5487.27,1.06029
2024-12-22,W05,2.9139,9.284,11045.73,2.03650
2024-12-22,W06,0.6235,2.631,3457.26,11.09920
2024-12-22,W07,31.1800,54.168,88185.02,61.49011
2024-12-22,W08,0.2353,1.008,1338.76,0.12426
2024-12-23,W01,23.7549,57.165,81246.02,84.53329
2024-12-23,W02,20.7000,53.493,66606.20,59.52718
2024-12-23,W03,22.5809,52.007,68842.79,269.62568
2024-12-23,W04,2.7270,11.609,15668.13,0.55922
2024-12-23,W05,7.7159,24.891,29363.62,1.19048
2024-12-23,W06,1.7183,7.217,9878.41,6.08321
2024-12-23,W07,30.1419,52.568,85547.99,54.13817
2024-12-23,W08,0.8267,3.550,4712.05,0.07438
2024-12-24,W01,23.8741,57.877,82760.14,95.93363
2024-12-24,W02,22.0462,57.016,71615.65,68.15149
2024-12-24,W03,23.9831,54.649,71302.87,239.37809
2024-12-24,W04,2.6220,11.110,14923.09,0.55844
2024-12-24,W05,7.9890,26.104,30730.42,1.23480
2024-12-24,W06,1.9247,8.177,10832.72,7.62603
2024-12-24,W07,31.3483,54.842,90434.00,59.31907
2024-12-24,W08,0.8176,3.532,4588.24,0.08459
2024-12-25,W01,22.1980,52.718,76058.05,103.26667
2024-12-25,W02,21.7247,55.625,70054.31,68.25773
2024-12-25,W03,23.9681,54.461,71975.62,254.20882
2024-12-25,W04,2.8354,11.970,16229.61,0.66799
2024-12-25,W05,8.3660,27.422,32962.28,1.06337
2024-12-25,W06,1.6930,7.006,9664.57,6.31209
2024-12-25,W07,32.5746,56.757,91590.79,60.66176
2024-12-25,W08,0.8619,3.737,4799.55,0.08309
2024-12-26,W01,24.2973,59.018,83572.33,91.86594
2024-12-26,W02,22.1529,58.703,71713.41,66.96572
2024-12-26,W03,24.3698,55.872,73448.47,264.46315
2024-12-26,W04,2.8865,12.269,16395.45,0.71925
2024-12-26,W05,7.9653,25.791,30702.63,1.02837
2024-12-26,W06,1.8308,7.683,10168.47,6.85283
2024-12-26,W07,33.7652,58.615,95561.67,62.84535
2024-12-26,W08,0.8432,3.646,4722.76,0.07860
2024-12-27,W01,22.4421,53.919,76129.89,87.53156
2024-12-27,W02,21.9245,57.396,70484.56,63.99988
2024-12-27,W03,22.9901,52.447,69304.46,227.96967
2024-12-27,W04,2.8674,12.348,16408.78,0.63772
2024-12-27,W05,7.6826,24.886,29457.21,1.08286
2024-12-27,W06,1.8604,7.813,10406.54,6.65394
2024-12-27,W07,32.8878,57.202,93255.45,60.66032
2024-12-27,W08,0.8575,3.713,4781.57,0.08516
2024-12-28,W01,22.9744,54.836,78564.54,87.33922
2024-12-28,W02,20.4502,54.043,67524.70,65.03593
2024-12-28,W03,22.1242,50.075,67140.01,221.21504
2024-12-28,W04,2.0478,8.760,11782.16,0.70581
2024-12-28,W05,5.4133,17.605,20805.53,1.19464
2024-12-28,W06,1.2746,5.371,7293.97,6.83263
2024-12-28,W07,31.8358,55.468,89664.70,63.10686
2024-12-28,W08,0.5230,2.264,2936.34,0.07807
2024-12-29,W01,23.4460,55.103,79320.88,78.53326
2024-12-29,W02,21.4559,56.012,69408.08,65.45257
2024-12-29,W03,21.9461,49.611,65623.22,221.38474
2024-12-29,W04,0.8959,3.787,5142.07,1.04584
2024-12-29,W05,2.9967,9.935,11731.86,2.21657
2024-12-29,W06,0.6984,2.461,4111.05,13.78368
2024-12-29,W07,30.3812,52.977,87518.62,57.22223
2024-12-29,W08,0.2423,1.052,1363.07,0.11419
2024-12-30,W01,22.3603,53.046,76639.67,73.73807
2024-12-30,W02,22.2681,58.294,73979.82,68.09870
2024-12-30,W03,24.9167,55.210,75430.93,238.54491
2024-12-30,W04,2.7952,11.872,16031.14,0.68232
2024-12-30,W05,8.2058,26.639,30857.69,1.16965
2024-12-30,W06,1.8018,7.576,10233.59,6.43755
2024-12-30,W07,32.6383,56.591,91730.09,60.04813
2024-12-30,W08,0.8595,3.716,4940.90,0.08876
2024-12-31,W01,23.6259,57.426,81439.48,94.64074
2024-12-31,W02,21.1716,54.784,68072.81,71.86035
2024-12-31,W03,21.8278,50.085,66377.50,240.35510
2024-12-31,W04,2.8544,12.166,16271.31,0.68250
2024-12-31,W05,7.9897,25.786,30429.95,1.18578
2024-12-31,W06,1.8894,7.976,10793.15,6.63478
2024-12-31,W07,34.7699,60.063,98097.53,67.75494
2024-12-31,W08,0.8525,3.681,4794.51,0.09659
2025-01-01,W01,21.3553,49.949,71579.27,89.02086
2025-01-01,W02,20.5431,52.943,66313.13,66.15745
2025-01-01,W03,21.1587,48.197,63483.11,237.06176
2025-01-01,W04,0.6448,2.734,3747.43,2.33141
2025-01-01,W05,4.2707,12.620,13204.44,9.84626
2025-01-01,W06,0.3848,1.628,2172.61,22.33742
2025-01-01,W07,31.1992,54.187,88977.93,60.44641
2025-01-01,W08,0.1385,0.593,779.31,0.20599
2025-01-02,W01,24.2695,57.534,81396.68,105.85224
2025-01-02,W02,23.7998,60.117,74772.97,69.80383
2025-01-02,W03,23.4666,52.791,70503.73,267.41092
2025-01-02,W04,2.8781,12.284,16402.23,0.69843
2025-01-02,W05,7.8990,25.205,29749.37,1.13701
2025-01-02,W06,1.8146,7.620,10351.77,7.30444
2025-01-02,W07,33.0262,57.377,92917.80,57.77908
2025-01-02,W08,0.8148,3.486,4693.67,0.07722
2025-01-03,W01,22.5653,53.702,76476.20,82.22394
2025-01-03,W02,22.9103,59.513,73888.64,70.68076
2025-01-03,W03,23.4723,52.993,72006.64,238.25177
2025-01-03,W04,2.9041,12.304,16564.95,0.65944
2025-01-03,W05,7.5496,24.030,28864.12,1.09061
2025-01-03,W06,1.6121,6.716,9169.98,5.74819
2025-01-03,W07,30.0627,52.630,84194.87,56.69058
2025-01-03,W08,0.8530,3.696,4844.73,0.07987
2025-01-04,W01,23.6572,56.027,79799.76,84.90771
2025-01-04,W02,20.9184,54.694,68495.54,64.50288
2025-01-04,W03,23.1695,51.468,69175.87,236.83170
2025-01-04,W04,2.0168,8.633,11440.24,0.77493
2025-01-04,W05,5.7352,18.409,21165.06,1.44283
2025-01-04,W06,1.1893,5.002,6623.33,6.99393
2025-01-04,W07,27.5450,48.542,79903.53,50.30125
2025-01-04,W08,0.5079,2.191,2904.01,0.07344
2025-01-05,W01,23.0251,53.579,76942.37,92.27654
2025-01-05,W02,21.1844,54.079,68255.92,67.72088
2025-01-05,W03,22.5672,51.510,67668.60,248.30726
2025-01-05,W04,1.0500,4.517,5991.95,1.15481
2025-01-05,W05,2.8927,9.291,11175.40,1.86773
2025-01-05,W06,0.5803,2.440,3228.19,9.93911
2025-01-05,W07,29.6567,51.856,82718.14,57.53764
2025-01-05,W08,0.2376,1.024,1359.49,0.12220
2025-01-06,W01,23.5983,56.403,80996.40,90.39446
2025-01-06,W02,21.7882,56.188,69996.98,68.72727
2025-01-06,W03,24.4432,54.600,71509.54,253.38131
2025-01-06,W04,2.6538,11.187,14992.51,0.59075
2025-01-06,W05,7.9419,25.671,30523.34,1.11292
2025-01-06,W06,1.6810,6.962,9486.23,6.65251
2025-01-06,W07,33.2328,57.691,94812.10,58.35090
2025-01-06,W08,0.7917,3.396,4424.66,0.07672
2025-01-07,W01,24.7102,57.463,82889.87,91.87021
2025-01-07,W02,23.5720,60.053,76324.10,73.64864
2025-01-07,W03,22.3839,51.229,67291.92,206.77935
2025-01-07,W04,3.1465,13.533,18100.37,0.65653
2025-01-07,W05,8.6725,27.797,32569.84,1.16472
2025-01-07,W06,1.8511,7.795,10728.15,6.34676
2025-01-07,W07,34.3552,59.464,96040.34,57.68956
2025-01-07,W08,0.8201,3.510,4573.64,0.07457
2025-01-08,W01,22.6201,52.830,77074.84,77.01774
2025-01-08,W02,22.1505,58.281,72580.98,65.00292
2025-01-08,W03,23.5062,52.869,69779.56,232.43085
2025-01-08,W04,2.8166,11.909,16158.33,0.72978
2025-01-08,W05,7.9788,25.738,30597.53,1.13752
2025-01-08,W06,1.8161,7.694,10151.78,6.58173
2025-01-08,W07,31.7806,55.298,91893.06,59.58257
2025-01-08,W08,0.8278,3.553,4554.08,0.08377
2025-01-09,W01,22.2071,52.811,75525.35,80.57628
2025-01-09,W02,21.2965,56.872,70537.51,62.78109
2025-01-09,W03,22.2168,50.860,67713.75,211.61456
2025-01-09,W04,2.6264,11.186,14923.92,0.68171
2025-01-09,W05,7.6264,24.377,28298.82,1.07934
2025-01-09,W06,1.7578,7.370,9914.61,6.47158
2025-01-09,W07,32.9797,57.221,94470.36,64.92389
2025-01-09,W08,0.8129,3.486,4561.03,0.07471
2025-01-10,W01,24.3862,56.327,80107.83,87.12600
2025-01-10,W02,21.4047,56.097,69437.08,62.84734
2025-01-10,W03,24.3943,54.710,73706.23,253.03931
2025-01-10,W04,2.6529,11.186,15378.36,0.61548
2025-01-10,W05,7.9413,25.213,30048.47,1.19412
2025-01-10,W06,1.7469,7.333,9914.62,6.17270
2025-01-10,W07,34.5341,59.701,96303.58,68.35571
2025-01-10,W08,0.8914,3.862,5020.25,0.08451
2025-01-11,W01,23.9055,56.092,79307.58,92.61908
2025-01-11,W02,21.4021,56.360,69393.57,63.09891
2025-01-11,W03,21.9939,49.942,66166.90,247.67584
2025-01-11,W04,1.8626,7.875,10932.02,0.67429
2025-01-11,W05,5.6734,18.198,21697.90,1.26724
2025-01-11,W06,1.1866,5.011,6669.54,6.62097
2025-01-11,W07,32.2266,56.056,92057.79,57.64761
2025-01-11,W08,0.5473,2.354,3075.62,0.08530
2025-01-12,W01,21.9902,51.152,72719.46,82.82217
2025-01-12,W02,21.5228,55.908,70061.83,72.99836
2025-01-12,W03,21.8797,50.283,65991.64,234.64724
2025-01-12,W04,0.9821,4.193,5710.88,1.22573
2025-01-12,W05,4.7308,17.634,20564.77,3.67647
2025-01-12,W06,0.5555,2.330,3226.78,10.81265
2025-01-12,W07,28.7311,50.028,80824.59,55.49014
2025-01-12,W08,0.2344,1.007,1291.04,0.11744
2025-01-13,W01,22.7642,55.564,80047.22,82.07900
2025-01-13,W02,22.5370,57.342,73899.84,65.14053
2025-01-13,W03,24.0718,54.712,74357.54,225.60068
2025-01-13,W04,2.7893,11.855,16002.62,0.64977
2025-01-13,W05,7.9698,25.438,30148.01,1.17874
2025-01-13,W06,1.8345,7.674,10294.67,6.62716
2025-01-13,W07,34.9998,60.502,97664.66,63.75893
2025-01-13,W08,0.7727,3.331,4327.56,0.07170
2025-01-14,W01,23.3876,55.268,78785.70,79.82470
2025-01-14,W02,22.4469,58.158,73021.82,66.77528
2025-01-14,W03,24.6719,55.570,73133.52,240.03656
2025-01-14,W04,2.6042,11.033,15208.06,0.57183
2025-01-14,W05,7.9995,25.594,30262.86,1.14448
2025-01-14,W06,1.7573,7.397,10015.76,6.66201
2025-01-14,W07,34.5757,59.729,97392.88,66.71012
2025-01-14,W08,0.7793,3.381,4493.90,0.07540
2025-01-15,W01,24.0839,55.904,81482.23,83.00936
2025-01-15,W02,21.7899,56.155,70044.50,60.57087
2025-01-15,W03,23.8267,53.517,72536.80,270.70240
2025-01-15,W04,3.1349,13.401,18101.64,0.73919
2025-01-15,W05,7.9833,25.780,30652.03,1.19473
2025-01-15,W06,1.7851,7.540,10131.19,6.14406
2025-01-15,W07,30.2199,52.687,85641.45,54.53578
2025-01-15,W08,0.8072,3.468,4558.80,0.07641
2025-01-16,W01,23.4793,55.274,79654.98,91.47347
2025-01-16,W02,21.7269,55.915,70081.80,60.08358
2025-01-16,W03,22.9863,52.225,69480.73,221.35820
2025-01-16,W04,2.8643,12.167,16277.09,0.68519
2025-01-16,W05,8.2301,26.517,31317.67,1.19412
2025-01-16,W06,1.7643,7.487,10004.91,5.99033
2025-01-16,W07,33.3227,57.696,94135.34,57.96761
2025-01-16,W08,0.8225,3.547,4697.64,0.07862
2025-01-17,W01,24.7293,56.786,81547.95,90.22228
2025-01-17,W02,22.3842,57.875,71996.35,66.64918
2025-01-17,W03,22.4472,49.859,66549.71,206.56258
2025-01-17,W04,2.7377,11.646,15285.06,0.59095
2025-01-17,W05,8.0935,25.907,30612.23,1.13122
2025-01-17,W06,1.7806,7.455,9912.19,6.67477
2025-01-17,W07,33.7366,58.389,95118.34,62.21250
2025-01-17,W08,0.7864,3.402,4423.57,0.07622
2025-01-18,W01,22.5594,52.896,76850.61,80.13442
2025-01-18,W02,21.0608,55.513,69187.68,59.39251
2025-01-18,W03,24.8511,54.614,72601.90,259.88881
2025-01-18,W04,1.9060,8.058,10757.68,0.82873
2025-01-18,W05,5.6327,17.903,20817.01,1.44618
2025-01-18,W06,1.2773,5.184,7082.50,8.09862
2025-01-18,W07,32.7782,56.826,91361.66,64.45985
2025-01-18,W08,0.5307,2.269,3006.81,0.08126
2025-01-19,W01,22.3247,52.660,75240.56,85.88342
2025-01-19,W02,21.3375,56.044,70239.08,68.21630
2025-01-19,W03,23.5137,52.163,70175.85,260.36332
2025-01-19,W04,0.9828,4.165,5564.32,0.95272
2025-01-19,W05,2.9092,9.337,10994.66,2.20786
2025-01-19,W06,0.7071,2.538,4278.33,13.46607
2025-01-19,W07,31.1011,53.894,87470.81,56.28622
2025-01-19,W08,0.2447,1.051,1435.87,0.11470
2025-01-20,W01,22.5434,53.799,77634.01,75.48546
2025-01-20,W02,22.0506,58.273,72863.46,65.08431
2025-01-20,W03,23.5020,52.336,70383.02,222.18894
2025-01-20,W04,2.7922,11.888,15895.09,0.63118
2025-01-20,W05,7.7585,24.563,28962.60,1.10339
2025-01-20,W06,1.7136,7.209,9710.28,5.70595
2025-01-20,W07,30.5096,53.217,86373.38,60.24187
2025-01-20,W08,0.7935,3.415,4493.05,0.08231
2025-01-21,W01,24.7018,57.368,82532.14,92.31896
2025-01-21,W02,21.1304,55.650,70425.88,68.04876
2025-01-21,W03,24.6448,55.199,73175.25,239.83785
2025-01-21,W04,2.7696,11.774,15732.66,0.63946
2025-01-21,W05,7.6803,24.209,28777.71,1.04476
2025-01-21,W06,1.6168,6.689,9098.01,6.01116
2025-01-21,W07,37.0222,63.538,102742.36,70.83251
2025-01-21,W08,0.7477,3.220,4267.89,0.07788
2025-01-22,W01,23.5301,55.170,79710.08,81.35015
2025-01-22,W02,22.7014,58.054,71544.69,64.77158
2025-01-22,W03,25.5462,57.893,79003.18,271.28290
2025-01-22,W04,3.1071,13.233,18191.03,0.72724
2025-01-22,W05,7.7891,24.924,29156.22,1.17232
2025-01-22,W06,1.8439,7.788,10425.86,6.70147
2025-01-22,W07,32.7839,57.253,92167.97,55.35161
2025-01-22,W08,0.7626,3.290,4392.68,0.07935
2025-01-23,W01,22.8597,53.440,78025.59,79.24175
2025-01-23,W02,21.8360,57.175,70292.01,66.68838
2025-01-23,W03,23.9785,53.611,70873.68,247.88580
2025-01-23,W04,2.7148,11.467,15043.80,0.61159
2025-01-23,W05,7.2927,23.205,27465.36,1.03972
2025-01-23,W06,1.8491,7.828,10483.73,6.92901
2025-01-23,W07,31.5735,54.748,88952.97,59.14047
2025-01-23,W08,0.7743,3.341,4418.64,0.07232
2025-01-24,W01,23.8147,54.972,79415.16,83.07968
2025-01-24,W02,22.1790,58.828,72730.66,73.13146
2025-01-24,W03,23.9874,53.888,71876.23,241.23201
2025-01-24,W04,2.9530,12.517,17011.85,0.69009
2025-01-24,W05,7.7762,25.026,29992.14,1.02734
2025-01-24,W06,1.8959,8.054,10683.80,6.70625
2025-01-24,W07,32.6005,56.870,93865.29,60.69508
2025-01-24,W08,0.8327,3.627,4682.25,0.07593
2025-01-25,W01,24.0007,54.974,80674.71,92.96167
2025-01-25,W02,22.1722,58.500,71221.21,63.27073
2025-01-25,W03,21.7143,50.080,65544.12,206.21982
2025-01-25,W04,1.8406,7.808,10586.44,0.68524
2025-01-25,W05,5.6520,17.931,21288.93,1.22892
2025-01-25,W06,1.1963,5.015,6834.82,7.47035
2025-01-25,W07,35.8853,61.785,103605.08,69.17695
2025-01-25,W08,0.5354,2.236,3001.39,0.08115
2025-01-26,W01,23.4099,55.387,78199.71,94.08949
2025-01-26,W02,19.5484,51.857,65753.87,56.29940
2025-01-26,W03,21.6675,49.748,66214.55,225.48480
2025-01-26,W04,0.8690,3.643,4968.39,0.88785
2025-01-26,W05,2.8715,9.311,11169.40,1.94768
2025-01-26,W06,0.5505,2.288,3146.63,9.94709
2025-01-26,W07,32.3024,55.840,90569.67,65.24963
2025-01-26,W08,0.2413,1.042,1381.85,0.11195
2025-01-27,W01,24.8531,56.500,80619.36,83.21372
2025-01-27,W02,21.7741,55.710,69184.47,65.44885
2025-01-27,W03,24.1583,55.147,73562.91,239.92720
2025-01-27,W04,2.8182,11.888,16412.31,0.68562
2025-01-27,W05,7.3062,23.663,27989.11,0.99998
2025-01-27,W06,1.8488,7.782,10634.07,6.28111
2025-01-27,W07,33.4248,57.664,94294.96,59.46738
2025-01-27,W08,0.7568,3.244,4263.42,0.06771
2025-01-28,W01,20.8648,48.772,70636.22,85.55811
2025-01-28,W02,20.7861,53.954,67987.73,65.39524
2025-01-28,W03,21.6611,49.380,64832.40,231.94988
2025-01-28,W04,0.6696,2.869,3881.48,2.69913
2025-01-28,W05,2.0310,6.498,7912.77,4.82487
2025-01-28,W06,0.3685,1.551,2092.95,23.94250
2025-01-28,W07,27.9566,48.915,78817.83,56.19210
2025-01-28,W08,0.7235,3.311,3942.50,1.18276
2025-01-29,W01,19.6249,46.408,67118.18,83.59177
2025-01-29,W02,19.6691,49.613,62203.53,63.59138
2025-01-29,W03,22.4851,50.763,67127.51,254.61836
2025-01-29,W04,0.5874,2.492,3291.11,2.29763
2025-01-29,W05,5.3560,18.282,22137.23,13.18279
2025-01-29,W06,0.3591,1.507,2034.45,23.28809
2025-01-29,W07,29.3577,51.354,84295.46,58.24969
2025-01-29,W08,0.1452,0.625,829.21,0.25127
2025-01-30,W01,20.8285,51.371,72343.99,85.98795
2025-01-30,W02,20.3878,54.435,67858.26,64.28915
2025-01-30,W03,22.7950,50.225,67958.89,250.70364
2025-01-30,W04,0.5942,2.499,3436.41,2.28895
2025-01-30,W05,2.1588,6.890,7902.77,5.07077
2025-01-30,W06,0.3638,1.515,2090.14,20.96255
2025-01-30,W07,30.4582,52.729,86237.18,60.65913
2025-01-30,W08,0.1384,0.597,790.34,0.21695
2025-01-31,W01,22.6477,52.360,75530.54,90.30680
2025-01-31,W02,20.0447,52.757,64684.83,60.65524
2025-01-31,W03,20.4460,46.020,60296.98,254.12915
2025-01-31,W04,0.6408,2.735,3645.11,2.46603
2025-01-31,W05,2.1201,6.904,8166.62,5.03828
2025-01-31,W06,0.3705,1.540,2088.93,23.18677
2025-01-31,W07,28.6088,49.933,82821.93,53.46708
2025-01-31,W08,0.1442,0.625,810.80,0.22901
2025-02-01,W01,19.4554,46.252,66075.13,74.70485
2025-02-01,W02,19.8028,51.455,64073.94,66.63357
2025-02-01,W03,21.8531,48.626,65481.56,234.40028
2025-02-01,W04,0.7791,2.584,4636.05,3.05126
2025-02-01,W05,1.9986,6.395,7502.21,5.10940
2025-02-01,W06,0.3438,1.429,1989.30,19.72683
2025-02-01,W07,28.5209,49.750,81031.75,59.22213
2025-02-01,W08,0.1250,0.532,720.42,0.19440
2025-02-02,W01,21.3426,48.975,72475.63,85.52656
2025-02-02,W02,20.2529,53.530,66589.24,66.24412
2025-02-02,W03,20.7302,46.911,62867.83,201.94622
2025-02-02,W04,0.6323,2.684,3670.58,2.32027
2025-02-02,W05,1.9408,6.189,7329.31,4.61175
2025-02-02,W06,0.3318,1.400,1847.82,19.67171
2025-02-02,W07,30.5131,52.709,87951.66,62.04484
2025-02-02,W08,0.1332,0.574,750.46,0.19523
2025-02-03,W01,21.7042,50.801,73072.51,85.64337
2025-02-03,W02,18.5409,48.953,60689.53,61.72198
2025-02-03,W03,21.8424,48.713,64091.53,223.54343
2025-02-03,W04,0.6309,2.677,3591.03,2.52698
2025-02-03,W05,2.0636,6.560,7723.88,4.66327
2025-02-03,W06,0.3528,1.483,2018.10,21.73043
2025-02-03,W07,28.2185,48.958,79025.56,53.69708
2025-02-03,W08,0.1377,0.593,772.45,0.22016
2025-02-04,W01,21.3287,49.229,72287.08,81.38691
2025-02-04,W02,19.3503,49.671,62167.47,64.51253
2025-02-04,W03,20.2938,46.127,60079.42,200.69460
2025-02-04,W04,0.6277,2.655,3588.15,2.45593
2025-02-04,W05,2.0402,6.528,7730.02,5.07591
2025-02-04,W06,0.3559,1.494,2010.68,20.00703
2025-02-04,W07,28.9536,50.360,81287.66,55.51972
2025-02-04,W08,0.1403,0.601,807.83,0.23586
2025-02-05,W01,21.9435,50.830,74129.39,85.81953
2025-02-05,W02,20.4616,54.045,67975.69,60.89170
2025-02-05,W03,23.8643,53.054,71441.43,225.21539
2025-02-05,W04,2.7065,11.469,15431.83,0.56442
2025-02-05,W05,7.4950,23.963,28311.65,1.07134
2025-02-05,W06,1.7897,7.628,9918.68,6.29792
2025-02-05,W07,28.3263,49.383,80165.56,50.38814
2025-02-05,W08,0.7745,3.336,4293.91,0.08664
2025-02-06,W01,21.8554,52.179,75842.02,77.74658
2025-02-06,W02,21.6861,56.026,70303.48,62.91115
2025-02-06,W03,22.5111,50.990,66165.71,227.21728
2025-02-06,W04,2.7703,11.718,15816.98,0.58254
2025-02-06,W05,7.7059,24.827,29897.65,1.05183
2025-02-06,W06,1.7494,7.317,9963.53,6.72738
2025-02-06,W07,29.1080,50.656,83516.60,57.37089
2025-02-06,W08,0.8264,3.574,4728.99,0.07641
2025-02-07,W01,23.1775,52.611,76710.47,91.12173
2025-02-07,W02,20.9085,54.586,68076.24,61.33473
2025-02-07,W03,21.1684,47.755,63595.68,217.35255
2025-02-07,W04,2.6443,11.064,15248.23,0.61033
2025-02-07,W05,8.1280,25.998,30307.55,1.25219
2025-02-07,W06,1.7676,7.437,10089.79,6.51326
2025-02-07,W07,28.3155,49.269,80280.28,50.76126
2025-02-07,W08,0.7688,3.306,4361.46,0.07208
2025-02-08,W01,21.3874,52.687,75199.11,72.40254
2025-02-08,W02,19.5771,51.635,63943.90,61.57408
2025-02-08,W03,23.2630,52.243,70467.02,226.14395
2025-02-08,W04,1.8803,7.981,11004.69,0.66590
2025-02-08,W05,5.3212,17.236,20019.44,1.25905
2025-02-08,W06,1.1568,4.819,6651.05,6.46883
2025-02-08,W07,29.4209,51.222,80126.18,54.45584
2025-02-08,W08,0.5109,2.175,2911.87,0.08461
2025-02-09,W01,21.3268,50.542,73587.99,82.96704
2025-02-09,W02,21.2218,54.880,68641.87,66.26609
2025-02-09,W03,21.7464,48.774,65223.21,228.24853
2025-02-09,W04,0.9777,4.160,5660.07,1.11712
2025-02-09,W05,2.8603,9.211,10941.94,1.83910
2025-02-09,W06,0.5080,2.108,2913.45,9.07963
2025-02-09,W07,30.8344,53.593,86891.72,60.59399
2025-02-09,W08,0.2436,1.051,1379.60,0.11701
2025-02-10,W01,20.5727,50.192,71054.00,69.12527
2025-02-10,W02,19.9233,52.174,64626.39,65.32983
2025-02-10,W03,21.0838,48.625,64019.70,221.34078
2025-02-10,W04,2.7180,11.513,15344.64,0.56329
2025-02-10,W05,7.6556,24.540,29181.08,1.03174
2025-02-10,W06,1.7587,7.411,9899.19,6.24195
2025-02-10,W07,31.3970,54.399,89241.29,60.59160
2025-02-10,W08,0.7272,3.099,4192.26,0.07364
2025-02-11,W01,21.8025,51.269,74007.99,76.54266
2025-02-11,W02,21.4566,56.240,70040.07,67.27848
2025-02-11,W03,23.0198,51.708,68216.37,237.65848
2025-02-11,W04,2.7059,11.487,15668.25,0.63946
2025-02-11,W05,7.6048,24.514,29042.38,1.20991
2025-02-11,W06,1.8120,7.610,10335.12,7.12361
2025-02-11,W07,30.2884,52.477,86075.36,49.99732
2025-02-11,W08,0.7407,3.183,4243.87,0.07277
2025-02-12,W01,23.3130,55.278,78859.96,91.29891
2025-02-12,W02,20.9839,54.313,67892.18,57.72344
2025-02-12,W03,22.7113,51.060,67622.80,238.95019
2025-02-12,W04,2.8512,12.087,16281.19,0.65675
2025-02-12,W05,7.9985,25.199,29714.75,1.34496
2025-02-12,W06,1.7526,7.392,9984.09,6.29227
2025-02-12,W07,31.9055,55.261,89107.08,58.87161
2025-02-12,W08,0.7475,3.226,4224.71,0.06893
2025-02-13,W01,23.2920,54.738,76511.20,91.04036
2025-02-13,W02,21.2031,55.915,69272.70,66.79795
2025-02-13,W03,22.2130,50.332,66457.26,235.77933
2025-02-13,W04,2.7138,11.486,15457.04,0.65676
2025-02-13,W05,7.2270,23.028,27522.51,1.05733
2025-02-13,W06,1.5964,6.601,8998.92,5.74226
2025-02-13,W07,32.0649,55.841,90210.04,58.45507
2025-02-13,W08,0.8423,3.658,4676.47,0.08059
2025-02-14,W01,22.0031,51.906,75748.65,83.32345
2025-02-14,W02,20.6843,54.362,67457.86,65.17977
2025-02-14,W03,23.3835,52.615,70422.02,235.10973
2025-02-14,W04,2.8226,12.069,15936.08,0.65412
2025-02-14,W05,7.4419,23.721,28732.96,1.12579
2025-02-14,W06,1.7007,7.068,9615.67,6.56716
2025-02-14,W07,31.3243,53.988,89889.33,59.60916
2025-02-14,W08,0.7861,3.380,4340.77,0.07524
2025-02-15,W01,21.0266,49.716,71934.03,81.02060
2025-02-15,W02,20.3324,52.658,65661.60,59.30885
2025-02-15,W03,22.4851,49.992,66692.31,220.68868
2025-02-15,W04,1.9829,8.477,11204.32,0.70609
2025-02-15,W05,5.4775,17.772,21516.22,1.24514
2025-02-15,W06,1.3442,5.707,7764.93,7.34562
2025-02-15,W07,30.6558,53.283,86110.03,55.88851
2025-02-15,W08,0.5101,2.197,2922.51,0.07443
2025-02-16,W01,22.3243,52.376,74287.62,77.51934
2025-02-16,W02,20.5805,53.186,66466.71,65.21144
2025-02-16,W03,20.3096,46.932,62713.07,206.86975
2025-02-16,W04,2.5172,11.283,14235.14,2.70449
2025-02-16,W05,2.7306,8.821,10589.67,1.91676
2025-02-16,W06,0.5823,2.458,3356.35,11.43454
2025-02-16,W07,28.6127,49.710,80345.98,51.81326
2025-02-16,W08,0.2312,0.990,1289.85,0.10255
2025-02-17,W01,23.4967,54.528,76645.66,85.37705
2025-02-17,W02,21.6254,55.095,68840.37,64.44845
2025-02-17,W03,23.1779,52.557,70195.12,230.59154
2025-02-17,W04,2.6841,11.296,15454.48,0.63131
2025-02-17,W05,7.6427,24.290,28549.65,1.17987
2025-02-17,W06,1.7583,7.378,10008.92,6.96110
2025-02-17,W07,31.9676,55.520,90083.91,60.69875
2025-02-17,W08,0.7345,3.134,4076.83,0.06833
2025-02-18,W01,21.4392,50.996,73080.96,78.67642
2025-02-18,W02,20.8736,53.977,69705.76,60.13529
2025-02-18,W03,23.4626,50.896,68323.90,226.14537
2025-02-18,W04,2.8957,12.377,16313.65,0.63422
2025-02-18,W05,7.7827,24.537,29073.12,1.04095
2025-02-18,W06,1.6793,6.913,9695.43,5.87799
2025-02-18,W07,32.7865,56.711,90601.71,57.89849
2025-02-18,W08,0.7531,3.242,4273.97,0.07194
2025-02-19,W01,23.2987,54.518,77088.06,88.95725
2025-02-19,W02,22.0299,57.302,72067.54,64.13636
2025-02-19,W03,23.7796,52.757,70978.30,225.49132
2025-02-19,W04,2.8130,11.935,15894.68,0.67696
2025-02-19,W05,7.4217,23.759,28228.36,1.09840
2025-02-19,W06,1.7411,7.192,9860.98,6.41136
2025-02-19,W07,31.0739,54.232,88603.37,51.78112
2025-02-19,W08,0.7315,3.125,4199.33,0.08209
2025-02-20,W01,22.8729,53.925,76625.86,75.95623
2025-02-20,W02,20.5365,53.393,66309.51,65.96767
2025-02-20,W03,24.2106,53.721,72797.16,238.96588
2025-02-20,W04,2.5825,10.922,14822.52,0.61937
2025-02-20,W05,7.6397,24.643,28937.74,1.00221
2025-02-20,W06,1.7781,7.501,10123.21,6.89024
2025-02-20,W07,31.7123,54.829,88751.69,54.25707
2025-02-20,W08,0.7928,3.425,4601.74,0.07629
2025-02-21,W01,23.8145,54.967,79112.94,85.79081
2025-02-21,W02,22.0610,57.800,71394.31,68.60647
2025-02-21,W03,22.7305,50.520,68363.00,230.21248
2025-02-21,W04,2.7317,11.565,15906.38,0.62865
2025-02-21,W05,7.9555,25.444,30328.98,1.15654
2025-02-21,W06,1.6653,6.976,9779.47,5.86324
2025-02-21,W07,29.4517,51.294,82297.74,50.50011
2025-02-21,W08,0.8275,3.547,4468.73,0.08492
2025-02-22,W01,23.5101,55.202,79942.85,86.24928
2025-02-22,W02,21.1519,55.333,68288.57,63.09227
2025-02-22,W03,22.7031,50.720,67292.57,219.74634
2025-02-22,W04,1.9599,8.329,11168.24,0.69839
2025-02-22,W05,5.1688,16.799,19925.17,1.10719
2025-02-22,W06,1.2603,5.347,7162.23,7.83094
2025-02-22,W07,32.0238,55.435,90854.85,59.35405
2025-02-22,W08,0.5144,2.218,2936.22,0.08441
2025-02-23,W01,21.7561,50.502,73607.67,84.45500
2025-02-23,W02,21.1094,55.452,69419.68,79.66623
2025-02-23,W03,20.6003,47.107,62242.09,242.73875
2025-02-23,W04,0.8711,3.663,4926.78,1.00409
2025-02-23,W05,2.8034,8.951,10591.90,1.91631
2025-02-23,W06,0.5422,2.264,3043.70,8.98580
2025-02-23,W07,29.9992,52.293,85874.38,55.31059
2025-02-23,W08,0.2151,0.917,1210.62,0.10944
2025-02-24,W01,22.2905,53.672,75719.71,76.77746
2025-02-24,W02,22.0705,57.679,71704.44,66.77157
2025-02-24,W03,22.0380,49.299,66457.91,226.63984
2025-02-24,W04,2.5243,10.501,14793.60,0.55739
2025-02-24,W05,7.5783,24.156,28796.47,1.02229
2025-02-24,W06,1.7920,7.565,10439.43,6.55817
2025-02-24,W07,30.9921,53.725,86583.39,52.98085
2025-02-24,W08,0.7626,3.272,4260.79,0.07125
2025-02-25,W01,24.0730,57.498,82995.33,88.24615
2025-02-25,W02,20.7763,55.265,68694.38,58.35945
2025-02-25,W03,22.1399,50.878,67660.06,229.54329
2025-02-25,W04,2.8448,12.144,16258.26,0.66466
2025-02-25,W05,7.8145,25.139,29888.68,1.03878
2025-02-25,W06,1.6637,6.976,9375.62,6.57500
2025-02-25,W07,31.4829,54.879,87777.62,55.22241
2025-02-25,W08,0.7582,3.233,4276.30,0.07211
2025-02-26,W01,22.1655,52.728,76174.79,87.17073
2025-02-26,W02,20.6514,54.861,67577.51,61.42483
2025-02-26,W03,21.5928,48.217,64928.33,211.96420
2025-02-26,W04,2.7747,11.795,15650.21,0.64352
2025-02-26,W05,7.3761,23.505,27706.68,1.02703
2025-02-26,W06,1.6574,6.882,9672.84,6.64747
2025-02-26,W07,31.8825,55.289,89895.20,57.25326
2025-02-26,W08,0.7955,3.411,4547.13,0.07404
2025-02-27,W01,22.3407,53.526,76580.55,81.49092
2025-02-27,W02,21.1120,54.553,68142.51,70.73370
2025-02-27,W03,22.0281,50.274,67542.04,205.33848
2025-02-27,W04,2.8313,12.018,16141.56,0.64529
2025-02-27,W05,7.1820,22.748,27311.97,0.96381
2025-02-27,W06,1.7429,7.227,9928.63,6.53496
2025-02-27,W07,34.0213,58.624,96467.47,60.66041
2025-02-27,W08,0.8561,3.725,4887.65,0.09166
2025-02-28,W01,23.5492,53.248,76545.84,77.27823
2025-02-28,W02,21.6589,55.847,68942.51,70.02746
2025-02-28,W03,23.3911,51.627,69030.52,266.13429
2025-02-28,W04,2.3820,9.914,13659.69,0.53986
2025-02-28,W05,7.8480,25.332,30027.82,1.10545
2025-02-28,W06,1.7698,7.449,9976.17,6.96253
2025-02-28,W07,29.5569,51.444,83302.13,56.18744
2025-02-28,W08,0.7991,3.455,4316.41,0.07092
2025-03-01,W01,18.5782,45.301,64144.67,69.21912
2025-03-01,W02,18.8844,51.254,63290.67,53.76032
2025-03-01,W03,18.0414,40.392,54218.12,187.21697
2025-03-01,W04,1.7437,7.309,10074.23,0.67074
2025-03-01,W05,4.8808,15.567,18757.84,1.04344
2025-03-01,W06,1.0703,4.414,6018.69,6.53569
2025-03-01,W07,25.6330,44.996,75804.09,49.88788
2025-03-01,W08,0.4308,1.814,2438.86,0.07024
2025-03-02,W01,18.7841,45.767,63550.27,74.15910
2025-03-02,W02,16.8825,44.356,54469.27,54.73249
2025-03-02,W03,18.9577,42.952,56741.49,182.45759
2025-03-02,W04,0.9245,3.890,5248.40,0.92961
2025-03-02,W05,2.6246,8.451,9858.31,1.76921
2025-03-02,W06,0.5369,2.227,3066.52,10.61888
2025-03-02,W07,26.5192,46.357,75910.71,49.85198
2025-03-02,W08,0.2155,0.917,1215.30,0.10911
2025-03-03,W01,19.5832,46.983,67126.33,72.16897
2025-03-03,W02,17.3987,47.045,59617.79,47.36124
2025-03-03,W03,19.2656,43.826,58761.37,187.85065
2025-03-03,W04,2.4258,10.198,14298.57,0.56350
2025-03-03,W05,6.8114,21.965,26179.79,0.95899
2025-03-03,W06,1.6046,6.695,9242.91,5.53465
2025-03-03,W07,24.6900,43.283,70058.33,45.23096
2025-03-03,W08,0.7199,3.083,4139.53,0.06711
2025-03-04,W01,18.8203,45.692,65976.17,61.30734
2025-03-04,W02,19.8002,52.024,65461.01,56.32876
2025-03-04,W03,19.7906,45.189,60328.79,198.77837
2025-03-04,W04,2.2653,9.357,12958.10,0.50646
2025-03-04,W05,6.9460,22.330,26473.00,0.96237
2025-03-04,W06,1.6420,6.779,9258.03,6.09017
2025-03-04,W07,24.8676,43.763,71641.76,44.76676
2025-03-04,W08,0.7558,3.234,4426.41,0.07765
2025-03-05,W01,21.0393,50.075,71688.93,79.65582
2025-03-05,W02,18.8888,50.206,61518.27,54.70719
2025-03-05,W03,18.5173,42.784,56210.88,173.18324
2025-03-05,W04,2.4938,10.425,14332.49,0.52594
2025-03-05,W05,6.8521,22.049,25843.02,1.04880
2025-03-05,W06,1.5254,6.321,8850.67,6.28494
2025-03-05,W07,25.3552,44.337,72741.40,45.40640
2025-03-05,W08,0.7297,3.123,4198.77,0.07147
2025-03-06,W01,18.6744,46.153,64689.36,66.68515
2025-03-06,W02,18.2357,48.581,60157.24,57.06231
2025-03-06,W03,20.2822,45.721,61230.64,219.18217
2025-03-06,W04,2.4164,10.107,14186.27,0.53875
2025-03-06,W05,6.6995,21.764,26253.44,0.85004
2025-03-06,W06,1.5570,6.459,8857.62,5.40336
2025-03-06,W07,28.4929,49.377,80121.89,51.89894
2025-03-06,W08,0.7523,3.230,4252.55,0.06982
2025-03-07,W01,19.4028,46.637,67847.23,72.37031
2025-03-07,W02,18.2251,47.178,59066.28,54.35165
2025-03-07,W03,18.5980,42.889,56802.22,193.20404
2025-03-07,W04,2.4901,10.380,14436.43,0.57693
2025-03-07,W05,6.8243,22.108,25716.38,0.90106
2025-03-07,W06,1.6465,6.856,9279.31,6.19421
2025-03-07,W07,25.0871,43.801,72246.91,44.18646
2025-03-07,W08,0.6778,2.876,3737.36,0.06762
2025-03-08,W01,19.3069,47.141,66182.58,67.94063
2025-03-08,W02,18.5502,49.266,61185.18,57.90972
2025-03-08,W03,18.4944,41.847,55993.75,190.82324
2025-03-08,W04,1.5633,6.513,8814.48,0.62604
2025-03-08,W05,4.7618,15.177,17783.13,1.00052
2025-03-08,W06,1.0048,4.114,5794.43,6.08998
2025-03-08,W07,26.5430,46.153,75318.44,49.30703
2025-03-08,W08,0.4805,2.056,2668.18,0.07633
2025-03-09,W01,19.0116,45.368,64948.40,71.80545
2025-03-09,W02,18.1056,48.111,59675.00,58.99226
2025-03-09,W03,19.2854,44.087,58389.79,203.99877
2025-03-09,W04,0.8582,3.602,4921.75,0.90482
2025-03-09,W05,2.6145,8.321,10057.32,1.82037
2025-03-09,W06,0.5593,2.337,3129.61,9.95678
2025-03-09,W07,28.1430,48.853,80904.73,50.97893
2025-03-09,W08,0.1959,0.831,1134.02,0.10056
2025-03-10,W01,18.5792,45.821,64861.87,65.34446
2025-03-10,W02,18.3243,47.782,60731.32,55.17926
2025-03-10,W03,19.0909,43.890,56594.25,190.53181
2025-03-10,W04,2.4811,10.388,14282.70,0.60334
2025-03-10,W05,6.6822,21.148,25077.78,0.91114
2025-03-10,W06,1.5405,6.356,8792.49,5.94624
2025-03-10,W07,27.4771,47.612,77369.32,47.21540
2025-03-10,W08,0.7290,3.130,4134.85,0.07004
2025-03-11,W01,19.2699,45.904,65516.24,78.93116
2025-03-11,W02,17.9309,48.585,59280.18,49.14681
2025-03-11,W03,18.7006,42.710,56133.63,183.75201
2025-03-11,W04,2.7303,11.506,15572.50,0.58583
2025-03-11,W05,6.6291,21.496,25811.52,0.88862
2025-03-11,W06,1.4961,6.150,8601.18,5.08983
2025-03-11,W07,25.0801,43.919,72450.32,46.84216
2025-03-11,W08,0.7206,3.091,3986.45,0.07504
2025-03-12,W01,20.1651,48.161,70363.56,83.23040
2025-03-12,W02,17.8331,47.026,59329.70,52.96663
2025-03-12,W03,18.9393,43.608,58241.71,191.71859
2025-03-12,W04,2.5570,10.726,14632.74,0.57550
2025-03-12,W05,7.0671,22.879,26667.08,0.92132
2025-03-12,W06,1.6067,6.656,9105.43,5.35826
2025-03-12,W07,25.7622,44.868,74108.83,50.01902
2025-03-12,W08,0.7288,3.092,4113.63,0.07004
2025-03-13,W01,19.7327,46.815,67650.52,73.05419
2025-03-13,W02,19.4368,52.409,65319.85,52.23280
2025-03-13,W03,19.4840,44.327,59159.97,191.09488
2025-03-13,W04,2.5017,10.583,14326.13,0.50016
2025-03-13,W05,6.6379,21.649,25935.88,0.79694
2025-03-13,W06,1.6417,6.823,9400.19,5.65324
2025-03-13,W07,27.4501,47.682,77927.49,48.53628
2025-03-13,W08,0.7161,3.047,4046.44,0.06418
2025-03-14,W01,19.7870,48.307,68254.50,68.98756
2025-03-14,W02,17.5989,47.548,59139.54,53.25810
2025-03-14,W03,20.0824,45.497,59793.02,217.44811
2025-03-14,W04,2.4397,10.216,14369.98,0.55036
2025-03-14,W05,6.7227,21.646,26436.76,0.90492
2025-03-14,W06,1.6872,7.030,9447.40,6.40583
2025-03-14,W07,28.7139,49.750,81353.19,49.05559
2025-03-14,W08,0.7124,3.046,3965.08,0.07320
2025-03-15,W01,19.4130,48.018,68653.50,72.26814
2025-03-15,W02,17.7553,48.296,59511.23,54.71122
2025-03-15,W03,19.1510,44.174,57915.63,210.09680
2025-03-15,W04,1.7036,6.826,9902.91,0.56677
2025-03-15,W05,4.6585,15.138,18045.10,1.05182
2025-03-15,W06,1.1120,4.627,6242.34,6.39337
2025-03-15,W07,24.5799,43.238,69131.68,48.84682
2025-03-15,W08,0.4938,2.122,2795.29,0.07362
2025-03-16,W01,18.6209,45.040,64522.70,77.81480
2025-03-16,W02,17.2918,46.309,56652.67,56.99439
2025-03-16,W03,17.9276,40.879,53021.83,181.85999
2025-03-16,W04,0.8598,3.600,4976.27,0.98797
2025-03-16,W05,2.5569,8.229,9808.06,1.84990
2025-03-16,W06,0.5171,2.191,2949.61,8.83579
2025-03-16,W07,24.8963,43.528,71657.45,44.00573
2025-03-16,W08,0.2169,0.932,1226.92,0.11504
2025-03-17,W01,20.3374,49.096,69495.74,69.10520
2025-03-17,W02,19.0286,51.554,64184.28,58.12236
2025-03-17,W03,19.5395,44.091,57982.78,202.75747
2025-03-17,W04,2.3703,9.957,13599.19,0.50872
2025-03-17,W05,6.8477,22.527,27106.50,0.97368
2025-03-17,W06,1.6766,7.015,9600.92,6.21386
2025-03-17,W07,27.1840,47.344,78748.38,47.52795
2025-03-17,W08,0.6902,2.943,3884.18,0.06774
2025-03-18,W01,18.5040,45.444,63719.85,63.46054
2025-03-18,W02,17.9636,47.493,59830.16,56.15246
2025-03-18,W03,20.1241,45.474,59239.88,191.26105
2025-03-18,W04,2.6536,11.105,15150.68,0.60825
2025-03-18,W05,7.0048,22.418,26447.51,1.00488
2025-03-18,W06,1.6526,6.891,9366.03,5.41439
2025-03-18,W07,26.7916,47.006,76129.25,44.55604
2025-03-18,W08,0.6990,3.002,4005.29,0.07111
2025-03-19,W01,19.1184,46.069,66194.03,68.23413
2025-03-19,W02,18.2934,48.753,59813.40,57.30717
2025-03-19,W03,19.5565,44.125,58670.45,203.07842
2025-03-19,W04,2.3758,9.930,13512.61,0.53561
2025-03-19,W05,6.9214,22.859,27228.07,0.95548
2025-03-19,W06,1.5517,6.378,8737.84,5.70191
2025-03-19,W07,29.0533,50.527,81695.74,57.57912
2025-03-19,W08,0.7214,3.055,4238.13,0.06937
2025-03-20,W01,17.2673,42.728,60993.40,65.87676
2025-03-20,W02,18.2935,48.150,60561.51,51.36331
2025-03-20,W03,19.0541,43.743,58774.33,188.03310
2025-03-20,W04,2.5925,10.931,14816.84,0.58808
2025-03-20,W05,6.6623,21.622,25604.63,0.88979
2025-03-20,W06,1.5435,6.358,8707.01,5.49887
2025-03-20,W07,27.8765,48.591,80473.91,47.49541
2025-03-20,W08,0.6624,2.816,3708.93,0.06363
2025-03-21,W01,19.9226,48.803,68767.59,79.16367
2025-03-21,W02,18.6815,49.617,62325.74,58.07390
2025-03-21,W03,18.9603,43.370,56899.81,175.07223
2025-03-21,W04,2.4547,10.304,14053.29,0.54048
2025-03-21,W05,6.7539,21.744,25801.87,0.97319
2025-03-21,W06,1.5869,6.539,9090.42,5.45999
2025-03-21,W07,25.1976,44.130,72610.41,42.11698
2025-03-21,W08,0.7489,3.210,4216.12,0.06940
2025-03-22,W01,19.4879,46.136,66287.33,71.99814
2025-03-22,W02,18.3608,48.125,60130.68,57.46626
2025-03-22,W03,17.7368,41.674,53353.42,174.38274
2025-03-22,W04,1.8448,7.738,10620.74,0.64297
2025-03-22,W05,4.9081,15.901,19195.86,1.16140
2025-03-22,W06,1.1627,4.870,6513.72,6.69691
2025-03-22,W07,25.4333,44.774,72334.69,44.06285
2025-03-22,W08,0.4547,1.941,2594.39,0.07956
2025-03-23,W01,18.9112,44.316,63831.98,70.97588
2025-03-23,W02,17.5286,45.797,56222.73,57.32924
2025-03-23,W03,19.0414,43.709,57263.73,195.04397
2025-03-23,W04,0.8172,3.428,4663.32,0.91340
2025-03-23,W05,2.6415,8.508,10046.29,1.95784
2025-03-23,W06,0.5143,2.131,2919.53,9.21905
2025-03-23,W07,26.0184,45.595,73707.81,50.27194
2025-03-23,W08,0.2164,0.928,1223.92,0.10137
2025-03-24,W01,20.0311,46.137,67043.54,69.23447
2025-03-24,W02,18.9188,49.762,62482.44,58.96734
2025-03-24,W03,18.1813,42.197,56039.59,171.73211
2025-03-24,W04,2.6159,11.025,15143.16,0.63337
2025-03-24,W05,6.7052,21.825,26083.70,0.88021
2025-03-24,W06,1.6888,6.991,9687.59,6.13133
2025-03-24,W07,25.8762,45.290,73631.79,49.15435
2025-03-24,W08,0.7512,3.215,4282.74,0.08249
2025-03-25,W01,19.0137,45.459,64703.43,77.21146
2025-03-25,W02,19.5632,51.583,62951.70,54.92055
2025-03-25,W03,18.0103,42.362,56622.50,183.51314
2025-03-25,W04,2.4386,10.196,13752.25,0.52090
2025-03-25,W05,6.6750,21.326,25455.67,1.03222
2025-03-25,W06,1.5358,6.416,8364.04,5.15194
2025-03-25,W07,25.7657,44.927,73618.79,45.47160
2025-03-25,W08,0.7011,2.973,3979.33,0.06449
2025-03-26,W01,19.3379,45.963,65257.90,60.44108
2025-03-26,W02,18.0813,49.152,60796.82,54.50731
2025-03-26,W03,18.7011,42.972,57180.63,180.58529
2025-03-26,W04,2.5122,10.579,14313.46,0.58547
2025-03-26,W05,6.8067,22.059,26239.84,0.92271
2025-03-26,W06,1.6060,6.592,9381.58,6.49599
2025-03-26,W07,26.3675,45.758,75902.32,48.93123
2025-03-26,W08,0.7381,3.168,4102.65,0.06950
2025-03-27,W01,20.8690,49.027,72198.52,80.05429
2025-03-27,W02,17.3820,47.029,57839.03,49.52386
2025-03-27,W03,18.5387,43.012,56328.61,196.99760
2025-03-27,W04,2.6857,11.266,15604.54,0.60609
2025-03-27,W05,7.1415,23.630,28122.20,0.95743
2025-03-27,W06,1.5954,6.656,8997.15,6.28054
2025-03-27,W07,25.7394,45.035,72849.50,46.30566
2025-03-27,W08,0.7140,3.056,3986.70,0.06217
2025-03-28,W01,20.6659,48.436,68049.17,71.47576
2025-03-28,W02,18.8544,50.544,62672.97,56.60046
2025-03-28,W03,18.1681,42.143,55258.04,188.99939
2025-03-28,W04,2.2114,9.126,12967.67,0.52056
2025-03-28,W05,6.9032,22.075,26655.02,0.97525
2025-03-28,W06,1.6088,6.651,9156.71,6.31232
2025-03-28,W07,26.0500,45.476,74071.14,53.63760
2025-03-28,W08,0.7460,3.194,4293.01,0.06755
2025-03-29,W01,19.6989,47.172,68016.78,70.22670
2025-03-29,W02,17.9524,47.060,58345.33,53.48571
2025-03-29,W03,19.7000,45.235,58734.66,194.53698
2025-03-29,W04,1.7493,7.333,10138.96,0.59754
2025-03-29,W05,4.9477,16.154,19431.42,1.14243
2025-03-29,W06,1.0788,4.516,6155.02,6.44172
2025-03-29,W07,26.0629,45.697,73721.65,43.46925
2025-03-29,W08,0.4658,1.993,2578.43,0.07448
2025-03-30,W01,16.7301,40.962,58366.33,60.96234
2025-03-30,W02,17.3423,46.368,57956.06,55.05679
2025-03-30,W03,18.2289,41.931,55287.02,199.22040
2025-03-30,W04,0.8468,3.524,4854.43,0.94697
2025-03-30,W05,2.5451,8.152,9544.14,1.67019
2025-03-30,W06,0.5450,2.279,3071.32,9.54296
2025-03-30,W07,24.8751,43.287,70124.05,47.91937
2025-03-30,W08,0.2136,0.914,1190.55,0.10382
2025-03-31,W01,19.7110,46.683,68271.75,76.21860
2025-03-31,W02,17.8311,46.268,57682.09,53.72531
2025-03-31,W03,19.4898,43.554,57384.94,184.78971
2025-03-31,W04,2.5686,10.810,14329.41,0.57157
2025-03-31,W05,6.7783,22.049,25950.26,0.94856
2025-03-31,W06,1.6995,7.047,9569.68,5.64654
2025-03-31,W07,27.1285,47.347,77492.98,58.18318
2025-03-31,W08,0.7595,3.258,4204.87,0.07442
2025-04-01,W01,18.3998,45.997,65126.19,62.21080
2025-04-01,W02,16.1631,43.446,53495.60,49.68559
2025-04-01,W03,16.6177,39.131,51279.04,156.30897
2025-04-01,W04,2.2808,9.470,13184.73,0.50098
2025-04-01,W05,6.2945,20.731,24663.57,0.80515
2025-04-01,W06,1.6509,6.842,9616.08,6.03530
2025-04-01,W07,21.7643,38.469,63717.83,36.44627
2025-04-01,W08,0.6909,2.936,3861.77,0.06371
2025-04-02,W01,16.0704,40.305,58575.53,60.01180
2025-04-02,W02,15.7510,42.645,52579.58,46.60563
2025-04-02,W03,16.4605,38.620,50340.37,165.06515
2025-04-02,W04,2.2475,9.379,13106.50,0.54352
2025-04-02,W05,6.1248,20.159,24394.90,0.86434
2025-04-02,W06,1.6704,6.976,9305.24,5.89328
2025-04-02,W07,23.0891,40.560,66564.75,39.77655
2025-04-02,W08,0.6514,2.780,3703.63,0.05429
2025-04-03,W01,17.5544,42.849,61438.21,60.23266
2025-04-03,W02,15.8543,43.086,53068.85,45.76022
2025-04-03,W03,17.0297,39.476,50671.86,168.39092
2025-04-03,W04,2.3011,9.567,13625.29,0.54517
2025-04-03,W05,6.3212,20.961,25169.06,0.86009
2025-04-03,W06,1.5445,6.405,8790.29,5.31616
2025-04-03,W07,22.8418,40.363,66320.60,44.39748
2025-04-03,W08,0.6935,2.952,3928.91,0.06789
2025-04-04,W01,14.8975,36.840,53236.35,69.79041
2025-04-04,W02,14.9412,39.723,49667.00,50.36256
2025-04-04,W03,15.7402,36.403,48435.49,166.09577
2025-04-04,W04,0.5577,2.337,3231.56,2.05410
2025-04-04,W05,1.7024,5.697,6772.99,4.06189
2025-04-04,W06,0.3212,1.334,1879.17,19.67532
2025-04-04,W07,18.9846,33.905,55042.15,39.18919
2025-04-04,W08,0.1272,0.540,716.90,0.21614
2025-04-05,W01,16.2813,39.549,56179.78,62.07348
2025-04-05,W02,14.3481,38.433,47191.48,46.59199
2025-04-05,W03,14.9455,35.465,46126.70,158.69582
2025-04-05,W04,0.5766,2.421,3254.37,2.35199
2025-04-05,W05,1.5888,5.219,6219.90,3.66168
2025-04-05,W06,0.2984,1.237,1706.42,17.20465
2025-04-05,W07,19.5828,34.903,58092.01,40.98226
2025-04-05,W08,0.1082,0.453,619.76,0.16189
2025-04-06,W01,15.8864,38.834,54722.16,67.74984
2025-04-06,W02,15.3528,41.026,50438.95,56.63211
2025-04-06,W03,15.3118,36.375,47318.43,169.84982
2025-04-06,W04,0.5495,2.293,3229.67,2.04879
2025-04-06,W05,1.7067,5.645,6625.14,4.20461
2025-04-06,W06,0.3232,1.337,1770.92,19.55345
2025-04-06,W07,21.0007,37.063,61387.93,45.39818
2025-04-06,W08,0.1209,0.515,683.02,0.17428
2025-04-07,W01,17.5941,43.500,63024.51,63.43536
2025-04-07,W02,16.2008,43.761,55242.86,44.18388
2025-04-07,W03,17.1758,39.944,52385.92,167.51851
2025-04-07,W04,2.5253,10.584,14513.15,0.53977
2025-04-07,W05,5.9830,19.551,23504.24,0.78930
2025-04-07,W06,1.5636,6.469,8915.22,5.92305
2025-04-07,W07,20.7005,36.665,60182.10,38.69395
2025-04-07,W08,0.7068,3.011,4027.67,0.06649
2025-04-08,W01,17.9988,45.238,64367.40,64.35121
2025-04-08,W02,15.2828,41.560,51557.93,48.80336
2025-04-08,W03,16.5582,38.203,50041.22,162.63060
2025-04-08,W04,2.3754,9.942,13313.20,0.56352
2025-04-08,W05,5.9034,19.487,23439.95,0.72619
2025-04-08,W06,1.5238,6.288,8935.12,6.00570
2025-04-08,W07,23.4095,41.040,67969.90,43.90251
2025-04-08,W08,0.6911,2.904,4014.72,0.06631
2025-04-09,W01,17.3812,41.977,59535.72,66.87901
2025-04-09,W02,16.1543,43.252,53361.27,45.64130
2025-04-09,W03,15.7669,36.871,47252.87,166.65831
2025-04-09,W04,2.1689,9.041,12780.04,0.49408
2025-04-09,W05,5.9221,19.978,24604.17,0.76344
2025-04-09,W06,1.5537,6.409,8929.96,5.05499
2025-04-09,W07,22.0534,38.810,64604.74,40.32549
2025-04-09,W08,0.6707,2.872,3839.49,0.06754
2025-04-10,W01,17.2063,43.170,60699.49,61.43844
2025-04-10,W02,16.4606,45.012,55062.09,48.17400
2025-04-10,W03,16.7952,40.133,53083.88,184.62916
2025-04-10,W04,2.3985,10.074,14109.83,0.51498
2025-04-10,W05,5.8370,19.192,23148.78,0.78133
2025-04-10,W06,1.5583,6.418,8835.23,4.95026
2025-04-10,W07,21.5573,38.020,62592.40,37.50900
2025-04-10,W08,0.6748,2.880,3885.58,0.06077
2025-04-11,W01,17.3810,42.280,60802.24,60.96928
2025-04-11,W02,15.8616,44.039,54123.79,46.91260
2025-04-11,W03,17.3461,40.646,52980.71,183.40118
2025-04-11,W04,2.2878,9.476,12921.81,0.53192
2025-04-11,W05,6.1528,19.974,23766.62,0.93692
2025-04-11,W06,1.6709,6.980,9431.96,5.51481
2025-04-11,W07,20.3929,36.343,59335.10,39.60226
2025-04-11,W08,0.7131,3.045,3990.09,0.06730
2025-04-12,W01,16.5228,40.808,57885.14,60.22115
2025-04-12,W02,15.8889,43.446,53895.11,51.95519
2025-04-12,W03,15.4242,36.863,48203.63,157.40879
2025-04-12,W04,1.6677,6.972,9736.63,0.62388
2025-04-12,W05,4.4333,14.605,17411.38,1.03167
2025-04-12,W06,0.9663,3.952,5465.61,4.74268
2025-04-12,W07,22.1070,39.039,62711.29,41.21667
2025-04-12,W08,0.4442,1.876,2470.24,0.07194
2025-04-13,W01,17.1909,41.603,59904.76,75.56323
2025-04-13,W02,15.1666,40.489,50250.14,44.98832
2025-04-13,W03,15.3043,35.947,46703.75,152.06350
2025-04-13,W04,0.8867,3.721,5111.22,1.05649
2025-04-13,W05,2.2851,7.597,9029.21,1.40751
2025-04-13,W06,0.4908,2.036,2761.93,8.78593
2025-04-13,W07,20.7613,36.602,60682.27,41.37362
2025-04-13,W08,0.2232,0.956,1287.45,0.12015
2025-04-14,W01,17.3216,43.672,60559.75,59.40301
2025-04-14,W02,15.4989,43.431,53619.61,45.10003
2025-04-14,W03,16.9938,39.610,52064.62,173.40440
2025-04-14,W04,2.3688,9.940,13472.03,0.54753
2025-04-14,W05,5.7266,18.756,22405.49,0.78512
2025-04-14,W06,1.5097,6.200,8394.61,6.11105
2025-04-14,W07,24.7396,43.368,71492.99,43.92327
2025-04-14,W08,0.6353,2.712,3512.89,0.05570
2025-04-15,W01,16.3083,40.332,55861.40,61.74956
2025-04-15,W02,16.7157,45.825,57847.91,50.00488
2025-04-15,W03,15.5805,36.386,47124.48,159.17284
2025-04-15,W04,2.4594,10.262,14188.08,0.53827
2025-04-15,W05,6.3799,21.034,25231.65,0.95133
2025-04-15,W06,1.6232,6.736,9360.99,5.91032
2025-04-15,W07,22.4596,39.656,64643.96,39.23242
2025-04-15,W08,0.6736,2.884,3826.93,0.06650
2025-04-16,W01,15.6705,39.351,56048.19,55.87702
2025-04-16,W02,16.1243,43.517,54066.74,42.99536
2025-04-16,W03,16.8597,39.235,50574.61,159.89663
2025-04-16,W04,2.3726,9.887,13551.35,0.56673
2025-04-16,W05,6.0529,20.190,24923.74,0.74999
2025-04-16,W06,1.6397,6.800,9264.02,6.15453
2025-04-16,W07,22.5107,39.754,65478.19,39.74395
2025-04-16,W08,0.7623,3.274,4232.19,0.07214
2025-04-17,W01,16.6559,40.920,58702.76,62.88494
2025-04-17,W02,15.7318,43.463,53478.76,45.24436
2025-04-17,W03,17.0647,40.304,53106.65,160.95567
2025-04-17,W04,2.4494,10.150,14068.94,0.50026
2025-04-17,W05,5.7758,18.811,22729.74,0.91508
2025-04-17,W06,1.4535,5.949,8091.79,5.77601
2025-04-17,W07,23.4414,41.275,67388.07,45.66754
2025-04-17,W08,0.7320,3.120,4071.85,0.06057
2025-04-18,W01,16.6437,41.466,59416.92,57.35537
2025-04-18,W02,16.4500,44.964,56171.97,48.46215
2025-04-18,W03,17.3205,39.807,52567.47,182.49779
2025-04-18,W04,2.5737,10.810,14583.58,0.52954
2025-04-18,W05,6.1812,20.550,24435.06,0.88193
2025-04-18,W06,1.6536,6.844,9336.00,6.05580
2025-04-18,W07,23.7010,41.548,69650.68,41.38395
2025-04-18,W08,0.6643,2.822,3842.21,0.06172
2025-04-19,W01,16.3126,40.427,57556.77,59.72504
2025-04-19,W02,15.1644,42.302,52167.43,44.50525
2025-04-19,W03,16.9820,39.459,51468.07,172.00658
2025-04-19,W04,1.6965,7.143,9939.84,0.61572
2025-04-19,W05,4.3031,14.095,16863.92,0.94348
2025-04-19,W06,1.0349,4.211,5959.62,6.06298
2025-04-19,W07,23.0486,40.531,66900.21,40.18397
2025-04-19,W08,0.4650,1.984,2613.40,0.07224
2025-04-20,W01,15.8620,38.939,54812.67,59.23265
2025-04-20,W02,16.0393,43.307,54201.43,48.76147
2025-04-20,W03,16.5075,38.096,50546.10,173.60987
2025-04-20,W04,0.7620,3.124,4410.79,0.83745
2025-04-20,W05,2.3017,7.625,9293.67,1.60205
2025-04-20,W06,0.4831,1.984,2788.54,8.90745
2025-04-20,W07,20.5443,36.369,61457.90,38.68313
2025-04-20,W08,0.2074,0.886,1173.71,0.10061
2025-04-21,W01,16.1398,40.764,57554.23,59.91011
2025-04-21,W02,16.9406,46.301,57006.60,51.55628
2025-04-21,W03,17.5669,40.534,52957.87,177.11598
2025-04-21,W04,2.4296,10.142,13856.34,0.55838
2025-04-21,W05,6.3956,21.376,25626.44,0.91436
2025-04-21,W06,1.5571,6.474,8723.70,5.74412
2025-04-21,W07,20.9021,37.084,62142.66,40.26411
2025-04-21,W08,0.7414,3.171,4298.77,0.07306
2025-04-22,W01,16.7561,41.426,59969.87,57.20294
2025-04-22,W02,15.4615,42.830,51812.41,46.56657
2025-04-22,W03,16.1755,38.465,49339.28,151.66634
2025-04-22,W04,2.3002,9.600,13139.94,0.52555
2025-04-22,W05,6.2597,20.457,24263.91,0.85555
2025-04-22,W06,1.6112,6.713,9429.13,5.64951
2025-04-22,W07,21.7949,38.753,64001.85,37.72660
2025-04-22,W08,0.7359,3.133,4228.74,0.07822
2025-04-23,W01,16.4729,41.165,57980.55,64.78159
2025-04-23,W02,15.8842,42.890,54069.00,46.33003
2025-04-23,W03,17.1770,40.826,54419.77,168.63016
2025-04-23,W04,2.4772,10.288,14220.45,0.55754
2025-04-23,W05,6.0432,19.655,23434.29,0.80903
2025-04-23,W06,1.4536,6.001,8293.24,6.13606
2025-04-23,W07,22.7136,40.039,65816.44,40.66849
2025-04-23,W08,0.6848,2.889,3912.59,0.06791
2025-04-24,W01,17.3292,43.153,61862.11,61.81606
2025-04-24,W02,17.0367,45.815,57089.63,46.80763
2025-04-24,W03,17.5479,40.147,52304.95,169.43523
2025-04-24,W04,2.3402,9.748,13568.76,0.53706
2025-04-24,W05,6.4291,21.172,25565.33,0.94283
2025-04-24,W06,1.5886,6.636,9021.35,5.86814
2025-04-24,W07,21.6381,38.416,64404.16,37.09033
2025-04-24,W08,0.6804,2.898,3853.18,0.06414
2025-04-25,W01,17.1742,43.215,62108.16,53.96784
2025-04-25,W02,15.0556,42.078,51626.35,44.33231
2025-04-25,W03,16.6289,38.420,51213.53,160.21362
2025-04-25,W04,2.4225,10.239,13826.46,0.53542
2025-04-25,W05,6.0575,19.941,23917.00,0.82390
2025-04-25,W06,1.6229,6.741,9169.96,5.87855
2025-04-25,W07,22.8764,40.138,66277.53,42.40516
2025-04-25,W08,0.7169,3.036,4063.41,0.06977
2025-04-26,W01,17.6404,42.924,61250.28,63.61873
2025-04-26,W02,16.4754,44.075,55565.82,49.26635
2025-04-26,W03,16.2058,37.876,50035.39,146.38197
2025-04-26,W04,1.6442,6.859,9349.80,0.55909
2025-04-26,W05,4.2029,13.772,16688.52,0.93048
2025-04-26,W06,1.0340,4.238,5822.46,6.17447
2025-04-26,W07,20.6137,36.582,61454.70,38.56145
2025-04-26,W08,0.4717,1.993,2640.62,0.07865
2025-04-27,W01,16.1239,39.327,56997.53,63.60899
2025-04-27,W02,16.0157,43.828,54704.04,52.04737
2025-04-27,W03,16.2850,38.166,50398.98,164.71410
2025-04-27,W04,0.8127,3.391,4609.32,1.00555
2025-04-27,W05,2.3065,7.609,9091.32,1.71200
2025-04-27,W06,0.4875,2.017,2827.14,8.73198
2025-04-27,W07,22.0630,38.802,64258.33,42.06250
2025-04-27,W08,0.2036,0.852,1190.89,0.09536
2025-04-28,W01,17.5643,42.690,60641.42,66.19471
2025-04-28,W02,16.6198,44.953,56351.51,45.15208
2025-04-28,W03,17.3315,39.987,53061.25,173.21494
2025-04-28,W04,2.4670,10.300,14203.20,0.64022
2025-04-28,W05,6.0191,20.243,24013.53,0.83679
2025-04-28,W06,1.5821,6.535,9064.50,5.63554
2025-04-28,W07,20.9216,37.033,61668.48,39.57420
2025-04-28,W08,0.6999,2.991,3940.72,0.06507
2025-04-29,W01,17.5844,43.438,61588.61,64.97397
2025-04-29,W02,15.9220,43.477,53711.50,47.23400
2025-04-29,W03,17.4986,40.825,53090.40,184.27496
2025-04-29,W04,2.4681,10.353,14522.23,0.52927
2025-04-29,W05,6.1707,20.256,23922.62,0.86861
2025-04-29,W06,1.6404,6.747,9506.17,6.07127
2025-04-29,W07,22.5030,39.921,65935.55,41.85307
2025-04-29,W08,0.6698,2.857,3748.71,0.06403
2025-04-30,W01,16.4233,42.055,59774.92,57.85682
2025-04-30,W02,16.9064,46.243,57256.60,47.01809
2025-04-30,W03,17.0429,40.206,53107.06,153.44432
2025-04-30,W04,2.5054,10.534,14642.70,0.54127
2025-04-30,W05,6.1319,20.062,23707.86,0.80357
2025-04-30,W06,1.5683,6.552,8626.69,5.70855
2025-04-30,W07,22.8852,40.247,65656.09,44.38909
2025-04-30,W08,0.7467,3.183,4207.30,0.07157
2025-05-01,W01,15.1494,39.188,54777.30,58.83489
2025-05-01,W02,13.4942,37.758,46661.40,40.67199
2025-05-01,W03,14.3555,34.796,46076.61,162.26938
2025-05-01,W04,0.5687,2.379,3306.26,2.06923
2025-05-01,W05,1.5617,5.289,6327.14,3.76562
2025-05-01,W06,0.3155,1.299,1791.79,18.15365
2025-05-01,W07,20.1275,35.668,58136.80,37.52670
2025-05-01,W08,0.1202,0.509,683.12,0.18162
2025-05-02,W01,14.4680,37.224,53355.17,57.57599
2025-05-02,W02,13.3460,37.002,46342.29,38.41904
2025-05-02,W03,14.3512,35.117,45995.85,157.87359
2025-05-02,W04,0.5783,2.390,3322.35,2.30840
2025-05-02,W05,1.6617,5.662,6760.61,3.68185
2025-05-02,W06,0.3083,1.268,1743.55,19.10416
2025-05-02,W07,18.3841,32.818,53541.43,37.82367
2025-05-02,W08,0.1246,0.534,711.91,0.20024
2025-05-03,W01,14.4314,37.279,51921.05,56.46246
2025-05-03,W02,14.0473,38.883,48326.93,49.99120
2025-05-03,W03,14.2868,34.485,44543.37,162.79627
2025-05-03,W04,0.5164,2.149,2919.41,1.73375
2025-05-03,W05,1.5712,5.230,6303.58,3.51382
2025-05-03,W06,0.3448,1.442,1956.37,20.44509
2025-05-03,W07,16.7865,30.213,49277.81,32.84333
2025-05-03,W08,0.1231,0.525,710.52,0.18978
2025-05-04,W01,14.6861,37.282,53166.41,54.82313
2025-05-04,W02,13.8250,38.963,48424.59,45.97805
2025-05-04,W03,14.3188,35.269,45647.60,155.09622
2025-05-04,W04,0.5759,2.411,3296.63,1.98458
2025-05-04,W05,1.5509,5.279,6257.36,3.48173
2025-05-04,W06,0.3336,1.392,1918.48,19.11778
2025-05-04,W07,17.6012,31.430,51592.70,35.64625
2025-05-04,W08,0.1265,0.542,706.69,0.18510
2025-05-05,W01,14.3519,38.122,54542.75,56.02979
2025-05-05,W02,13.9712,39.447,48192.00,47.77306
2025-05-05,W03,14.5317,34.907,45104.43,160.85930
2025-05-05,W04,0.5758,2.427,3351.12,2.09313
2025-05-05,W05,1.6558,5.664,6768.27,4.28418
2025-05-05,W06,0.3344,1.381,1915.13,19.84613
2025-05-05,W07,19.6822,34.889,57968.94,42.26842
2025-05-05,W08,0.1190,0.505,670.52,0.18584
2025-05-06,W01,15.8162,40.741,57966.04,54.74822
2025-05-06,W02,15.0013,41.274,50721.94,42.25590
2025-05-06,W03,15.9130,38.022,48314.40,157.64761
2025-05-06,W04,2.5771,10.850,14566.21,0.56195
2025-05-06,W05,5.6433,18.684,22209.32,0.80106
2025-05-06,W06,1.5201,6.268,8410.00,5.22429
2025-05-06,W07,20.9237,36.956,60598.77,36.61923
2025-05-06,W08,0.7009,3.010,3992.21,0.06142
2025-05-07,W01,16.5224,43.346,59847.00,60.11422
2025-05-07,W02,14.7856,41.314,51409.17,41.56542
2025-05-07,W03,16.3070,39.324,50645.96,167.39735
2025-05-07,W04,2.4447,10.224,13763.12,0.52016
2025-05-07,W05,6.0144,20.217,24098.10,0.90620
2025-05-07,W06,1.6004,6.644,9033.48,6.34238
2025-05-07,W07,21.4860,38.135,62866.39,35.49925
2025-05-07,W08,0.7101,3.016,4077.54,0.06946
2025-05-08,W01,14.9499,37.774,53382.04,54.31694
2025-05-08,W02,15.0904,42.911,53145.66,46.93141
2025-05-08,W03,15.1075,36.940,48887.78,147.93395
2025-05-08,W04,2.5231,10.543,14475.68,0.62017
2025-05-08,W05,6.0598,20.283,23909.66,0.74796
2025-05-08,W06,1.6759,6.978,9284.28,6.13710
2025-05-08,W07,19.5582,34.911,57404.95,31.95500
2025-05-08,W08,0.6487,2.750,3640.08,0.06108
2025-05-09,W01,15.8914,42.237,59572.61,58.47503
2025-05-09,W02,15.2123,43.232,53482.25,45.92301
2025-05-09,W03,15.3476,36.120,46532.96,152.09451
2025-05-09,W04,2.6241,11.084,14966.77,0.57754
2025-05-09,W05,5.8881,19.542,23665.80,0.80290
2025-05-09,W06,1.5156,6.295,8617.37,5.66828
2025-05-09,W07,20.0564,35.812,58641.89,37.01145
2025-05-09,W08,0.6487,2.738,3699.80,0.06501
2025-05-10,W01,15.7526,40.133,56546.68,55.93975
2025-05-10,W02,14.9999,41.829,51300.51,45.31228
2025-05-10,W03,15.6918,37.403,48091.53,176.63820
2025-05-10,W04,1.6871,7.050,9592.13,0.58420
2025-05-10,W05,4.2489,14.312,17648.75,0.93837
2025-05-10,W06,1.0653,4.403,5983.85,6.12950
2025-05-10,W07,19.8344,35.665,59140.16,37.30866
2025-05-10,W08,0.4790,2.044,2674.02,0.07334
2025-05-11,W01,14.8527,38.093,54023.02,55.90232
2025-05-11,W02,14.9214,41.466,50099.01,46.88072
2025-05-11,W03,15.4119,37.293,49254.56,172.02872
2025-05-11,W04,0.8758,3.640,4969.67,1.01406
2025-05-11,W05,2.1917,7.422,8956.97,1.48784
2025-05-11,W06,0.5072,2.114,2866.81,9.08279
2025-05-11,W07,21.0252,37.192,61147.03,36.98281
2025-05-11,W08,0.2158,0.924,1208.74,0.10106
2025-05-12,W01,15.2031,38.626,55088.49,58.57724
2025-05-12,W02,15.4338,42.213,52745.49,46.01303
2025-05-12,W03,15.8857,37.190,48581.01,159.99104
2025-05-12,W04,2.4541,10.270,14080.45,0.58219
2025-05-12,W05,6.1789,20.611,24783.96,0.82952
2025-05-12,W06,1.6087,6.678,9110.23,6.07671
2025-05-12,W07,20.0128,35.578,58414.82,36.19990
2025-05-12,W08,0.6869,2.921,3888.52,0.07043
2025-05-13,W01,16.4106,44.196,61116.27,58.28139
2025-05-13,W02,16.4661,46.509,56838.28,52.32819
2025-05-13,W03,15.6134,38.125,49856.17,155.91554
2025-05-13,W04,2.5808,10.892,14879.94,0.61384
2025-05-13,W05,5.8724,19.816,24083.77,0.80998
2025-05-13,W06,1.5171,6.268,8461.98,5.26254
2025-05-13,W07,18.8504,34.042,55641.31,31.12151
2025-05-13,W08,0.7124,3.040,3977.72,0.07308
2025-05-14,W01,16.2730,41.929,59488.14,58.95062
2025-05-14,W02,15.0150,42.342,52535.63,44.15661
2025-05-14,W03,14.9122,35.880,47214.39,130.74925
2025-05-14,W04,2.4455,10.194,14249.70,0.51239
2025-05-14,W05,6.0345,20.396,24669.99,0.74983
2025-05-14,W06,1.6092,6.633,9093.73,5.88630
2025-05-14,W07,16.9447,30.898,50943.36,29.10857
2025-05-14,W08,0.7786,3.348,4523.02,0.07137
2025-05-15,W01,15.2515,39.062,54862.28,52.92073
2025-05-15,W02,16.1366,45.198,56572.02,44.61621
2025-05-15,W03,15.0859,36.323,46675.43,143.84966
2025-05-15,W04,2.5636,10.795,14527.07,0.57367
2025-05-15,W05,6.2694,21.149,25343.21,0.85455
2025-05-15,W06,1.7202,7.136,9728.41,6.79328
2025-05-15,W07,19.7466,35.103,58977.66,33.58277
2025-05-15,W08,0.7004,2.973,3938.66,0.06120
2025-05-16,W01,15.2806,39.264,54953.30,53.25975
2025-05-16,W02,15.6596,43.813,54324.65,49.69191
2025-05-16,W03,15.5761,36.940,49079.61,152.99956
2025-05-16,W04,2.4588,10.287,14040.28,0.50533
2025-05-16,W05,6.0919,20.385,24732.06,0.85109
2025-05-16,W06,1.4881,6.040,8349.34,5.55374
2025-05-16,W07,20.4066,36.615,59669.66,35.58840
2025-05-16,W08,0.7349,3.137,4092.25,0.07155
2025-05-17,W01,16.2421,41.175,58272.32,60.58396
2025-05-17,W02,14.1393,39.023,48113.20,42.74558
2025-05-17,W03,14.6462,36.118,47241.46,158.46196
2025-05-17,W04,1.6956,7.054,9838.73,0.66856
2025-05-17,W05,3.8419,12.800,15796.59,0.91941
2025-05-17,W06,1.0968,4.590,6148.66,6.16589
2025-05-17,W07,18.4891,33.118,55485.69,33.84228
2025-05-17,W08,0.5224,2.248,2914.40,0.07661
2025-05-18,W01,15.4301,39.599,55456.21,58.27351
2025-05-18,W02,15.1190,41.380,51181.45,45.71016
2025-05-18,W03,14.8430,35.919,46313.74,146.38527
2025-05-18,W04,0.8000,3.339,4611.92,0.87770
2025-05-18,W05,2.1827,7.258,8749.02,1.58498
2025-05-18,W06,0.5227,2.169,3000.88,9.03779
2025-05-18,W07,17.7557,32.051,52746.92,34.54366
2025-05-18,W08,0.2122,0.897,1221.50,0.10081
2025-05-19,W01,15.2038,40.467,56415.89,56.02826
2025-05-19,W02,15.8459,45.117,55063.48,46.53988
2025-05-19,W03,14.8738,36.435,47073.78,146.47028
2025-05-19,W04,2.5707,10.750,15062.56,0.53631
2025-05-19,W05,6.2675,20.923,24935.98,0.90266
2025-05-19,W06,1.7145,7.178,9874.52,6.07336
2025-05-19,W07,19.7240,35.021,58346.23,35.72575
2025-05-19,W08,0.6687,2.815,3884.25,0.05769
2025-05-20,W01,15.9657,40.950,57582.88,57.49811
2025-05-20,W02,15.2336,42.572,52598.69,44.05644
2025-05-20,W03,15.2806,36.874,47774.62,158.78134
2025-05-20,W04,2.5500,10.661,14734.34,0.55403
2025-05-20,W05,6.2978,21.417,25292.44,0.88922
2025-05-20,W06,1.6637,6.872,9471.46,5.99002
2025-05-20,W07,19.8987,35.599,59573.06,36.82597
2025-05-20,W08,0.7261,3.104,4113.06,0.07697
2025-05-21,W01,15.4830,40.640,56386.97,57.23470
2025-05-21,W02,16.2411,45.453,55340.40,48.34283
2025-05-21,W03,15.1286,36.528,47741.53,159.16116
2025-05-21,W04,2.3348,9.707,13410.58,0.50075
2025-05-21,W05,6.1693,20.959,25281.87,0.89599
2025-05-21,W06,1.6587,6.904,9541.11,6.07153
2025-05-21,W07,18.5933,33.285,55135.10,34.61774
2025-05-21,W08,0.7211,3.058,4025.76,0.06687
2025-05-22,W01,15.8704,40.055,57533.42,57.25403
2025-05-22,W02,15.4851,42.684,52763.95,43.44807
2025-05-22,W03,15.3320,37.232,48747.66,153.44251
2025-05-22,W04,2.3556,9.835,13741.03,0.51374
2025-05-22,W05,6.0442,20.182,24223.03,0.97370
2025-05-22,W06,1.4947,6.095,8353.82,5.41319
2025-05-22,W07,20.0888,35.412,59188.34,34.68582
2025-05-22,W08,0.6626,2.802,3751.68,0.06212
2025-05-23,W01,15.7054,41.089,57453.84,57.35431
2025-05-23,W02,14.5711,40.453,49956.13,43.24277
2025-05-23,W03,15.3745,37.377,48714.28,153.71605
2025-05-23,W04,2.6872,11.446,15194.69,0.58926
2025-05-23,W05,6.1354,20.809,25089.49,0.75964
2025-05-23,W06,1.5234,6.268,8855.28,5.43369
2025-05-23,W07,19.9442,35.639,59060.80,34.23346
2025-05-23,W08,0.7403,3.164,4249.36,0.07512
2025-05-24,W01,15.6891,39.975,56262.28,61.45520
2025-05-24,W02,14.9900,41.710,51924.97,43.72238
2025-05-24,W03,14.9663,36.264,47791.06,156.90460
2025-05-24,W04,1.7481,7.350,9809.89,0.63458
2025-05-24,W05,3.9704,13.225,15875.28,0.91839
2025-05-24,W06,1.1067,4.602,6389.35,6.66296
2025-05-24,W07,19.9801,35.592,57789.60,36.92667
2025-05-24,W08,0.4915,2.106,2737.77,0.07211
2025-05-25,W01,15.2242,37.882,55073.63,54.78435
2025-05-25,W02,14.5238,40.702,49724.81,46.77646
2025-05-25,W03,14.8288,35.908,47550.23,162.05936
2025-05-25,W04,0.8109,3.380,4697.75,0.96230
2025-05-25,W05,2.2621,7.669,9374.04,1.65990
2025-05-25,W06,0.4586,1.881,2587.80,8.36263
2025-05-25,W07,19.5320,34.803,56781.11,40.75492
2025-05-25,W08,0.2154,0.923,1246.17,0.10955
2025-05-26,W01,15.5211,38.491,54806.28,59.92237
2025-05-26,W02,15.3934,42.724,52662.26,47.07018
2025-05-26,W03,16.2257,39.100,50515.80,155.12724
2025-05-26,W04,2.5525,10.749,14394.02,0.57479
2025-05-26,W05,5.7206,19.192,23460.80,0.80394
2025-05-26,W06,1.5139,6.291,8654.42,4.98456
2025-05-26,W07,19.9747,35.508,58608.43,34.55465
2025-05-26,W08,0.6527,2.769,3896.90,0.06593
2025-05-27,W01,16.0889,40.751,58094.48,59.00841
2025-05-27,W02,15.2198,42.333,52526.28,46.64386
2025-05-27,W03,15.3279,37.414,48922.80,160.24334
2025-05-27,W04,2.5402,10.642,14632.96,0.56500
2025-05-27,W05,5.9600,20.119,24078.65,0.80161
2025-05-27,W06,1.5452,6.421,8762.89,5.42428
2025-05-27,W07,19.3697,34.822,57049.14,32.35052
2025-05-27,W08,0.6980,2.980,3900.79,0.06353
2025-05-28,W01,15.7478,39.826,56721.03,57.61743
2025-05-28,W02,15.4446,43.621,53323.68,43.38604
2025-05-28,W03,15.1201,37.139,48395.34,157.28358
2025-05-28,W04,2.5171,10.485,14588.29,0.64651
2025-05-28,W05,5.7710,19.366,23787.19,0.88417
2025-05-28,W06,1.6265,6.802,9171.47,5.49107
2025-05-28,W07,20.6393,36.612,60899.89,39.19652
2025-05-28,W08,0.6527,2.786,3581.93,0.06212
2025-05-29,W01,16.2412,41.266,57437.26,66.14308
2025-05-29,W02,14.5735,40.667,50435.86,43.79459
2025-05-29,W03,14.9750,36.467,47214.03,147.99311
2025-05-29,W04,2.4362,10.187,13801.16,0.53828
2025-05-29,W05,6.0319,20.676,24589.62,0.78155
2025-05-29,W06,1.6626,6.902,9414.90,5.53684
2025-05-29,W07,21.8081,38.405,62729.15,45.68708
2025-05-29,W08,0.7343,3.130,4115.50,0.07267
2025-05-30,W01,16.1416,42.374,59429.98,50.58241
2025-05-30,W02,15.4508,44.478,54713.27,47.12519
2025-05-30,W03,15.9786,38.365,49172.33,174.00565
2025-05-30,W04,2.4516,10.297,14169.27,0.55192
2025-05-30,W05,6.0080,20.178,24272.99,0.88710
2025-05-30,W06,1.6700,6.987,9693.36,6.13368
2025-05-30,W07,19.6475,35.195,58645.30,37.09309
2025-05-30,W08,0.6811,2.884,3844.44,0.07268
2025-05-31,W01,14.3571,36.498,51062.47,53.98762
2025-05-31,W02,14.2985,39.607,49995.00,46.19547
2025-05-31,W03,14.0455,33.865,43453.68,146.04830
2025-05-31,W04,0.5763,2.424,3300.56,1.96423
2025-05-31,W05,1.6169,5.458,6612.31,3.63366
2025-05-31,W06,0.3079,1.260,1757.35,17.86435
2025-05-31,W07,17.3775,31.325,51222.30,36.15545
2025-05-31,W08,0.1218,0.520,690.74,0.19369
2025-06-01,W01,14.9791,40.345,56622.07,56.76401
2025-06-01,W02,14.1084,41.433,49083.96,55.79496
2025-06-01,W03,14.0954,34.729,44960.43,154.35972
2025-06-01,W04,0.6317,2.676,3661.22,2.45499
2025-06-01,W05,1.6301,5.670,6838.83,4.16672
2025-06-01,W06,0.3784,1.601,2166.90,22.79860
2025-06-01,W07,17.6124,32.086,52545.59,36.01302
2025-06-01,W08,0.1363,0.589,774.56,0.21105
2025-06-02,W01,14.5160,40.769,56393.27,54.78636
2025-06-02,W02,14.7936,43.267,53091.62,52.13758
2025-06-02,W03,13.0885,33.476,43522.65,140.48863
2025-06-02,W04,0.5896,2.499,3422.67,2.33970
2025-06-02,W05,1.6473,5.797,7009.54,3.33481
2025-06-02,W06,0.5060,1.552,3013.45,34.22563
2025-06-02,W07,18.4363,33.608,54899.01,35.48165
2025-06-02,W08,0.1385,0.595,793.08,0.23220
2025-06-03,W01,15.4566,43.327,60142.83,52.51951
2025-06-03,W02,15.6630,45.182,56411.99,45.39571
2025-06-03,W03,14.9301,37.393,48227.92,147.88724
2025-06-03,W04,2.8354,12.012,16126.59,0.57196
2025-06-03,W05,6.2620,21.994,26423.30,0.85652
2025-06-03,W06,1.8021,7.567,10326.35,6.36353
2025-06-03,W07,20.0657,36.187,58946.26,36.26202
2025-06-03,W08,0.7464,3.204,4248.91,0.07176
2025-06-04,W01,16.5234,45.000,61721.85,60.66812
2025-06-04,W02,15.2689,44.079,54370.38,47.50463
2025-06-04,W03,15.0883,37.449,47980.91,149.56824
2025-06-04,W04,2.7964,11.835,15973.03,0.61331
2025-06-04,W05,6.0185,21.025,25766.53,0.75887
2025-06-04,W06,1.6400,6.814,9291.63,6.03763
2025-06-04,W07,18.0752,32.948,54604.96,31.13293
2025-06-04,W08,0.7998,3.434,4571.90,0.08081
2025-06-05,W01,15.5757,41.961,58693.20,59.37762
2025-06-05,W02,15.6975,45.366,55141.17,44.59876
2025-06-05,W03,14.7993,36.932,47367.81,145.63133
2025-06-05,W04,2.8141,11.992,15804.85,0.62825
2025-06-05,W05,6.5393,22.903,27812.29,0.82324
2025-06-05,W06,1.9197,8.101,11022.11,6.78385
2025-06-05,W07,18.3305,33.279,54858.27,32.55319
2025-06-05,W08,0.7692,3.298,4246.38,0.07105
2025-06-06,W01,15.4766,42.626,58368.05,56.20425
2025-06-06,W02,15.8636,44.940,56291.01,43.72292
2025-06-06,W03,15.5716,39.564,50642.70,153.19560
2025-06-06,W04,2.7530,11.701,15634.12,0.60906
2025-06-06,W05,6.1511,21.395,26049.39,0.84493
2025-06-06,W06,1.8566,7.805,10637.47,6.83750
2025-06-06,W07,16.9568,31.262,52096.99,28.69932
2025-06-06,W08,0.7983,3.452,4599.99,0.07418
2025-06-07,W01,15.0555,39.819,56351.42,53.52765
2025-06-07,W02,14.8930,43.839,54177.81,43.62358
2025-06-07,W03,15.6836,38.562,50154.22,147.20444
2025-06-07,W04,2.0050,8.565,11412.27,0.75024
2025-06-07,W05,4.1649,14.762,17975.16,1.00688
2025-06-07,W06,1.2312,5.170,7024.26,6.64533
2025-06-07,W07,19.6131,35.392,58247.63,36.50875
2025-06-07,W08,0.5362,2.322,2992.46,0.08966
2025-06-08,W01,14.4738,39.399,54372.40,52.34059
2025-06-08,W02,14.4846,41.176,51962.19,40.96617
2025-06-08,W03,14.2588,35.862,45023.15,140.08845
2025-06-08,W04,0.9104,3.866,5247.40,1.07706
2025-06-08,W05,2.4066,8.477,10189.96,1.64522
2025-06-08,W06,0.6063,2.550,3520.27,11.01473
2025-06-08,W07,18.8390,34.180,55184.07,33.55719
2025-06-08,W08,0.2457,1.056,1378.36,0.12089
2025-06-09,W01,15.1829,41.140,57553.36,52.32194
2025-06-09,W02,14.9453,43.382,53276.78,43.52026
2025-06-09,W03,14.8340,37.881,47958.97,132.69208
2025-06-09,W04,2.6671,11.342,15068.47,0.63964
2025-06-09,W05,5.9743,20.916,25508.99,0.76217
2025-06-09,W06,1.9215,8.081,11062.94,6.62607
2025-06-09,W07,18.5144,34.104,55785.34,27.95711
2025-06-09,W08,0.7693,3.294,4229.90,0.08097
2025-06-10,W01,15.6082,42.606,58701.48,55.17807
2025-06-10,W02,15.4267,44.703,54811.35,43.62856
2025-06-10,W03,15.6946,38.950,50137.27,152.28024
2025-06-10,W04,2.7214,11.558,15539.70,0.61979
2025-06-10,W05,5.9823,20.819,24568.71,0.80268
2025-06-10,W06,1.8618,7.760,10574.19,6.68852
2025-06-10,W07,18.1943,32.996,54431.79,32.63090
2025-06-10,W08,0.8916,3.895,4984.43,0.07904
2025-06-11,W01,15.8722,41.807,57533.55,59.59048
2025-06-11,W02,15.4097,44.990,54866.54,47.89874
2025-06-11,W03,14.8955,37.359,47117.70,140.48617
2025-06-11,W04,2.8779,12.243,16290.09,0.66485
2025-06-11,W05,6.2156,21.608,25488.84,0.86388
2025-06-11,W06,1.7696,7.372,10025.03,7.23172
2025-06-11,W07,18.9448,34.418,56295.80,35.64679
2025-06-11,W08,0.8433,3.651,4712.61,0.08109
2025-06-12,W01,16.2332,44.906,61539.55,52.56537
2025-06-12,W02,16.1124,48.010,58014.29,47.11645
2025-06-12,W03,15.6817,39.379,50578.26,162.97400
2025-06-12,W04,2.6317,11.107,15085.51,0.60870
2025-06-12,W05,6.1656,21.379,26183.55,0.82031
2025-06-12,W06,1.8476,7.749,10411.25,6.56146
2025-06-12,W07,17.5510,32.133,52415.11,29.59628
2025-06-12,W08,0.7656,3.244,4381.50,0.07314
2025-06-13,W01,15.3751,41.716,58579.69,50.73798
2025-06-13,W02,15.4390,44.762,54156.60,49.85065
2025-06-13,W03,14.9815,37.885,47927.35,147.69291
2025-06-13,W04,2.6949,11.430,15427.76,0.61884
2025-06-13,W05,6.1266,21.030,25294.25,0.81710
2025-06-13,W06,1.8512,7.769,10371.22,6.35246
2025-06-13,W07,18.7375,34.240,55408.55,36.38463
2025-06-13,W08,0.8069,3.496,4562.74,0.08109
2025-06-14,W01,15.3386,39.957,56038.48,53.90816
2025-06-14,W02,14.4511,41.853,51493.68,44.25126
2025-06-14,W03,14.3519,35.513,46395.52,163.47454
2025-06-14,W04,1.9091,8.089,10587.91,0.65374
2025-06-14,W05,4.3444,14.562,17936.60,1.01773
2025-06-14,W06,1.2527,5.275,7074.92,7.08158
2025-06-14,W07,17.9513,33.040,53511.19,32.04710
2025-06-14,W08,0.5478,2.367,3144.85,0.07964
2025-06-15,W01,15.2659,41.279,57974.41,60.27129
2025-06-15,W02,15.3603,44.773,55052.93,50.87393
2025-06-15,W03,15.3186,37.910,48949.96,150.01617
2025-06-15,W04,0.9248,3.893,5347.91,1.03401
2025-06-15,W05,2.3580,8.296,9903.06,1.59172
2025-06-15,W06,0.5564,2.314,3162.99,9.93584
2025-06-15,W07,17.8937,33.048,55163.02,34.93056
2025-06-15,W08,0.2388,1.033,1336.64,0.10581
2025-06-16,W01,16.2337,43.821,60921.66,60.00178
2025-06-16,W02,15.4637,44.327,54367.92,46.95515
2025-06-16,W03,16.0234,39.964,52925.83,157.10446
2025-06-16,W04,2.9269,12.528,16838.49,0.59501
2025-06-16,W05,6.3976,22.539,27121.85,0.94056
2025-06-16,W06,2.0344,8.636,11600.46,7.33929
2025-06-16,W07,18.9635,34.451,56707.97,32.05097
2025-06-16,W08,0.8227,3.558,4612.48,0.07167
2025-06-17,W01,15.8427,42.997,59327.12,63.54302
2025-06-17,W02,15.2992,44.872,55506.33,41.56768
2025-06-17,W03,15.6216,39.389,49930.03,160.16228
2025-06-17,W04,2.6874,11.355,15405.82,0.56080
2025-06-17,W05,6.3655,22.280,26680.35,0.83654
2025-06-17,W06,1.8245,7.657,10345.56,6.43659
2025-06-17,W07,19.3383,35.288,58057.78,36.22444
2025-06-17,W08,0.8297,3.580,4789.00,0.07819
2025-06-18,W01,17.2469,46.399,64476.57,67.65279
2025-06-18,W02,16.2081,47.531,58208.39,50.56820
2025-06-18,W03,14.7371,36.852,46991.86,137.59995
2025-06-18,W04,2.8674,12.229,16295.34,0.62406
2025-06-18,W05,6.1981,21.204,25301.04,0.87459
2025-06-18,W06,1.7357,7.308,9754.30,6.11663
2025-06-18,W07,17.5205,32.354,52254.31,30.11823
2025-06-18,W08,0.8256,3.559,4579.68,0.07956
2025-06-19,W01,16.1120,44.105,62728.67,61.43860
2025-06-19,W02,15.5164,45.402,56366.64,41.57986
2025-06-19,W03,14.3056,37.166,46979.93,146.54236
2025-06-19,W04,3.0302,12.867,17377.97,0.72210
2025-06-19,W05,6.5354,23.061,27588.49,0.94400
2025-06-19,W06,1.7251,7.244,9923.71,6.18813
2025-06-19,W07,19.0515,34.666,55455.57,36.59129
2025-06-19,W08,0.8000,3.440,4471.61,0.07580
2025-06-20,W01,16.5781,44.677,61443.88,63.96109
2025-06-20,W02,15.1295,44.060,54315.06,44.65535
2025-06-20,W03,14.8370,37.753,47657.44,130.04312
2025-06-20,W04,2.7249,11.587,15481.85,0.66842
2025-06-20,W05,6.2752,21.911,26123.50,0.90086
2025-06-20,W06,1.8612,7.845,10624.94,6.99958
2025-06-20,W07,17.9268,32.869,54077.66,32.67377
2025-06-20,W08,0.8217,3.564,4631.54,0.07802
2025-06-21,W01,15.9834,44.256,61551.79,57.88942
2025-06-21,W02,14.7572,43.271,52284.35,43.86622
2025-06-21,W03,14.6111,36.176,46799.73,150.27028
2025-06-21,W04,1.9170,8.132,11156.34,0.72060
2025-06-21,W05,4.4345,15.587,18734.47,1.00680
2025-06-21,W06,1.2890,5.185,7251.60,7.10425
2025-06-21,W07,19.0341,34.763,57395.44,34.79597
2025-06-21,W08,0.5482,2.357,3049.18,0.08658
2025-06-22,W01,15.8017,41.679,58383.72,62.21784
2025-06-22,W02,14.6689,42.163,51950.62,46.43453
2025-06-22,W03,13.6058,34.772,44121.32,149.97089
2025-06-22,W04,0.8502,3.557,4937.45,0.92275
2025-06-22,W05,2.4578,8.373,10861.06,1.63732
2025-06-22,W06,0.5297,2.223,2989.83,9.96554
2025-06-22,W07,18.4070,33.331,55242.43,37.78703
2025-06-22,W08,0.2566,1.108,1404.65,0.12986
2025-06-23,W01,15.5998,43.662,60286.82,54.99137
2025-06-23,W02,15.9293,46.051,56829.93,50.38037
2025-06-23,W03,15.2177,38.447,50604.43,138.00036
2025-06-23,W04,2.7456,11.562,15964.57,0.55901
2025-06-23,W05,6.0696,21.078,25672.99,0.77787
2025-06-23,W06,1.7859,7.476,10354.70,6.67746
2025-06-23,W07,18.6532,33.919,55143.38,31.34767
2025-06-23,W08,0.8454,3.650,4687.39,0.08594
2025-06-24,W01,15.3302,42.317,58842.96,52.91722
2025-06-24,W02,15.8515,45.883,56253.79,47.97945
2025-06-24,W03,15.4480,38.750,49610.88,149.80005
2025-06-24,W04,2.8224,12.008,16233.97,0.61974
2025-06-24,W05,5.9628,20.943,25508.00,0.83340
2025-06-24,W06,1.8755,7.899,10648.75,7.29349
2025-06-24,W07,18.7424,34.084,55539.74,30.82796
2025-06-24,W08,0.8067,3.475,4464.29,0.07866
2025-06-25,W01,16.1318,42.721,60541.47,63.53273
2025-06-25,W02,15.5437,44.825,55656.76,44.05572
2025-06-25,W03,14.9633,37.610,48604.10,141.93554
2025-06-25,W04,2.7584,11.609,15778.68,0.66051
2025-06-25,W05,6.0571,21.445,26639.89,0.78409
2025-06-25,W06,1.7678,7.416,9999.79,5.85839
2025-06-25,W07,18.1447,33.208,54405.58,30.85621
2025-06-25,W08,0.8173,3.555,4533.75,0.07988
2025-06-26,W01,15.7354,44.081,60737.09,61.98735
2025-06-26,W02,14.9052,42.867,53192.66,43.81998
2025-06-26,W03,14.4680,36.617,46711.52,142.32978
2025-06-26,W04,2.8732,12.269,16125.43,0.60410
2025-06-26,W05,6.7115,23.624,28355.19,0.93455
2025-06-26,W06,1.8307,7.669,10526.00,6.84699
2025-06-26,W07,17.9443,32.857,52694.10,37.24260
2025-06-26,W08,0.7920,3.416,4447.21,0.08217
2025-06-27,W01,14.6551,41.241,57445.79,48.77111
2025-06-27,W02,15.1579,43.346,53785.21,46.83525
2025-06-27,W03,15.4564,39.142,50016.30,158.10095
2025-06-27,W04,2.7631,11.727,15648.53,0.60224
2025-06-27,W05,5.7106,19.730,23644.06,0.78686
2025-06-27,W06,1.8545,7.731,10485.16,6.08453
2025-06-27,W07,19.7812,35.622,58070.10,34.91033
2025-06-27,W08,0.7964,3.434,4574.23,0.06806
2025-06-28,W01,15.6602,42.483,59311.88,57.58369
2025-06-28,W02,15.1686,43.775,54322.96,49.63757
2025-06-28,W03,15.1276,37.763,49186.36,142.97934
2025-06-28,W04,1.9144,8.065,10908.05,0.69608
2025-06-28,W05,4.2692,15.042,18412.93,0.97154
2025-06-28,W06,1.2745,5.340,7205.31,7.51276
2025-06-28,W07,18.9331,34.374,56127.91,32.77455
2025-06-28,W08,0.5362,2.324,2994.54,0.08645
2025-06-29,W01,15.6923,43.271,60839.49,57.34765
2025-06-29,W02,15.2915,44.659,54851.64,45.85417
2025-06-29,W03,14.5094,36.220,46559.67,158.14617
2025-06-29,W04,0.9035,3.825,5147.90,1.04062
2025-06-29,W05,2.1390,7.392,8912.03,1.44894
2025-06-29,W06,0.6391,2.695,3638.70,12.69524
2025-06-29,W07,17.5552,31.969,52239.94,31.83927
2025-06-29,W08,0.2288,0.984,1287.18,0.10972
2025-06-30,W01,15.8469,43.495,59786.06,53.67949
2025-06-30,W02,14.8197,43.633,53721.69,40.01131
2025-06-30,W03,14.6836,38.260,49786.58,140.32077
2025-06-30,W04,2.8695,12.269,16160.44,0.68731
2025-06-30,W05,6.0131,20.744,24530.04,0.83494
2025-06-30,W06,1.8462,7.775,10275.74,7.01168
2025-06-30,W07,19.4397,35.473,58219.34,34.54152
2025-06-30,W08,0.7867,3.406,4434.02,0.07363
2025-07-01,W01,16.0262,44.279,60062.41,59.73405
2025-07-01,W02,15.6663,45.978,56068.00,46.72768
2025-07-01,W03,15.7783,39.393,51354.54,145.61262
2025-07-01,W04,3.3203,14.317,18493.55,0.72238
2025-07-01,W05,6.3926,22.790,27757.88,0.82318
2025-07-01,W06,1.9131,8.104,10666.25,6.47126
2025-07-01,W07,18.5723,34.048,56096.57,32.29781
2025-07-01,W08,0.8388,3.632,4636.19,0.07753
2025-07-02,W01,16.2182,45.892,62574.27,61.26841
2025-07-02,W02,15.4605,45.719,55183.92,44.77950
2025-07-02,W03,16.1654,40.264,51907.23,158.10562
2025-07-02,W04,2.9813,12.801,16986.17,0.63963
2025-07-02,W05,6.4509,23.276,27850.08,0.88967
2025-07-02,W06,1.8708,7.910,10530.02,6.71218
2025-07-02,W07,18.4614,33.942,55255.26,35.68928
2025-07-02,W08,0.8987,3.917,5049.18,0.08150
2025-07-03,W01,15.0808,41.498,58183.06,53.91726
2025-07-03,W02,15.6941,46.302,56582.91,47.29075
2025-07-03,W03,14.9861,38.314,48992.98,142.53833
2025-07-03,W04,2.9119,12.467,16613.54,0.66817
2025-07-03,W05,6.4758,23.064,27936.07,0.87602
2025-07-03,W06,1.9681,8.295,11297.09,7.27818
2025-07-03,W07,18.5557,34.339,56478.40,32.35877
2025-07-03,W08,0.8486,3.653,4818.68,0.08873
2025-07-04,W01,16.2929,45.277,62605.18,59.15607
2025-07-04,W02,15.8612,46.292,56581.31,45.97557
2025-07-04,W03,15.4996,39.571,51418.69,149.08758
2025-07-04,W04,3.1283,13.407,17932.22,0.69536
2025-07-04,W05,6.2073,22.028,26751.49,0.82769
2025-07-04,W06,2.0389,8.740,11365.07,7.85127
2025-07-04,W07,19.3797,35.555,58666.87,33.79820
2025-07-04,W08,0.9233,4.016,5280.61,0.08908
2025-07-05,W01,15.6578,44.212,59579.62,60.86397
2025-07-05,W02,14.4813,44.093,53679.96,40.94362
2025-07-05,W03,15.8779,40.745,52162.88,169.58893
2025-07-05,W04,2.0522,8.818,11672.10,0.68961
2025-07-05,W05,4.7315,16.803,20712.23,1.05539
2025-07-05,W06,1.3391,5.712,7622.78,7.95055
2025-07-05,W07,18.6238,33.967,56323.65,35.87461
2025-07-05,W08,0.5434,2.350,3053.96,0.08586
2025-07-06,W01,15.3669,42.465,58906.70,64.81625
2025-07-06,W02,15.3276,45.898,55740.80,48.47340
2025-07-06,W03,14.8815,37.618,48920.68,153.86176
2025-07-06,W04,1.0355,4.436,5908.97,1.11547
2025-07-06,W05,2.3164,8.046,9695.11,1.72225
2025-07-06,W06,0.6224,2.655,3572.49,10.82657
2025-07-06,W07,17.9926,32.963,54492.31,34.47116
2025-07-06,W08,0.2548,1.092,1448.79,0.12454
2025-07-07,W01,16.2119,45.947,62716.66,60.74790
2025-07-07,W02,15.5869,46.679,57498.23,41.85962
2025-07-07,W03,15.5396,38.916,50844.24,156.37832
2025-07-07,W04,3.0903,13.199,17859.52,0.64937
2025-07-07,W05,6.2565,22.266,27361.46,0.89270
2025-07-07,W06,1.8988,8.054,10831.80,6.53740
2025-07-07,W07,19.0403,34.751,56171.09,33.59158
2025-07-07,W08,0.9127,3.976,5117.54,0.08182
2025-07-08,W01,15.4093,44.879,60752.44,54.91356
2025-07-08,W02,15.6075,46.922,56978.48,47.53029
2025-07-08,W03,15.0206,40.422,51242.18,147.33029
2025-07-08,W04,2.9557,12.647,17328.94,0.61065
2025-07-08,W05,6.1887,21.968,26585.30,0.87077
2025-07-08,W06,2.0064,8.545,11247.57,8.12678
2025-07-08,W07,18.0134,33.542,55106.60,32.87684
2025-07-08,W08,0.8772,3.814,4871.62,0.08292
2025-07-09,W01,16.2636,46.820,62496.77,53.33658
2025-07-09,W02,15.0223,44.162,53937.98,47.71297
2025-07-09,W03,14.8114,38.028,49044.26,133.54777
2025-07-09,W04,3.0330,12.909,16991.37,0.66187
2025-07-09,W05,6.4694,22.962,27542.51,0.98043
2025-07-09,W06,1.9261,8.103,10887.55,7.49942
2025-07-09,W07,19.6963,35.731,58651.31,42.98980
2025-07-09,W08,0.9036,3.944,4953.31,0.07834
2025-07-10,W01,16.6250,46.604,63252.23,59.14831
2025-07-10,W02,15.2430,45.295,55450.68,42.41656
2025-07-10,W03,14.5698,37.339,47840.85,141.83040
2025-07-10,W04,3.2694,14.094,18704.77,0.65665
2025-07-10,W05,6.4919,23.233,27972.36,0.85419
2025-07-10,W06,1.9828,8.440,11402.63,7.13872
2025-07-10,W07,17.4958,32.581,54206.13,30.41552
2025-07-10,W08,0.8496,3.673,4717.79,0.08428
2025-07-11,W01,16.0114,43.012,60287.46,54.12956
2025-07-11,W02,15.5923,47.646,58194.28,43.99491
2025-07-11,W03,14.3206,37.335,48145.74,142.16856
2025-07-11,W04,2.9780,12.650,16965.60,0.61242
2025-07-11,W05,6.4164,22.555,27641.26,0.84266
2025-07-11,W06,1.9156,8.099,10861.56,7.64333
2025-07-11,W07,17.4106,31.888,52703.70,32.07134
2025-07-11,W08,0.8674,3.767,4920.20,0.08779
2025-07-12,W01,16.5824,45.442,62944.42,58.87975
2025-07-12,W02,15.5032,46.370,56162.06,45.48989
2025-07-12,W03,14.8902,37.774,48608.02,137.88074
2025-07-12,W04,2.0251,8.582,11571.21,0.66312
2025-07-12,W05,4.5361,15.986,18916.52,0.99550
2025-07-12,W06,1.3007,5.481,7518.22,7.07646
2025-07-12,W07,17.7939,32.627,53149.66,33.06352
2025-07-12,W08,0.6121,2.664,3405.99,0.09094
2025-07-13,W01,16.3089,46.247,63361.77,65.95079
2025-07-13,W02,15.4882,46.306,57094.44,50.10848
2025-07-13,W03,14.8431,37.489,48961.73,155.96862
2025-07-13,W04,0.9990,4.241,5676.11,1.16285
2025-07-13,W05,2.3306,8.141,9774.41,1.54122
2025-07-13,W06,0.6416,2.729,3549.28,11.67116
2025-07-13,W07,17.9772,33.544,53931.96,31.26667
2025-07-13,W08,0.2561,1.111,1460.26,0.12260
2025-07-14,W01,15.4301,44.480,60782.83,53.07246
2025-07-14,W02,15.8213,46.153,57957.38,44.10789
2025-07-14,W03,14.8653,37.770,49184.95,143.81412
2025-07-14,W04,3.0485,12.992,17053.02,0.65507
2025-07-14,W05,6.7558,23.953,28245.59,1.01872
2025-07-14,W06,1.9859,8.534,11298.09,7.54636
2025-07-14,W07,18.4692,33.857,56040.20,32.14120
2025-07-14,W08,0.8499,3.690,4818.16,0.07995
2025-07-15,W01,16.3657,45.531,63062.84,58.59196
2025-07-15,W02,15.8497,47.162,57710.13,49.78918
2025-07-15,W03,15.6002,39.897,51073.79,157.69240
2025-07-15,W04,3.2038,13.788,18326.40,0.76338
2025-07-15,W05,6.1210,21.531,26095.57,0.85717
2025-07-15,W06,1.8418,7.762,10318.94,6.85379
2025-07-15,W07,16.8373,31.214,51918.70,31.15463
2025-07-15,W08,0.8453,3.652,4724.05,0.07802
2025-07-16,W01,15.1990,43.555,58554.97,53.99022
2025-07-16,W02,14.8223,44.096,53372.04,43.47708
2025-07-16,W03,15.3017,39.642,50474.11,159.77433
2025-07-16,W04,3.0496,13.138,18021.08,0.66269
2025-07-16,W05,6.4536,22.572,27313.05,0.83627
2025-07-16,W06,2.0459,8.668,11501.60,7.40676
2025-07-16,W07,17.0294,31.592,51186.48,32.86394
2025-07-16,W08,0.8882,3.842,4902.45,0.09147
2025-07-17,W01,16.9283,46.918,64016.04,56.83260
2025-07-17,W02,15.5384,45.055,54915.47,42.94411
2025-07-17,W03,15.5826,40.545,51558.02,144.10225
2025-07-17,W04,2.9178,12.348,16626.78,0.60407
2025-07-17,W05,6.7304,24.127,28989.50,0.95134
2025-07-17,W06,1.9420,8.241,10977.01,6.59478
2025-07-17,W07,17.1519,32.010,53086.89,30.99599
2025-07-17,W08,0.8461,3.638,4826.68,0.08243
2025-07-18,W01,15.9040,43.542,61226.25,63.09221
2025-07-18,W02,15.1798,45.606,55214.70,43.97432
2025-07-18,W03,15.3296,38.928,50324.44,144.11715
2025-07-18,W04,2.9793,12.791,17223.44,0.62741
2025-07-18,W05,6.6666,23.535,28548.15,0.90558
2025-07-18,W06,1.9661,8.323,11280.10,7.31695
2025-07-18,W07,17.6437,32.634,54651.87,31.40092
2025-07-18,W08,0.9026,3.928,5044.58,0.08043
2025-07-19,W01,16.6294,45.214,63332.69,65.99886
2025-07-19,W02,14.8583,44.411,54636.66,43.32631
2025-07-19,W03,14.3988,38.070,48474.78,153.51476
2025-07-19,W04,2.1117,9.023,11887.94,0.72713
2025-07-19,W05,4.6021,16.254,19853.34,0.92665
2025-07-19,W06,1.3476,5.736,7537.23,8.31364
2025-07-19,W07,17.8191,32.833,54506.58,33.43337
2025-07-19,W08,0.5818,2.521,3284.16,0.09476
2025-07-20,W01,15.1538,41.979,58145.76,59.39086
2025-07-20,W02,15.0550,43.888,54046.66,46.43545
2025-07-20,W03,14.1174,36.190,46634.45,151.25002
2025-07-20,W04,1.0288,4.387,5829.21,1.13682
2025-07-20,W05,2.5240,8.857,10677.52,1.68602
2025-07-20,W06,0.6688,2.843,3706.93,12.39804
2025-07-20,W07,17.5743,32.652,53438.91,32.57674
2025-07-20,W08,0.2408,1.038,1341.14,0.11762
2025-07-21,W01,16.3833,47.592,64462.39,56.68057
2025-07-21,W02,16.2594,48.663,59937.35,47.32490
2025-07-21,W03,14.9836,38.550,49934.67,151.23670
2025-07-21,W04,3.0720,13.179,17605.69,0.74593
2025-07-21,W05,6.3839,22.667,27645.23,0.90341
2025-07-21,W06,2.0623,8.779,11874.53,7.63042
2025-07-21,W07,18.8468,34.541,56839.64,35.12773
2025-07-21,W08,0.9118,3.963,5099.53,0.09020
2025-07-22,W01,14.4881,42.092,57092.65,56.00475
2025-07-22,W02,16.3968,48.588,60790.67,48.71449
2025-07-22,W03,15.1730,39.194,50413.55,140.57796
2025-07-22,W04,3.1691,13.503,18395.68,0.64472
2025-07-22,W05,6.6046,23.524,28316.06,0.89328
2025-07-22,W06,2.0882,8.918,11901.71,7.31994
2025-07-22,W07,18.6001,34.409,56668.23,30.71439
2025-07-22,W08,0.8500,3.676,4823.63,0.09309
2025-07-23,W01,15.6917,43.671,58614.84,57.80071
2025-07-23,W02,16.1474,47.168,58981.83,49.19028
2025-07-23,W03,15.1480,38.436,49056.99,138.02941
2025-07-23,W04,3.1653,13.556,18245.35,0.72347
2025-07-23,W05,6.5493,23.451,28127.50,0.84632
2025-07-23,W06,2.1067,8.950,11881.98,7.80665
2025-07-23,W07,17.1499,31.502,50916.35,30.94099
2025-07-23,W08,0.9561,4.163,5400.03,0.08749
2025-07-24,W01,16.1360,44.661,61425.19,55.87015
2025-07-24,W02,15.4622,45.938,56223.47,46.26880
2025-07-24,W03,15.1793,39.419,49461.89,151.88388
2025-07-24,W04,2.9840,12.729,17307.39,0.65944
2025-07-24,W05,6.1418,21.835,26247.60,0.91171
2025-07-24,W06,2.0426,8.634,11594.50,7.90018
2025-07-24,W07,17.8989,32.821,56419.11,32.10775
2025-07-24,W08,0.9465,4.135,5340.44,0.08682
2025-07-25,W01,15.7157,42.823,59337.25,54.40939
2025-07-25,W02,16.0674,48.384,58788.30,45.62655
2025-07-25,W03,15.1657,40.084,50900.10,147.52442
2025-07-25,W04,3.3181,14.290,18926.31,0.74278
2025-07-25,W05,6.4711,22.898,27379.53,0.95438
2025-07-25,W06,2.0675,8.784,11715.70,6.70600
2025-07-25,W07,19.3971,35.376,57553.95,35.67356
2025-07-25,W08,0.8582,3.727,4875.19,0.08698
2025-07-26,W01,15.9147,43.964,59659.63,54.86910
2025-07-26,W02,15.8351,47.885,58613.28,50.86946
2025-07-26,W03,14.9038,38.406,49965.95,144.84508
2025-07-26,W04,2.0374,8.636,11685.84,0.72045
2025-07-26,W05,4.6432,16.581,19970.63,0.96267
2025-07-26,W06,1.3112,5.537,7586.23,7.58758
2025-07-26,W07,17.4275,32.345,53034.82,31.20842
2025-07-26,W08,0.5654,2.447,3109.15,0.09330
2025-07-27,W01,15.5507,42.746,58666.37,54.94431
2025-07-27,W02,14.5837,43.921,53943.15,43.46257
2025-07-27,W03,13.8309,36.396,46710.21,148.13185
2025-07-27,W04,1.0364,4.453,5876.20,1.17572
2025-07-27,W05,2.4820,8.796,10668.87,1.62949
2025-07-27,W06,0.6112,2.556,3410.42,10.73136
2025-07-27,W07,16.3566,30.224,50328.53,28.19512
2025-07-27,W08,0.2670,1.159,1493.58,0.13598
2025-07-28,W01,15.2593,43.665,60293.08,53.11652
2025-07-28,W02,15.5116,44.565,54618.11,45.98071
2025-07-28,W03,15.2809,39.691,50174.36,147.25297
2025-07-28,W04,3.1497,13.425,18274.41,0.69677
2025-07-28,W05,6.5551,23.227,27768.13,0.93102
2025-07-28,W06,2.1801,9.283,12325.35,7.53825
2025-07-28,W07,18.5787,34.053,55221.19,32.59909
2025-07-28,W08,0.7648,3.294,4304.44,0.07274
2025-07-29,W01,15.9917,45.317,61894.53,59.89172
2025-07-29,W02,15.6917,47.149,57540.90,46.12881
2025-07-29,W03,15.0563,38.664,50371.13,146.18093
2025-07-29,W04,3.0588,13.118,17353.05,0.67739
2025-07-29,W05,6.1559,21.975,27541.39,0.84655
2025-07-29,W06,2.0479,8.687,11658.23,7.90736
2025-07-29,W07,17.2109,31.848,52351.72,30.53559
2025-07-29,W08,0.8444,3.649,4639.38,0.07273
2025-07-30,W01,15.8481,43.998,61351.37,60.24416
2025-07-30,W02,16.1930,47.504,58147.87,49.27461
2025-07-30,W03,15.2054,39.527,50040.77,134.76779
2025-07-30,W04,2.9991,12.892,17035.35,0.76949
2025-07-30,W05,6.5694,23.461,28304.72,0.92847
2025-07-30,W06,2.1579,9.228,12185.99,7.82133
2025-07-30,W07,17.7100,32.761,53601.34,34.49198
2025-07-30,W08,0.8454,3.674,4660.92,0.08046
2025-07-31,W01,16.6497,45.925,63246.83,57.39117
2025-07-31,W02,15.4871,46.544,56498.19,46.04219
2025-07-31,W03,14.6427,37.820,48603.33,134.44435
2025-07-31,W04,3.0141,12.796,16943.15,0.66414
2025-07-31,W05,6.2487,22.088,26653.89,0.85575
2025-07-31,W06,1.7611,7.364,10052.80,6.22273
2025-07-31,W07,17.7092,32.769,53231.70,28.75119
2025-07-31,W08,0.8549,3.715,4705.74,0.08408
2025-08-01,W01,15.8173,43.742,59561.08,51.74545
2025-08-01,W02,15.8515,46.622,56438.16,46.27459
2025-08-01,W03,14.8698,38.763,49460.75,133.19448
2025-08-01,W04,2.9892,12.704,16983.60,0.67788
2025-08-01,W05,6.4352,22.630,27591.19,0.89731
2025-08-01,W06,1.8619,7.825,10670.47,6.13920
2025-08-01,W07,17.8815,32.932,53476.35,32.90205
2025-08-01,W08,0.9013,3.913,5082.17,0.08268
2025-08-02,W01,16.1315,45.140,62352.19,56.64411
2025-08-02,W02,15.5806,46.328,57509.33,47.63073
2025-08-02,W03,14.9363,37.989,48035.34,144.82678
2025-08-02,W04,2.1878,9.384,12480.71,0.76936
2025-08-02,W05,5.3371,19.600,23620.36,1.18572
2025-08-02,W06,1.3580,5.773,7618.07,7.94207
2025-08-02,W07,17.6401,32.633,53495.76,28.89619
2025-08-02,W08,0.5812,2.505,3294.59,0.09277
2025-08-03,W01,16.4292,45.181,62083.44,62.43412
2025-08-03,W02,15.4853,46.459,57346.96,47.34870
2025-08-03,W03,14.4665,37.857,48339.32,143.62769
2025-08-03,W04,1.0332,4.419,5911.96,1.17254
2025-08-03,W05,2.5117,8.951,10702.73,1.73105
2025-08-03,W06,0.6548,2.786,3740.90,11.30892
2025-08-03,W07,18.5769,33.998,55745.19,29.69649
2025-08-03,W08,0.2657,1.145,1496.61,0.12522
2025-08-04,W01,17.2713,46.720,64338.27,57.08301
2025-08-04,W02,15.9183,46.642,57331.31,43.76685
2025-08-04,W03,15.0950,38.178,48711.61,136.40375
2025-08-04,W04,3.0457,13.049,16844.39,0.72957
2025-08-04,W05,6.5939,23.228,27784.82,0.85750
2025-08-04,W06,2.0697,8.834,11850.19,7.59515
2025-08-04,W07,18.6816,34.499,57007.88,32.27919
2025-08-04,W08,0.8759,3.800,4992.37,0.08250
2025-08-05,W01,17.1546,47.205,65304.68,59.82064
2025-08-05,W02,16.1975,48.324,59169.53,49.13743
2025-08-05,W03,15.5275,39.358,51557.27,159.17168
2025-08-05,W04,2.6981,11.379,15614.89,0.65272
2025-08-05,W05,6.0608,20.981,24932.42,0.84485
2025-08-05,W06,2.0551,8.669,11555.34,7.18956
2025-08-05,W07,19.2766,35.048,56679.34,32.73890
2025-08-05,W08,0.9435,4.128,5245.10,0.08570
2025-08-06,W01,16.0388,43.553,60150.19,58.52287
2025-08-06,W02,15.5058,46.146,58320.70,43.41698
2025-08-06,W03,15.4842,39.606,50717.79,152.37672
2025-08-06,W04,3.1910,13.662,17923.97,0.62299
2025-08-06,W05,6.5685,22.940,28008.36,1.01131
2025-08-06,W06,1.8677,7.875,10506.29,6.70119
2025-08-06,W07,18.3523,33.535,54766.21,32.60118
2025-08-06,W08,0.8839,3.830,4982.99,0.08376
2025-08-07,W01,16.6525,46.057,63577.65,63.68253
2025-08-07,W02,14.9732,44.147,54294.91,38.28609
2025-08-07,W03,15.8305,39.988,50972.78,153.14218
2025-08-07,W04,3.1379,13.417,17741.39,0.67027
2025-08-07,W05,6.1032,21.544,25920.16,0.89923
2025-08-07,W06,2.0110,8.494,11320.79,7.41305
2025-08-07,W07,19.5900,35.669,57833.79,33.76951
2025-08-07,W08,0.8161,3.506,4557.49,0.07706
2025-08-08,W01,17.2138,47.137,66338.98,56.24962
2025-08-08,W02,15.7574,45.297,56494.47,45.46068
2025-08-08,W03,15.3577,40.109,51519.89,141.73373
2025-08-08,W04,3.1327,13.459,17774.94,0.65864
2025-08-08,W05,6.5725,23.303,27609.76,0.87328
2025-08-08,W06,1.9159,8.149,10590.11,6.73445
2025-08-08,W07,19.4535,35.401,59453.31,35.47591
2025-08-08,W08,0.8554,3.708,4812.51,0.08203
2025-08-09,W01,16.4727,46.635,63481.06,65.19553
2025-08-09,W02,14.8326,44.492,53786.09,39.16879
2025-08-09,W03,14.8291,37.963,48498.88,153.44984
2025-08-09,W04,2.0698,8.824,11630.34,0.75252
2025-08-09,W05,4.5564,16.056,19571.80,1.01437
2025-08-09,W06,1.2657,5.292,6869.20,7.06857
2025-08-09,W07,19.2309,35.077,57464.05,35.32098
2025-08-09,W08,0.5396,2.331,3063.76,0.08169
2025-08-10,W01,16.1346,43.805,59245.37,60.72691
2025-08-10,W02,14.6646,42.723,52816.28,44.14394
2025-08-10,W03,14.6126,37.977,48756.36,147.13671
2025-08-10,W04,1.0897,4.653,6173.93,1.23048
2025-08-10,W05,2.3164,8.116,9503.04,1.64803
2025-08-10,W06,0.6739,2.852,3841.04,12.63034
2025-08-10,W07,17.1661,31.519,51410.75,35.31690
2025-08-10,W08,0.2432,1.046,1356.91,0.11035
2025-08-11,W01,16.1835,45.013,60950.90,57.86562
2025-08-11,W02,15.8999,46.676,57927.84,43.26166
2025-08-11,W03,15.0377,39.004,50374.53,156.12072
2025-08-11,W04,3.0475,13.043,17503.33,0.66612
2025-08-11,W05,6.1524,21.357,25776.95,0.86133
2025-08-11,W06,2.0743,8.808,11776.94,7.26869
2025-08-11,W07,19.4185,35.378,57999.86,32.75140
2025-08-11,W08,0.9162,3.963,5318.20,0.09330
2025-08-12,W01,15.8540,44.366,61730.23,56.42388
2025-08-12,W02,16.0168,47.869,58129.64,42.28305
2025-08-12,W03,15.1969,39.021,51348.44,158.11951
2025-08-12,W04,2.9762,12.648,16529.56,0.68893
2025-08-12,W05,6.7080,23.656,28855.77,0.89406
2025-08-12,W06,1.8683,7.821,10400.15,7.12294
2025-08-12,W07,18.9313,34.614,57027.38,34.14925
2025-08-12,W08,0.9258,4.015,5270.00,0.08948
2025-08-13,W01,15.6976,43.345,60022.75,54.47364
2025-08-13,W02,15.4841,45.599,54817.35,40.86944
2025-08-13,W03,14.5831,38.657,49622.39,145.90061
2025-08-13,W04,3.0277,12.949,17032.96,0.62865
2025-08-13,W05,6.4408,23.096,28077.71,0.88622
2025-08-13,W06,2.0308,8.654,11485.34,7.50940
2025-08-13,W07,19.3537,35.605,57185.66,34.92678
2025-08-13,W08,0.8590,3.725,4817.81,0.07947
2025-08-14,W01,16.0790,46.262,63771.37,58.32996
2025-08-14,W02,15.8102,46.378,56966.88,45.08688
2025-08-14,W03,15.3525,38.069,49275.76,164.85703
2025-08-14,W04,2.8800,12.137,16283.91,0.63743
2025-08-14,W05,6.0565,21.045,25868.34,0.80376
2025-08-14,W06,1.9801,8.381,11203.86,6.85137
2025-08-14,W07,18.2466,33.439,54903.93,32.62647
2025-08-14,W08,0.8083,3.504,4567.58,0.08173
2025-08-15,W01,15.4012,42.932,59314.25,60.67016
2025-08-15,W02,15.4196,45.985,55971.79,43.96322
2025-08-15,W03,15.5510,38.198,49217.07,152.18501
2025-08-15,W04,3.0579,13.130,16778.23,0.65833
2025-08-15,W05,6.4584,22.926,27793.89,0.97501
2025-08-15,W06,2.0911,8.871,11831.26,7.49736
2025-08-15,W07,19.0913,35.185,58601.67,34.08141
2025-08-15,W08,0.8780,3.802,4814.81,0.08756
2025-08-16,W01,16.8234,45.897,63320.53,58.43524
2025-08-16,W02,15.6272,45.492,55220.55,48.22584
2025-08-16,W03,16.1154,41.650,54312.11,150.30602
2025-08-16,W04,2.2663,9.767,13084.82,0.77120
2025-08-16,W05,4.5128,15.934,18975.91,0.94058
2025-08-16,W06,1.2703,5.361,7219.87,6.95167
2025-08-16,W07,19.4538,35.384,59042.04,36.28608
2025-08-16,W08,0.6007,2.622,3346.69,0.10078
2025-08-17,W01,15.2740,42.375,58579.64,58.60709
2025-08-17,W02,14.0874,42.121,52068.39,46.00773
2025-08-17,W03,15.2623,38.857,49878.10,166.99037
2025-08-17,W04,0.9520,3.998,5629.16,1.10503
2025-08-17,W05,2.3846,8.400,10179.23,1.63187
2025-08-17,W06,0.6418,2.725,3670.21,10.72707
2025-08-17,W07,18.7228,34.355,55015.65,41.17618
2025-08-17,W08,0.2623,1.142,1480.44,0.11914
2025-08-18,W01,16.4882,46.129,63705.68,58.16281
2025-08-18,W02,15.8393,46.055,55987.38,46.08162
2025-08-18,W03,14.9508,38.230,48135.75,125.86665
2025-08-18,W04,2.9372,12.592,16877.17,0.65770
2025-08-18,W05,6.0690,21.274,25799.42,0.80998
2025-08-18,W06,1.9971,8.519,11349.98,7.18303
2025-08-18,W07,19.0076,34.507,55328.14,34.71235
2025-08-18,W08,0.8682,3.757,4809.33,0.07811
2025-08-19,W01,16.2520,44.905,62225.73,57.67384
2025-08-19,W02,16.0643,46.967,58209.15,47.92453
2025-08-19,W03,15.3492,39.922,50932.54,157.33541
2025-08-19,W04,3.1141,13.296,17581.71,0.64003
2025-08-19,W05,6.2550,21.650,25738.61,0.89145
2025-08-19,W06,1.9755,8.369,11049.43,6.97667
2025-08-19,W07,19.6216,35.533,59040.97,30.93554
2025-08-19,W08,0.8727,3.783,4980.89,0.07540
2025-08-20,W01,16.5857,46.460,64624.54,60.95205
2025-08-20,W02,15.5102,45.924,57163.67,48.55352
2025-08-20,W03,14.8880,38.993,49458.46,149.42288
2025-08-20,W04,3.3169,14.234,18934.41,0.74717
2025-08-20,W05,6.4754,22.700,27314.85,0.85502
2025-08-20,W06,1.8353,7.697,10286.61,6.62623
2025-08-20,W07,18.2561,33.484,55261.85,31.08502
2025-08-20,W08,0.8684,3.733,4891.71,0.07816
2025-08-21,W01,15.7115,43.555,60086.34,55.47022
2025-08-21,W02,15.6942,47.522,57347.10,43.43984
2025-08-21,W03,14.7393,39.146,49890.03,143.86110
2025-08-21,W04,3.0226,12.936,17619.55,0.66005
2025-08-21,W05,6.2961,22.033,26136.90,0.82652
2025-08-21,W06,1.9008,8.022,10607.58,7.02294
2025-08-21,W07,18.3670,33.669,55189.96,33.49625
2025-08-21,W08,0.9100,3.955,5085.38,0.08338
2025-08-22,W01,16.3398,43.712,60166.71,64.07853
2025-08-22,W02,15.0602,45.588,55816.84,44.77100
2025-08-22,W03,15.6551,39.759,50787.51,169.17804
2025-08-22,W04,3.1658,13.511,18084.37,0.70384
2025-08-22,W05,6.3551,22.471,27587.73,0.86493
2025-08-22,W06,2.0286,8.589,11262.91,6.90482
2025-08-22,W07,17.5540,32.475,54553.43,32.27797
2025-08-22,W08,0.8957,3.895,5016.12,0.07799
2025-08-23,W01,16.8619,45.609,62789.44,60.40591
2025-08-23,W02,15.5513,46.363,56485.22,50.31852
2025-08-23,W03,15.0912,38.401,48832.80,152.53920
2025-08-23,W04,2.1917,9.365,12390.67,0.79928
2025-08-23,W05,4.5793,16.056,19034.90,1.04455
2025-08-23,W06,1.3416,5.685,7514.34,7.68059
2025-08-23,W07,18.2468,33.376,55335.01,34.85827
2025-08-23,W08,0.5950,2.584,3375.04,0.08360
2025-08-24,W01,15.0756,42.186,58023.02,57.89172
2025-08-24,W02,15.3571,45.680,56147.07,44.16490
2025-08-24,W03,14.1409,36.507,46897.97,148.29252
2025-08-24,W04,0.9608,4.119,5439.54,1.09858
2025-08-24,W05,2.5291,8.982,10735.63,1.85057
2025-08-24,W06,0.6382,2.708,3630.10,12.19764
2025-08-24,W07,18.2734,33.924,56037.28,31.31126
2025-08-24,W08,0.2751,1.203,1584.09,0.12279
2025-08-25,W01,16.6104,44.944,62963.76,63.27902
2025-08-25,W02,15.9342,47.200,59018.64,45.73155
2025-08-25,W03,16.3299,41.682,53453.23,163.42609
2025-08-25,W04,3.2013,13.749,17903.99,0.74975
2025-08-25,W05,6.5068,23.076,28273.96,0.97938
2025-08-25,W06,1.8633,7.873,10400.03,7.42289
2025-08-25,W07,18.9589,34.878,56760.01,35.98445
2025-08-25,W08,0.9236,4.032,5279.23,0.09133
2025-08-26,W01,15.7191,45.235,61090.22,58.39027
2025-08-26,W02,15.9989,47.967,57554.72,47.52082
2025-08-26,W03,15.8817,40.785,52934.52,166.10082
2025-08-26,W04,2.8209,11.929,16032.13,0.58523
2025-08-26,W05,6.3537,22.192,26376.81,0.82127
2025-08-26,W06,1.8731,7.948,10539.58,6.53036
2025-08-26,W07,18.9753,34.806,57093.81,31.28727
2025-08-26,W08,0.8356,3.611,4683.82,0.07622
2025-08-27,W01,16.3852,45.723,63666.92,61.99076
2025-08-27,W02,15.7707,47.220,57339.04,47.73638
2025-08-27,W03,15.4513,39.285,50718.97,157.89011
2025-08-27,W04,3.0517,13.082,17244.13,0.66532
2025-08-27,W05,6.3844,22.190,26217.82,0.82465
2025-08-27,W06,1.9366,8.204,10910.32,7.37383
2025-08-27,W07,18.1816,33.390,54992.69,34.94474
2025-08-27,W08,0.8739,3.784,4871.97,0.08120
2025-08-28,W01,15.7149,44.388,60551.50,56.23703
2025-08-28,W02,14.8647,43.272,53058.14,41.74930
2025-08-28,W03,15.7635,40.510,52370.07,152.21731
2025-08-28,W04,2.7973,11.934,15771.70,0.64009
2025-08-28,W05,6.3357,21.905,26275.80,0.89492
2025-08-28,W06,1.9493,8.275,10966.43,6.20604
2025-08-28,W07,18.3781,33.587,54693.07,36.78852
2025-08-28,W08,0.9062,3.919,5108.70,0.08007
2025-08-29,W01,15.4552,42.893,58708.53,52.12417
2025-08-29,W02,15.7104,45.397,55414.20,45.92695
2025-08-29,W03,15.1330,39.042,49342.64,134.90625
2025-08-29,W04,3.1191,13.449,17423.93,0.71378
2025-08-29,W05,6.2774,21.940,26343.68,0.88837
2025-08-29,W06,2.0768,8.876,11531.58,7.49995
2025-08-29,W07,19.5759,35.950,59504.23,34.93636
2025-08-29,W08,0.8653,3.776,4977.63,0.08128
2025-08-30,W01,16.7157,45.305,62912.49,62.58950
2025-08-30,W02,15.2132,45.005,54861.37,43.25459
2025-08-30,W03,15.1673,39.266,50133.33,142.24769
2025-08-30,W04,2.0840,8.879,12270.95,0.72704
2025-08-30,W05,4.5812,16.154,19454.02,0.93114
2025-08-30,W06,1.2351,5.150,6801.66,6.98556
2025-08-30,W07,19.2632,35.109,56339.86,35.24145
2025-08-30,W08,0.5846,2.533,3251.74,0.07799
2025-08-31,W01,15.6826,42.716,58576.23,60.22344
2025-08-31,W02,14.5335,42.596,52574.98,50.91627
2025-08-31,W03,14.8916,38.193,49042.88,154.86413
2025-08-31,W04,1.0325,4.408,5717.74,1.01551
2025-08-31,W05,2.3687,8.200,9605.10,1.55890
2025-08-31,W06,0.6190,2.613,3588.06,12.01462
2025-08-31,W07,19.2011,34.811,58288.97,36.52171
2025-08-31,W08,0.2415,1.043,1368.11,0.12645
2025-09-01,W01,16.8358,44.308,60869.39,59.90056
2025-09-01,W02,15.5832,44.124,55011.82,43.12137
2025-09-01,W03,15.5935,38.673,50772.70,171.16354
2025-09-01,W04,2.6439,11.110,14955.85,0.56716
2025-09-01,W05,6.3593,21.445,26109.92,0.94870
2025-09-01,W06,1.7314,7.206,9927.66,5.90393
2025-09-01,W07,20.1194,36.072,59339.78,36.23777
2025-09-01,W08,0.7557,3.240,4180.96,0.06634
2025-09-02,W01,15.9428,41.761,59153.17,55.20616
2025-09-02,W02,15.4406,43.670,54390.56,44.31115
2025-09-02,W03,15.8212,38.827,50837.57,142.17108
2025-09-02,W04,2.5796,10.816,14931.04,0.53071
2025-09-02,W05,6.3096,21.440,25456.54,0.86292
2025-09-02,W06,1.8226,7.665,10271.58,6.20351
2025-09-02,W07,19.6344,35.477,57913.21,35.90710
2025-09-02,W08,0.7208,3.093,3990.57,0.06586
2025-09-03,W01,16.6253,45.690,63346.69,52.90482
2025-09-03,W02,15.2188,43.585,53292.02,44.84370
2025-09-03,W03,15.8911,39.023,50876.51,156.17048
2025-09-03,W04,2.7999,11.922,16110.24,0.60583
2025-09-03,W05,6.0634,20.543,24654.02,0.75594
2025-09-03,W06,1.7560,7.342,10288.18,6.56198
2025-09-03,W07,20.5130,36.789,61334.35,36.84248
2025-09-03,W08,0.8130,3.490,4521.27,0.06853
2025-09-04,W01,16.2957,42.293,58325.88,56.55707
2025-09-04,W02,15.3024,44.116,54202.84,45.06329
2025-09-04,W03,15.2952,37.694,48826.21,151.49478
2025-09-04,W04,2.8110,11.910,16167.11,0.52907
2025-09-04,W05,6.4273,21.957,26586.43,0.86558
2025-09-04,W06,1.8400,7.736,10516.41,6.38108
2025-09-04,W07,19.1226,34.595,56007.84,33.73585
2025-09-04,W08,0.6769,2.885,3859.12,0.06895
2025-09-05,W01,15.7173,42.093,58527.42,58.57833
2025-09-05,W02,15.0315,42.388,51757.57,42.60362
2025-09-05,W03,15.3283,37.044,47837.41,137.82677
2025-09-05,W04,2.6738,11.238,15518.57,0.56978
2025-09-05,W05,5.9518,20.091,24105.78,0.83006
2025-09-05,W06,1.6905,7.098,9652.55,5.88664
2025-09-05,W07,21.3416,38.452,61875.49,35.41660
2025-09-05,W08,0.7885,3.385,4502.76,0.07195
2025-09-06,W01,16.5436,43.703,61051.41,63.57008
2025-09-06,W02,16.0364,44.412,54056.20,45.98302
2025-09-06,W03,15.9824,39.298,50133.42,156.13933
2025-09-06,W04,1.9039,8.025,10699.56,0.70106
2025-09-06,W05,4.6569,15.922,19289.81,0.96144
2025-09-06,W06,1.1872,4.950,6746.94,6.69264
2025-09-06,W07,20.3033,36.615,59010.74,36.99529
2025-09-06,W08,0.5128,2.198,2863.69,0.08123
2025-09-07,W01,15.3733,41.033,57916.30,61.59927
2025-09-07,W02,15.1910,42.258,52378.49,48.13988
2025-09-07,W03,16.3075,40.452,52832.28,165.50932
2025-09-07,W04,0.8920,3.737,5056.64,1.04926
2025-09-07,W05,2.3595,8.136,9833.72,1.56966
2025-09-07,W06,0.5789,2.439,3264.34,9.68749
2025-09-07,W07,18.5848,33.654,54212.11,34.27900
2025-09-07,W08,0.2333,1.006,1310.59,0.11116
2025-09-08,W01,16.9044,43.506,61234.08,57.76434
2025-09-08,W02,15.6653,45.270,54805.41,47.72334
2025-09-08,W03,15.6618,38.215,49824.71,144.55526
2025-09-08,W04,2.6937,11.406,15569.88,0.58375
2025-09-08,W05,6.5539,22.491,26700.35,0.84485
2025-09-08,W06,1.7800,7.479,10056.83,6.28692
2025-09-08,W07,19.5395,35.050,58426.03,36.16699
2025-09-08,W08,0.7333,3.132,4052.21,0.06640
2025-09-09,W01,16.4047,42.997,58951.78,59.36557
2025-09-09,W02,16.2958,44.709,55223.98,49.05195
2025-09-09,W03,17.4261,42.253,55753.75,185.57911
2025-09-09,W04,2.5978,10.977,14786.62,0.56719
2025-09-09,W05,6.5025,21.948,26324.69,0.88614
2025-09-09,W06,1.7393,7.262,9771.75,6.14384
2025-09-09,W07,19.9531,35.837,58686.50,35.92444
2025-09-09,W08,0.8037,3.446,4603.12,0.07527
2025-09-10,W01,16.2015,42.629,59269.92,51.22460
2025-09-10,W02,15.2859,42.871,52357.03,44.55022
2025-09-10,W03,15.8383,38.418,49101.75,146.01557
2025-09-10,W04,2.6368,11.141,15106.58,0.63805
2025-09-10,W05,6.1336,20.695,25262.61,0.82929
2025-09-10,W06,1.7069,7.139,9739.89,6.46686
2025-09-10,W07,20.1985,36.067,58812.34,34.54729
2025-09-10,W08,0.7625,3.267,4244.48,0.07475
2025-09-11,W01,16.3714,42.612,59312.06,56.35863
2025-09-11,W02,15.1222,42.583,52862.56,43.63269
2025-09-11,W03,14.7283,36.207,46219.09,154.55313
2025-09-11,W04,2.6079,11.031,15030.78,0.59420
2025-09-11,W05,6.4111,21.891,25873.15,0.80007
2025-09-11,W06,1.7361,7.186,10040.47,6.04506
2025-09-11,W07,20.0662,36.220,58852.90,37.82598
2025-09-11,W08,0.7756,3.334,4393.22,0.07451
2025-09-12,W01,16.2271,43.601,60585.26,59.61909
2025-09-12,W02,15.7687,45.270,54240.49,44.74751
2025-09-12,W03,16.0995,39.685,50128.52,162.52413
2025-09-12,W04,2.5771,10.809,14827.44,0.55346
2025-09-12,W05,6.6516,22.394,26557.70,0.90039
2025-09-12,W06,1.5799,6.444,9032.73,5.84043
2025-09-12,W07,19.7115,35.393,58607.81,36.43986
2025-09-12,W08,0.7561,3.232,4306.37,0.07256
2025-09-13,W01,15.8726,41.922,58310.01,62.55301
2025-09-13,W02,15.3543,43.150,53308.96,43.42953
2025-09-13,W03,15.8030,38.381,49304.85,153.27352
2025-09-13,W04,1.8564,7.784,10528.30,0.68364
2025-09-13,W05,4.0863,13.739,16543.24,0.87070
2025-09-13,W06,1.0837,4.451,6097.21,6.90771
2025-09-13,W07,18.3974,33.213,55127.45,30.43635
2025-09-13,W08,0.5215,2.247,2968.55,0.08566
2025-09-14,W01,15.4184,40.477,56850.83,59.19830
2025-09-14,W02,14.5729,41.752,51495.05,45.14961
2025-09-14,W03,14.1975,34.377,44557.82,165.93654
2025-09-14,W04,0.9243,3.904,5183.63,1.05025
2025-09-14,W05,2.2510,7.672,9378.40,1.60574
2025-09-14,W06,0.5316,2.222,3035.02,8.66159
2025-09-14,W07,18.9237,33.612,55940.91,35.02611
2025-09-14,W08,0.2202,0.942,1243.58,0.10621
2025-09-15,W01,17.2277,43.282,61583.07,62.25579
2025-09-15,W02,15.7404,45.402,56066.02,44.43266
2025-09-15,W03,16.5655,39.949,52694.19,158.90356
2025-09-15,W04,2.5107,10.470,14322.68,0.56445
2025-09-15,W05,6.2567,21.005,25438.05,0.88710
2025-09-15,W06,1.7036,7.098,9646.01,5.55013
2025-09-15,W07,20.8309,37.449,60880.24,35.10957
2025-09-15,W08,0.7739,3.297,4404.81,0.07275
2025-09-16,W01,17.0018,43.837,60583.82,64.21379
2025-09-16,W02,15.6023,44.109,54340.73,47.77038
2025-09-16,W03,15.4716,37.469,47869.91,156.10404
2025-09-16,W04,2.6330,11.056,15279.41,0.50247
2025-09-16,W05,6.1426,20.746,24919.78,0.78237
2025-09-16,W06,1.8082,7.611,10198.62,5.99945
2025-09-16,W07,17.7441,32.158,52988.19,30.86805
2025-09-16,W08,0.7325,3.127,4156.14,0.07289
2025-09-17,W01,16.6004,43.829,61308.64,64.18119
2025-09-17,W02,15.7506,45.044,54993.32,46.20250
2025-09-17,W03,16.2960,40.065,50843.06,154.68563
2025-09-17,W04,2.8600,12.148,16679.44,0.59901
2025-09-17,W05,6.0631,20.663,24412.97,0.85412
2025-09-17,W06,1.6306,6.735,9212.33,5.66454
2025-09-17,W07,20.7233,37.140,61299.13,35.81548
2025-09-17,W08,0.7307,3.153,4227.88,0.06730
2025-09-18,W01,16.2942,42.703,60180.96,57.88820
2025-09-18,W02,15.0965,42.810,53266.34,42.78712
2025-09-18,W03,16.3296,40.008,51620.74,153.30665
2025-09-18,W04,2.6266,11.179,14915.81,0.60377
2025-09-18,W05,6.1100,20.722,24741.41,0.83057
2025-09-18,W06,1.7882,7.467,10223.26,6.52173
2025-09-18,W07,20.3473,36.596,57947.21,35.14606
2025-09-18,W08,0.7957,3.428,4512.63,0.07573
2025-09-19,W01,16.8014,44.675,62300.25,60.49949
2025-09-19,W02,16.3966,46.835,58294.01,45.69232
2025-09-19,W03,16.5429,41.241,52312.02,149.00457
2025-09-19,W04,2.8394,11.993,16013.43,0.74872
2025-09-19,W05,6.0913,20.972,25376.86,0.77544
2025-09-19,W06,1.7102,7.147,9684.70,6.25688
2025-09-19,W07,20.6058,36.995,61295.02,37.79601
2025-09-19,W08,0.7619,3.274,4312.18,0.07172
2025-09-20,W01,17.3931,44.940,62587.81,59.38223
2025-09-20,W02,16.5209,46.145,57437.13,51.62346
2025-09-20,W03,16.4728,39.560,52723.55,174.35774
2025-09-20,W04,1.8546,7.812,10505.28,0.67782
2025-09-20,W05,4.3888,14.826,17767.95,0.94567
2025-09-20,W06,1.2278,5.184,6740.68,6.79550
2025-09-20,W07,19.6565,35.342,58715.99,36.10085
2025-09-20,W08,0.5022,2.146,2805.71,0.07899
2025-09-21,W01,15.5147,41.124,57661.16,59.23546
2025-09-21,W02,15.1142,42.086,52335.96,45.07030
2025-09-21,W03,14.8807,36.853,47915.05,143.71137
2025-09-21,W04,0.8963,3.772,5154.87,1.01438
2025-09-21,W05,2.8739,8.553,10663.98,2.05749
2025-09-21,W06,0.5306,2.197,3051.99,8.98916
2025-09-21,W07,19.3982,34.639,57472.74,37.59214
2025-09-21,W08,0.2130,0.909,1204.85,0.10004
2025-09-22,W01,16.0973,43.050,59446.20,63.58486
2025-09-22,W02,15.0726,42.912,51737.41,45.28890
2025-09-22,W03,16.3097,39.474,51505.47,153.08840
2025-09-22,W04,2.6717,11.314,15387.98,0.60998
2025-09-22,W05,6.2896,21.344,25610.57,0.85906
2025-09-22,W06,1.8892,7.969,10615.37,6.07165
2025-09-22,W07,17.5161,31.954,53194.27,34.32974
2025-09-22,W08,0.7930,3.422,4541.80,0.07082
2025-09-23,W01,16.4672,43.270,60321.58,54.34638
2025-09-23,W02,15.5664,43.555,53863.26,45.46840
2025-09-23,W03,15.6900,38.509,50848.27,156.16266
2025-09-23,W04,2.6293,11.110,14943.50,0.56318
2025-09-23,W05,6.3305,21.390,25945.84,0.88233
2025-09-23,W06,1.6140,6.664,9032.06,5.97852
2025-09-23,W07,19.3426,35.206,57777.19,33.93125
2025-09-23,W08,0.7830,3.356,4450.53,0.07162
2025-09-24,W01,16.5754,42.670,59516.71,55.93440
2025-09-24,W02,15.3855,43.826,53077.13,43.53344
2025-09-24,W03,16.3568,40.899,52540.87,146.67261
2025-09-24,W04,2.7811,11.784,15709.35,0.55712
2025-09-24,W05,6.5208,22.003,26830.81,0.92907
2025-09-24,W06,1.7045,7.098,9672.75,5.81933
2025-09-24,W07,21.8458,39.117,63345.39,41.23266
2025-09-24,W08,0.7474,3.172,4245.77,0.06841
2025-09-25,W01,16.1293,42.306,58831.45,52.54647
2025-09-25,W02,16.0576,45.469,56096.00,45.45632
2025-09-25,W03,15.3660,37.819,49204.23,141.30544
2025-09-25,W04,2.6949,11.394,15035.70,0.57249
2025-09-25,W05,6.4917,21.749,25700.76,0.84989
2025-09-25,W06,1.7078,7.110,9583.77,6.36961
2025-09-25,W07,20.2356,36.339,59973.89,33.31737
2025-09-25,W08,0.7823,3.358,4257.14,0.07417
2025-09-26,W01,15.4560,42.137,58479.17,55.46924
2025-09-26,W02,15.4719,44.404,53803.48,44.05843
2025-09-26,W03,15.0966,37.452,48161.55,150.67774
2025-09-26,W04,2.6532,11.317,14947.17,0.58497
2025-09-26,W05,6.5213,22.270,26173.46,0.87459
2025-09-26,W06,1.7016,7.096,9466.71,6.47214
2025-09-26,W07,21.0297,37.520,60937.33,35.64688
2025-09-26,W08,0.7451,3.178,4260.05,0.07862
2025-09-27,W01,16.7885,44.771,61796.46,62.03245
2025-09-27,W02,16.2405,45.582,56154.53,52.54613
2025-09-27,W03,14.9531,36.318,47347.06,140.31483
2025-09-27,W04,1.8982,8.048,11001.17,0.66625
2025-09-27,W05,4.4926,15.273,18316.15,1.00323
2025-09-27,W06,1.2655,5.370,7312.86,7.61931
2025-09-27,W07,19.4014,35.070,57943.14,36.33380
2025-09-27,W08,0.5103,2.187,2835.25,0.07610
2025-09-28,W01,15.6183,40.327,56526.16,60.08899
2025-09-28,W02,15.2472,43.751,53796.25,50.06162
2025-09-28,W03,13.8466,34.098,44443.85,140.79655
2025-09-28,W04,0.9739,4.117,5519.87,1.09678
2025-09-28,W05,2.2218,7.468,8984.79,1.58072
2025-09-28,W06,0.5360,2.223,3072.07,8.83142
2025-09-28,W07,18.2005,32.844,53931.93,32.48206
2025-09-28,W08,0.2330,1.000,1294.31,0.10863
2025-09-29,W01,15.9329,42.058,60252.01,58.53748
2025-09-29,W02,15.6916,44.713,56386.86,46.07432
2025-09-29,W03,15.8417,38.006,48845.38,154.78245
2025-09-29,W04,2.8245,11.980,16154.74,0.63613
2025-09-29,W05,6.3644,21.708,25715.07,0.84922
2025-09-29,W06,1.6318,6.716,9406.58,5.58983
2025-09-29,W07,20.2490,36.341,59001.39,37.24892
2025-09-29,W08,0.7229,3.102,4125.46,0.06563
2025-09-30,W01,15.9391,40.878,57298.46,57.89988
2025-09-30,W02,15.7365,44.467,54727.81,43.84348
2025-09-30,W03,15.1682,37.585,48837.02,146.53416
2025-09-30,W04,2.8219,11.957,16064.05,0.66132
2025-09-30,W05,6.6591,22.490,27308.51,0.90858
2025-09-30,W06,1.6931,7.098,9052.30,6.00166
2025-09-30,W07,20.0351,36.048,59702.74,34.20358
2025-09-30,W08,0.7469,3.178,4172.16,0.06691
2025-10-01,W01,16.1981,39.327,55330.91,60.48427
2025-10-01,W02,16.4196,44.056,54460.98,53.13330
2025-10-01,W03,15.5680,36.697,48166.69,178.81328
2025-10-01,W04,0.5493,2.273,3108.78,1.95516
2025-10-01,W05,1.6903,5.608,6538.78,4.18942
2025-10-01,W06,0.3214,1.336,1807.92,19.83426
2025-10-01,W07,21.6737,38.114,62653.73,43.23793
2025-10-01,W08,0.1279,0.546,720.40,0.19315
2025-10-02,W01,15.8884,39.807,56469.72,58.19894
2025-10-02,W02,15.7267,42.448,52246.84,49.15915
2025-10-02,W03,16.4501,37.872,50086.09,168.29093
2025-10-02,W04,0.5636,2.346,3241.67,2.02300
2025-10-02,W05,1.6591,5.497,6600.66,3.77829
2025-10-02,W06,0.4498,1.307,2689.51,27.99894
2025-10-02,W07,22.5294,39.592,64874.46,43.78019
2025-10-02,W08,0.1138,0.484,659.21,0.16744
2025-10-03,W01,15.6534,38.110,54369.49,60.29645
2025-10-03,W02,15.1266,41.464,50797.84,49.10422
2025-10-03,W03,15.5092,35.601,47302.93,163.85149
2025-10-03,W04,0.5610,2.379,3206.41,2.19132
2025-10-03,W05,1.7585,5.860,6946.41,4.05783
2025-10-03,W06,0.3341,1.393,1864.97,19.12405
2025-10-03,W07,21.4992,37.820,62938.56,39.79956
2025-10-03,W08,0.1232,0.525,673.03,0.19256
2025-10-04,W01,15.9890,39.602,55820.50,66.23365
2025-10-04,W02,15.7843,43.645,54053.40,48.94448
2025-10-04,W03,16.3495,38.597,50062.84,185.03647
2025-10-04,W04,0.5564,2.314,3195.19,2.06104
2025-10-04,W05,1.6331,5.297,6361.47,3.63327
2025-10-04,W06,0.3475,1.442,1960.57,19.70869
2025-10-04,W07,20.8485,36.772,60860.51,39.95983
2025-10-04,W08,0.1153,0.490,671.65,0.17116
2025-10-05,W01,16.4136,39.749,56851.50,64.45974
2025-10-05,W02,15.9492,43.380,53734.39,48.29096
2025-10-05,W03,15.7582,36.921,48677.81,186.77299
2025-10-05,W04,0.5811,2.419,3389.88,2.51563
2025-10-05,W05,1.6909,5.572,6702.33,4.02362
2025-10-05,W06,0.3221,1.306,1831.22,18.65933
2025-10-05,W07,20.3497,36.143,59175.06,42.36125
2025-10-05,W08,0.1250,0.532,700.92,0.19020
2025-10-06,W01,16.5858,40.475,58133.30,65.48113
2025-10-06,W02,14.4687,39.157,48601.57,45.09011
2025-10-06,W03,15.9575,37.170,48288.47,175.03167
2025-10-06,W04,0.5297,2.199,3069.34,2.11453
2025-10-06,W05,1.6793,5.547,6571.20,3.64057
2025-10-06,W06,0.3191,1.313,1802.48,18.96577
2025-10-06,W07,20.6097,36.367,60207.07,39.95396
2025-10-06,W08,0.1287,0.548,727.03,0.19178
2025-10-07,W01,15.5550,38.873,55205.38,70.14947
2025-10-07,W02,15.4393,40.726,50370.80,47.08984
2025-10-07,W03,15.4929,36.444,47679.74,168.06130
2025-10-07,W04,0.5370,2.228,3156.34,2.10531
2025-10-07,W05,1.7234,5.707,6689.30,4.24016
2025-10-07,W06,0.3230,1.342,1875.93,19.68544
2025-10-07,W07,21.0779,37.325,61278.82,44.32376
2025-10-07,W08,0.1272,0.540,730.17,0.20686
2025-10-08,W01,16.7605,41.019,57786.34,66.12734
2025-10-08,W02,16.0528,43.794,54757.19,47.81738
2025-10-08,W03,16.4207,38.360,50780.13,167.34490
2025-10-08,W04,0.7577,2.485,4561.46,2.80626
2025-10-08,W05,1.6896,5.488,6624.23,3.96231
2025-10-08,W06,0.3175,1.324,1805.58,18.68913
2025-10-08,W07,21.3172,37.781,61709.09,39.17356
2025-10-08,W08,0.1216,0.521,682.46,0.19068
2025-10-09,W01,17.6886,43.562,62180.01,59.20082
2025-10-09,W02,17.1047,47.098,57777.07,51.39259
2025-10-09,W03,16.6591,40.125,52902.25,181.45769
2025-10-09,W04,2.2450,9.351,13285.26,0.47558
2025-10-09,W05,6.3963,20.971,24866.33,0.81793
2025-10-09,W06,1.7032,7.081,9588.46,5.57819
2025-10-09,W07,24.1325,42.486,71118.81,46.14888
2025-10-09,W08,0.7444,3.186,4198.02,0.06805
2025-10-10,W01,17.2565,43.013,61680.63,61.33057
2025-10-10,W02,16.4517,45.478,56117.29,46.17278
2025-10-10,W03,16.0521,38.864,51047.62,161.68331
2025-10-10,W04,2.2628,9.350,12935.80,0.55956
2025-10-10,W05,6.4728,21.372,25030.14,0.87900
2025-10-10,W06,1.6107,6.648,9296.90,5.99933
2025-10-10,W07,22.9830,40.622,65696.21,38.87011
2025-10-10,W08,0.7005,2.986,3909.00,0.05823
2025-10-11,W01,15.6717,39.431,55213.75,52.93212
2025-10-11,W02,16.0009,43.752,53620.39,49.00690
2025-10-11,W03,17.2798,40.137,53312.66,169.27005
2025-10-11,W04,1.8131,7.632,10405.41,0.63541
2025-10-11,W05,4.4925,15.097,17928.40,0.96664
2025-10-11,W06,1.1237,4.631,6445.71,6.33476
2025-10-11,W07,21.1654,37.552,61714.81,37.20183
2025-10-11,W08,0.4693,1.998,2691.68,0.07664
2025-10-12,W01,15.6304,38.087,54297.65,60.24539
2025-10-12,W02,16.3712,44.356,55073.88,60.15900
2025-10-12,W03,15.9259,37.066,48373.06,162.18132
2025-10-12,W04,0.9083,3.828,5316.50,0.90376
2025-10-12,W05,2.3945,7.894,9358.55,1.44263
2025-10-12,W06,0.5282,2.199,2983.45,9.30285
2025-10-12,W07,22.1988,39.104,64125.82,42.33861
2025-10-12,W08,0.2076,0.886,1149.19,0.08919
2025-10-13,W01,17.6044,43.492,61517.12,64.71936
2025-10-13,W02,17.0180,45.910,57960.43,46.26140
2025-10-13,W03,17.3876,40.885,54337.97,177.36324
2025-10-13,W04,2.3578,9.849,13717.06,0.53973
2025-10-13,W05,6.3190,21.015,25232.60,0.81507
2025-10-13,W06,1.7743,7.458,9811.08,6.38447
2025-10-13,W07,21.6386,38.293,63049.49,36.37826
2025-10-13,W08,0.7616,3.247,4302.93,0.07383
2025-10-14,W01,17.6324,44.455,62878.01,59.40805
2025-10-14,W02,16.1473,44.467,54724.25,49.22578
2025-10-14,W03,17.7053,42.339,54914.14,168.54650
2025-10-14,W04,2.4934,10.529,14218.85,0.52977
2025-10-14,W05,6.3547,21.069,25073.26,0.84596
2025-10-14,W06,1.7206,7.139,9694.29,5.61961
2025-10-14,W07,25.8048,45.347,74226.89,47.04844
2025-10-14,W08,0.6834,2.888,3857.11,0.06217
2025-10-15,W01,17.1185,41.889,58886.58,57.17884
2025-10-15,W02,15.9625,43.805,53371.77,44.67246
2025-10-15,W03,17.4520,41.115,52936.89,154.75633
2025-10-15,W04,2.6083,10.989,15134.71,0.58249
2025-10-15,W05,6.1240,20.124,24105.75,0.87339
2025-10-15,W06,1.6507,6.872,9327.26,5.23284
2025-10-15,W07,21.9312,38.787,63086.64,37.16477
2025-10-15,W08,0.6908,2.924,3793.98,0.06564
2025-10-16,W01,17.2459,44.243,61565.15,62.13478
2025-10-16,W02,16.8586,45.866,56353.20,45.39036
2025-10-16,W03,18.7184,43.075,56216.25,182.40474
2025-10-16,W04,2.3797,9.943,13747.50,0.51145
2025-10-16,W05,6.1652,20.053,23657.47,0.77403
2025-10-16,W06,1.5810,6.505,8707.89,5.51284
2025-10-16,W07,23.2295,41.165,68151.19,42.23851
2025-10-16,W08,0.7082,3.025,4018.72,0.07276
2025-10-17,W01,17.0215,41.768,59531.74,61.24507
2025-10-17,W02,16.6760,46.855,56110.98,47.17337
2025-10-17,W03,16.9670,40.287,51851.77,170.06252
2025-10-17,W04,2.5539,10.717,14533.70,0.62262
2025-10-17,W05,6.3408,20.913,25344.79,0.82999
2025-10-17,W06,1.6150,6.782,9292.90,5.44803
2025-10-17,W07,22.6837,40.083,66092.33,40.82434
2025-10-17,W08,0.6874,2.913,3829.07,0.06361
2025-10-18,W01,17.0959,43.818,62392.00,57.61316
2025-10-18,W02,16.9552,46.501,56851.35,51.02111
2025-10-18,W03,15.8506,38.283,49868.30,156.07886
2025-10-18,W04,1.7347,7.288,10042.64,0.65902
2025-10-18,W05,4.4675,14.476,17260.57,0.92384
2025-10-18,W06,1.0609,4.370,6033.37,5.60864
2025-10-18,W07,21.8959,38.739,63668.94,39.65984
2025-10-18,W08,0.4936,2.086,2767.78,0.07039
2025-10-19,W01,15.9539,39.718,55942.26,59.80839
2025-10-19,W02,15.7340,42.669,52547.47,51.97252
2025-10-19,W03,16.1590,37.813,49813.19,156.14037
2025-10-19,W04,0.7916,3.321,4547.91,0.79748
2025-10-19,W05,2.4248,7.921,9423.66,1.69456
2025-10-19,W06,0.5089,2.111,2934.41,8.93113
2025-10-19,W07,22.6246,39.976,64519.26,40.97130
2025-10-19,W08,0.2086,0.882,1168.49,0.09969
2025-10-20,W01,17.2445,43.415,60710.75,60.87840
2025-10-20,W02,16.3660,43.729,54033.60,49.84122
2025-10-20,W03,17.8187,42.707,56084.83,162.90167
2025-10-20,W04,2.3672,9.851,13874.08,0.49557
2025-10-20,W05,6.4228,20.986,24584.89,0.83144
2025-10-20,W06,1.5592,6.420,8978.39,5.18608
2025-10-20,W07,23.7985,41.711,69084.41,40.85363
2025-10-20,W08,0.7459,3.203,4277.53,0.07258
2025-10-21,W01,18.5235,44.607,62622.69,63.46273
2025-10-21,W02,17.3728,46.648,58297.96,47.62044
2025-10-21,W03,15.9270,37.756,49592.09,145.27855
2025-10-21,W04,2.4696,10.353,14230.09,0.57170
2025-10-21,W05,6.4194,21.091,25015.08,0.88518
2025-10-21,W06,1.8231,7.541,10477.44,6.13509
2025-10-21,W07,23.8327,41.705,69678.47,42.95789
2025-10-21,W08,0.7242,3.102,4039.98,0.06718
2025-10-22,W01,17.1251,42.469,60454.62,59.62487
2025-10-22,W02,16.3831,43.442,54512.84,53.12691
2025-10-22,W03,17.5886,41.527,55050.87,174.00298
2025-10-22,W04,2.7017,11.461,15208.08,0.55705
2025-10-22,W05,6.3614,21.442,25545.54,0.89960
2025-10-22,W06,1.6196,6.667,9151.67,5.39323
2025-10-22,W07,24.4301,43.126,70759.03,42.09769
2025-10-22,W08,0.6549,2.787,3691.63,0.06341
2025-10-23,W01,18.4260,44.047,63995.54,72.32166
2025-10-23,W02,18.3085,49.672,62400.97,50.50123
2025-10-23,W03,17.2212,40.474,53456.67,164.89826
2025-10-23,W04,2.6024,10.928,14897.58,0.51180
2025-10-23,W05,6.5406,21.395,25521.87,0.87166
2025-10-23,W06,1.6102,6.649,9159.34,5.92905
2025-10-23,W07,23.6083,41.461,70062.80,36.24441
2025-10-23,W08,0.6662,2.834,3816.21,0.06254
2025-10-24,W01,16.5154,41.382,59111.98,66.59527
2025-10-24,W02,16.9480,47.126,58018.84,42.22359
2025-10-24,W03,17.0614,39.775,51419.18,175.99243
2025-10-24,W04,2.4153,10.097,13692.80,0.50191
2025-10-24,W05,6.6323,21.971,25995.03,1.01960
2025-10-24,W06,1.5678,6.489,8796.17,5.43385
2025-10-24,W07,22.6616,40.038,64652.00,40.96028
2025-10-24,W08,0.7149,3.054,4048.27,0.06698
2025-10-25,W01,18.6014,45.372,65048.95,70.68359
2025-10-25,W02,16.5939,46.280,57267.28,50.88831
2025-10-25,W03,16.4182,39.699,50373.58,171.47127
2025-10-25,W04,1.5414,6.341,8917.27,0.59785
2025-10-25,W05,4.4761,14.687,17406.68,1.01909
2025-10-25,W06,1.0623,4.357,6100.82,6.06090
2025-10-25,W07,23.6580,41.585,68235.77,41.69668
2025-10-25,W08,0.4691,1.994,2660.73,0.07101
2025-10-26,W01,17.7068,42.889,61281.69,64.31596
2025-10-26,W02,15.9615,42.697,52784.93,48.41725
2025-10-26,W03,16.1961,38.159,49902.83,164.29542
2025-10-26,W04,0.8958,3.773,5210.93,0.93966
2025-10-26,W05,2.3621,7.774,9312.14,1.67506
2025-10-26,W06,0.5218,2.154,2938.31,10.04346
2025-10-26,W07,23.6229,41.269,66941.19,46.39865
2025-10-26,W08,0.2088,0.897,1175.68,0.09897
2025-10-27,W01,18.0793,45.333,64685.76,62.19947
2025-10-27,W02,15.4840,42.512,52203.38,46.85357
2025-10-27,W03,17.6052,41.297,53210.22,168.11063
2025-10-27,W04,2.4577,10.325,14334.05,0.49584
2025-10-27,W05,6.0520,19.818,23742.51,0.72687
2025-10-27,W06,1.5908,6.578,8972.95,5.56443
2025-10-27,W07,22.8782,40.026,66413.76,41.14999
2025-10-27,W08,0.6987,2.995,3953.25,0.06482
2025-10-28,W01,17.5768,43.992,62738.59,61.51504
2025-10-28,W02,17.0529,45.969,57180.80,46.85743
2025-10-28,W03,17.4293,41.235,54783.79,164.58144
2025-10-28,W04,2.2873,9.472,13207.58,0.47112
2025-10-28,W05,6.4827,21.183,25636.33,0.89855
2025-10-28,W06,1.6876,7.008,9558.63,5.39340
2025-10-28,W07,22.8357,40.378,66022.74,38.68702
2025-10-28,W08,0.7053,2.976,4026.73,0.06372
2025-10-29,W01,17.3041,43.225,61885.09,64.93186
2025-10-29,W02,16.4886,44.611,55087.48,44.87165
2025-10-29,W03,17.2059,40.214,52367.48,160.11722
2025-10-29,W04,2.3622,9.790,13677.44,0.51747
2025-10-29,W05,6.4413,21.588,25816.22,0.82356
2025-10-29,W06,1.6126,6.651,9157.74,5.69304
2025-10-29,W07,22.1262,39.017,63806.30,37.87707
2025-10-29,W08,0.6942,2.957,4059.50,0.06069
2025-10-30,W01,16.8778,42.403,60928.10,66.77417
2025-10-30,W02,16.8462,45.876,57506.73,46.78701
2025-10-30,W03,16.9607,40.141,52321.58,165.33153
2025-10-30,W04,2.2555,9.351,12931.39,0.48441
2025-10-30,W05,6.2561,20.365,24439.11,0.91778
2025-10-30,W06,1.7036,7.115,9656.59,5.76646
2025-10-30,W07,22.7214,40.230,66706.62,39.81416
2025-10-30,W08,0.6501,2.775,3671.25,0.06349
2025-10-31,W01,16.5190,41.479,59184.78,52.42575
2025-10-31,W02,17.0963,45.988,56104.65,45.88988
2025-10-31,W03,18.3437,42.346,55608.79,169.32109
2025-10-31,W04,2.5594,10.751,14844.99,0.56901
2025-10-31,W05,6.4532,21.362,25676.24,0.83545
2025-10-31,W06,1.8114,7.586,10499.81,6.29755
2025-10-31,W07,22.9397,40.500,68032.68,41.76430
2025-10-31,W08,0.6675,2.853,3774.40,0.06299
2025-11-01,W01,19.3375,45.803,65081.75,68.44739
2025-11-01,W02,18.2223,48.857,60264.09,51.91156
2025-11-01,W03,21.5924,48.932,65052.89,232.65367
2025-11-01,W04,1.8094,7.649,10561.37,0.71220
2025-11-01,W05,5.0821,16.458,19675.52,1.03030
2025-11-01,W06,1.2752,5.395,7099.75,7.76684
2025-11-01,W07,28.3261,49.289,78444.86,50.67218
2025-11-01,W08,0.5352,2.319,3014.07,0.08131
2025-11-02,W01,18.6323,45.113,62246.77,67.54067
2025-11-02,W02,17.3230,46.155,56848.92,52.38512
2025-11-02,W03,19.0385,43.606,57064.92,191.10761
2025-11-02,W04,0.8582,3.592,4944.00,1.04917
2025-11-02,W05,2.5755,8.214,9837.61,1.85144
2025-11-02,W06,0.5536,2.315,3176.28,9.28601
2025-11-02,W07,28.5923,49.686,78077.48,49.01535
2025-11-02,W08,0.2273,0.967,1298.22,0.10055
2025-11-03,W01,20.2893,49.648,69781.53,67.78204
2025-11-03,W02,19.7885,52.632,65114.18,55.58620
2025-11-03,W03,20.6417,46.968,62418.68,185.36680
2025-11-03,W04,2.7037,11.387,15326.66,0.57440
2025-11-03,W05,7.2680,23.739,28216.36,1.01900
2025-11-03,W06,1.6587,6.893,9524.33,5.91990
2025-11-03,W07,28.1070,49.098,80622.83,50.67251
2025-11-03,W08,0.7470,3.190,4271.76,0.07175
2025-11-04,W01,21.2802,51.048,73467.05,73.97403
2025-11-04,W02,20.1628,52.629,65100.50,59.84387
2025-11-04,W03,20.4560,47.328,62612.64,193.34567
2025-11-04,W04,2.4785,10.374,14056.21,0.55435
2025-11-04,W05,7.7191,25.265,30024.52,1.08698
2025-11-04,W06,1.6871,7.141,9581.36,6.26150
2025-11-04,W07,28.4934,49.328,79428.99,48.14603
2025-11-04,W08,0.8113,3.465,4527.90,0.07598
2025-11-05,W01,19.3556,45.790,65358.44,65.91170
2025-11-05,W02,20.3050,54.888,67972.75,53.54563
2025-11-05,W03,20.3374,46.889,62708.37,206.63290
2025-11-05,W04,2.5876,10.812,14852.82,0.53583
2025-11-05,W05,7.6422,24.953,28661.19,0.98146
2025-11-05,W06,1.7702,7.430,9989.55,6.66561
2025-11-05,W07,27.4930,48.099,80348.58,50.65345
2025-11-05,W08,0.8244,3.587,4535.02,0.07144
2025-11-06,W01,21.5792,52.339,75090.79,80.38988
2025-11-06,W02,20.4696,53.879,66072.38,62.56255
2025-11-06,W03,19.6941,44.955,59602.15,187.28144
2025-11-06,W04,2.7362,11.690,15806.07,0.62435
2025-11-06,W05,7.3158,23.899,29127.44,0.89813
2025-11-06,W06,1.8267,7.709,10172.37,6.31769
2025-11-06,W07,27.6158,48.020,79388.96,47.44862
2025-11-06,W08,0.6855,2.917,3841.37,0.06055
2025-11-07,W01,20.3057,49.869,70951.81,72.65096
2025-11-07,W02,18.5514,50.254,62074.82,54.88598
2025-11-07,W03,21.8646,48.776,66869.85,203.39905
2025-11-07,W04,2.5297,10.575,14626.04,0.58386
2025-11-07,W05,7.0801,22.882,27221.67,0.93630
2025-11-07,W06,1.7472,7.312,9907.83,5.87845
2025-11-07,W07,29.6682,51.643,84396.41,50.13928
2025-11-07,W08,0.7662,3.292,4353.91,0.07276
2025-11-08,W01,19.8272,48.721,69490.60,70.55645
2025-11-08,W02,18.5204,49.195,60994.90,56.54197
2025-11-08,W03,21.4612,49.958,64343.75,220.77421
2025-11-08,W04,1.7424,7.293,9920.25,0.59797
2025-11-08,W05,5.0938,16.754,19778.01,1.11095
2025-11-08,W06,1.1408,4.743,6577.82,6.84169
2025-11-08,W07,29.1627,50.381,83765.90,54.51374
2025-11-08,W08,0.5058,2.185,2876.51,0.07278
2025-11-09,W01,18.9800,46.580,67851.51,83.26342
2025-11-09,W02,19.0261,49.529,62224.61,61.13368
2025-11-09,W03,19.1188,44.198,58367.61,191.93437
2025-11-09,W04,0.8760,3.676,5034.86,0.88004
2025-11-09,W05,2.7605,9.089,10779.13,1.77397
2025-11-09,W06,0.5958,2.514,3374.61,11.20014
2025-11-09,W07,25.4592,44.855,70723.82,48.88915
2025-11-09,W08,0.2275,0.982,1290.94,0.11093
2025-11-10,W01,21.7085,51.104,74109.54,77.95209
2025-11-10,W02,20.0073,52.341,65417.23,66.37731
2025-11-10,W03,20.6696,46.966,62759.03,204.80946
2025-11-10,W04,2.7460,11.651,15615.97,0.62267
2025-11-10,W05,7.5522,24.634,29534.92,1.03814
2025-11-10,W06,1.7455,7.290,10153.27,6.28952
2025-11-10,W07,26.3820,46.365,75022.82,47.45354
2025-11-10,W08,0.7678,3.291,4312.38,0.06960
2025-11-11,W01,20.6403,49.511,70420.78,72.46632
2025-11-11,W02,19.4604,52.344,64393.71,53.63562
2025-11-11,W03,21.1351,48.125,64341.14,202.19553
2025-11-11,W04,2.6363,10.985,14956.64,0.55351
2025-11-11,W05,7.3928,23.994,28066.23,1.01439
2025-11-11,W06,1.7531,7.348,9994.30,6.36505
2025-11-11,W07,26.9685,47.316,75911.76,47.25779
2025-11-11,W08,0.7589,3.243,4314.79,0.06546
2025-11-12,W01,21.4689,49.893,70975.98,70.48520
2025-11-12,W02,18.9941,50.548,63225.51,57.50162
2025-11-12,W03,19.4667,45.345,59401.00,180.16886
2025-11-12,W04,2.7520,11.645,16048.05,0.65082
2025-11-12,W05,7.0121,22.736,26939.25,0.94354
2025-11-12,W06,1.5640,6.399,8979.30,5.60051
2025-11-12,W07,28.9833,50.272,82216.95,49.22745
2025-11-12,W08,0.8063,3.483,4640.48,0.08587
2025-11-13,W01,20.9761,49.852,71680.05,63.80822
2025-11-13,W02,19.0474,50.314,61765.38,52.49637
2025-11-13,W03,19.5395,45.153,58638.02,192.46797
2025-11-13,W04,2.9774,12.770,17176.16,0.61464
2025-11-13,W05,6.7623,21.633,25474.68,0.87180
2025-11-13,W06,1.7914,7.515,10318.85,5.93805
2025-11-13,W07,27.1055,47.845,78735.53,47.16745
2025-11-13,W08,0.7031,2.989,3981.53,0.07226
2025-11-14,W01,20.2030,49.006,69604.01,68.38519
2025-11-14,W02,19.8531,52.088,64013.32,53.82071
2025-11-14,W03,21.3024,48.183,64024.15,224.33307
2025-11-14,W04,2.8517,11.997,16144.75,0.65453
2025-11-14,W05,7.2462,23.582,28123.67,0.96828
2025-11-14,W06,1.6609,6.923,9388.18,5.61329
2025-11-14,W07,28.6859,50.171,81356.67,49.97940
2025-11-14,W08,0.7241,3.081,4030.99,0.06738
2025-11-15,W01,21.1671,49.660,72220.78,76.45868
2025-11-15,W02,19.1181,49.652,62827.60,54.04298
2025-11-15,W03,18.9209,43.560,57567.90,181.82522
2025-11-15,W04,1.8108,7.627,10266.20,0.67350
2025-11-15,W05,4.7172,15.018,17760.14,1.00989
2025-11-15,W06,1.1844,4.966,6654.07,6.26162
2025-11-15,W07,28.8830,50.343,82368.04,52.90638
2025-11-15,W08,0.5021,2.152,2811.25,0.07684
2025-11-16,W01,18.9380,44.419,65242.15,70.32211
2025-11-16,W02,18.6371,50.683,63470.11,55.83456
2025-11-16,W03,18.2080,41.041,54647.69,206.47278
2025-11-16,W04,0.9394,3.943,5307.04,1.00084
2025-11-16,W05,2.7758,8.907,10666.28,1.85938
2025-11-16,W06,0.5533,2.284,3194.41,10.64248
2025-11-16,W07,27.6036,48.273,77741.85,49.09534
2025-11-16,W08,0.2197,0.939,1256.25,0.10305
2025-11-17,W01,20.3186,48.428,68931.74,66.93049
2025-11-17,W02,18.9632,51.077,64031.88,50.61015
2025-11-17,W03,19.9196,46.345,60290.24,186.55181
2025-11-17,W04,2.6649,11.238,15055.73,0.59547
2025-11-17,W05,7.3373,23.934,28672.82,0.87690
2025-11-17,W06,1.8098,7.522,10013.32,5.94977
2025-11-17,W07,26.9656,47.581,77304.26,45.03423
2025-11-17,W08,0.7452,3.185,4215.37,0.06910
2025-11-18,W01,19.3003,47.812,68152.26,71.09378
2025-11-18,W02,19.5941,52.987,65084.15,54.30598
2025-11-18,W03,20.4692,46.690,60879.03,210.16925
2025-11-18,W04,2.6580,11.241,15222.44,0.60716
2025-11-18,W05,7.0998,22.939,27800.07,0.97540
2025-11-18,W06,1.8130,7.619,10420.03,6.25293
2025-11-18,W07,25.7758,45.351,74433.13,43.11315
2025-11-18,W08,0.7246,3.107,4142.19,0.06241
2025-11-19,W01,20.3361,50.205,71637.69,70.64279
2025-11-19,W02,19.2403,50.790,62194.02,56.41955
2025-11-19,W03,20.1653,46.012,61071.13,197.75353
2025-11-19,W04,2.5726,10.782,15113.02,0.56801
2025-11-19,W05,7.2113,23.465,28118.75,1.01209
2025-11-19,W06,1.6859,7.009,9559.24,6.27706
2025-11-19,W07,29.6279,51.955,84277.74,55.93109
2025-11-19,W08,0.7194,3.063,4083.50,0.06374
2025-11-20,W01,21.0262,49.978,72013.82,71.11909
2025-11-20,W02,19.9971,53.298,65304.68,58.33658
2025-11-20,W03,20.8890,48.679,64088.07,194.23528
2025-11-20,W04,2.6829,11.282,15493.80,0.63040
2025-11-20,W05,7.1300,22.939,27356.24,0.93861
2025-11-20,W06,1.6320,6.724,9394.33,5.76097
2025-11-20,W07,28.5476,49.867,81209.63,46.20785
2025-11-20,W08,0.8328,3.571,4609.73,0.07463
2025-11-21,W01,20.0016,47.782,67441.46,68.48010
2025-11-21,W02,19.4176,51.780,64851.05,52.57838
2025-11-21,W03,20.7060,47.752,64010.65,185.61440
2025-11-21,W04,2.5219,10.582,14588.67,0.56667
2025-11-21,W05,7.2343,23.662,27734.42,0.84753
2025-11-21,W06,1.6567,6.864,9712.47,5.21318
2025-11-21,W07,24.7765,43.855,72417.19,40.32524
2025-11-21,W08,0.8279,3.587,4718.04,0.07959
2025-11-22,W01,19.2701,47.154,68346.03,67.70672
2025-11-22,W02,17.9951,49.015,60587.07,46.95517
2025-11-22,W03,19.8770,46.260,60257.09,210.23831
2025-11-22,W04,1.8972,8.069,10713.89,0.60753
2025-11-22,W05,5.2393,16.859,20009.05,1.09633
2025-11-22,W06,1.1573,4.804,6534.56,5.81396
2025-11-22,W07,26.9023,46.974,77112.34,45.57829
2025-11-22,W08,0.5192,2.231,2925.89,0.08322
2025-11-23,W01,19.7785,47.123,67411.57,74.23365
2025-11-23,W02,19.7365,52.784,66058.23,63.62280
2025-11-23,W03,19.3877,44.459,57681.14,196.98129
2025-11-23,W04,0.9904,4.195,5711.94,1.16444
2025-11-23,W05,2.7673,9.065,10918.67,1.76297
2025-11-23,W06,0.5710,2.390,3254.67,9.63057
2025-11-23,W07,28.0024,48.755,81767.79,54.55717
2025-11-23,W08,0.1942,0.823,1089.63,0.09542
2025-11-24,W01,19.5312,47.845,67773.68,66.40631
2025-11-24,W02,19.6566,52.062,64451.68,62.06030
2025-11-24,W03,20.8034,46.844,62606.26,187.52480
2025-11-24,W04,2.5485,10.717,14727.07,0.56578
2025-11-24,W05,6.8858,21.911,25991.56,0.91186
2025-11-24,W06,1.5389,6.345,8870.60,5.88145
2025-11-24,W07,27.1065,47.614,78569.48,50.67722
2025-11-24,W08,0.7732,3.325,4248.97,0.06953
2025-11-25,W01,20.8763,49.967,72685.23,78.08072
2025-11-25,W02,18.8630,50.103,62994.86,53.13321
2025-11-25,W03,20.4573,46.382,61172.07,198.84447
2025-11-25,W04,2.6797,11.362,15555.76,0.61889
2025-11-25,W05,7.2594,23.549,27618.05,0.98042
2025-11-25,W06,1.6531,6.893,9591.67,5.31022
2025-11-25,W07,26.5639,46.537,75944.72,46.91058
2025-11-25,W08,0.7343,3.133,4173.49,0.06559
2025-11-26,W01,21.7023,52.815,74762.61,72.82987
2025-11-26,W02,19.4105,51.166,63683.22,58.91606
2025-11-26,W03,21.5074,49.200,65173.12,207.21269
2025-11-26,W04,2.6688,11.200,15125.77,0.59257
2025-11-26,W05,7.3972,23.689,28297.59,1.09173
2025-11-26,W06,1.6836,7.008,9656.60,5.37278
2025-11-26,W07,27.0804,47.523,77445.57,46.79402
2025-11-26,W08,0.6309,2.686,3579.47,0.06641
2025-11-27,W01,21.2297,50.936,71972.59,81.28967
2025-11-27,W02,20.6562,54.671,69167.36,69.25652
2025-11-27,W03,20.7265,46.677,61106.08,216.42647
2025-11-27,W04,2.6632,11.258,14945.19,0.61765
2025-11-27,W05,7.4775,24.243,28067.24,1.10687
2025-11-27,W06,1.7372,7.359,9927.70,6.05292
2025-11-27,W07,27.4884,48.244,78043.81,45.97831
2025-11-27,W08,0.7094,3.049,4066.98,0.06340
2025-11-28,W01,19.9561,47.609,68512.44,80.34791
2025-11-28,W02,19.2123,51.522,61914.98,59.88777
2025-11-28,W03,20.5776,47.602,61591.60,205.25300
2025-11-28,W04,2.8012,11.894,15666.56,0.56687
2025-11-28,W05,7.5788,24.830,29434.80,1.18260
2025-11-28,W06,1.7087,7.051,9572.43,5.65157
2025-11-28,W07,26.3743,46.287,74864.37,42.68515
2025-11-28,W08,0.7485,3.203,4230.51,0.06741
2025-11-29,W01,22.0077,52.141,75091.09,84.06865
2025-11-29,W02,19.7049,52.499,65206.24,59.78905
2025-11-29,W03,20.5219,45.897,61781.00,192.94430
2025-11-29,W04,1.8776,7.974,10617.15,0.61314
2025-11-29,W05,4.9695,16.273,19153.19,1.14450
2025-11-29,W06,1.1598,4.886,6585.13,5.95140
2025-11-29,W07,26.8328,46.681,77361.48,47.07642
2025-11-29,W08,0.5147,2.198,2871.19,0.08152
2025-11-30,W01,19.6966,47.789,69319.47,69.28590
2025-11-30,W02,19.1026,52.010,63694.73,59.42218
2025-11-30,W03,18.9558,44.132,57813.10,183.95984
2025-11-30,W04,0.8829,3.735,5012.42,0.97181
2025-11-30,W05,2.7126,8.828,10478.03,1.68435
2025-11-30,W06,0.5751,2.405,3274.51,9.80814
2025-11-30,W07,25.2016,44.335,72210.57,45.14833
2025-11-30,W08,0.2229,0.951,1243.37,0.10463
2025-12-01,W01,22.2912,55.814,79352.20,79.56517
2025-12-01,W02,21.7921,57.107,71015.38,62.34547
2025-12-01,W03,22.7340,51.066,67711.53,224.18978
2025-12-01,W04,2.9019,12.370,16414.91,0.66501
2025-12-01,W05,7.7707,24.892,29459.65,1.10969
2025-12-01,W06,1.9075,8.045,10539.06,6.87383
2025-12-01,W07,32.1250,56.128,92864.38,57.62733
2025-12-01,W08,0.8619,3.708,4791.68,0.07765
2025-12-02,W01,24.6886,57.136,85050.40,90.49278
2025-12-02,W02,21.1012,54.986,68992.58,57.82239
2025-12-02,W03,22.9438,52.995,69487.91,233.96059
2025-12-02,W04,3.2615,13.981,18230.72,0.77649
2025-12-02,W05,7.5559,24.264,28730.49,0.94322
2025-12-02,W06,1.9095,8.074,10650.75,6.40750
2025-12-02,W07,33.1549,57.617,92970.30,58.66605
2025-12-02,W08,0.8669,3.753,4963.54,0.07861
2025-12-03,W01,25.8752,59.950,86710.63,89.48568
2025-12-03,W02,22.7715,59.411,73695.38,71.46296
2025-12-03,W03,22.4388,50.759,68899.13,220.00127
2025-12-03,W04,2.8481,12.120,16144.63,0.59518
2025-12-03,W05,8.1099,26.618,32095.89,1.05401
2025-12-03,W06,2.0470,8.737,11532.96,7.10000
2025-12-03,W07,33.1333,57.476,92402.12,57.66706
2025-12-03,W08,0.8094,3.479,4677.44,0.07314
2025-12-04,W01,22.8900,53.569,76915.53,80.06248
2025-12-04,W02,21.8149,58.316,73166.12,60.35320
2025-12-04,W03,24.2571,54.430,72537.42,246.68292
2025-12-04,W04,3.0014,12.814,17348.17,0.64355
2025-12-04,W05,8.3541,27.390,32733.29,1.09914
2025-12-04,W06,2.0430,8.694,11932.78,7.09451
2025-12-04,W07,29.8006,51.867,86190.43,56.77514
2025-12-04,W08,0.7657,3.284,4277.47,0.07359
2025-12-05,W01,23.9182,55.343,78757.39,80.40790
2025-12-05,W02,22.0931,58.423,72734.96,68.48778
2025-12-05,W03,23.6784,53.836,70987.46,239.64257
2025-12-05,W04,2.8249,11.948,16418.91,0.64403
2025-12-05,W05,8.0252,26.215,31585.61,1.03432
2025-12-05,W06,2.0981,8.911,11737.78,7.89097
2025-12-05,W07,33.5186,58.141,94662.38,62.27691
2025-12-05,W08,0.8626,3.738,4782.14,0.07929
2025-12-06,W01,22.9761,56.156,79884.63,84.42730
2025-12-06,W02,22.6757,58.297,72781.52,63.51460
2025-12-06,W03,24.6051,55.197,74430.54,228.97404
2025-12-06,W04,1.9208,8.145,10904.27,0.71648
2025-12-06,W05,5.6518,18.069,21378.33,1.22071
2025-12-06,W06,1.2033,5.006,6759.76,6.75915
2025-12-06,W07,32.0748,55.481,90600.57,52.55976
2025-12-06,W08,0.5564,2.411,3173.44,0.08571
2025-12-07,W01,23.7492,54.930,79214.15,87.16638
2025-12-07,W02,21.1849,54.998,69043.06,62.22785
2025-12-07,W03,22.1469,49.755,65404.97,225.72439
2025-12-07,W04,0.9865,4.188,5536.11,1.12606
2025-12-07,W05,3.0505,9.857,11613.56,1.95750
2025-12-07,W06,0.6418,2.714,3652.18,12.43634
2025-12-07,W07,30.5724,53.063,85348.68,55.36345
2025-12-07,W08,0.2331,1.004,1312.35,0.10819
2025-12-08,W01,23.9972,55.688,80614.04,92.69739
2025-12-08,W02,21.3477,55.171,68953.28,69.70464
2025-12-08,W03,22.6477,50.693,66918.66,212.37292
2025-12-08,W04,2.8227,12.001,16271.37,0.59689
2025-12-08,W05,7.7860,25.064,29405.29,1.06512
2025-12-08,W06,1.9425,8.181,10878.94,7.23395
2025-12-08,W07,34.6730,60.277,97144.41,63.46225
2025-12-08,W08,0.8469,3.670,4758.17,0.07611
2025-12-09,W01,25.1287,57.756,85222.32,84.59915
2025-12-09,W02,22.8029,60.998,75866.76,68.89584
2025-12-09,W03,24.1441,54.546,71929.73,221.33669
2025-12-09,W04,3.0236,12.886,17096.81,0.66481
2025-12-09,W05,7.6373,24.392,28978.32,1.09584
2025-12-09,W06,1.9785,8.373,11311.10,6.29127
2025-12-09,W07,33.0866,57.616,91238.66,55.90178
2025-12-09,W08,0.8826,3.846,4929.31,0.08719
2025-12-10,W01,23.7936,55.472,78165.47,94.51423
2025-12-10,W02,22.5847,60.115,75287.81,66.95678
2025-12-10,W03,23.0852,52.378,68670.06,204.08778
2025-12-10,W04,3.1771,13.531,18102.89,0.69648
2025-12-10,W05,7.9019,25.546,30698.86,1.02492
2025-12-10,W06,1.9039,8.013,10838.39,7.48832
2025-12-10,W07,30.2194,52.764,83553.42,58.56171
2025-12-10,W08,0.8683,3.762,4889.74,0.09119
2025-12-11,W01,23.8531,55.695,78929.02,80.82250
2025-12-11,W02,22.1945,57.668,71413.44,70.64480
2025-12-11,W03,24.3637,54.642,73020.67,237.40949
2025-12-11,W04,2.8387,12.102,16408.70,0.62648
2025-12-11,W05,8.3875,27.250,32223.94,1.14199
2025-12-11,W06,1.9219,8.025,11029.39,6.09736
2025-12-11,W07,30.8349,53.697,85489.33,48.90190
2025-12-11,W08,0.8461,3.683,4785.85,0.07546
2025-12-12,W01,22.5403,54.323,76848.43,75.09880
2025-12-12,W02,21.0418,54.787,68190.50,59.96695
2025-12-12,W03,23.7725,53.171,71137.42,223.76859
2025-12-12,W04,2.7400,11.587,15475.88,0.61747
2025-12-12,W05,7.9234,25.394,29969.97,1.09097
2025-12-12,W06,1.8264,7.721,10188.11,6.69081
2025-12-12,W07,31.1068,54.017,87408.18,58.43477
2025-12-12,W08,0.8335,3.607,4611.96,0.07802
2025-12-13,W01,21.1460,51.629,72136.77,79.03214
2025-12-13,W02,21.5391,56.168,70009.90,68.30206
2025-12-13,W03,21.8277,49.690,66067.99,209.93382
2025-12-13,W04,1.8042,7.625,10181.22,0.68567
2025-12-13,W05,6.5085,22.175,26213.28,1.43362
2025-12-13,W06,1.8304,7.995,10763.93,9.86355
2025-12-13,W07,29.8511,52.236,84308.66,51.60554
2025-12-13,W08,0.5422,2.340,3087.14,0.09062
2025-12-14,W01,23.5619,55.575,79909.95,90.62727
2025-12-14,W02,21.0012,55.323,68840.13,69.81536
2025-12-14,W03,21.5796,48.943,65648.30,213.58725
2025-12-14,W04,0.9686,4.109,5471.32,1.04601
2025-12-14,W05,2.9225,9.367,11213.16,1.82667
2025-12-14,W06,0.6471,2.727,3650.76,11.01605
2025-12-14,W07,27.3340,48.067,80341.20,48.71215
2025-12-14,W08,0.2436,1.053,1368.01,0.10302
2025-12-15,W01,23.0970,55.452,79427.83,77.30865
2025-12-15,W02,21.4535,56.963,70344.36,63.72960
2025-12-15,W03,22.3719,51.338,68657.25,197.53709
2025-12-15,W04,2.9219,12.509,16264.96,0.62553
2025-12-15,W05,7.9975,25.726,30370.06,1.16915
2025-12-15,W06,1.9549,8.295,10947.61,7.30857
2025-12-15,W07,34.3871,59.772,97212.89,62.56101
2025-12-15,W08,0.7977,3.432,4527.15,0.07117
2025-12-16,W01,23.8524,56.597,80270.25,81.11439
2025-12-16,W02,22.0914,58.006,72746.38,56.67073
2025-12-16,W03,24.8344,55.955,73435.66,221.39159
2025-12-16,W04,3.0793,13.212,17498.26,0.70803
2025-12-16,W05,7.7730,24.618,29203.04,1.10194
2025-12-16,W06,1.8762,7.871,10667.44,6.25961
2025-12-16,W07,30.2923,52.968,86022.37,54.44882
2025-12-16,W08,0.7930,3.394,4505.47,0.07740
2025-12-17,W01,23.7660,56.004,79549.19,84.13445
2025-12-17,W02,21.6252,57.015,71766.19,63.53607
2025-12-17,W03,22.9343,52.273,69024.41,248.15077
2025-12-17,W04,2.7138,11.474,15457.47,0.58212
2025-12-17,W05,8.2720,26.740,31818.08,1.11542
2025-12-17,W06,1.8480,7.744,10585.44,6.79282
2025-12-17,W07,33.1613,57.889,92806.45,60.45021
2025-12-17,W08,0.8132,3.498,4520.33,0.07439
2025-12-18,W01,24.2970,57.437,80693.22,89.87674
2025-12-18,W02,21.8234,57.150,70929.51,66.70690
2025-12-18,W03,23.7381,53.615,71798.07,222.40882
2025-12-18,W04,2.6422,11.177,15268.61,0.59546
2025-12-18,W05,8.0782,26.317,31237.56,1.11464
2025-12-18,W06,1.8768,7.923,10344.00,6.19306
2025-12-18,W07,31.8885,55.539,90825.30,50.71737
2025-12-18,W08,0.8582,3.711,4744.44,0.08623
2025-12-19,W01,24.7315,58.118,83182.28,94.53571
2025-12-19,W02,22.1192,58.624,73037.95,56.55992
2025-12-19,W03,24.0821,54.690,72544.47,224.31150
2025-12-19,W04,2.8747,12.163,16388.19,0.58223
2025-12-19,W05,8.0226,26.182,30304.99,1.15814
2025-12-19,W06,1.9070,7.995,10719.44,6.91842
2025-12-19,W07,33.4429,58.022,93455.06,62.53794
2025-12-19,W08,0.8281,3.577,4587.21,0.07719
2025-12-20,W01,24.0243,56.516,82012.01,93.94376
2025-12-20,W02,21.6640,56.926,70643.32,60.34497
2025-12-20,W03,23.5357,51.990,68699.39,225.93140
2025-12-20,W04,1.8223,7.700,10204.28,0.60649
2025-12-20,W05,5.6478,18.122,21449.36,1.27111
2025-12-20,W06,1.3260,5.613,7554.23,7.99463
2025-12-20,W07,33.5565,58.136,96456.81,56.66055
2025-12-20,W08,0.5497,2.364,3062.08,0.08321
2025-12-21,W01,22.8225,53.800,76682.91,80.57950
2025-12-21,W02,21.7649,56.112,69529.89,66.69147
2025-12-21,W03,22.4244,50.035,67954.38,237.74586
2025-12-21,W04,0.9970,4.238,5677.27,1.12628
2025-12-21,W05,3.0551,10.106,11870.32,2.07532
2025-12-21,W06,0.6181,2.632,3540.52,11.16746
2025-12-21,W07,30.1053,52.662,85886.01,52.76769
2025-12-21,W08,0.2292,0.983,1286.54,0.10960
2025-12-22,W01,24.1345,57.312,81619.74,78.74610
2025-12-22,W02,22.3528,57.462,72507.24,61.02506
2025-12-22,W03,24.4908,54.654,73166.02,224.03429
2025-12-22,W04,2.8429,12.082,16384.57,0.58972
2025-12-22,W05,8.1103,26.317,31802.20,1.16157
2025-12-22,W06,1.9983,8.520,11101.98,6.80621
2025-12-22,W07,29.2151,50.712,83260.81,53.21781
2025-12-22,W08,0.8563,3.694,4875.81,0.08003
2025-12-23,W01,23.8208,55.256,80622.06,78.28058
2025-12-23,W02,22.7459,58.961,74313.98,70.47566
2025-12-23,W03,24.0705,53.882,73684.29,208.76550
2025-12-23,W04,2.9584,12.565,16801.46,0.66504
2025-12-23,W05,8.3189,26.848,31766.28,1.20733
2025-12-23,W06,1.9618,8.304,11094.06,7.09044
2025-12-23,W07,31.3175,54.408,89486.54,54.39047
2025-12-23,W08,0.9166,3.990,5333.14,0.09009
2025-12-24,W01,24.3104,58.111,83111.68,73.44925
2025-12-24,W02,21.7825,56.988,72129.02,60.24831
2025-12-24,W03,22.2581,50.940,67009.20,207.01697
2025-12-24,W04,2.9601,12.572,16545.57,0.63682
2025-12-24,W05,7.9173,25.598,30136.07,1.11720
2025-12-24,W06,1.7892,7.455,9859.43,6.85193
2025-12-24,W07,34.3918,59.343,96903.96,62.26840
2025-12-24,W08,0.8249,3.547,4683.72,0.07772
2025-12-25,W01,26.0093,61.033,88654.06,89.73813
2025-12-25,W02,22.2218,58.572,72385.66,68.38440
2025-12-25,W03,23.4563,54.004,72180.73,217.14762
2025-12-25,W04,3.1130,13.272,17680.44,0.75095
2025-12-25,W05,7.5904,24.270,28621.66,1.01760
2025-12-25,W06,1.8851,7.995,10269.53,7.38576
2025-12-25,W07,31.3127,54.766,88297.30,53.04857
2025-12-25,W08,0.7850,3.393,4316.90,0.07501
2025-12-26,W01,24.2824,56.305,82878.44,79.86097
2025-12-26,W02,21.8557,58.363,72779.01,63.25550
2025-12-26,W03,23.9000,54.056,71282.66,222.65116
2025-12-26,W04,2.8209,11.980,16277.06,0.61830
2025-12-26,W05,8.3353,27.133,31885.20,1.09608
2025-12-26,W06,1.9416,8.200,10921.62,6.57508
2025-12-26,W07,30.7167,53.658,86766.52,52.73672
2025-12-26,W08,0.9186,3.983,5203.81,0.08298
2025-12-27,W01,22.5448,54.608,77254.25,77.59581
2025-12-27,W02,20.1696,54.406,67193.84,56.99945
2025-12-27,W03,24.0847,54.240,73440.34,249.73198
2025-12-27,W04,2.0539,8.757,11580.50,0.74743
2025-12-27,W05,5.6869,18.400,21601.88,1.14308
2025-12-27,W06,1.3395,5.699,7448.86,7.52664
2025-12-27,W07,31.2584,54.673,88181.13,54.88327
2025-12-27,W08,0.5653,2.436,3233.92,0.07461
2025-12-28,W01,21.6860,52.026,75701.39,81.00123
2025-12-28,W02,20.1825,53.627,65047.79,63.18868
2025-12-28,W03,22.4913,52.087,69849.37,231.70670
2025-12-28,W04,1.0430,4.434,5867.36,1.09786
2025-12-28,W05,3.1103,10.147,12147.18,1.96771
2025-12-28,W06,0.5959,2.520,3390.95,10.56107
2025-12-28,W07,28.1769,49.302,80630.15,51.44892
2025-12-28,W08,0.2218,0.952,1235.96,0.10817
2025-12-29,W01,24.2506,57.648,80530.28,87.02690
2025-12-29,W02,22.1661,58.441,71484.46,63.61994
2025-12-29,W03,23.6280,53.438,71849.03,263.45545
2025-12-29,W04,2.7938,11.793,16242.84,0.65567
2025-12-29,W05,8.2756,26.798,31553.92,1.16624
2025-12-29,W06,1.7578,7.330,9895.89,6.30825
2025-12-29,W07,30.7766,53.800,86896.40,49.37708
2025-12-29,W08,0.8439,3.658,4754.66,0.07933
2025-12-30,W01,24.8493,58.546,84283.33,88.22689
2025-12-30,W02,23.5574,62.334,78304.67,74.57599
2025-12-30,W03,23.7261,54.057,72979.93,217.03365
2025-12-30,W04,2.8736,12.161,16301.41,0.60546
2025-12-30,W05,7.7920,25.006,29355.14,1.00943
2025-12-30,W06,1.8640,7.865,10769.96,6.68817
2025-12-30,W07,30.9702,53.907,87786.01,52.83075
2025-12-30,W08,0.7816,3.372,4410.29,0.06438
2025-12-31,W01,24.4383,57.249,81849.63,82.89591
2025-12-31,W02,21.0899,57.019,70432.76,55.51601
2025-12-31,W03,22.6641,52.175,69685.79,195.93259
2025-12-31,W04,2.9763,12.687,17040.67,0.59732
2025-12-31,W05,8.6894,27.827,32037.26,1.12076
2025-12-31,W06,1.9990,8.416,11207.88,7.24840
2025-12-31,W07,32.1116,55.858,90736.60,59.99890
2025-12-31,W08,0.7912,3.406,4475.44,0.06754
